0,0.190364583333333,0,1.77230017006803
0.0333333333333333,0.190364583333333,0.03,1.4552614775235
0.0666666666666667,0.190364583333333,0.075,1.18075798906061
0.1,0.189322916666667,0.1005,0.94834131005771
0.133333333333333,0.189322916666667,0.1215,0.743766813586322
0.166666666666667,0.189269828796387,0.141,0.568737287844141
0.2,0.189269828796387,0.171,0.419219941298156
0.233333333333333,0.188043340047201,0.201,0.297651146771696
0.266666666666667,0.188043340047201,0.222,0.189668183097121
0.3,0.188043340047201,0.2295,0.0991642735945263
0.333333333333333,0.187850189208984,0.2295,0.0247490229944742
0.366666666666667,0.187850189208984,0.2295,-0.037373312012796
0.4,0.187850189208984,0.228,-0.0879475572920487
0.433333333333333,0.188047345479329,0.2235,-0.129377915712375
0.466666666666667,0.190743827819824,0.2175,-0.172843291082047
0.5,0.190743827819824,0.2115,-0.195160143723769
0.533333333333333,0.192395401000977,0.207,-0.218571561250229
0.566666666666667,0.192395401000977,0.2025,-0.228411802500961
0.6,0.192395401000977,0.198,-0.234069391097986
0.633333333333333,0.195572916666667,0.1905,-0.249966861836366
0.666666666666667,0.195572916666667,0.1785,-0.246739364662863
0.7,0.199373817443848,0.1665,-0.257882332811494
0.733333333333333,0.199373817443848,0.1545,-0.247972922601731
0.766666666666667,0.199373817443848,0.141,-0.23714515164971
0.8,0.199373817443848,0.1275,-0.225657000900174
0.833333333333333,0.199373817443848,0.117,-0.213728174371904
0.866666666666667,0.199373817443848,0.105,-0.20154473873708
0.9,0.199373817443848,0.093,-0.189263256581467
0.933333333333333,0.199373817443848,0.0825,-0.17701446508545
0.966666666666667,0.201933224995931,0.0735,-0.175979901937342
1,0.23198725382487,0.063,-0.292150203618369
1.03333333333333,0.23198725382487,0.051,-0.255597041297252
1.06666666666667,0.23198725382487,0.039,-0.222756930114969
1.1,0.23198725382487,0.027,-0.193282575934473
1.13333333333333,0.23198725382487,0.018,-0.16685759393992
1.16666666666667,0.23198725382487,0.0075,-0.143193847812999
1.2,0.23198725382487,-0.0015,-0.122029012542038
1.23333333333333,0.255616696675618,-0.012,-0.205357850250059
1.26666666666667,0.258898162841797,-0.0225,-0.184405412993073
1.3,0.258898162841797,-0.0345,-0.151014923475362
1.33333333333333,0.258898162841797,-0.042,-0.121798753529101
1.36666666666667,0.258898162841797,-0.048,-0.0962987564272513
1.4,0.258898162841797,-0.0525,-0.0741034847288132
1.43333333333333,0.262332979838053,-0.057,-0.0697044961315038
1.46666666666667,0.277451833089193,-0.0615,-0.115802673749909
1.5,0.277451833089193,-0.0675,-0.0874513602900056
1.53333333333333,0.281534067789714,-0.072,-0.0806883430296516
1.56666666666667,0.2921875,-0.075,-0.102664717389868
1.6,0.295654932657878,-0.0765,-0.0887883320622628
1.63333333333333,0.295654932657878,-0.0795,-0.0614006732645084
1.66666666666667,0.298958333333333,-0.081,-0.0523406141075075
1.7,0.298958333333333,-0.0825,-0.0299799528147404
1.73333333333333,0.301938883463542,-0.084,-0.0239720724267286
1.76666666666667,0.305156262715658,-0.084,-0.0197129781753343
1.8,0.305156262715658,-0.084,-0.00200471432464103
1.83333333333333,0.308307329813639,-0.084,-0.000851425862132445
1.86666666666667,0.316611162821452,-0.084,-0.0221041626651916
1.9,0.319232940673828,-0.084,-0.014895854535691
1.93333333333333,0.319232940673828,-0.084,0.00260323767254351
1.96666666666667,0.321875,-0.084,0.00571066951275472
2,0.326647758483887,-0.084,-0.000935737429819367
2.03333333333333,0.329273732503255,-0.084,0.0028829748664369
2.06666666666667,0.331544240315755,-0.084,0.00759054769687006
2.1,0.333802096048991,-0.084,0.0115068943955152
2.13333333333333,0.335869407653809,-0.084,0.0154987198095481
2.16666666666667,0.335869407653809,-0.084,0.0276348259789171
2.2,0.335869407653809,-0.084,0.0374763672331345
2.23333333333333,0.335869407653809,-0.084,0.0453315232793105
2.26666666666667,0.335869407653809,-0.084,0.0514727800960039
2.3,0.335869407653809,-0.084,0.0561407251138382
2.33333333333333,0.335869407653809,-0.084,0.0595474610503039
2.36666666666667,0.338081995646159,-0.084,0.052306845516359
2.4,0.350579833984375,-0.084,0.00136872751168711
2.43333333333333,0.351713434855143,-0.084,0.00827468434587415
2.46666666666667,0.35234375,-0.084,0.0160940096407084
2.5,0.353003565470378,-0.084,0.0222993718019202
2.53333333333333,0.353478368123372,-0.084,0.0280420456512274
2.56666666666667,0.353478368123372,-0.084,0.0346066332234475
2.6,0.35390625,-0.084,0.0378929510119571
2.63333333333333,0.354181734720866,-0.084,0.0409443589059802
2.66666666666667,0.354413795471191,-0.084,0.0433045925968995
2.7,0.354351933797201,-0.084,0.0461565793669298
2.73333333333333,0.354351933797201,-0.084,0.047854481747706
2.76666666666667,0.353971354166667,-0.084,0.0504968605104835
2.8,0.353379185994466,-0.084,0.0531711264606919
2.83333333333333,0.352786127726237,-0.084,0.0549402589661537
2.86666666666667,0.352786127726237,-0.084,0.0533768415059364
2.9,0.352786127726237,-0.084,0.0516309320829164
2.93333333333333,0.352026748657227,-0.084,0.0530356640432349
2.96666666666667,0.350210825602214,-0.084,0.0583296956926857
3,0.349290466308594,-0.084,0.0583628698107103
3.03333333333333,0.349290466308594,-0.084,0.0539295867479533
3.06666666666667,0.349290466308594,-0.084,0.0498139888526414
3.1,0.349290466308594,-0.084,0.0459983536134742
3.13333333333333,0.348227945963542,-0.084,0.047062489202748
3.16666666666667,0.340690040588379,-0.084,0.0755863156388221
3.2,0.338934008280436,-0.084,0.0736210435200112
3.23333333333333,0.338934008280436,-0.084,0.063813906299376
3.26666666666667,0.335337575276693,-0.084,0.0707464684025103
3.3,0.335337575276693,-0.084,0.0603880406320542
3.33333333333333,0.335337575276693,-0.084,0.0513413634453111
3.36666666666667,0.335337575276693,-0.084,0.0434602590546566
3.4,0.329574457804362,-0.084,0.0615479669625179
3.43333333333333,0.329574457804362,-0.084,0.0511580570911826
3.46666666666667,0.327591069539388,-0.084,0.0507596746117941
3.5,0.32358824412028,-0.084,0.0588099300254303
3.53333333333333,0.32358824412028,-0.084,0.0477499371120412
3.56666666666667,0.32358824412028,-0.084,0.0382569840346056
3.6,0.32358824412028,-0.084,0.0301446125039507
3.63333333333333,0.32358824412028,-0.084,0.0232465200368133
3.66666666666667,0.32358824412028,-0.084,0.0174145117284815
3.7,0.32358824412028,-0.084,0.0125166513027884
3.73333333333333,0.321233113606771,-0.084,0.0186251369330917
3.76666666666667,0.305563418070475,-0.084,0.0812292755457472
3.8,0.305563418070475,-0.084,0.0647749410944184
3.83333333333333,0.305563418070475,-0.084,0.0507017373915948
3.86666666666667,0.305563418070475,-0.084,0.0387220503666678
3.9,0.305563418070475,-0.084,0.028579706418307
3.93333333333333,0.305563418070475,-0.084,0.0200467496851642
3.96666666666667,0.305563418070475,-0.084,0.0129205350300833
4,0.284375,-0.084,0.0986934462421642
4.03333333333333,0.284375,-0.084,0.0774623292657326
4.06666666666667,0.284375,-0.084,0.0593570761005998
4.1,0.284375,-0.084,0.0439962303450801
4.13333333333333,0.281582260131836,-0.084,0.0431232001657793
4.16666666666667,0.27578125,-0.084,0.0552072317535753
4.2,0.273121643066406,-0.084,0.0513352639090643
4.23333333333333,0.273121643066406,-0.084,0.0363538866050457
4.26666666666667,0.265241305033366,-0.084,0.0578880212796212
4.3,0.265241305033366,-0.084,0.0413413745636535
4.33333333333333,0.265241305033366,-0.084,0.0274522970721048
4.36666666666667,0.265241305033366,-0.084,0.015883142967248
4.4,0.265241305033366,-0.084,0.00633432524121139
4.43333333333333,0.265241305033366,-0.084,-0.00145966753043429
4.46666666666667,0.265241305033366,-0.084,-0.00773385825330389
4.5,0.265241305033366,-0.084,-0.0126960101582006
4.53333333333333,0.265241305033366,-0.084,-0.0165295318508893
4.56666666666667,0.265241305033366,-0.084,-0.0193960897810566
4.6,0.265241305033366,-0.084,-0.0214379564238866
4.63333333333333,0.265241305033366,-0.084,-0.0227801198144851
4.66666666666667,0.265241305033366,-0.084,-0.0235321776650533
4.7,0.265241305033366,-0.084,-0.023790037105454
4.73333333333333,0.265241305033366,-0.084,-0.0236374390997344
4.76666666666667,0.265241305033366,-0.084,-0.0231473247861747
4.8,0.243988418579102,-0.084,0.0695682044929592
4.83333333333333,0.220833333333333,-0.084,0.154284179311509
4.86666666666667,0.220833333333333,-0.084,0.123276726186792
4.9,0.220833333333333,-0.084,0.0967544864122477
4.93333333333333,0.220833333333333,-0.084,0.074172874052428
4.96666666666667,0.220833333333333,-0.084,0.0550471625059502
5,0.220833333333333,-0.084,0.0389463187167236
5.03333333333333,0.220833333333333,-0.084,0.0254874439476601
5.06666666666667,0.199567031860352,-0.084,0.106340067793661
5.1,0.199567031860352,-0.084,0.0807252923980569
5.13333333333333,0.199567031860352,-0.084,0.0590531513104755
5.16666666666667,0.199567031860352,-0.084,0.0408306628111888
5.2,0.199567031860352,-0.084,0.0256199754092209
5.23333333333333,0.199567031860352,-0.084,0.0130326241181501
5.26666666666667,0.199567031860352,-0.084,0.00272435636769576
5.3,0.199567031860352,-0.084,-0.00560952692329886
5.33333333333333,0.19024772644043,-0.084,0.0280818956625848
5.36666666666667,0.190150324503581,-0.084,0.0161290581280698
5.4,0.190150324503581,-0.084,0.00590485034798728
5.43333333333333,0.190150324503581,-0.084,-0.00238095539444161
5.46666666666667,0.190150324503581,-0.084,-0.00899220017869935
5.5,0.190150324503581,-0.084,-0.0141618014179223
5.53333333333333,0.190150324503581,-0.084,-0.0180950729160118
5.56666666666667,0.190150324503581,-0.084,-0.0209727086787743
5.6,0.19018669128418,-0.084,-0.0231108051262982
5.63333333333333,0.19018669128418,-0.084,-0.0243057531631449
5.66666666666667,0.190104166666667,-0.084,-0.024511618620309
5.7,0.190104166666667,-0.084,-0.024612330790186
5.73333333333333,0.190104166666667,-0.084,-0.0242707174833232
5.76666666666667,0.190104166666667,-0.084,-0.0235679823933129
5.8,0.190104166666667,-0.084,-0.0225745019035712
5.83333333333333,0.190104166666667,-0.084,-0.0213510759136806
5.86666666666667,0.190104166666667,-0.084,-0.019950045802265
5.9,0.190104166666667,-0.084,-0.0184162928719072
5.93333333333333,0.190104166666667,-0.084,-0.0167881293339174
5.96666666666667,0.190104166666667,-0.084,-0.0150980927235852
6,0.190104166666667,-0.084,-0.0133736535788869
6.03333333333333,0.190104166666667,-0.084,-0.0116378452574472
6.06666666666667,0.190104166666667,-0.084,-0.00990982389874322
6.1,0.190416526794434,-0.084,-0.00955680140760364
6.13333333333333,0.190431531270345,-0.084,-0.00771190920503035
6.16666666666667,0.190431531270345,-0.084,-0.00586961197722892
6.2,0.190431531270345,-0.084,-0.00411230739872125
6.23333333333333,0.190431531270345,-0.084,-0.00244263196304928
6.26666666666667,0.190431531270345,-0.084,-0.000861978952431966
6.3,0.190431531270345,-0.084,0.000629302707612661
6.33333333333333,0.190431531270345,-0.084,0.00203173443044014
6.36666666666667,0.190175755818685,-0.084,0.00445317635448395
6.4,0.190298144022624,-0.084,0.0049547391626662
6.43333333333333,0.190554618835449,-0.084,0.0049139666306082
6.46666666666667,0.190554618835449,-0.084,0.00611127778118955
6.5,0.190554618835449,-0.084,0.00721356756718518
6.53333333333333,0.190554618835449,-0.084,0.00822596178098448
6.56666666666667,0.190554618835449,-0.084,0.00915352795178573
6.6,0.190554618835449,-0.084,0.010001242290849
6.63333333333333,0.190094757080078,-0.084,0.0127635688385582
6.66666666666667,0.190121459960937,-0.084,0.012994571855159
6.7,0.190121459960937,-0.084,0.0133438101453874
6.73333333333333,0.190121459960937,-0.084,0.013671144022429
6.76666666666667,0.190121459960937,-0.084,0.0139761445163697
6.8,0.190121459960937,-0.084,0.0142586990365195
6.83333333333333,0.190121459960937,-0.084,0.0145189568466906
6.86666666666667,0.190121459960937,-0.084,0.0147572816372191
6.9,0.190121459960937,-0.084,0.014974210384584
6.93333333333333,0.190121459960937,-0.084,0.0151704177747135
6.96666666666667,0.190121459960937,-0.084,0.0153466855427774
7,0.190121459960937,-0.084,0.0155038761513006
7.03333333333333,0.190121459960937,-0.084,0.0156429102904964
7.06666666666667,0.190121459960937,-0.084,0.0157647477405141
7.1,0.190121459960937,-0.084,0.0158703711854253
7.13333333333333,0.190121459960937,-0.084,0.0159607726137669
7.16666666666667,0.190292676289876,-0.084,0.0152961692923809
7.2,0.19015744527181,-0.084,0.0160766797421715
7.23333333333333,0.19020144144694,-0.084,0.0159470232223152
7.26666666666667,0.19020144144694,-0.084,0.0160287433446548
7.3,0.19020144144694,-0.084,0.016093987761594
7.33333333333333,0.19020144144694,-0.084,0.0161443485263212
7.36666666666667,0.19020144144694,-0.084,0.0161813024539867
7.4,0.19020144144694,-0.084,0.0162062171778614
7.43333333333333,0.19020144144694,-0.084,0.0162203571126834
7.46666666666667,0.19020144144694,-0.084,0.0162248892927287
7.5,0.19020144144694,-0.084,0.0162208890584377
7.53333333333333,0.19020144144694,-0.084,0.016209345570907
7.56666666666667,0.19020144144694,-0.084,0.0161911671382779
7.6,0.19020144144694,-0.084,0.016167186342148
7.63333333333333,0.19020144144694,-0.084,0.0161381649556326
7.66666666666667,0.19020144144694,-0.084,0.0161047986477046
7.7,0.190364583333333,-0.084,0.0153618831053737
7.73333333333333,0.190104166666667,-0.084,0.0165746366523609
7.76666666666667,0.190104166666667,-0.084,0.0164395883071399
7.8,0.190104166666667,-0.084,0.0163144773395377
7.83333333333333,0.190104166666667,-0.084,0.01619834397346
7.86666666666667,0.190104166666667,-0.084,0.0160903333440292
7.9,0.190104166666667,-0.084,0.0159896839200572
7.93333333333333,0.190104166666667,-0.084,0.0158957171642397
7.96666666666667,0.190104166666667,-0.084,0.0158078283038294
8,0.190283012390137,-0.084,0.0149516965996958
8.03333333333333,0.190226300557454,-0.084,0.0152581877177428
8.06666666666667,0.190226300557454,-0.084,0.0152614784881702
8.1,0.190226300557454,-0.084,0.0152584953216566
8.13333333333333,0.190226300557454,-0.084,0.0152501411237816
8.16666666666667,0.190226300557454,-0.084,0.0152372201072511
8.2,0.190226300557454,-0.084,0.0152204474098219
8.23333333333333,0.190226300557454,-0.084,0.0152004578325933
8.26666666666667,0.190226300557454,-0.084,0.0151778137759253
8.3,0.190226300557454,-0.084,0.0151530124436488
8.33333333333333,0.190226300557454,-0.084,0.015126492380179
8.36666666666667,0.190226300557454,-0.084,0.0150986393996142
8.4,0.190226300557454,-0.084,0.0150697919608185
8.43333333333333,0.190226300557454,-0.084,0.0150402460378426
8.46666666666667,0.19031925201416,-0.084,0.0146081022078892
8.5,0.19052193959554,-0.084,0.0137729049987271
8.53333333333333,0.19052193959554,-0.084,0.0139618373502456
8.56666666666667,0.19052193959554,-0.084,0.0141213386343172
8.6,0.19052193959554,-0.084,0.0142550066204943
8.63333333333333,0.19052193959554,-0.084,0.0143660468760246
8.66666666666667,0.19052193959554,-0.084,0.0144573126891386
8.7,0.19052193959554,-0.084,0.0145313411121366
8.73333333333333,0.19052193959554,-0.084,0.01459038548893
8.76666666666667,0.19052193959554,-0.084,0.0146364447982931
8.8,0.1903289159139,-0.084,0.0155064129811844
8.83333333333333,0.1903289159139,-0.084,0.0153822200001779
8.86666666666667,0.1903289159139,-0.084,0.0152698074409414
8.9,0.1903289159139,-0.084,0.0151680616034059
8.93333333333333,0.1903289159139,-0.084,0.015075972904703
8.96666666666667,0.1903289159139,-0.084,0.0149926262814026
9,0.190243911743164,-0.084,0.015284965610615
9.03333333333333,0.19025026957194,-0.084,0.0151233965893182
9.06666666666667,0.190242513020833,-0.084,0.0150431217252142
9.1,0.190242513020833,-0.084,0.0149362868023204
9.13333333333333,0.190242513020833,-0.084,0.0148418595995276
9.16666666666667,0.190242513020833,-0.084,0.0147584899287241
9.2,0.190242513020833,-0.084,0.0146849669566198
9.23333333333333,0.190242513020833,-0.084,0.0146202054093247
9.26666666666667,0.190269915262858,-0.084,0.0144446764592275
9.3,0.190477116902669,-0.084,0.0135193668234967
9.33333333333333,0.190477116902669,-0.084,0.0136541805601333
9.36666666666667,0.190477116902669,-0.084,0.01377040901886
9.4,0.190477116902669,-0.084,0.0138702323830732
9.43333333333333,0.190477116902669,-0.084,0.0139555972624025
9.46666666666667,0.190477116902669,-0.084,0.0140282402809195
9.5,0.190477116902669,-0.084,0.0140897093809729
9.53333333333333,0.190104166666667,-0.084,0.0157549636699439
9.56666666666667,0.190104166666667,-0.084,0.0155094222522096
9.6,0.190104166666667,-0.084,0.015295127726598
9.63333333333333,0.190104166666667,-0.084,0.0151085363315732
9.66666666666667,0.190104166666667,-0.084,0.014946477608659
9.7,0.190104166666667,-0.084,0.0148061170531083
9.73333333333333,0.190104166666667,-0.084,0.0146849223618428
9.76666666666667,0.190104166666667,-0.084,0.0145806329421999
9.8,0.190104166666667,-0.084,0.0144912323757658
9.83333333333333,0.190205001831055,-0.084,0.0139786571340533
9.86666666666667,0.190205001831055,-0.084,0.0139918815575682
9.9,0.190205001831055,-0.084,0.0140047035387443
9.93333333333333,0.190205001831055,-0.084,0.014017077657983
9.96666666666667,0.190205001831055,-0.084,0.0140289698831312
10,0.190205001831055,-0.084,0.0140403559468107
10.0333333333333,0.190205001831055,-0.084,0.014051219915605
10.0666666666667,0.190205001831055,-0.084,0.01406155293053
10.1,0.190205001831055,-0.084,0.0140713521002953
10.1333333333333,0.190205001831055,-0.084,0.0140806195307292
10.1666666666667,0.190205001831055,-0.084,0.014089361475438
10.2,0.190205001831055,-0.084,0.0140975875942957
10.2333333333333,0.190205001831055,-0.084,0.0141053103077392
10.2666666666667,0.190205001831055,-0.084,0.0141125442360862
10.3,0.190007400512695,-0.084,0.0149742338671176
10.3333333333333,0.19018128712972,-0.084,0.0140752805569857
10.3666666666667,0.19018128712972,-0.084,0.01408331516724
10.4,0.19018128712972,-0.084,0.0140910048734591
10.4333333333333,0.19018128712972,-0.084,0.0140983382163951
10.4666666666667,0.19018128712972,-0.084,0.014105308720542
10.5,0.19018128712972,-0.084,0.0141119141135438
10.5333333333333,0.19018128712972,-0.084,0.0141181556418331
10.5666666666667,0.19018128712972,-0.084,0.014124037471924
10.6,0.19018128712972,-0.084,0.0141295661678766
10.6333333333333,0.19018128712972,-0.084,0.0141347502364191
10.6666666666667,0.19018128712972,-0.084,0.0141395997320988
10.7,0.19018128712972,-0.084,0.0141441259156289
10.7333333333333,0.19018128712972,-0.084,0.0141483409593115
10.7666666666667,0.19018128712972,-0.084,0.0141522576940629
10.8,0.19018128712972,-0.084,0.014155889393152
10.8333333333333,0.190197563171387,-0.084,0.0140888307957593
10.8666666666667,0.190513292948405,-0.084,0.0127385154726539
10.9,0.190513292948405,-0.084,0.0129966404923013
10.9333333333333,0.190513292948405,-0.084,0.0132202572052673
10.9666666666667,0.190513292948405,-0.084,0.01341337392601
11,0.190513292948405,-0.084,0.0135795709349433
11.0333333333333,0.190513292948405,-0.084,0.0137220436739484
11.0666666666667,0.190513292948405,-0.084,0.0138436417571853
11.1,0.190142186482747,-0.084,0.0155525076743197
11.1333333333333,0.190142186482747,-0.084,0.0153524755559447
11.1666666666667,0.190142186482747,-0.084,0.0151769124841899
11.2,0.190142186482747,-0.084,0.0150231150709347
11.2333333333333,0.190142186482747,-0.084,0.0148886594372078
11.2666666666667,0.190142186482747,-0.084,0.0147713736372046
11.3,0.190142186482747,-0.084,0.0146693127094314
11.3333333333333,0.190142186482747,-0.084,0.0145807361113958
11.3666666666667,0.190526453653971,-0.084,0.0128415436367723
11.4,0.190332794189453,-0.084,0.0139107101474167
11.4333333333333,0.190332794189453,-0.084,0.0139615134260305
11.4666666666667,0.190332794189453,-0.084,0.0140053595643778
11.5,0.190332794189453,-0.084,0.014043068807983
11.5333333333333,0.190332794189453,-0.084,0.0140753729052731
11.5666666666667,0.190332794189453,-0.084,0.0141029241062298
11.6,0.190332794189453,-0.084,0.0141263032841832
11.6333333333333,0.190323384602865,-0.084,0.0141867381279045
11.6666666666667,0.190428606669108,-0.084,0.0137407372210792
11.7,0.190428606669108,-0.084,0.0138296089206671
11.7333333333333,0.190428606669108,-0.084,0.0139059918163733
11.7666666666667,0.190428606669108,-0.084,0.0139713776079188
11.8,0.190428606669108,-0.084,0.0140270957869727
11.8333333333333,0.190428606669108,-0.084,0.0140743302177601
11.8666666666667,0.190107282002767,-0.084,0.0155043551013031
11.9,0.190364583333333,-0.084,0.0141757520673763
11.9333333333333,0.190364583333333,-0.084,0.0141872121070406
11.9666666666667,0.190364583333333,-0.084,0.0141965065932526
12,0.190364583333333,-0.084,0.0142039298548607
12.0333333333333,0.190364583333333,-0.084,0.0142097417538907
12.0666666666667,0.190364583333333,-0.084,0.0142141713838061
12.1,0.190364583333333,-0.084,0.0142174203933849
12.1333333333333,0.190364583333333,-0.084,0.0142196659725555
12.1666666666667,0.190383656819661,-0.084,0.0141385415106482
12.2,0.19025026957194,-0.084,0.0147310930904695
12.2333333333333,0.190239079793294,-0.084,0.0146891443914328
12.2666666666667,0.190239079793294,-0.084,0.0146017334839505
12.3,0.190239079793294,-0.084,0.0145257780515205
12.3333333333333,0.190239079793294,-0.084,0.0144599637274062
12.3666666666667,0.190239079793294,-0.084,0.0144031153173149
12.4,0.190239079793294,-0.084,0.0143541828420456
12.4333333333333,0.190239079793294,-0.084,0.0143122289258181
12.4666666666667,0.190239079793294,-0.084,0.01427641740437
12.5,0.190239079793294,-0.084,0.0142460030384195
12.5333333333333,0.190239079793294,-0.084,0.0142203222285657
12.5666666666667,0.190239079793294,-0.084,0.0141987846372259
12.6,0.190239079793294,-0.084,0.0141808656318962
12.6333333333333,0.190364583333333,-0.084,0.0136231045639805
12.6666666666667,0.190220260620117,-0.084,0.0143326287789155
12.7,0.190364583333333,-0.084,0.0136709628855079
12.7333333333333,0.190364583333333,-0.084,0.0137509355166345
12.7666666666667,0.190364583333333,-0.084,0.0138207690730026
12.8,0.190364583333333,-0.084,0.0138816079669701
12.8333333333333,0.190364583333333,-0.084,0.013934476581492
12.8666666666667,0.190364583333333,-0.084,0.0139802912344263
12.9,0.190364583333333,-0.084,0.0140198709941455
12.9333333333333,0.190364583333333,-0.084,0.0140539474536047
12.9666666666667,0.190195147196452,-0.084,0.0148162441932889
13,0.190195147196452,-0.084,0.0147100665618794
13.0333333333333,0.190195147196452,-0.084,0.0146177333529033
13.0666666666667,0.190195147196452,-0.084,0.0145376567928128
13.1,0.190195147196452,-0.084,0.0144684173713844
13.1333333333333,0.190195147196452,-0.084,0.0144087469470002
13.1666666666667,0.190195147196452,-0.084,0.0143575134827856
13.2,0.190195147196452,-0.084,0.0143137072608437
13.2333333333333,0.190195147196452,-0.084,0.0142764284357868
13.2666666666667,0.190195147196452,-0.084,0.0142448758014964
13.3,0.190195147196452,-0.084,0.0142183366566124
13.3333333333333,0.190195147196452,-0.084,0.0141961776647947
13.3666666666667,0.190195147196452,-0.084,0.014177836615383
13.4,0.190321222941081,-0.084,0.0136173444301979
13.4333333333333,0.190156618754069,-0.084,0.0144149425460564
13.4666666666667,0.190477116902669,-0.084,0.0129757307385073
13.5,0.190383656819661,-0.084,0.0135832407591282
13.5333333333333,0.190383656819661,-0.084,0.0136875143755429
13.5666666666667,0.190383656819661,-0.084,0.0137779939451861
13.6,0.190383656819661,-0.084,0.0138562721917747
13.6333333333333,0.190383656819661,-0.084,0.0139237724176409
13.6666666666667,0.190383656819661,-0.084,0.0139817655540413
13.7,0.190383656819661,-0.084,0.0140313855630653
13.7333333333333,0.190383656819661,-0.084,0.0140736433457183
13.7666666666667,0.190383656819661,-0.084,0.0141094392966078
13.8,0.190383656819661,-0.084,0.0141395746327751
13.8333333333333,0.190383656819661,-0.084,0.0141647616124967
13.8666666666667,0.190383656819661,-0.084,0.0141856327492094
13.9,0.190383656819661,-0.084,0.0142027491160127
13.9333333333333,0.190383656819661,-0.084,0.0142166078273713
13.9666666666667,0.190383656819661,-0.084,0.0142276487766159
14,0.190364583333333,-0.084,0.0143187827230165
14.0333333333333,0.190209579467773,-0.084,0.0149811756394153
14.0666666666667,0.190209579467773,-0.084,0.0148531706123356
14.1,0.190209579467773,-0.084,0.0147414925989542
14.1333333333333,0.190209579467773,-0.084,0.0146442939886055
14.1666666666667,0.190431531270345,-0.084,0.0135996399289383
14.2,0.190364583333333,-0.084,0.0139880466804206
14.2333333333333,0.190364583333333,-0.084,0.0140219649816229
14.2666666666667,0.190364583333333,-0.084,0.0140513178675908
14.3,0.190364583333333,-0.084,0.0140766397145193
14.3333333333333,0.190364583333333,-0.084,0.0140984074535917
14.3666666666667,0.190364583333333,-0.084,0.0141170464002816
14.4,0.190364583333333,-0.084,0.014132935516324
14.4333333333333,0.190364583333333,-0.084,0.0141464121578425
14.4666666666667,0.190364583333333,-0.084,0.0141577763582102
14.5,0.190364583333333,-0.084,0.014167294689736
14.5333333333333,0.190183575948079,-0.084,0.0149583377375464
14.5666666666667,0.190238316853841,-0.084,0.014587917789836
14.6,0.190238316853841,-0.084,0.0145142843643866
14.6333333333333,0.190238316853841,-0.084,0.0144505229060092
14.6666666666667,0.190238316853841,-0.084,0.014395485433936
14.7,0.190238316853841,-0.084,0.0143481466215374
14.7333333333333,0.190238316853841,-0.084,0.0143075914151853
14.7666666666667,0.190238316853841,-0.084,0.0142730038527523
14.8,0.190349515279134,-0.084,0.0137625535779958
14.8333333333333,0.190349515279134,-0.084,0.013823862685787
14.8666666666667,0.190349515279134,-0.084,0.0138776435032456
14.9,0.190349515279134,-0.084,0.013924730001785
14.9333333333333,0.190206527709961,-0.084,0.0145845098505611
14.9666666666667,0.190335655212402,-0.084,0.0139510327758665
15,0.190335655212402,-0.084,0.0139863383593439
15.0333333333333,0.190122667948405,-0.084,0.0149387083459329
15.0666666666667,0.19027214050293,-0.084,0.0141541081716532
15.1,0.19027214050293,-0.084,0.014150516952809
15.1333333333333,0.19027214050293,-0.084,0.0141478535622543
15.1666666666667,0.19027214050293,-0.084,0.0141459817693432
15.2,0.19027214050293,-0.084,0.0141447818287994
15.2333333333333,0.19027214050293,-0.084,0.0141441486807851
15.2666666666667,0.19027214050293,-0.084,0.014143990335101
15.3,0.19027214050293,-0.084,0.0141442264215191
15.3333333333333,0.19027214050293,-0.084,0.0141447868899466
15.3666666666667,0.19027214050293,-0.084,0.0141456108456686
15.4,0.19027214050293,-0.084,0.0141466455063142
15.4333333333333,0.19027214050293,-0.084,0.0141478452684732
15.4666666666667,0.19027214050293,-0.084,0.0141491708730295
15.5,0.19027214050293,-0.084,0.0141505886593413
15.5333333333333,0.19027214050293,-0.084,0.0141520698993366
15.5666666666667,0.190246454874674,-0.084,0.014264719860398
15.6,0.190260442097982,-0.084,0.0141858630209116
15.6333333333333,0.190260442097982,-0.084,0.0141810161415628
15.6666666666667,0.190260442097982,-0.084,0.01417706019313
15.7,0.190247281392415,-0.084,0.0142308153370655
15.7333333333333,0.190273094177246,-0.084,0.0141064295713148
15.7666666666667,0.190273094177246,-0.084,0.0141156393906779
15.8,0.190273094177246,-0.084,0.0141238652032661
15.8333333333333,0.190328661600749,-0.084,0.0138907904976898
15.8666666666667,0.190364583333333,-0.084,0.0137849221073402
15.9,0.190364583333333,-0.084,0.013855784036163
15.9333333333333,0.190364583333333,-0.084,0.0139171726166975
15.9666666666667,0.190364583333333,-0.084,0.0139701880563816
16,0.190364583333333,-0.084,0.0140158130949507
16.0333333333333,0.190364583333333,-0.084,0.0140549248570091
16.0666666666667,0.190364583333333,-0.084,0.0140883055565031
16.1,0.190335655212402,-0.084,0.0142418105616742
16.1333333333333,0.190335655212402,-0.084,0.0142433544984958
16.1666666666667,0.190335655212402,-0.084,0.0142440403714175
16.2,0.190335655212402,-0.084,0.0142440084747868
16.2333333333333,0.190335655212402,-0.084,0.0142433813939225
16.2666666666667,0.190335655212402,-0.084,0.0142422659820483
16.3,0.190335655212402,-0.084,0.0142407551322256
16.3333333333333,0.190335655212402,-0.084,0.014238929364512
16.3666666666667,0.190104166666667,-0.084,0.0152384005261521
16.4,0.190104166666667,-0.084,0.0150569826147515
16.4333333333333,0.190104166666667,-0.084,0.0148994675944851
16.4666666666667,0.190578333536784,-0.084,0.0127116015702887
16.5,0.190328661600749,-0.084,0.014041112478087
16.5333333333333,0.190328661600749,-0.084,0.0140644231780652
16.5666666666667,0.190328661600749,-0.084,0.0140846795296744
16.6,0.190328661600749,-0.084,0.0141022333586479
16.6333333333333,0.190456517537435,-0.084,0.0135642264492208
16.6666666666667,0.190448570251465,-0.084,0.0137106235113345
16.7,0.190448570251465,-0.084,0.0138013525824352
16.7333333333333,0.190448570251465,-0.084,0.0138795438484085
16.7666666666667,0.190448570251465,-0.084,0.0139466811933535
16.8,0.190448570251465,-0.084,0.0140040880885176
16.8333333333333,0.190448570251465,-0.084,0.014052943922038
16.8666666666667,0.190448570251465,-0.084,0.0140942987363311
16.9,0.190448570251465,-0.084,0.0141290865234548
16.9333333333333,0.190448570251465,-0.084,0.0141581372149329
16.9666666666667,0.190448570251465,-0.084,0.0141821874899336
17,0.190448570251465,-0.084,0.0142018905142583
17.0333333333333,0.190448570251465,-0.084,0.0142178247121656
17.0666666666667,0.190448570251465,-0.084,0.0142305016635974
17.1,0.190448570251465,-0.084,0.0142403732107572
17.1333333333333,0.190448570251465,-0.084,0.0142478378501631
17.1666666666667,0.190243657430013,-0.084,0.0151398080740367
17.2,0.190243657430013,-0.084,0.0149848761950706
17.2333333333333,0.19024829864502,-0.084,0.0148296645504428
17.2666666666667,0.190260060628255,-0.084,0.0146647956392402
17.3,0.190260060628255,-0.084,0.014574989165144
17.3333333333333,0.190260060628255,-0.084,0.0144972937596511
17.3666666666667,0.190260060628255,-0.084,0.0144302981687467
17.4,0.190260060628255,-0.084,0.014372742040927
17.4333333333333,0.190260060628255,-0.084,0.0143235006902403
17.4666666666667,0.190260060628255,-0.084,0.0142815713357546
17.5,0.190260060628255,-0.084,0.0142460606787769
17.5333333333333,0.190260060628255,-0.084,0.0142161736918581
17.5666666666667,0.190260060628255,-0.084,0.0141912035051851
17.6,0.190260060628255,-0.084,0.0141705222864956
17.6333333333333,0.190260060628255,-0.084,0.014153573020221
17.6666666666667,0.190163040161133,-0.084,0.014559624121301
17.7,0.190364583333333,-0.084,0.0136016426626179
17.7333333333333,0.190364583333333,-0.084,0.01368411854818
17.7666666666667,0.190364583333333,-0.084,0.0137566420560602
17.8,0.190364583333333,-0.084,0.013820302835553
17.8333333333333,0.190364583333333,-0.084,0.0138760786037616
17.8666666666667,0.190364583333333,-0.084,0.0139248461347207
17.9,0.190364583333333,-0.084,0.0139673912056056
17.9333333333333,0.190104166666667,-0.084,0.0151311182766984
17.9666666666667,0.190277417500814,-0.084,0.0142121305287091
18,0.190189679463704,-0.084,0.0145791226698147
18.0333333333333,0.190344937642415,-0.084,0.0138289582196497
18.0666666666667,0.190051968892415,-0.084,0.015149145962967
18.1,0.190051968892415,-0.084,0.0149685534571404
18.1333333333333,0.190051968892415,-0.084,0.0148126044763775
18.1666666666667,0.190051968892415,-0.084,0.0146784009441946
18.2,0.190405527750651,-0.084,0.013033673645854
18.2333333333333,0.1902374903361,-0.084,0.013936140506052
18.2666666666667,0.1902374903361,-0.084,0.0139596228987895
18.3,0.1902374903361,-0.084,0.0139810904599102
18.3333333333333,0.1902374903361,-0.084,0.014000704484793
18.3666666666667,0.1902374903361,-0.084,0.0140186140588545
18.4,0.1902374903361,-0.084,0.0140349569338388
18.4333333333333,0.1902374903361,-0.084,0.0140498603448715
18.4666666666667,0.190216700236003,-0.084,0.0141533907764783
18.5,0.190030797322591,-0.084,0.0149539827327343
18.5333333333333,0.190030797322591,-0.084,0.0148074251414021
18.5666666666667,0.190030797322591,-0.084,0.0146810571676952
18.6,0.190030797322591,-0.084,0.0145724905284664
18.6333333333333,0.190030797322591,-0.084,0.014479595170832
18.6666666666667,0.190030797322591,-0.084,0.0144004729745974
18.7,0.190030797322591,-0.084,0.0143334340201167
18.7333333333333,0.190150260925293,-0.084,0.0137601122451655
18.7666666666667,0.190262985229492,-0.084,0.0133176519752761
18.8,0.190364583333333,-0.084,0.0130062271037914
18.8333333333333,0.190364583333333,-0.084,0.0131973449555646
18.8666666666667,0.190364583333333,-0.084,0.0133639795533028
18.9,0.190364583333333,-0.084,0.0135089056032357
18.9333333333333,0.190364583333333,-0.084,0.0136346062832988
18.9666666666667,0.190364583333333,-0.084,0.0137433023239265
19,0.190364583333333,-0.084,0.0138369782960193
19.0333333333333,0.190390141805013,-0.084,0.0138068268564916
19.0666666666667,0.190390141805013,-0.084,0.013895369313053
19.1,0.190390141805013,-0.084,0.0139710008426494
19.1333333333333,0.190390141805013,-0.084,0.0140352862064367
19.1666666666667,0.190390141805013,-0.084,0.0140896187922046
19.2,0.190390141805013,-0.084,0.0141352382015173
19.2333333333333,0.190390141805013,-0.084,0.0141732461125244
19.2666666666667,0.190390141805013,-0.084,0.0142046205818612
19.3,0.190390141805013,-0.084,0.0142302289339665
19.3333333333333,0.190390141805013,-0.084,0.0142508393724311
19.3666666666667,0.190390141805013,-0.084,0.0142671314355053
19.4,0.190390141805013,-0.084,0.0142797054065511
19.4333333333333,0.190390141805013,-0.084,0.0142890907799057
19.4666666666667,0.190390141805013,-0.084,0.0142957538732468
19.5,0.190390141805013,-0.084,0.014300104669032
19.5333333333333,0.190363057454427,-0.084,0.0144196842317517
19.5666666666667,0.190364583333333,-0.084,0.0143928813522839
19.6,0.190364583333333,-0.084,0.0143753115558381
19.6333333333333,0.190364583333333,-0.084,0.0143589461635856
19.6666666666667,0.190364583333333,-0.084,0.0143437198791981
19.7,0.190364583333333,-0.084,0.0143295692090656
19.7333333333333,0.190364583333333,-0.084,0.0143164326487404
19.7666666666667,0.190364583333333,-0.084,0.0143042508246846
19.8,0.190395482381185,-0.084,0.0141592809210414
19.8333333333333,0.19041010538737,-0.084,0.0141094869922863
19.8666666666667,0.19041010538737,-0.084,0.0141318592876683
19.9,0.19041010538737,-0.084,0.0141506186416118
19.9333333333333,0.19041010538737,-0.084,0.0141662279448704
19.9666666666667,0.19041010538737,-0.084,0.0141790975342994
20,0.19041010538737,-0.084,0.0141895907254908
20.0333333333333,0.190312385559082,-0.084,0.0146208166210033
20.0666666666667,0.190204874674479,-0.084,0.0150170018237308
20.1,0.190220260620117,-0.084,0.014806887397349
20.1333333333333,0.190220260620117,-0.084,0.0146940761833786
20.1666666666667,0.190220260620117,-0.084,0.0145963323225731
20.2,0.190220260620117,-0.084,0.0145119086600557
20.2333333333333,0.190220260620117,-0.084,0.014439244307723
20.2666666666667,0.190220260620117,-0.084,0.0143769458737865
20.3,0.190586217244466,-0.084,0.0127404479705438
20.3333333333333,0.190219561258952,-0.084,0.0145648697494772
20.3666666666667,0.190219561258952,-0.084,0.014488198076002
20.4,0.190219561258952,-0.084,0.0144221778566691
20.4333333333333,0.190219561258952,-0.084,0.01436554726227
20.4666666666667,0.190219561258952,-0.084,0.0143171808416662
20.5,0.190219561258952,-0.084,0.0142760756465883
20.5333333333333,0.190219561258952,-0.084,0.014241338708561
20.5666666666667,0.190364583333333,-0.084,0.0135847332961318
20.6,0.19027156829834,-0.084,0.0140751112150336
20.6333333333333,0.19027156829834,-0.084,0.0140802505072369
20.6666666666667,0.19027156829834,-0.084,0.0140854300535878
20.7,0.19027156829834,-0.084,0.0140905993023221
20.7333333333333,0.19027156829834,-0.084,0.0140957162063787
20.7666666666667,0.19027156829834,-0.084,0.0141007461475508
20.8,0.19027156829834,-0.084,0.0141056609803929
20.8333333333333,0.19027156829834,-0.084,0.0141104381835118
20.8666666666667,0.19027156829834,-0.084,0.0141150601070914
20.9,0.19027156829834,-0.084,0.0141195133065969
20.9333333333333,0.19027156829834,-0.084,0.0141237879535986
20.9666666666667,0.19027156829834,-0.084,0.0141278773155618
21,0.19027156829834,-0.084,0.0141317772972566
21.0333333333333,0.19027156829834,-0.084,0.0141354860371841
21.0666666666667,0.19027156829834,-0.084,0.0141390035530769
21.1,0.190197563171387,-0.084,0.0144625168783607
21.1333333333333,0.19025026957194,-0.084,0.0141803456319384
21.1666666666667,0.19025026957194,-0.084,0.0141745041729341
21.2,0.19025026957194,-0.084,0.0141698010760551
21.2333333333333,0.19025026957194,-0.084,0.0141660799867436
21.2666666666667,0.19025026957194,-0.084,0.0141632029585518
21.3,0.19025026957194,-0.084,0.0141610484714924
21.3333333333333,0.19025026957194,-0.084,0.0141595096514415
21.3666666666667,0.190475654602051,-0.084,0.0131833574387263
21.4,0.190364583333333,-0.084,0.0138377708196691
21.4333333333333,0.190200996398926,-0.084,0.0146103953443641
21.4666666666667,0.190200996398926,-0.084,0.0145398087729414
21.5,0.190200996398926,-0.084,0.0144784063727158
21.5333333333333,0.190200996398926,-0.084,0.0144251344050912
21.5666666666667,0.190200996398926,-0.084,0.0143790509140215
21.6,0.190200996398926,-0.084,0.0143393144899414
21.6333333333333,0.190200996398926,-0.084,0.0143051741194523
21.6666666666667,0.190200996398926,-0.084,0.0142759600189663
21.7,0.190200996398926,-0.084,0.0142510753598218
21.7333333333333,0.190200996398926,-0.084,0.014229988800875
21.7666666666667,0.190200996398926,-0.084,0.0142122277522878
21.8,0.190200996398926,-0.084,0.0141973723012577
21.8333333333333,0.190200996398926,-0.084,0.0141850497368296
21.8666666666667,0.190321222941081,-0.084,0.0136547658017009
21.9,0.190104166666667,-0.084,0.0146787058573083
21.9333333333333,0.190104166666667,-0.084,0.0145847209779949
21.9666666666667,0.190104166666667,-0.084,0.014503667389568
22,0.190104166666667,-0.084,0.0144340165451312
22.0333333333333,0.190104166666667,-0.084,0.0143744050876354
22.0666666666667,0.190104166666667,-0.084,0.0143236180334116
22.1,0.190104166666667,-0.084,0.0142805735957692
22.1333333333333,0.190104166666667,-0.084,0.0142443094937965
22.1666666666667,0.190104166666667,-0.084,0.0142139706057672
22.2,0.190104166666667,-0.084,0.0141887978395189
22.2333333333333,0.190104166666667,-0.084,0.0141681181039719
22.2666666666667,0.190104166666667,-0.084,0.0141513352766869
22.3,0.190104166666667,-0.084,0.0141379220721157
22.3333333333333,0.190104166666667,-0.084,0.0141274127240753
22.3666666666667,0.190104166666667,-0.084,0.0141193964040332
22.4,0.190104166666667,-0.084,0.0141135113041299
22.4333333333333,0.190162595113118,-0.084,0.0138566468583171
22.4666666666667,0.190162595113118,-0.084,0.0138993297068188
22.5,0.190162595113118,-0.084,0.0139372349470819
22.5333333333333,0.190162595113118,-0.084,0.0139708556332151
22.5666666666667,0.190162595113118,-0.084,0.0140006365214823
22.6,0.190162595113118,-0.084,0.0140269786308046
22.6333333333333,0.190269915262858,-0.084,0.0135859194711411
22.6666666666667,0.190246454874674,-0.084,0.0137909953306978
22.7,0.190246454874674,-0.084,0.0138628094803186
22.7333333333333,0.190246454874674,-0.084,0.0139250193532597
22.7666666666667,0.190246454874674,-0.084,0.0139787377413238
22.8,0.190246454874674,-0.084,0.0140249589424968
22.8333333333333,0.190246454874674,-0.084,0.0140645706874463
22.8666666666667,0.190246454874674,-0.084,0.0140983649132747
22.9,0.190246454874674,-0.084,0.0141270474925856
22.9333333333333,0.190246454874674,-0.084,0.0141512470160266
22.9666666666667,0.190246454874674,-0.084,0.0141715227174744
23,0.190246454874674,-0.084,0.0141883716228334
23.0333333333333,0.190246454874674,-0.084,0.0142022349959705
23.0666666666667,0.190246454874674,-0.084,0.0142135041485226
23.1,0.190246454874674,-0.084,0.0142225256741488
23.1333333333333,0.190246454874674,-0.084,0.0142296061621808
23.1666666666667,0.190246454874674,-0.084,0.0142350164405351
23.2,0.190332794189453,-0.084,0.0138654457046685
23.2333333333333,0.190321222941081,-0.084,0.0139850896641675
23.2666666666667,0.190321222941081,-0.084,0.014035713458674
23.3,0.190321222941081,-0.084,0.0140787442809924
23.3333333333333,0.190321222941081,-0.084,0.014115116910667
23.3666666666667,0.190321222941081,-0.084,0.0141456626910806
23.4,0.190406354268392,-0.084,0.0138027969292991
23.4333333333333,0.190364583333333,-0.084,0.0140704326130148
23.4666666666667,0.190364583333333,-0.084,0.0141123248824084
23.5,0.190364583333333,-0.084,0.0141474073617181
23.5333333333333,0.190364583333333,-0.084,0.0141765492702267
23.5666666666667,0.190364583333333,-0.084,0.0142005216133473
23.6,0.190364583333333,-0.084,0.0142200074767684
23.6333333333333,0.190364583333333,-0.084,0.014235611295723
23.6666666666667,0.190364583333333,-0.084,0.0142478671976509
23.7,0.190364583333333,-0.084,0.0142572465073703
23.7333333333333,0.190364583333333,-0.084,0.01426416449555
23.7666666666667,0.190364583333333,-0.084,0.0142689864437129
23.8,0.190364583333333,-0.084,0.0142720330921279
23.8333333333333,0.190364583333333,-0.084,0.0142735855307142
23.8666666666667,0.190364583333333,-0.084,0.0142738895873978
23.9,0.190364583333333,-0.084,0.014273159763231
23.9333333333333,0.190364583333333,-0.084,0.0142715827588935
23.9666666666667,0.190364583333333,-0.084,0.0142693206329648
24,0.190364583333333,-0.084,0.0142665136285052
24.0333333333333,0.190364583333333,-0.084,0.0142632827009828
24.0666666666667,0.190364583333333,-0.084,0.0142597317774256
24.1,0.190364583333333,-0.084,0.0142559497737991
24.1333333333333,0.190364583333333,-0.084,0.0142520123950063
24.1666666666667,0.190566571553548,-0.084,0.0133740755214708
24.2,0.190364583333333,-0.084,0.014400247183247
24.2333333333333,0.190364583333333,-0.084,0.0143752150356351
24.2666666666667,0.190364583333333,-0.084,0.014352671160735
24.3,0.190364583333333,-0.084,0.0143323845029175
24.3333333333333,0.190364583333333,-0.084,0.0143141445664296
24.3666666666667,0.190364583333333,-0.084,0.0142977596386325
24.4,0.190364583333333,-0.084,0.014283055163549
24.4333333333333,0.190364583333333,-0.084,0.0142698722532077
24.4666666666667,0.190364583333333,-0.084,0.0142580663253029
24.5,0.190364583333333,-0.084,0.01424750585663
24.5333333333333,0.190364583333333,-0.084,0.0142380712426265
24.5666666666667,0.190364583333333,-0.084,0.0142296537541471
24.6,0.190364583333333,-0.084,0.0142221545833268
24.6333333333333,0.190364583333333,-0.084,0.0142154839710671
24.6666666666667,0.190364583333333,-0.084,0.0142095604092891
24.7,0.190364583333333,-0.084,0.0142043099116719
24.7333333333333,0.190364583333333,-0.084,0.014199665347109
24.7666666666667,0.190203348795573,-0.084,0.0148931519939694
24.8,0.190261014302572,-0.084,0.0145152627422661
24.8333333333333,0.190094757080078,-0.084,0.0151679943516483
24.8666666666667,0.190094757080078,-0.084,0.014981932089011
24.9,0.190094757080078,-0.084,0.0148212467752377
24.9333333333333,0.190094757080078,-0.084,0.0146829590797845
24.9666666666667,0.190094757080078,-0.084,0.0145644099674229
25,0.190094757080078,-0.084,0.0144632282252842
25.0333333333333,0.190571721394857,-0.084,0.0123137004376835
25.0666666666667,0.190571721394857,-0.084,0.0126102954815681
25.1,0.190571721394857,-0.084,0.0128690656377078
25.1333333333333,0.190571721394857,-0.084,0.0130942947363765
25.1666666666667,0.190571721394857,-0.084,0.0132898163130231
25.2,0.190571721394857,-0.084,0.0134590585628649
25.2333333333333,0.190571721394857,-0.084,0.0136050849743651
25.2666666666667,0.190571721394857,-0.084,0.0137306310450453
25.3,0.190203730265299,-0.084,0.0154302623333306
25.3333333333333,0.190302594502767,-0.084,0.0148093577492198
25.3666666666667,0.190302594502767,-0.084,0.0147169936845179
25.4,0.190302594502767,-0.084,0.0146359219894453
25.4333333333333,0.190302594502767,-0.084,0.0145648966322963
25.4666666666667,0.190302594502767,-0.084,0.0145028002430916
25.5,0.190302594502767,-0.084,0.0144486314351172
25.5333333333333,0.190302594502767,-0.084,0.0144014933330563
25.5666666666667,0.190364583333333,-0.084,0.0140923866228798
25.6,0.190364583333333,-0.084,0.014104962921728
25.6333333333333,0.190364583333333,-0.084,0.0141159707542042
25.6666666666667,0.190364583333333,-0.084,0.014125586852626
25.7,0.190519841512044,-0.084,0.0134622401011979
25.7333333333333,0.190256627400716,-0.084,0.0147284969414872
25.7666666666667,0.190256627400716,-0.084,0.01463514714444
25.8,0.190256627400716,-0.084,0.0145540322970677
25.8333333333333,0.190256627400716,-0.084,0.0144837461714357
25.8666666666667,0.190256627400716,-0.084,0.0144230317208125
25.9,0.190256627400716,-0.084,0.0143707660925419
25.9333333333333,0.190256627400716,-0.084,0.0143259470880844
25.9666666666667,0.190256627400716,-0.084,0.0142876809346453
26,0.190256627400716,-0.084,0.014255171245205
26.0333333333333,0.190256627400716,-0.084,0.0142277090550636
26.0666666666667,0.19015998840332,-0.084,0.0146227754138543
26.1,0.190209325154622,-0.084,0.0143153359192211
26.1333333333333,0.190209325154622,-0.084,0.0142729319930113
26.1666666666667,0.190209325154622,-0.084,0.0142371896112503
26.2,0.190209325154622,-0.084,0.0142072714618782
26.2333333333333,0.190209325154622,-0.084,0.0141824339946626
26.2666666666667,0.190209325154622,-0.084,0.0141620176521615
26.3,0.190209325154622,-0.084,0.0141454380691313
26.3333333333333,0.190209325154622,-0.084,0.0141321781478208
26.3666666666667,0.190209325154622,-0.084,0.0141217809251954
26.4,0.190209325154622,-0.084,0.0141138431559501
26.4333333333333,0.190209325154622,-0.084,0.0141080095422826
26.4666666666667,0.190209325154622,-0.084,0.0141039675478568
26.5,0.190625,-0.084,0.0123030127959842
26.5333333333333,0.190625,-0.084,0.0126234775887272
26.5666666666667,0.190625,-0.084,0.0129018463903998
26.6,0.190625,-0.084,0.0131429639118626
26.6333333333333,0.190625,-0.084,0.0133511604533486
26.6666666666667,0.190625,-0.084,0.0135303036163849
26.7,0.190625,-0.084,0.0136838450199557
26.7333333333333,0.190625,-0.084,0.0138148624891406
26.7666666666667,0.190625,-0.084,0.0139260981416057
26.8,0.190625,-0.084,0.0140199927583254
26.8333333333333,0.190625,-0.084,0.0140987167894155
26.8666666666667,0.190430450439453,-0.084,0.0150059229429592
26.9,0.190430450439453,-0.084,0.0149093005910314
26.9333333333333,0.190430450439453,-0.084,0.0148228644818448
26.9666666666667,0.190430450439453,-0.084,0.0147456036651224
27,0.190430450439453,-0.084,0.0146766034852566
27.0333333333333,0.190430450439453,-0.084,0.01461503668035
27.0666666666667,0.190430450439453,-0.084,0.0145601552852815
27.1,0.190430450439453,-0.084,0.0145112832674874
27.1333333333333,0.190430450439453,-0.084,0.0144678098303762
27.1666666666667,0.190430450439453,-0.084,0.0144291833249923
27.2,0.190430450439453,-0.084,0.0143949057157419
27.2333333333333,0.190430450439453,-0.084,0.0143645275507512
27.2666666666667,0.190625,-0.084,0.0134959187624539
27.3,0.190364583333333,-0.084,0.014749435992542
27.3333333333333,0.190364583333333,-0.084,0.0146572997507643
27.3666666666667,0.190364583333333,-0.084,0.0145768584493701
27.4,0.190364583333333,-0.084,0.0145067961663949
27.4333333333333,0.190364583333333,-0.084,0.0144459344656865
27.4666666666667,0.190364583333333,-0.084,0.0143932187434574
27.5,0.190364583333333,-0.084,0.0143477058813143
27.5333333333333,0.190364583333333,-0.084,0.0143085530842588
27.5666666666667,0.190364583333333,-0.084,0.0142750077931923
27.6,0.190364583333333,-0.084,0.0142463985715311
27.6333333333333,0.190183258056641,-0.084,0.0150066362350784
27.6666666666667,0.190359052022298,-0.084,0.0140852537053838
27.7,0.190359052022298,-0.084,0.0140826638125716
27.7333333333333,0.190359052022298,-0.084,0.0140813633458173
27.7666666666667,0.190359052022298,-0.084,0.014081145796049
27.8,0.190359052022298,-0.084,0.0140818304130319
27.8333333333333,0.190359052022298,-0.084,0.0140832593534023
27.8666666666667,0.190359052022298,-0.084,0.0140852951226174
27.9,0.190359052022298,-0.084,0.0140878182819682
27.9333333333333,0.190359052022298,-0.084,0.0140907253945338
27.9666666666667,0.190359052022298,-0.084,0.0140939271864384
28,0.190359052022298,-0.084,0.0140973469020245
28.0333333333333,0.190364583333333,-0.084,0.0140769874470833
28.0666666666667,0.190364583333333,-0.084,0.0140849365983334
28.1,0.190364583333333,-0.084,0.0140923602294563
28.1333333333333,0.190364583333333,-0.084,0.0140992853586198
28.1666666666667,0.190364583333333,-0.084,0.0141057384295764
28.2,0.190364583333333,-0.084,0.014111745207416
28.2333333333333,0.190364583333333,-0.084,0.0141173306960113
28.2666666666667,0.190364583333333,-0.084,0.0141225190742883
28.3,0.190364583333333,-0.084,0.0141273336487606
28.3333333333333,0.190364583333333,-0.084,0.0141317968200764
28.3666666666667,0.190364583333333,-0.084,0.014135930061572
28.4,0.190364583333333,-0.084,0.0141397539080675
28.4333333333333,0.190306154886882,-0.084,0.0143960804155483
28.4666666666667,0.190306154886882,-0.084,0.0143541224267859
28.5,0.190306154886882,-0.084,0.0143179780456544
28.5333333333333,0.190306154886882,-0.084,0.0142869573092114
28.5666666666667,0.190306154886882,-0.084,0.0142604450157015
28.6,0.190306154886882,-0.084,0.0142378930994919
28.6333333333333,0.190306154886882,-0.084,0.0142188137507084
28.6666666666667,0.190306154886882,-0.084,0.0142027732091797
28.7,0.190362612406413,-0.084,0.0139451209822379
28.7333333333333,0.190362612406413,-0.084,0.0139777410325616
28.7666666666667,0.190362612406413,-0.084,0.0140065072961369
28.8,0.190106709798177,-0.084,0.0151390049331979
28.8333333333333,0.190106709798177,-0.084,0.0149632090190579
28.8666666666667,0.190106709798177,-0.084,0.0148112535452221
28.9,0.190106709798177,-0.084,0.0146803434819168
28.9333333333333,0.190106709798177,-0.084,0.0145679842410967
28.9666666666667,0.190304629007975,-0.084,0.0136156476875111
29,0.190104166666667,-0.084,0.0145544453992515
29.0333333333333,0.190104166666667,-0.084,0.0144628164298816
29.0666666666667,0.190104166666667,-0.084,0.0143848559861426
29.1,0.190104166666667,-0.084,0.0143188828598705
29.1333333333333,0.190104166666667,-0.084,0.014263401906049
29.1666666666667,0.190104166666667,-0.084,0.0142170847980062
29.2,0.190104166666667,-0.084,0.014178752680995
29.2333333333333,0.190307871500651,-0.084,0.0132660253432672
29.2666666666667,0.190307871500651,-0.084,0.0133983059746542
29.3,0.190307871500651,-0.084,0.0135146311502629
29.3333333333333,0.190307871500651,-0.084,0.0136167425568372
29.3666666666667,0.190307871500651,-0.084,0.0137062035767434
29.4,0.190307871500651,-0.084,0.0137844167368704
29.4333333333333,0.190307871500651,-0.084,0.0138526395063662
29.4666666666667,0.190307871500651,-0.084,0.0139119985954444
29.5,0.190307871500651,-0.084,0.0139635028937398
29.5333333333333,0.190307871500651,-0.084,0.0140080551741742
29.5666666666667,0.19041264851888,-0.084,0.0135931417000522
29.6,0.190307871500651,-0.084,0.014160539198917
29.6333333333333,0.190307871500651,-0.084,0.0141778639515001
29.6666666666667,0.190307871500651,-0.084,0.0141922510578897
29.7,0.190307871500651,-0.084,0.0142040768591709
29.7333333333333,0.190307871500651,-0.084,0.0142136753308252
29.7666666666667,0.190307871500651,-0.084,0.0142213425000553
29.8,0.190307871500651,-0.084,0.0142273404256237
29.8333333333333,0.190307871500651,-0.084,0.014231900781946
29.8666666666667,0.190307871500651,-0.084,0.0142352280853194
29.9,0.190307871500651,-0.084,0.0142375025966331
29.9333333333333,0.190307871500651,-0.084,0.0142388829317154
29.9666666666667,0.190307871500651,-0.084,0.0142395084075602
30,0.190163040161133,-0.084,0.0148661183740645
30.0333333333333,0.190224329630534,-0.084,0.0144883217479709
30.0666666666667,0.190224329630534,-0.084,0.0144377372095263
30.1,0.190224329630534,-0.084,0.0143937238872969
30.1333333333333,0.190224329630534,-0.084,0.0143555291645918
30.1666666666667,0.190224329630534,-0.084,0.0143224801410395
30.2,0.190224329630534,-0.084,0.0142939756300376
30.2333333333333,0.190224329630534,-0.084,0.0142694789286673
30.2666666666667,0.190224329630534,-0.084,0.0142485112877146
30.3,0.190224329630534,-0.084,0.0142306460160549
30.3333333333333,0.190262985229492,-0.084,0.0140482585274553
30.3666666666667,0.19027156829834,-0.084,0.0140282827881375
30.4,0.19027156829834,-0.084,0.0140501549700175
30.4333333333333,0.19027156829834,-0.084,0.01406940692594
30.4666666666667,0.19027156829834,-0.084,0.0140863235151093
30.5,0.19027156829834,-0.084,0.0141011605137296
30.5333333333333,0.19027156829834,-0.084,0.0141141474555084
30.5666666666667,0.19027156829834,-0.084,0.014125490203764
30.6,0.19027156829834,-0.084,0.0141353732798549
30.6333333333333,0.19027156829834,-0.084,0.0141439619704158
30.6666666666667,0.19027156829834,-0.084,0.0141514042338541
30.7,0.19027156829834,-0.084,0.0141578324247146
30.7333333333333,0.19027156829834,-0.084,0.0141633648528226
30.7666666666667,0.19027156829834,-0.084,0.0141681071925896
30.8,0.190364583333333,-0.084,0.0137697213601625
30.8333333333333,0.190195846557617,-0.084,0.0145751903700202
30.8666666666667,0.190195846557617,-0.084,0.0145098250409725
30.9,0.190195846557617,-0.084,0.0144529775213196
30.9333333333333,0.190195846557617,-0.084,0.0144036707065073
30.9666666666667,0.190195846557617,-0.084,0.0143610310826236
31,0.190195846557617,-0.084,0.0143242783207904
31.0333333333333,0.190195846557617,-0.084,0.0142927158764167
31.0666666666667,0.190195846557617,-0.084,0.0142657224991489
31.1,0.190524482727051,-0.084,0.012820890120628
31.1333333333333,0.19030933380127,-0.084,0.0139866321958769
31.1666666666667,0.19030933380127,-0.084,0.0140239702236162
31.2,0.19030933380127,-0.084,0.0140561939930393
31.2333333333333,0.19030933380127,-0.084,0.0140839049875238
31.2666666666667,0.19030933380127,-0.084,0.0141076399711355
31.3,0.19030933380127,-0.084,0.0141278775533286
31.3333333333333,0.190323321024577,-0.084,0.0140845279655049
31.3666666666667,0.190323321024577,-0.084,0.0141098284664474
31.4,0.190323321024577,-0.084,0.0141313225064446
31.4333333333333,0.190323321024577,-0.084,0.0141494790241349
31.4666666666667,0.190323321024577,-0.084,0.0141647150647055
31.5,0.190323321024577,-0.084,0.0141774011441813
31.5333333333333,0.190323321024577,-0.084,0.0141878660849322
31.5666666666667,0.190323321024577,-0.084,0.0141964013727209
31.6,0.190323321024577,-0.084,0.014203265080955
31.6333333333333,0.190323321024577,-0.084,0.0142086854035639
31.6666666666667,0.190323321024577,-0.084,0.0142128638340741
31.7,0.190323321024577,-0.084,0.0142159780249464
31.7333333333333,0.190323321024577,-0.084,0.014218184358062
31.7666666666667,0.190323321024577,-0.084,0.014219620254346
31.8,0.190323321024577,-0.084,0.0142204062478874
31.8333333333333,0.190332921346029,-0.084,0.014179111762886
31.8666666666667,0.190262985229492,-0.084,0.0144889120719193
31.9,0.190262985229492,-0.084,0.0144406355306143
31.9333333333333,0.190262985229492,-0.084,0.0143984380250887
31.9666666666667,0.190262985229492,-0.084,0.0143616377284476
32,0.190262985229492,-0.084,0.0143296239483339
32.0333333333333,0.190262985229492,-0.084,0.0143018500672952
32.0666666666667,0.190262985229492,-0.084,0.0142778271584944
32.1,0.190104166666667,-0.084,0.0149442515878105
32.1333333333333,0.190428034464518,-0.084,0.0134023242056856
32.1666666666667,0.190428034464518,-0.084,0.0135313458682585
32.2,0.190428034464518,-0.084,0.0136435729528806
32.2333333333333,0.190428034464518,-0.084,0.0137409309340919
32.2666666666667,0.190428034464518,-0.084,0.0138251412207191
32.3,0.190428034464518,-0.084,0.0138977416495242
32.3333333333333,0.190428034464518,-0.084,0.013960105000118
32.3666666666667,0.190428034464518,-0.084,0.0140134557165317
32.4,0.190428034464518,-0.084,0.0140588850038885
32.4333333333333,0.190428034464518,-0.084,0.0140973644531667
32.4666666666667,0.190428034464518,-0.084,0.0141297583329944
32.5,0.190428034464518,-0.084,0.0141568346746322
32.5333333333333,0.190428034464518,-0.084,0.0141792752646607
32.5666666666667,0.190428034464518,-0.084,0.0141976846493094
32.6,0.190428034464518,-0.084,0.0142125982447359
32.6333333333333,0.190364583333333,-0.084,0.014499012900266
32.6666666666667,0.190364583333333,-0.084,0.0144591922095509
32.7,0.190364583333333,-0.084,0.0144237251896802
32.7333333333333,0.190364583333333,-0.084,0.0143921692474742
32.7666666666667,0.190364583333333,-0.084,0.0143641246846329
32.8,0.190364583333333,-0.084,0.0143392306799053
32.8333333333333,0.190364583333333,-0.084,0.0143171616380303
32.8666666666667,0.190364583333333,-0.084,0.014297623872638
32.9,0.190364583333333,-0.084,0.0142803525931887
32.9333333333333,0.190364583333333,-0.084,0.0142651091686612
32.9666666666667,0.190364583333333,-0.084,0.0142516786431155
33,0.190364583333333,-0.084,0.0142398674804456
33.0333333333333,0.190364583333333,-0.084,0.01422950151765
33.0666666666667,0.190364583333333,-0.084,0.0142204241077783
33.1,0.190364583333333,-0.084,0.0142124944353837
33.1333333333333,0.190364583333333,-0.084,0.0142055859888355
33.1666666666667,0.190404637654622,-0.084,0.0140262889280297
33.2,0.190404637654622,-0.084,0.0140520939928968
33.2333333333333,0.190404637654622,-0.084,0.0140744542471969
33.2666666666667,0.190404637654622,-0.084,0.014093772303228
33.3,0.190404637654622,-0.084,0.0141104074744165
33.3333333333333,0.190404637654622,-0.084,0.0141246801734866
33.3666666666667,0.190404637654622,-0.084,0.0141368758820968
33.4,0.190197308858236,-0.084,0.0150442631167658
33.4333333333333,0.190364583333333,-0.084,0.0141688581732323
33.4666666666667,0.190364583333333,-0.084,0.0141667663084505
33.5,0.190364583333333,-0.084,0.0141651077626009
33.5333333333333,0.190364583333333,-0.084,0.0141638244587442
33.5666666666667,0.190364583333333,-0.084,0.0141628649505707
33.6,0.190364583333333,-0.084,0.0141621837282635
33.6333333333333,0.190364583333333,-0.084,0.0141617405931152
33.6666666666667,0.190364583333333,-0.084,0.0141615000943437
33.7,0.190364583333333,-0.084,0.0141614310221685
33.7333333333333,0.190364583333333,-0.084,0.0141615059517521
33.7666666666667,0.190364583333333,-0.084,0.0141617008331139
33.8,0.190364583333333,-0.084,0.0141619946225851
33.8333333333333,0.190364583333333,-0.084,0.0141623689517815
33.8666666666667,0.190364583333333,-0.084,0.014162807830447
33.9,0.190364583333333,-0.084,0.0141632973798731
33.9333333333333,0.190639432271322,-0.084,0.012974683249946
33.9666666666667,0.190463320414225,-0.084,0.0139499133710006
34,0.190463320414225,-0.084,0.0139983678134132
34.0333333333333,0.190463320414225,-0.084,0.0140399063084
34.0666666666667,0.190463320414225,-0.084,0.014075360933461
34.1,0.190463320414225,-0.084,0.0141054729093627
34.1333333333333,0.190463320414225,-0.084,0.0141309019121656
34.1666666666667,0.190463320414225,-0.084,0.0141522344727433
34.2,0.190364583333333,-0.084,0.0145971805533056
34.2333333333333,0.190364583333333,-0.084,0.0145354064691475
34.2666666666667,0.190364583333333,-0.084,0.0144811812685707
34.3,0.190364583333333,-0.084,0.0144336731270825
34.3333333333333,0.190364583333333,-0.084,0.0143921359868986
34.3666666666667,0.190364583333333,-0.084,0.0143559011167746
34.4,0.190364583333333,-0.084,0.0143243694741177
34.4333333333333,0.190364583333333,-0.084,0.0142970047951386
34.4666666666667,0.190364583333333,-0.084,0.014273327345529
34.5,0.190364583333333,-0.084,0.0142529082702711
34.5333333333333,0.190364583333333,-0.084,0.0142353644867699
34.5666666666667,0.190364583333333,-0.084,0.0142203540705796
34.6,0.190364583333333,-0.084,0.0142075720876226
34.6333333333333,0.190364583333333,-0.084,0.0141967468310121
34.6666666666667,0.190364583333333,-0.084,0.0141876364244269
34.7,0.190364583333333,-0.084,0.014180025757479
34.7333333333333,0.190116882324219,-0.084,0.0152454097203038
34.7666666666667,0.190116882324219,-0.084,0.0150485376977
34.8,0.190116882324219,-0.084,0.0148783748375701
34.8333333333333,0.190116882324219,-0.084,0.0147317917062358
34.8666666666667,0.190116882324219,-0.084,0.0146059950020336
34.9,0.190116882324219,-0.084,0.0144984934912307
34.9333333333333,0.190116882324219,-0.084,0.0144070672545592
34.9666666666667,0.190116882324219,-0.084,0.0143297399326378
35,0.190298779805501,-0.084,0.013477768666124
35.0333333333333,0.190425745646159,-0.084,0.0130150201639503
35.0666666666667,0.190425745646159,-0.084,0.0131903641205214
35.1,0.190425745646159,-0.084,0.0133440008631915
35.1333333333333,0.190425745646159,-0.084,0.0134783427373031
35.1666666666667,0.190425745646159,-0.084,0.0135955518506858
35.2,0.190425745646159,-0.084,0.0136975648113778
35.2333333333333,0.190425745646159,-0.084,0.0137861151055294
35.2666666666667,0.190313784281413,-0.084,0.0143471576064474
35.3,0.190364583333333,-0.084,0.0141068332584547
35.3333333333333,0.190364583333333,-0.084,0.0141279462651768
35.3666666666667,0.190364583333333,-0.084,0.0141458725592137
35.4,0.190364583333333,-0.084,0.0141610024631359
35.4333333333333,0.190364583333333,-0.084,0.0141736833899967
35.4666666666667,0.190364583333333,-0.084,0.014184224252392
35.5,0.190364583333333,-0.084,0.0141928994391541
35.5333333333333,0.190364583333333,-0.084,0.0141999524006461
35.5666666666667,0.190364583333333,-0.084,0.0142055988798378
35.6,0.190364583333333,-0.084,0.0142100298229135
35.6333333333333,0.190364583333333,-0.084,0.0142134140000264
35.6666666666667,0.190364583333333,-0.084,0.0142159003639805
35.7,0.190364583333333,-0.084,0.0142176201720249
35.7333333333333,0.190364583333333,-0.084,0.0142186888936054
35.7666666666667,0.19025026957194,-0.084,0.0147137899128455
35.8,0.190364583333333,-0.084,0.0141307926123769
35.8333333333333,0.190364583333333,-0.084,0.0141423376666455
35.8666666666667,0.190364583333333,-0.084,0.0141521845959177
35.9,0.190364583333333,-0.084,0.014160540409062
35.9333333333333,0.190364583333333,-0.084,0.014167589347788
35.9666666666667,0.190364583333333,-0.084,0.0141734952305596
36,0.190364583333333,-0.084,0.014178403566128
36.0333333333333,0.190364583333333,-0.084,0.0141824434585597
36.0666666666667,0.190364583333333,-0.084,0.0141857293236137
36.1,0.190364583333333,-0.084,0.0141883624344837
36.1333333333333,0.190364583333333,-0.084,0.0141904323132457
36.1666666666667,0.190364583333333,-0.084,0.0141920179828349
36.2,0.190364583333333,-0.084,0.0141931890929869
36.2333333333333,0.190364583333333,-0.084,0.0141940069323262
36.2666666666667,0.190364583333333,-0.084,0.0141945253376439
36.3,0.190335655212402,-0.084,0.0143199499111264
36.3333333333333,0.190212122599284,-0.084,0.0148320837669274
36.3666666666667,0.190212122599284,-0.084,0.0147169704349562
36.4,0.190212122599284,-0.084,0.0146171947121212
36.4333333333333,0.190212122599284,-0.084,0.0145309770642639
36.4666666666667,0.190364583333333,-0.084,0.013797101880207
36.5,0.190284220377604,-0.084,0.0141990927162416
36.5333333333333,0.190284220377604,-0.084,0.0141846469576069
36.5666666666667,0.190315055847168,-0.084,0.0140393053875112
36.6,0.190524482727051,-0.084,0.0131473336412601
36.6333333333333,0.190524482727051,-0.084,0.0133222329430631
36.6666666666667,0.190524482727051,-0.084,0.0134741939670961
36.7,0.190524482727051,-0.084,0.013605855539472
36.7333333333333,0.190524482727051,-0.084,0.0137195763080066
36.7666666666667,0.190524482727051,-0.084,0.0138174629099931
36.8,0.190524482727051,-0.084,0.013901395418401
36.8333333333333,0.190524482727051,-0.084,0.013973050321626
36.8666666666667,0.190524482727051,-0.084,0.0140339212685524
36.9,0.190524482727051,-0.084,0.0140853377894409
36.9333333333333,0.190524482727051,-0.084,0.0141284821838136
36.9666666666667,0.190524482727051,-0.084,0.0141644047489023
37,0.190524482727051,-0.084,0.0141940375062184
37.0333333333333,0.190524482727051,-0.084,0.01421820656923
37.0666666666667,0.190524482727051,-0.084,0.0142376432818932
37.1,0.1904296875,-0.084,0.014663128697456
37.1333333333333,0.1904296875,-0.084,0.0146015977127817
37.1666666666667,0.1904296875,-0.084,0.014546898363362
37.2,0.1904296875,-0.084,0.0144983269132967
37.2333333333333,0.1904296875,-0.084,0.0144552486053896
37.2666666666667,0.1904296875,-0.084,0.0144170911370832
37.3,0.1904296875,-0.084,0.014383338736983
37.3333333333333,0.1904296875,-0.084,0.0143535267878433
37.3666666666667,0.190304120381673,-0.084,0.0148705069280208
37.4,0.190323321024577,-0.084,0.0146671074404756
37.4333333333333,0.190323321024577,-0.084,0.0145774859484453
37.4666666666667,0.190323321024577,-0.084,0.0144998927346641
37.5,0.190323321024577,-0.084,0.0144329301106057
37.5333333333333,0.190323321024577,-0.084,0.0143753495601593
37.5666666666667,0.190323321024577,-0.084,0.0143260366977233
37.6,0.190323321024577,-0.084,0.0142839976823276
37.6333333333333,0.190485127766927,-0.084,0.0135482851270909
37.6666666666667,0.190364583333333,-0.084,0.0141650043723952
37.7,0.190364583333333,-0.084,0.0141549859771634
37.7333333333333,0.190364583333333,-0.084,0.0141469162127521
37.7666666666667,0.190364583333333,-0.084,0.014140531872831
37.8,0.190364583333333,-0.084,0.0141356002770987
37.8333333333333,0.190364583333333,-0.084,0.0141319160253242
37.8666666666667,0.190364583333333,-0.084,0.0141292980774315
37.9,0.190364583333333,-0.084,0.014127587128178
37.9333333333333,0.190364583333333,-0.084,0.0141266432479249
37.9666666666667,0.190364583333333,-0.084,0.0141263437636648
38,0.190364583333333,-0.084,0.0141265813569065
38.0333333333333,0.190364583333333,-0.084,0.0141272623572184
38.0666666666667,0.190364583333333,-0.084,0.0141283052122345
38.1,0.190364583333333,-0.084,0.0141296391167503
38.1333333333333,0.190441195170085,-0.084,0.0137997393282163
38.1666666666667,0.19047679901123,-0.084,0.0137067327733095
38.2,0.19047679901123,-0.084,0.0137874993895451
38.2333333333333,0.19047679901123,-0.084,0.0138576332497986
38.2666666666667,0.19047679901123,-0.084,0.0139183595036595
38.3,0.19047679901123,-0.084,0.0139707731171617
38.3333333333333,0.19047679901123,-0.084,0.0140158519664342
38.3666666666667,0.19047679901123,-0.084,0.0140544686659307
38.4,0.190317980448405,-0.084,0.0147745346237302
38.4333333333333,0.190407752990723,-0.084,0.0142911543813849
38.4666666666667,0.190407752990723,-0.084,0.0142777745908872
38.5,0.190407752990723,-0.084,0.0142658174618797
38.5333333333333,0.190407752990723,-0.084,0.014255140565841
38.5666666666667,0.190407752990723,-0.084,0.0142456151516031
38.6,0.190407752990723,-0.084,0.0142371248717055
38.6333333333333,0.190407752990723,-0.084,0.0142295646245679
38.6666666666667,0.190422439575195,-0.084,0.0141592975448354
38.7,0.190421803792318,-0.084,0.0141674393412945
38.7333333333333,0.190323321024577,-0.084,0.0145975741913831
38.7666666666667,0.190323321024577,-0.084,0.0145247203634034
38.8,0.190323321024577,-0.084,0.0144615018520855
38.8333333333333,0.190323321024577,-0.084,0.0144068053831042
38.8666666666667,0.190323321024577,-0.084,0.0143596361970282
38.9,0.190323321024577,-0.084,0.0143191061133006
38.9333333333333,0.190364583333333,-0.084,0.0141059001069712
38.9666666666667,0.190364583333333,-0.084,0.0141082922426737
39,0.190364583333333,-0.084,0.014110911189333
39.0333333333333,0.190364583333333,-0.084,0.0141136963833516
39.0666666666667,0.190364583333333,-0.084,0.0141165960328293
39.1,0.190364583333333,-0.084,0.0141195660716268
39.1333333333333,0.190364583333333,-0.084,0.0141225692261905
39.1666666666667,0.190364583333333,-0.084,0.014125574183725
39.2,0.190364583333333,-0.084,0.0141285548514064
39.2333333333333,0.190364583333333,-0.084,0.0141314896973275
39.2666666666667,0.190364583333333,-0.084,0.0141343611647803
39.3,0.190364583333333,-0.084,0.0141371551522966
39.3333333333333,0.190364583333333,-0.084,0.0141398605526204
39.3666666666667,0.190364583333333,-0.084,0.0141424688444487
39.4,0.190364583333333,-0.084,0.0141449737314011
39.4333333333333,0.190364583333333,-0.084,0.0141473708232147
39.4666666666667,0.190364583333333,-0.084,0.014149657354675
39.5,0.190364583333333,-0.084,0.0141518319382338
39.5333333333333,0.190364583333333,-0.084,0.0141538943466765
39.5666666666667,0.190364583333333,-0.084,0.0141558453225723
39.6,0.190364583333333,-0.084,0.0141576864115653
39.6333333333333,0.190364583333333,-0.084,0.0141594198168765
39.6666666666667,0.190364583333333,-0.084,0.014161048272647
39.7,0.190364583333333,-0.084,0.0141625749340034
39.7333333333333,0.190317916870117,-0.084,0.0143659071636127
39.7666666666667,0.190317916870117,-0.084,0.0143311232586635
39.8,0.190317916870117,-0.084,0.0143010943566863
39.8333333333333,0.190317916870117,-0.084,0.0142752599636359
39.8666666666667,0.190317916870117,-0.084,0.0142531200692474
39.9,0.190317916870117,-0.084,0.0142342289950352
39.9333333333333,0.190317916870117,-0.084,0.0142181898419532
39.9666666666667,0.190317916870117,-0.084,0.0142046494811119
40,0.190364583333333,-0.084,0.0139913901544949
40.0333333333333,0.190364583333333,-0.084,0.0140180585933896
40.0666666666667,0.190364583333333,-0.084,0.0140415403722464
40.1,0.190364583333333,-0.084,0.0140621810147766
40.1333333333333,0.190364583333333,-0.084,0.0140802908511967
40.1666666666667,0.190364583333333,-0.084,0.0140961484485574
40.2,0.190364583333333,-0.084,0.0141100037175111
40.2333333333333,0.190364583333333,-0.084,0.0141220807252646
40.2666666666667,0.190364583333333,-0.084,0.0141325802417951
40.3,0.190304946899414,-0.084,0.0143997009009096
40.3333333333333,0.190304946899414,-0.084,0.0143614100405206
40.3666666666667,0.190304946899414,-0.084,0.0143282186308843
40.4,0.190304946899414,-0.084,0.0142995337987036
40.4333333333333,0.190304946899414,-0.084,0.0142748261060694
40.4666666666667,0.190304946899414,-0.084,0.0142536231354836
40.5,0.190304946899414,-0.084,0.0142355036975596
40.5333333333333,0.190304946899414,-0.084,0.0142200926028124
40.5666666666667,0.190304946899414,-0.084,0.0142070559443327
40.6,0.190304946899414,-0.084,0.0141960968430304
40.6333333333333,0.190304946899414,-0.084,0.0141869516115896
40.6666666666667,0.190304946899414,-0.084,0.0141793862973235
40.7,0.190304946899414,-0.084,0.0141731935678101
40.7333333333333,0.190304946899414,-0.084,0.0141681899065317
40.7666666666667,0.190424219767253,-0.084,0.013648175374881
40.8,0.190364583333333,-0.084,0.013995412686597
40.8333333333333,0.190364583333333,-0.084,0.0140268478354144
40.8666666666667,0.190364583333333,-0.084,0.0140541796634002
40.9,0.190364583333333,-0.084,0.0140778775550073
40.9333333333333,0.190364583333333,-0.084,0.0140983613089406
40.9666666666667,0.190364583333333,-0.084,0.0141160061019199
41,0.190364583333333,-0.084,0.0141311469745815
41.0333333333333,0.190364583333333,-0.084,0.0141440828841645
41.0666666666667,0.190349515279134,-0.084,0.0142202727623283
41.1,0.190364583333333,-0.084,0.0141527148600125
41.1333333333333,0.190364583333333,-0.084,0.0141620862071719
41.1666666666667,0.190364583333333,-0.084,0.0141699733765919
41.2,0.190364583333333,-0.084,0.0141765626878223
41.2333333333333,0.190364583333333,-0.084,0.0141820196538401
41.2666666666667,0.190364583333333,-0.084,0.0141864911427944
41.3,0.190364583333333,-0.084,0.014190107325992
41.3333333333333,0.190364583333333,-0.084,0.014192983432511
41.3666666666667,0.190364583333333,-0.084,0.0141952213289367
41.4,0.190364583333333,-0.084,0.0141969109409919
41.4333333333333,0.190364583333333,-0.084,0.0141981315322735
41.4666666666667,0.190364583333333,-0.084,0.0141989528538891
41.5,0.190364583333333,-0.084,0.0141994361774921
41.5333333333333,0.190364583333333,-0.084,0.0141996352230408
41.5666666666667,0.190364583333333,-0.084,0.0141995969915481
41.6,0.190364583333333,-0.084,0.0141993625121104
41.6333333333333,0.190364583333333,-0.084,0.0141989675116345
41.6666666666667,0.190364583333333,-0.084,0.0141984430148785
41.7,0.190364583333333,-0.084,0.0141978158816986
41.7333333333333,0.190364583333333,-0.084,0.0141971092877406
41.7666666666667,0.190364583333333,-0.084,0.0141963431542127
41.8,0.190364583333333,-0.084,0.0141955345318392
41.8333333333333,0.190554618835449,-0.084,0.0133725035262861
41.8666666666667,0.190390777587891,-0.084,0.0142275940548659
41.9,0.190390777587891,-0.084,0.0142272769524678
41.9333333333333,0.190390777587891,-0.084,0.014226542038951
41.9666666666667,0.190390777587891,-0.084,0.0142254672792948
42,0.190390777587891,-0.084,0.014224120299806
42.0333333333333,0.190390777587891,-0.084,0.014222559573509
42.0666666666667,0.190390777587891,-0.084,0.0142208354805039
42.1,0.190390777587891,-0.084,0.0142189912557706
42.1333333333333,0.190390777587891,-0.084,0.0142170638357086
42.1666666666667,0.190390777587891,-0.084,0.0142150846136059
42.2,0.190390777587891,-0.084,0.0142130801132565
42.2333333333333,0.190390777587891,-0.084,0.0142110725890392
42.2666666666667,0.190390777587891,-0.084,0.0142090805599766
42.3,0.190390777587891,-0.084,0.0142071192845464
42.3333333333333,0.190364583333333,-0.084,0.0143185314265704
42.3666666666667,0.190421803792318,-0.084,0.0140488272546122
42.4,0.190421803792318,-0.084,0.0140737559899155
42.4333333333333,0.190421803792318,-0.084,0.0140952131347435
42.4666666666667,0.190421803792318,-0.084,0.0141136123162028
42.5,0.190421803792318,-0.084,0.0141293222087507
42.5333333333333,0.190421803792318,-0.084,0.0141426711296695
42.5666666666667,0.190421803792318,-0.084,0.0141539511848907
42.6,0.190364583333333,-0.084,0.014410988075187
42.6333333333333,0.190364583333333,-0.084,0.0143745942322526
42.6666666666667,0.190364583333333,-0.084,0.0143427677392893
42.7,0.190364583333333,-0.084,0.0143149975587881
42.7333333333333,0.190364583333333,-0.084,0.0142908258724068
42.7666666666667,0.190364583333333,-0.084,0.0142698428068153
42.8,0.190364583333333,-0.084,0.014251681663505
42.8333333333333,0.190364583333333,-0.084,0.0142360146057403
42.8666666666667,0.190364583333333,-0.084,0.0142225487600774
42.9,0.190364583333333,-0.084,0.0142110226937604
42.9333333333333,0.190364583333333,-0.084,0.0142012032328261
42.9666666666667,0.190364583333333,-0.084,0.0141928825889658
43,0.190364583333333,-0.084,0.0141858757661164
43.0333333333333,0.190364583333333,-0.084,0.0141800182204154
43.0666666666667,0.190364583333333,-0.084,0.0141751637495772
43.1,0.190364583333333,-0.084,0.0141711825899537
43.1333333333333,0.190430450439453,-0.084,0.0138829836505809
43.1666666666667,0.190430450439453,-0.084,0.0139313952378599
43.2,0.190430450439453,-0.084,0.0139735337361272
43.2333333333333,0.190430450439453,-0.084,0.0140101163754364
43.2666666666667,0.190430450439453,-0.084,0.0140417845132157
43.3,0.190430450439453,-0.084,0.0140691112436724
43.3333333333333,0.190430450439453,-0.084,0.0140926082732287
43.3666666666667,0.190430450439453,-0.084,0.0141127321307081
43.4,0.190364583333333,-0.084,0.0144148658256658
43.4333333333333,0.190364583333333,-0.084,0.0143784416400242
43.4666666666667,0.190364583333333,-0.084,0.014346575623011
43.5,0.190364583333333,-0.084,0.014318757690115
43.5333333333333,0.190364583333333,-0.084,0.0142945309284818
43.5666666666667,0.190364583333333,-0.084,0.0142734863213008
43.6,0.190364583333333,-0.084,0.0142552579768817
43.6333333333333,0.190364583333333,-0.084,0.0142395188154744
43.6666666666667,0.190364583333333,-0.084,0.0142259766711629
43.7,0.190364583333333,-0.084,0.0142143707700468
43.7333333333333,0.190364583333333,-0.084,0.0142044685494679
43.7666666666667,0.190364583333333,-0.084,0.0141960627862602
43.8,0.190364583333333,-0.084,0.0141889690049404
43.8333333333333,0.190364583333333,-0.084,0.0141830231394175
43.8666666666667,0.190364583333333,-0.084,0.0141780794242442
43.9,0.190421803792318,-0.084,0.0139264424261854
43.9333333333333,0.190313784281413,-0.084,0.0144347652861106
43.9666666666667,0.190313784281413,-0.084,0.0143868513502537
44,0.190313784281413,-0.084,0.0143454711846066
44.0333333333333,0.190313784281413,-0.084,0.0143098569305263
44.0666666666667,0.190313784281413,-0.084,0.0142793233721345
44.1,0.190313784281413,-0.084,0.0142532595489286
44.1333333333333,0.190305391947428,-0.084,0.0142674308743465
44.1666666666667,0.190141805013021,-0.084,0.0149500021487087
44.2,0.190141805013021,-0.084,0.0148020826229872
44.2333333333333,0.190141805013021,-0.084,0.0146745470392014
44.2666666666667,0.190141805013021,-0.084,0.0145649864181662
44.3,0.190141805013021,-0.084,0.0144712519639554
44.3333333333333,0.190141805013021,-0.084,0.0143914285940904
44.3666666666667,0.190141805013021,-0.084,0.0143238110496982
44.4,0.190141805013021,-0.084,0.014266882342163
44.4333333333333,0.190141805013021,-0.084,0.0142192943152038
44.4666666666667,0.190141805013021,-0.084,0.0141798501216912
44.5,0.190141805013021,-0.084,0.0141474884330582
44.5333333333333,0.190141805013021,-0.084,0.0141212692160302
44.5666666666667,0.190141805013021,-0.084,0.0141003609267291
44.6,0.190141805013021,-0.084,0.0140840289861577
44.6333333333333,0.190141805013021,-0.084,0.0140716254137421
44.6666666666667,0.190141805013021,-0.084,0.0140625795071339
44.7,0.190259997049967,-0.084,0.0135450280009732
44.7333333333333,0.190151214599609,-0.084,0.0141033791300978
44.7666666666667,0.190151214599609,-0.084,0.0140966441012639
44.8,0.190151214599609,-0.084,0.0140920541728362
44.8333333333333,0.190151214599609,-0.084,0.0140892760600684
44.8666666666667,0.190151214599609,-0.084,0.0140880180401612
44.9,0.190237553914388,-0.084,0.0137144756367866
44.9333333333333,0.190119997660319,-0.084,0.0142909595583055
44.9666666666667,0.190119997660319,-0.084,0.0142597348797837
45,0.190119997660319,-0.084,0.0142334792782818
45.0333333333333,0.190119997660319,-0.084,0.0142115589423767
45.0666666666667,0.190119997660319,-0.084,0.0141934118969602
45.1,0.190119997660319,-0.084,0.0141785404460464
45.1333333333333,0.190119997660319,-0.084,0.0141665043705989
45.1666666666667,0.190119997660319,-0.084,0.0141569148087584
45.2,0.190119997660319,-0.084,0.0141494287526317
45.2333333333333,0.190237553914388,-0.084,0.0136351333700844
45.2666666666667,0.190364583333333,-0.084,0.0131723708727258
45.3,0.190364583333333,-0.084,0.0133466158363885
45.3333333333333,0.190364583333333,-0.084,0.0134979841943053
45.3666666666667,0.190364583333333,-0.084,0.0136291038121102
45.4,0.190364583333333,-0.084,0.0137423240710642
45.4333333333333,0.190364583333333,-0.084,0.0138397438141916
45.4666666666667,0.190364583333333,-0.084,0.0139232365967122
45.5,0.190364583333333,-0.084,0.0139944734930936
45.5333333333333,0.190364583333333,-0.084,0.0140549436899865
45.5666666666667,0.190364583333333,-0.084,0.0141059730733049
45.6,0.190364583333333,-0.084,0.0141487409986026
45.6333333333333,0.190364583333333,-0.084,0.0141842954165049
45.6666666666667,0.190364583333333,-0.084,0.0142135665091338
45.7,0.190364583333333,-0.084,0.0142373789790616
45.7333333333333,0.190364583333333,-0.084,0.0142564631192368
45.7666666666667,0.190172831217448,-0.084,0.0151010861797571
45.8,0.190304247538249,-0.084,0.0143955918186935
45.8333333333333,0.190304247538249,-0.084,0.0143772860820576
45.8666666666667,0.190304247538249,-0.084,0.0143603595767896
45.9,0.190304247538249,-0.084,0.014344719922079
45.9333333333333,0.190304247538249,-0.084,0.0143302799870652
45.9666666666667,0.190304247538249,-0.084,0.014316957685471
46,0.190304247538249,-0.084,0.0143046757669125
46.0333333333333,0.190364583333333,-0.084,0.0140323169424301
46.0666666666667,0.190364583333333,-0.084,0.0140685994218022
46.1,0.190364583333333,-0.084,0.0140994523794484
46.1333333333333,0.190364583333333,-0.084,0.0141255456769544
46.1666666666667,0.190364583333333,-0.084,0.0141474748582407
46.2,0.190364583333333,-0.084,0.0141657688514284
46.2333333333333,0.190364583333333,-0.084,0.0141808969097667
46.2666666666667,0.190364583333333,-0.084,0.0141932748641747
46.3,0.190364583333333,-0.084,0.0142032707532336
46.3333333333333,0.190364583333333,-0.084,0.0142112098903345
46.3666666666667,0.190364583333333,-0.084,0.0142173794221259
46.4,0.190364583333333,-0.084,0.0142220324273487
46.4333333333333,0.190364583333333,-0.084,0.0142253916005481
46.4666666666667,0.190364583333333,-0.084,0.0142276525609779
46.5,0.190364583333333,-0.084,0.0142289868232152
46.5333333333333,0.190364583333333,-0.084,0.0142295444625699
46.5666666666667,0.190364583333333,-0.084,0.014229456505229
46.6,0.190364583333333,-0.084,0.0142288370702473
46.6333333333333,0.190364583333333,-0.084,0.0142277852879176
46.6666666666667,0.190364583333333,-0.084,0.0142263870167078
46.7,0.190364583333333,-0.084,0.0142247163788371
46.7333333333333,0.190364583333333,-0.084,0.0142228371326377
46.7666666666667,0.190364583333333,-0.084,0.0142208038980938
46.8,0.190364583333333,-0.084,0.0142186632503844
46.8333333333333,0.190364583333333,-0.084,0.0142164546948059
46.8666666666667,0.190364583333333,-0.084,0.0142142115351557
46.9,0.190364583333333,-0.084,0.0142119616464874
46.9333333333333,0.190364583333333,-0.084,0.0142097281620714
46.9666666666667,0.190364583333333,-0.084,0.0142075300834341
47,0.190364583333333,-0.084,0.0142053828214762
47.0333333333333,0.190364583333333,-0.084,0.0142032986758759
47.0666666666667,0.190364583333333,-0.084,0.0142012872592703
47.1,0.190364583333333,-0.084,0.0141993558720587
47.1333333333333,0.190364583333333,-0.084,0.0141975098330884
47.1666666666667,0.190364583333333,-0.084,0.014195752770954
47.2,0.190364583333333,-0.084,0.0141940868801625
47.2333333333333,0.190364583333333,-0.084,0.0141925131459873
47.2666666666667,0.190364583333333,-0.084,0.0141910315414413
47.3,0.190364583333333,-0.084,0.0141896411994514
47.3333333333333,0.190364583333333,-0.084,0.0141883405629973
47.3666666666667,0.190364583333333,-0.084,0.0141871275156877
47.4,0.190364583333333,-0.084,0.0141859994950016
47.4333333333333,0.190364583333333,-0.084,0.0141849535901721
47.4666666666667,0.190364583333333,-0.084,0.0141839866264956
47.5,0.190364583333333,-0.084,0.0141830952376549
47.5333333333333,0.190364583333333,-0.084,0.0141822759274733
47.5666666666667,0.190364583333333,-0.084,0.0141815251223691
47.6,0.190364583333333,-0.084,0.014180839215639
47.6333333333333,0.190364583333333,-0.084,0.0141802146045775
47.6666666666667,0.190364583333333,-0.084,0.0141796477213272
47.7,0.190364583333333,-0.084,0.014179135058258
47.7333333333333,0.190364583333333,-0.084,0.014178673188583
47.7666666666667,0.190364583333333,-0.084,0.0141782587828369
47.8,0.190364583333333,-0.084,0.014177888621776
47.8333333333333,0.190364583333333,-0.084,0.0141775596061902
47.8666666666667,0.190364583333333,-0.084,0.0141772687640618
47.9,0.190364583333333,-0.084,0.0141770132554579
47.9333333333333,0.190364583333333,-0.084,0.0141767903754905
47.9666666666667,0.190337562561035,-0.084,0.0142935037541583
48,0.190104166666667,-0.084,0.0152822202274558
48.0333333333333,0.190104166666667,-0.084,0.0150833357702917
48.0666666666667,0.190104166666667,-0.084,0.0149111884367401
48.1,0.190415636698405,-0.084,0.0134150763937924
48.1333333333333,0.190231196085612,-0.084,0.0143264366788024
48.1666666666667,0.190231196085612,-0.084,0.0142830716009675
48.2,0.190231196085612,-0.084,0.0142464230972896
48.2333333333333,0.190231196085612,-0.084,0.0142156526597454
48.2666666666667,0.190231196085612,-0.084,0.0141900152904018
48.3,0.190231196085612,-0.084,0.0141688497858168
48.3333333333333,0.190231196085612,-0.084,0.0141515699826227
48.3666666666667,0.190364583333333,-0.084,0.0135605528620302
48.4,0.19035104115804,-0.084,0.0137113736331071
48.4333333333333,0.19035104115804,-0.084,0.0137817747184468
48.4666666666667,0.19035104115804,-0.084,0.0138434901132459
48.5,0.19035104115804,-0.084,0.0138974822295759
48.5333333333333,0.19035104115804,-0.084,0.0139446138869855
48.5666666666667,0.19035104115804,-0.084,0.0139856581384927
48.6,0.19035104115804,-0.084,0.0140213071607727
48.6333333333333,0.190185165405273,-0.084,0.0147698468174405
48.6666666666667,0.190364583333333,-0.084,0.0138918605928016
48.7,0.190364583333333,-0.084,0.0139424892991431
48.7333333333333,0.190364583333333,-0.084,0.0139864197035394
48.7666666666667,0.190364583333333,-0.084,0.014024424432777
48.8,0.190364583333333,-0.084,0.0140571940227338
48.8333333333333,0.190364583333333,-0.084,0.0140853451710303
48.8666666666667,0.190364583333333,-0.084,0.0141094281925758
48.9,0.190364583333333,-0.084,0.0141299337527034
48.9333333333333,0.190364583333333,-0.084,0.014147298945739
48.9666666666667,0.190364583333333,-0.084,0.0141619127806456
49,0.190364583333333,-0.084,0.0141741211297096
49.0333333333333,0.190364583333333,-0.084,0.0141842311910976
49.0666666666667,0.190364583333333,-0.084,0.0141925155114139
49.1,0.190364583333333,-0.084,0.0141992156101368
49.1333333333333,0.190364583333333,-0.084,0.0142045452439231
49.1666666666667,0.190364583333333,-0.084,0.014208693345255
49.2,0.190364583333333,-0.084,0.0142118266666883
49.2333333333333,0.190364583333333,-0.084,0.014214092159051
49.2666666666667,0.190364583333333,-0.084,0.0142156191092916
49.3,0.190364583333333,-0.084,0.0142165210612698
49.3333333333333,0.190364583333333,-0.084,0.0142168975405911
49.3666666666667,0.190364583333333,-0.084,0.0142168356026075
49.4,0.190364583333333,-0.084,0.0142164112208932
49.4333333333333,0.190364583333333,-0.084,0.0142156905318756
49.4666666666667,0.190364583333333,-0.084,0.0142147309498033
49.5,0.190364583333333,-0.084,0.014213582164895
49.5333333333333,0.190364583333333,-0.084,0.0142122870362765
49.5666666666667,0.190364583333333,-0.084,0.0142108823902134
49.6,0.190364583333333,-0.084,0.0142093997331259
49.6333333333333,0.190364583333333,-0.084,0.0142078658879704
49.6666666666667,0.190364583333333,-0.084,0.0142063035617373
49.7,0.190364583333333,-0.084,0.0142047318510625
49.7333333333333,0.190364583333333,-0.084,0.0142031666922736
49.7666666666667,0.190364583333333,-0.084,0.014201621261573
49.8,0.190364583333333,-0.084,0.0142001063305009
49.8333333333333,0.190364583333333,-0.084,0.0141986305813177
49.8666666666667,0.190364583333333,-0.084,0.0141972008864868
49.9,0.190364583333333,-0.084,0.0141958225560229
49.9333333333333,0.1902374903361,-0.084,0.0147443712992319
49.9666666666667,0.190348752339681,-0.084,0.0141633639329132
50,0.190348752339681,-0.084,0.0141631035305744
50.0333333333333,0.190348752339681,-0.084,0.0141630105562977
50.0666666666667,0.190348752339681,-0.084,0.0141630583657641
50.1,0.190348752339681,-0.084,0.0141632235898678
50.1333333333333,0.190348752339681,-0.084,0.0141634857770975
50.1666666666667,0.190348752339681,-0.084,0.0141638270723304
50.2,0.190364583333333,-0.084,0.0140957386498426
50.2333333333333,0.190364583333333,-0.084,0.0141084460194487
50.2666666666667,0.190364583333333,-0.084,0.014119547933461
50.3,0.190364583333333,-0.084,0.014129225822696
50.3333333333333,0.190364583333333,-0.084,0.0141376420444478
50.3666666666667,0.190364583333333,-0.084,0.0141449417884071
50.4,0.190364583333333,-0.084,0.01415125479917
50.4333333333333,0.190364583333333,-0.084,0.0141566969324764
50.4666666666667,0.190364583333333,-0.084,0.0141613715607622
50.5,0.190364583333333,-0.084,0.0141653708421744
50.5333333333333,0.190364583333333,-0.084,0.0141687768659076
50.5666666666667,0.190364583333333,-0.084,0.0141716626855346
50.6,0.190364583333333,-0.084,0.0141740932509311
50.6333333333333,0.190364583333333,-0.084,0.0141761262484192
50.6666666666667,0.190364583333333,-0.084,0.0141778128578575
50.7,0.190364583333333,-0.084,0.0141791984346081
50.7333333333333,0.190380160013835,-0.084,0.0141129301385367
50.7666666666667,0.190364583333333,-0.084,0.0141932780354087
50.8,0.190364583333333,-0.084,0.0141923658174602
50.8333333333333,0.190364583333333,-0.084,0.0141914755624117
50.8666666666667,0.190364583333333,-0.084,0.0141906114026092
50.9,0.190364583333333,-0.084,0.0141897765580675
50.9333333333333,0.190364583333333,-0.084,0.0141889734625055
50.9666666666667,0.190364583333333,-0.084,0.0141882038746957
51,0.190364583333333,-0.084,0.0141874689766856
51.0333333333333,0.190349006652832,-0.084,0.0142541624453229
51.0666666666667,0.190304946899414,-0.084,0.0144320688364675
51.1,0.190304946899414,-0.084,0.014386902184124
51.1333333333333,0.190304946899414,-0.084,0.0143477747899768
51.1666666666667,0.190304946899414,-0.084,0.0143139848267982
51.2,0.190304946899414,-0.084,0.0142849054493036
51.2333333333333,0.190304946899414,-0.084,0.0142599772240254
51.2666666666667,0.190364583333333,-0.084,0.0139806824358761
51.3,0.190364583333333,-0.084,0.0140087701605112
51.3333333333333,0.190364583333333,-0.084,0.0140334776515032
51.3666666666667,0.190364583333333,-0.084,0.0140551744960983
51.4,0.190364583333333,-0.084,0.0140741923457974
51.4333333333333,0.190364583333333,-0.084,0.0140908286389693
51.4666666666667,0.190364583333333,-0.084,0.0141053499702813
51.5,0.190364583333333,-0.084,0.0141179951395932
51.5333333333333,0.190364583333333,-0.084,0.0141289779099889
51.5666666666667,0.190364583333333,-0.084,0.0141384895019513
51.6,0.190364583333333,-0.084,0.014146700848216
51.6333333333333,0.190364583333333,-0.084,0.0141537646316187
51.6666666666667,0.190364583333333,-0.084,0.0141598171262134
51.7,0.190364583333333,-0.084,0.0141649798600881
51.7333333333333,0.190364583333333,-0.084,0.0141693611166191
51.7666666666667,0.190310351053874,-0.084,0.0144076949066253
51.8,0.190364583333333,-0.084,0.0141341808514772
51.8333333333333,0.190364583333333,-0.084,0.0141423857727249
51.8666666666667,0.190364583333333,-0.084,0.0141494790605735
51.9,0.190364583333333,-0.084,0.0141555908462431
51.9333333333333,0.190364583333333,-0.084,0.0141608372924032
51.9666666666667,0.190364583333333,-0.084,0.0141653220080949
52,0.190364583333333,-0.084,0.0141691373261891
52.0333333333333,0.190364583333333,-0.084,0.0141723654563242
52.0666666666667,0.190364583333333,-0.084,0.0141750795250697
52.1,0.190364583333333,-0.084,0.014177344513991
52.1333333333333,0.190364583333333,-0.084,0.0141792181052977
52.1666666666667,0.190364583333333,-0.084,0.0141807514438696
52.2,0.190364583333333,-0.084,0.0141819898236356
52.2333333333333,0.190364583333333,-0.084,0.0141829733055437
52.2666666666667,0.190364583333333,-0.084,0.0141837372736865
52.3,0.190311241149902,-0.084,0.0144150995250725
52.3333333333333,0.190311241149902,-0.084,0.0143742300010091
52.3666666666667,0.190311241149902,-0.084,0.0143387626872111
52.4,0.190311241149902,-0.084,0.014308073522447
52.4333333333333,0.190311241149902,-0.084,0.0142816048765058
52.4666666666667,0.190311241149902,-0.084,0.0142588588598068
52.5,0.190311241149902,-0.084,0.0142393912802572
52.5333333333333,0.190311241149902,-0.084,0.0142228061866285
52.5666666666667,0.190364583333333,-0.084,0.0139779643537435
52.6,0.190364583333333,-0.084,0.0140074095567978
52.6333333333333,0.190364583333333,-0.084,0.0140332530671006
52.6666666666667,0.190364583333333,-0.084,0.0140558924925409
52.7,0.190364583333333,-0.084,0.0140756843685287
52.7333333333333,0.190364583333333,-0.084,0.0140929482066932
52.7666666666667,0.190364583333333,-0.084,0.0141079701581654
52.8,0.190364583333333,-0.084,0.0141210063271495
52.8333333333333,0.190364583333333,-0.084,0.0141322857672622
52.8666666666667,0.190364583333333,-0.084,0.0141420131901596
52.9,0.190364583333333,-0.084,0.0141503714132904
52.9333333333333,0.190364583333333,-0.084,0.014157523571167
52.9666666666667,0.190364583333333,-0.084,0.014163615112316
53,0.190364583333333,-0.084,0.0141687756020435
53.0333333333333,0.190364583333333,-0.084,0.0141731203493049
53.0666666666667,0.190190124511719,-0.084,0.014931553306578
53.1,0.190311559041341,-0.084,0.0142741494693102
53.1333333333333,0.190311559041341,-0.084,0.0142536943488903
53.1666666666667,0.190311559041341,-0.084,0.0142361649378262
53.2,0.190311559041341,-0.084,0.0142212090582452
53.2333333333333,0.190311559041341,-0.084,0.0142085129900116
53.2666666666667,0.190311559041341,-0.084,0.0141977975294482
53.3,0.190311559041341,-0.084,0.0141888144342259
53.3333333333333,0.190334701538086,-0.084,0.014081216497222
53.3666666666667,0.190260060628255,-0.084,0.0144159089334023
53.4,0.190260060628255,-0.084,0.0143686364695217
53.4333333333333,0.190260060628255,-0.084,0.0143279808447221
53.4666666666667,0.190260060628255,-0.084,0.0142931535125534
53.5,0.190260060628255,-0.084,0.0142634515451579
53.5333333333333,0.190260060628255,-0.084,0.0142382488908665
53.5666666666667,0.190260060628255,-0.084,0.0142169884862067
53.6,0.190334701538086,-0.084,0.0138762389602131
53.6333333333333,0.19019095102946,-0.084,0.0145411425019441
53.6666666666667,0.19019095102946,-0.084,0.0144677156944949
53.7,0.19019095102946,-0.084,0.0144046396043357
53.7333333333333,0.19019095102946,-0.084,0.0143506758031539
53.7666666666667,0.19019095102946,-0.084,0.0143047206767331
53.8,0.19019095102946,-0.084,0.0142657916339823
53.8333333333333,0.19019095102946,-0.084,0.014233014665636
53.8666666666667,0.19019095102946,-0.084,0.0142056131248516
53.9,0.19019095102946,-0.084,0.014182897613724
53.9333333333333,0.19019095102946,-0.084,0.0141642568704526
53.9666666666667,0.19019095102946,-0.084,0.0141491495616483
54,0.19019095102946,-0.084,0.0141370968931406
54.0333333333333,0.19019095102946,-0.084,0.014127675960699
54.0666666666667,0.19019095102946,-0.084,0.0141205137694171
54.1,0.190317916870117,-0.084,0.013565960260852
54.1333333333333,0.190321159362793,-0.084,0.013646606757913
54.1666666666667,0.190321159362793,-0.084,0.013731995939999
54.2,0.190321159362793,-0.084,0.0138065667629299
54.2333333333333,0.190321159362793,-0.084,0.0138715359637433
54.2666666666667,0.190321159362793,-0.084,0.0139279931562687
54.3,0.190321159362793,-0.084,0.0139769134575284
54.3333333333333,0.190321159362793,-0.084,0.0140191689056754
54.3666666666667,0.190321159362793,-0.084,0.0140555387818874
54.4,0.190313529968262,-0.084,0.0141197277474074
54.4333333333333,0.190421803792318,-0.084,0.0136719842251111
54.4666666666667,0.190421803792318,-0.084,0.0137732664043951
54.5,0.190421803792318,-0.084,0.0138604832331936
54.5333333333333,0.190421803792318,-0.084,0.0139353006636376
54.5666666666667,0.190421803792318,-0.084,0.0139992046125452
54.6,0.190421803792318,-0.084,0.0140535192769467
54.6333333333333,0.190421803792318,-0.084,0.0140994236648741
54.6666666666667,0.190421803792318,-0.084,0.014137966509784
54.7,0.190421803792318,-0.084,0.0141700797214997
54.7333333333333,0.190421803792318,-0.084,0.0141965905124622
54.7666666666667,0.190421803792318,-0.084,0.0142182323252619
54.8,0.190421803792318,-0.084,0.0142356546757678
54.8333333333333,0.190421803792318,-0.084,0.0142494320155558
54.8666666666667,0.190252367655436,-0.084,0.0149931423407487
54.9,0.190186500549316,-0.084,0.0151549322238791
54.9333333333333,0.190186500549316,-0.084,0.0149960654724406
54.9666666666667,0.190186500549316,-0.084,0.0148576323451315
55,0.190186500549316,-0.084,0.0147373097078443
55.0333333333333,0.190186500549316,-0.084,0.0146330191192509
55.0666666666667,0.190186500549316,-0.084,0.0145429023734437
55.1,0.190186500549316,-0.084,0.0144652993951762
55.1333333333333,0.190186500549316,-0.084,0.0143987282679399
55.1666666666667,0.190364583333333,-0.084,0.0135713865786192
55.2,0.190364583333333,-0.084,0.0136608853593735
55.2333333333333,0.190364583333333,-0.084,0.013739375865102
55.2666666666667,0.190364583333333,-0.084,0.0138080793313108
55.3,0.190364583333333,-0.084,0.0138680903279451
55.3333333333333,0.190364583333333,-0.084,0.0139203892871226
55.3666666666667,0.190364583333333,-0.084,0.0139658538349791
55.4,0.190364583333333,-0.084,0.014005269038685
55.4333333333333,0.190530586242676,-0.084,0.0133211200006163
55.4666666666667,0.190364583333333,-0.084,0.0141971620779635
55.5,0.190364583333333,-0.084,0.0142051105409726
55.5333333333333,0.190364583333333,-0.084,0.0142114047853653
55.5666666666667,0.190364583333333,-0.084,0.0142162744627229
55.6,0.190364583333333,-0.084,0.0142199221519294
55.6333333333333,0.190463320414225,-0.084,0.0137953372672328
55.6666666666667,0.190104166666667,-0.084,0.0154273622620075
55.7,0.190189679463704,-0.084,0.0148465540441897
55.7333333333333,0.190294710795085,-0.084,0.0142750879723458
55.7666666666667,0.190294710795085,-0.084,0.0142548873194646
55.8,0.190294710795085,-0.084,0.0142375337777709
55.8333333333333,0.190294710795085,-0.084,0.0142226883562064
55.8666666666667,0.190294710795085,-0.084,0.0142100487773858
55.9,0.190294710795085,-0.084,0.0141993457390709
55.9333333333333,0.190294710795085,-0.084,0.0141903395400787
55.9666666666667,0.190542475382487,-0.084,0.0131108559642207
56,0.19037405649821,-0.084,0.0140250555078093
56.0333333333333,0.19037405649821,-0.084,0.0140556365393322
56.0666666666667,0.19037405649821,-0.084,0.0140819531616216
56.1,0.19037405649821,-0.084,0.0141045126044102
56.1333333333333,0.19037405649821,-0.084,0.0141237670877043
56.1666666666667,0.19037405649821,-0.084,0.0141401194343391
56.2,0.19037405649821,-0.084,0.0141539281343193
56.2333333333333,0.190364583333333,-0.084,0.0142064978505993
56.2666666666667,0.190259997049967,-0.084,0.0146613037555101
56.3,0.190259997049967,-0.084,0.0145819619664445
56.3333333333333,0.190259997049967,-0.084,0.0145128810009967
56.3666666666667,0.190259997049967,-0.084,0.0144528903679448
56.4,0.190259997049967,-0.084,0.0144009431465106
56.4333333333333,0.190364583333333,-0.084,0.0139036078578818
56.4666666666667,0.190364583333333,-0.084,0.0139459852130675
56.5,0.190364583333333,-0.084,0.0139830288699351
56.5333333333333,0.190364583333333,-0.084,0.014015338978757
56.5666666666667,0.190364583333333,-0.084,0.0140434528391995
56.6,0.190364583333333,-0.084,0.0140678511602541
56.6333333333333,0.190364583333333,-0.084,0.0140889637194022
56.6666666666667,0.190364583333333,-0.084,0.0141071744770403
56.7,0.190364583333333,-0.084,0.0141228261970892
56.7333333333333,0.190364583333333,-0.084,0.0141362246200569
56.7666666666667,0.190315373738607,-0.084,0.0143605490485905
56.8,0.190315373738607,-0.084,0.0143321425462644
56.8333333333333,0.190315373738607,-0.084,0.0143073234650915
56.8666666666667,0.190315373738607,-0.084,0.0142856883553881
56.9,0.190315373738607,-0.084,0.0142668759539631
56.9333333333333,0.190315373738607,-0.084,0.0142505629895903
56.9666666666667,0.190315373738607,-0.084,0.0142364603903589
57,0.190315373738607,-0.084,0.0142243098554837
57.0333333333333,0.190315373738607,-0.084,0.0142138807575519
57.0666666666667,0.190315373738607,-0.084,0.014204967344301
57.1,0.190315373738607,-0.084,0.0141973862118314
57.1333333333333,0.190315373738607,-0.084,0.0141909740237417
57.1666666666667,0.190315373738607,-0.084,0.0141855854530052
57.2,0.1902374903361,-0.084,0.0145180562506761
57.2333333333333,0.1902374903361,-0.084,0.014454063753243
57.2666666666667,0.1902374903361,-0.084,0.0143988364378873
57.3,0.1902374903361,-0.084,0.0143513420669333
57.3333333333333,0.1902374903361,-0.084,0.0143106596301385
57.3666666666667,0.1902374903361,-0.084,0.0142759680478992
57.4,0.1902374903361,-0.084,0.0142465359741421
57.4333333333333,0.1902374903361,-0.084,0.0142217125952263
57.4666666666667,0.1902374903361,-0.084,0.0142009193307116
57.5,0.1902374903361,-0.084,0.0141836423505257
57.5333333333333,0.190364583333333,-0.084,0.0136195540878195
57.5666666666667,0.19035104115804,-0.084,0.0137649488195783
57.6,0.19035104115804,-0.084,0.0138303741163414
57.6333333333333,0.19035104115804,-0.084,0.0138875292965468
57.6666666666667,0.19035104115804,-0.084,0.0139373445921383
57.7,0.19035104115804,-0.084,0.0139806529724058
57.7333333333333,0.19035104115804,-0.084,0.0140181998132571
57.7666666666667,0.19035104115804,-0.084,0.0140506516402189
57.8,0.19035104115804,-0.084,0.014078604031413
57.8333333333333,0.19035104115804,-0.084,0.0141025887588976
57.8666666666667,0.19035104115804,-0.084,0.0141230802396111
57.9,0.19035104115804,-0.084,0.0141405013606551
57.9333333333333,0.190364583333333,-0.084,0.0140966381017634
57.9666666666667,0.190433120727539,-0.084,0.0138229587016103
58,0.190433120727539,-0.084,0.0138953861926238
58.0333333333333,0.190433120727539,-0.084,0.0139576582674215
58.0666666666667,0.190364583333333,-0.084,0.0143075139571221
58.1,0.190364583333333,-0.084,0.014299928870889
58.1333333333333,0.190364583333333,-0.084,0.0142925543264934
58.1666666666667,0.190364583333333,-0.084,0.0142854161996488
58.2,0.190364583333333,-0.084,0.0142785342119359
58.2333333333333,0.190364583333333,-0.084,0.0142719227884636
58.2666666666667,0.190364583333333,-0.084,0.0142655918156063
58.3,0.190364583333333,-0.084,0.0142595473094128
58.3333333333333,0.190364583333333,-0.084,0.0142537920042282
58.3666666666667,0.190364583333333,-0.084,0.0142483258701065
58.4,0.190364583333333,-0.084,0.0142431465667299
58.4333333333333,0.190364583333333,-0.084,0.0142382498407696
58.4666666666667,0.190364583333333,-0.084,0.0142336298729105
58.5,0.190364583333333,-0.084,0.0142292795801327
58.5333333333333,0.190364583333333,-0.084,0.014225190878262
58.5666666666667,0.190364583333333,-0.084,0.0142213549092825
58.6,0.190364583333333,-0.084,0.0142177622374407
58.6333333333333,0.190364583333333,-0.084,0.0142144030177439
58.6666666666667,0.190364583333333,-0.084,0.0142112671400779
58.7,0.190364583333333,-0.084,0.0142083443518271
58.7333333333333,0.190364583333333,-0.084,0.0142056243615714
58.7666666666667,0.190364583333333,-0.084,0.0142030969261572
58.8,0.190364583333333,-0.084,0.0142007519231908
58.8333333333333,0.190364583333333,-0.084,0.0141985794107782
58.8666666666667,0.190364583333333,-0.084,0.0141965696761378
58.9,0.190364583333333,-0.084,0.0141947132745234
58.9333333333333,0.190364583333333,-0.084,0.0141930010597439
58.9666666666667,0.190364583333333,-0.084,0.0141914242074126
59,0.190364583333333,-0.084,0.0141899742319332
59.0333333333333,0.190364583333333,-0.084,0.01418864299811
59.0666666666667,0.190364583333333,-0.084,0.014187422728173
59.1,0.190364583333333,-0.084,0.0141863060049012
59.1333333333333,0.190364583333333,-0.084,0.0141852857714631
59.1666666666667,0.190364583333333,-0.084,0.014184355328503
59.2,0.190364583333333,-0.084,0.0141835083289419
59.2333333333333,0.190364583333333,-0.084,0.0141827387709086
59.2666666666667,0.190364583333333,-0.084,0.0141820409891518
59.3,0.190364583333333,-0.084,0.0141814096452479
59.3333333333333,0.190364583333333,-0.084,0.0141808397168737
59.3666666666667,0.19026927947998,-0.084,0.0145926615253718
59.4,0.190364583333333,-0.084,0.014106104794703
59.4333333333333,0.190364583333333,-0.084,0.0141155880066249
59.4666666666667,0.190463320414225,-0.084,0.0136967736146633
59.5,0.190289052327474,-0.084,0.0145345535031687
59.5333333333333,0.190289052327474,-0.084,0.0144723479934817
59.5666666666667,0.190289052327474,-0.084,0.0144183949824542
59.6,0.190289052327474,-0.084,0.0143717395184762
59.6333333333333,0.190289052327474,-0.084,0.0143315284004364
59.6666666666667,0.190289052327474,-0.084,0.0142969999242306
59.7,0.190289052327474,-0.084,0.0142674746216088
59.7333333333333,0.190289052327474,-0.084,0.0142423468982322
59.7666666666667,0.190289052327474,-0.084,0.014221077486327
59.8,0.190289052327474,-0.084,0.0142031866351066
59.8333333333333,0.190289052327474,-0.084,0.014188247969185
59.8666666666667,0.190289052327474,-0.084,0.0141758829516462
59.9,0.190421040852865,-0.084,0.0135947034987087
59.9333333333333,0.19021733601888,-0.084,0.014570005225335
59.9666666666667,0.19021733601888,-0.084,0.0144942860593215
60,0.19021733601888,-0.084,0.0144290555289142
60.0333333333333,0.19021733601888,-0.084,0.0143730702424732
60.0666666666667,0.19021733601888,-0.084,0.0143252213828843
60.1,0.19021733601888,-0.084,0.0142845209957709
60.1333333333333,0.19021733601888,-0.084,0.0142500896157171
60.1666666666667,0.190307362874349,-0.084,0.0138316411580092
60.2,0.190364583333333,-0.084,0.0136295991544461
60.2333333333333,0.190364583333333,-0.084,0.0137142363914162
60.2666666666667,0.190364583333333,-0.084,0.0137883015972009
60.3,0.190364583333333,-0.084,0.0138529753808973
60.3333333333333,0.190364583333333,-0.084,0.0139093155127513
60.3666666666667,0.190364583333333,-0.084,0.0139582690926788
60.4,0.190364583333333,-0.084,0.0140006835562631
60.4333333333333,0.190364583333333,-0.084,0.0140373166262316
60.4666666666667,0.190364583333333,-0.084,0.0140688453076068
60.5,0.190364583333333,-0.084,0.0140958740157828
60.5333333333333,0.190364583333333,-0.084,0.0141189419186405
60.5666666666667,0.190364583333333,-0.084,0.0141385295664048
60.6,0.190364583333333,-0.084,0.0141550648761968
60.6333333333333,0.190364583333333,-0.084,0.0141689285321026
60.6666666666667,0.190364583333333,-0.084,0.0141804588559738
60.7,0.190364583333333,-0.084,0.0141899561991098
60.7333333333333,0.190364583333333,-0.084,0.0141976869003302
60.7666666666667,0.190364583333333,-0.084,0.0142038868517426
60.8,0.190364583333333,-0.084,0.0142087647096854
60.8333333333333,0.190364583333333,-0.084,0.0142125047848367
60.8666666666667,0.190364583333333,-0.084,0.0142152696423289
60.9,0.190364583333333,-0.084,0.0142172024398163
60.9333333333333,0.190364583333333,-0.084,0.0142184290288402
60.9666666666667,0.190364583333333,-0.084,0.0142190598424592
61,0.190364583333333,-0.084,0.0142191915899435
61.0333333333333,0.190364583333333,-0.084,0.0142189087773895
61.0666666666667,0.190364583333333,-0.084,0.0142182850713134
61.1,0.190364583333333,-0.084,0.0142173845206767
61.1333333333333,0.190364583333333,-0.084,0.0142162626513254
61.1666666666667,0.190364583333333,-0.084,0.014214967445493
61.2,0.190364583333333,-0.084,0.0142135402178107
61.2333333333333,0.190364583333333,-0.084,0.0142120163981701
61.2666666666667,0.190364583333333,-0.084,0.0142104262307896
61.3,0.190364583333333,-0.084,0.0142087953979367
61.3333333333333,0.190364583333333,-0.084,0.0142071455759384
61.3666666666667,0.190364583333333,-0.084,0.0142054949303728
61.4,0.190364583333333,-0.084,0.0142038585566627
61.4333333333333,0.190364583333333,-0.084,0.0142022488716876
61.4666666666667,0.19038995107015,-0.084,0.0140909216715745
61.5,0.190364583333333,-0.084,0.014218781333776
61.5333333333333,0.190364583333333,-0.084,0.0142146703112412
61.5666666666667,0.190364583333333,-0.084,0.0142109221107663
61.6,0.190364583333333,-0.084,0.0142075073991062
61.6333333333333,0.190364583333333,-0.084,0.0142043990574144
61.6666666666667,0.190364583333333,-0.084,0.0142015720247351
61.7,0.190364583333333,-0.084,0.0141990031517336
61.7333333333333,0.190364583333333,-0.084,0.0141966710640628
61.7666666666667,0.190364583333333,-0.084,0.0141945560348001
61.8,0.190364583333333,-0.084,0.0141926398654106
61.8333333333333,0.190364583333333,-0.084,0.0141909057747223
61.8666666666667,0.190364583333333,-0.084,0.0141893382954211
61.9,0.190364583333333,-0.084,0.014187923177605
61.9333333333333,0.190364583333333,-0.084,0.0141866472989538
61.9666666666667,0.190364583333333,-0.084,0.0141854985811019
62,0.190364583333333,-0.084,0.014184465911817
62.0333333333333,0.190364583333333,-0.084,0.014183539072615
62.0666666666667,0.190364583333333,-0.084,0.0141827086714605
62.1,0.190364583333333,-0.084,0.0141819660802205
62.1333333333333,0.190364583333333,-0.084,0.0141813033765626
62.1666666666667,0.190364583333333,-0.084,0.0141807132900008
62.2,0.190364583333333,-0.084,0.0141801891518171
62.2333333333333,0.190311241149902,-0.084,0.0144105114381336
62.2666666666667,0.19037405649821,-0.084,0.0140970444810972
62.3,0.19037405649821,-0.084,0.0141095541820344
62.3333333333333,0.19037405649821,-0.084,0.0141204793722935
62.3666666666667,0.19037405649821,-0.084,0.0141299994172427
62.4,0.19037405649821,-0.084,0.0141382748033453
62.4333333333333,0.19037405649821,-0.084,0.0141454490263132
62.4666666666667,0.19037405649821,-0.084,0.0141516502974327
62.5,0.19037405649821,-0.084,0.0141569930850662
62.5333333333333,0.190240414937337,-0.084,0.0147397838109692
62.5666666666667,0.190364583333333,-0.084,0.0141030541936872
62.6,0.190364583333333,-0.084,0.0141129361104137
62.6333333333333,0.190364583333333,-0.084,0.0141216729293734
62.6666666666667,0.190364583333333,-0.084,0.014129387203856
62.7,0.190364583333333,-0.084,0.0141361890763951
62.7333333333333,0.190364583333333,-0.084,0.014142177485513
62.7666666666667,0.190364583333333,-0.084,0.0141474412587265
62.8,0.190364583333333,-0.084,0.0141520601022752
62.8333333333333,0.190364583333333,-0.084,0.0141561054970857
62.8666666666667,0.190364583333333,-0.084,0.0141596415096341
62.9,0.190364583333333,-0.084,0.0141627255255731
62.9333333333333,0.190364583333333,-0.084,0.0141654089132946
62.9666666666667,0.190364583333333,-0.084,0.0141677376239298
63,0.190364583333333,-0.084,0.014169752733712
63.0333333333333,0.19030933380127,-0.084,0.0144105297258646
63.0666666666667,0.190364583333333,-0.084,0.0141302244153896
63.1,0.190364583333333,-0.084,0.0141372404337989
63.1333333333333,0.190364583333333,-0.084,0.0141433991933653
63.1666666666667,0.190364583333333,-0.084,0.0141487953987839
63.2,0.190364583333333,-0.084,0.0141535139605436
63.2333333333333,0.190364583333333,-0.084,0.0141576309615465
63.2666666666667,0.190364583333333,-0.084,0.0141612145316053
63.3,0.190364583333333,-0.084,0.0141643256383622
63.3333333333333,0.190364583333333,-0.084,0.0141670188024007
63.3666666666667,0.190364583333333,-0.084,0.0141693427436108
63.4,0.190364583333333,-0.084,0.0141713409652285
63.4333333333333,0.190364583333333,-0.084,0.014173052281381
63.4666666666667,0.190364583333333,-0.084,0.0141745112934393
63.5,0.190364583333333,-0.084,0.0141757488199935
63.5333333333333,0.190364583333333,-0.084,0.0141767922848227
63.5666666666667,0.190364583333333,-0.084,0.0141776660668306
63.6,0.190364583333333,-0.084,0.0141783918155499
63.6333333333333,0.190364583333333,-0.084,0.0141789887354941
63.6666666666667,0.190364583333333,-0.084,0.014179473842316
63.7,0.190364583333333,-0.084,0.014179862193477
63.7333333333333,0.190364583333333,-0.084,0.0141801670958622
63.7666666666667,0.190364583333333,-0.084,0.014180400292566
63.8,0.19030933380127,-0.084,0.0144196109226342
63.8333333333333,0.190282185872396,-0.084,0.0144944262911907
63.8666666666667,0.190282185872396,-0.084,0.0144364667526783
63.9,0.190282185872396,-0.084,0.0143863575083884
63.9333333333333,0.190282185872396,-0.084,0.0143431794907276
63.9666666666667,0.190282185872396,-0.084,0.0143061123038984
64,0.190282185872396,-0.084,0.0142744242273063
64.0333333333333,0.190282185872396,-0.084,0.0142474631903171
64.0666666666667,0.190308125813802,-0.084,0.0141124186763387
64.1,0.19030081431071,-0.084,0.0141449439224644
64.1333333333333,0.19030081431071,-0.084,0.014140654628574
64.1666666666667,0.19030081431071,-0.084,0.0141375086607419
64.2,0.19030081431071,-0.084,0.0141353366199672
64.2333333333333,0.19030081431071,-0.084,0.0141339897067223
64.2666666666667,0.19030081431071,-0.084,0.0141333374646517
64.3,0.19030081431071,-0.084,0.0141332657556143
64.3333333333333,0.190364583333333,-0.084,0.013857776314926
64.3666666666667,0.190364583333333,-0.084,0.0139079338843053
64.4,0.190364583333333,-0.084,0.0139517886741827
64.4333333333333,0.190364583333333,-0.084,0.0139900468359651
64.4666666666667,0.190364583333333,-0.084,0.0140233408975489
64.5,0.190364583333333,-0.084,0.0140522370667445
64.5333333333333,0.190364583333333,-0.084,0.0140772418362557
64.5666666666667,0.190364583333333,-0.084,0.0140988079551543
64.6,0.190364583333333,-0.084,0.0141173398258854
64.6333333333333,0.190364583333333,-0.084,0.01413319838046
64.6666666666667,0.190364583333333,-0.084,0.0141467054845986
64.7,0.190364583333333,-0.084,0.0141581479141277
64.7333333333333,0.190364583333333,-0.084,0.0141677809438734
64.7666666666667,0.190364583333333,-0.084,0.0141758315856084
64.8,0.190364583333333,-0.084,0.0141825015082346
64.8333333333333,0.190364583333333,-0.084,0.0141879696703411
64.8666666666667,0.19030933380127,-0.084,0.0144314334842682
64.9,0.19030933380127,-0.084,0.0143921952267634
64.9333333333333,0.19030933380127,-0.084,0.0143579153216224
64.9666666666667,0.19030933380127,-0.084,0.0143280350331439
65,0.19030933380127,-0.084,0.0143020541715609
65.0333333333333,0.19030933380127,-0.084,0.0142795252608452
65.0666666666667,0.19030933380127,-0.084,0.0142600482662313
65.1,0.19030933380127,-0.084,0.0142432658292603
65.1333333333333,0.19024772644043,-0.084,0.0144954050955203
65.1666666666667,0.19024772644043,-0.084,0.0144354080745633
65.2,0.19024772644043,-0.084,0.0143836456978841
65.2333333333333,0.19024772644043,-0.084,0.0143391470012232
65.2666666666667,0.19024772644043,-0.084,0.0143010457344254
65.3,0.19024772644043,-0.084,0.0142685697195345
65.3333333333333,0.19024772644043,-0.084,0.0142410312453204
65.3666666666667,0.19024772644043,-0.084,0.014217818400487
65.4,0.190364583333333,-0.084,0.0136928023324034
65.4333333333333,0.190364583333333,-0.084,0.0137671116779284
65.4666666666667,0.190364583333333,-0.084,0.0138321572852651
65.5,0.190364583333333,-0.084,0.0138889731802334
65.5333333333333,0.190364583333333,-0.084,0.0139384857985788
65.5666666666667,0.190364583333333,-0.084,0.0139815246460708
65.6,0.190364583333333,-0.084,0.0140188319399231
65.6333333333333,0.190364583333333,-0.084,0.0140510713262002
65.6666666666667,0.190364583333333,-0.084,0.0140788357592772
65.7,0.190364583333333,-0.084,0.0141026546215734
65.7333333333333,0.190364583333333,-0.084,0.0141230001546543
65.7666666666667,0.190364583333333,-0.084,0.0141402932662924
65.8,0.190364583333333,-0.084,0.0141549087721682
65.8333333333333,0.190364583333333,-0.084,0.0141671801255051
65.8666666666667,0.190364583333333,-0.084,0.0141774036830344
65.9,0.190364583333333,-0.084,0.0141858425512312
65.9333333333333,0.190364583333333,-0.084,0.0141927300527004
65.9666666666667,0.190364583333333,-0.084,0.0141982728489097
66,0.190364583333333,-0.084,0.0142026537521075
66.0333333333333,0.190364583333333,-0.084,0.014206034256212
66.0666666666667,0.190364583333333,-0.084,0.0142085568136895
66.1,0.190364583333333,-0.084,0.0142103468829106
66.1333333333333,0.190364583333333,-0.084,0.0142115147681908
66.1666666666667,0.190334701538086,-0.084,0.0143414417745173
66.2,0.190364583333333,-0.084,0.0141892320672161
66.2333333333333,0.190364583333333,-0.084,0.0141921703093642
66.2666666666667,0.190364583333333,-0.084,0.014194445195821
66.3,0.190364583333333,-0.084,0.014196151601874
66.3333333333333,0.190364583333333,-0.084,0.0141973730272943
66.3666666666667,0.190485127766927,-0.084,0.0136766436513296
66.4,0.190315373738607,-0.084,0.0145048479369891
66.4333333333333,0.190315373738607,-0.084,0.0144544166047321
66.4666666666667,0.190315373738607,-0.084,0.0144103113972922
66.5,0.190315373738607,-0.084,0.0143718238004826
66.5333333333333,0.190315373738607,-0.084,0.0143383191762334
66.5666666666667,0.190315373738607,-0.084,0.0143092294323964
66.6,0.190315373738607,-0.084,0.014284046393746
66.6333333333333,0.190315373738607,-0.084,0.0142623158089705
66.6666666666667,0.190315373738607,-0.084,0.0142436319343608
66.7,0.190364583333333,-0.084,0.0140147258223205
66.7333333333333,0.190364583333333,-0.084,0.0140391741031722
66.7666666666667,0.190364583333333,-0.084,0.0140605865349561
66.8,0.190364583333333,-0.084,0.0140793022586702
66.8333333333333,0.190364583333333,-0.084,0.014095625054858
66.8666666666667,0.190364583333333,-0.084,0.0141098268552001
66.9,0.190364583333333,-0.084,0.0141221509177989
66.9333333333333,0.190364583333333,-0.084,0.0141328146974699
66.9666666666667,0.190364583333333,-0.084,0.0141420124395068
67,0.190364583333333,-0.084,0.0141499175227871
67.0333333333333,0.190364583333333,-0.084,0.0141566845757245
67.0666666666667,0.190364583333333,-0.084,0.0141624513864189
67.1,0.190364583333333,-0.084,0.0141673406263966
67.1333333333333,0.190301831563314,-0.084,0.014442958859517
67.1666666666667,0.190334701538086,-0.084,0.0142556282351596
67.2,0.190334701538086,-0.084,0.0142418808723488
67.2333333333333,0.190364583333333,-0.084,0.0141006835945217
67.2666666666667,0.190364583333333,-0.084,0.0141135198665028
67.3,0.190364583333333,-0.084,0.0141246852568365
67.3333333333333,0.190364583333333,-0.084,0.0141343716300421
67.3666666666667,0.190364583333333,-0.084,0.0141427504811249
67.4,0.190364583333333,-0.084,0.0141499749844894
67.4333333333333,0.190364583333333,-0.084,0.0141561818447377
67.4666666666667,0.190364583333333,-0.084,0.0141614929679529
67.5,0.190364583333333,-0.084,0.014166016970337
67.5333333333333,0.190364583333333,-0.084,0.014169850539543
67.5666666666667,0.190364583333333,-0.084,0.0141730796626236
67.6,0.190364583333333,-0.084,0.0141757807332316
67.6333333333333,0.190364583333333,-0.084,0.0141780215495527
67.6666666666667,0.190364583333333,-0.084,0.0141798622133746
67.7,0.190364583333333,-0.084,0.0141813559397445
67.7333333333333,0.190364583333333,-0.084,0.0141825497857792
67.7666666666667,0.190364583333333,-0.084,0.0141834853064012
67.8,0.190364583333333,-0.084,0.0141841991440427
67.8333333333333,0.190364583333333,-0.084,0.0141847235587074
67.8666666666667,0.190364583333333,-0.084,0.0141850869041724
67.9,0.190364583333333,-0.084,0.0141853140555766
67.9333333333333,0.190364583333333,-0.084,0.0141854267931416
67.9666666666667,0.190364583333333,-0.084,0.0141854441463289
68,0.190364583333333,-0.084,0.0141853827023194
68.0333333333333,0.190364583333333,-0.084,0.014185256882344
68.0666666666667,0.190364583333333,-0.084,0.0141850791890497
68.1,0.190364583333333,-0.084,0.0141848604277823
68.1333333333333,0.190364583333333,-0.084,0.0141846099043944
68.1666666666667,0.190364583333333,-0.084,0.0141843356019334
68.2,0.190364583333333,-0.084,0.0141840443383382
68.2333333333333,0.190364583333333,-0.084,0.0141837419070658
68.2666666666667,0.190364583333333,-0.084,0.0141834332023879
68.3,0.190364583333333,-0.084,0.0141831223309202
68.3333333333333,0.190364583333333,-0.084,0.0141828127108003
68.3666666666667,0.190364583333333,-0.084,0.0141825071597908
68.4,0.190364583333333,-0.084,0.0141822079734557
68.4333333333333,0.190364583333333,-0.084,0.0141819169944459
68.4666666666667,0.190364583333333,-0.084,0.0141816356738299
68.5,0.190364583333333,-0.084,0.0141813651253077
68.5333333333333,0.19037405649821,-0.084,0.0141401202352334
68.5666666666667,0.190364583333333,-0.084,0.0141881911814019
68.6,0.190364583333333,-0.084,0.014186973279531
68.6333333333333,0.190364583333333,-0.084,0.0141858826995175
68.6666666666667,0.190364583333333,-0.084,0.014184907215859
68.7,0.190364583333333,-0.084,0.0141840357190442
68.7333333333333,0.190364583333333,-0.084,0.0141832581170462
68.7666666666667,0.190364583333333,-0.084,0.0141825652453049
68.8,0.190364583333333,-0.084,0.0141819487844794
68.8333333333333,0.190364583333333,-0.084,0.014181401185314
68.8666666666667,0.190364583333333,-0.084,0.014180915600011
68.9,0.190364583333333,-0.084,0.0141804858195612
68.9333333333333,0.190364583333333,-0.084,0.0141801062165209
68.9666666666667,0.190364583333333,-0.084,0.0141797716927749
69,0.190364583333333,-0.084,0.014179477631857
69.0333333333333,0.190364583333333,-0.084,0.0141792198554419
69.0666666666667,0.190364583333333,-0.084,0.0141789945836465
69.1,0.190364583333333,-0.084,0.0141787983988212
69.1333333333333,0.190364583333333,-0.084,0.0141786282125236
69.1666666666667,0.190364583333333,-0.084,0.014178481235408
69.2,0.190364583333333,-0.084,0.0141783549497733
69.2333333333333,0.190364583333333,-0.084,0.0141782470845456
69.2666666666667,0.190364583333333,-0.084,0.0141781555924828
69.3,0.190364583333333,-0.084,0.0141780786294051
69.3333333333333,0.190364583333333,-0.084,0.0141780145352847
69.3666666666667,0.190364583333333,-0.084,0.014177961817022
69.4,0.190364583333333,-0.084,0.014177919132772
69.4333333333333,0.190421295166016,-0.084,0.0139325197975015
69.4666666666667,0.190368588765462,-0.084,0.0142044218576136
69.5,0.190368588765462,-0.084,0.0142016137764889
69.5333333333333,0.190368588765462,-0.084,0.0141990817174487
69.5666666666667,0.190368588765462,-0.084,0.0141967999292822
69.6,0.190368588765462,-0.084,0.0141947449813452
69.6333333333333,0.190368588765462,-0.084,0.0141928955595555
69.6666666666667,0.190368588765462,-0.084,0.0141912322799921
69.7,0.190368588765462,-0.084,0.0141897375186012
69.7333333333333,0.190368588765462,-0.084,0.0141883952556375
69.7666666666667,0.190368588765462,-0.084,0.014187190933586
69.8,0.190368588765462,-0.084,0.0141861113274105
69.8333333333333,0.190364583333333,-0.084,0.0142024740508025
69.8666666666667,0.190364583333333,-0.084,0.0141985089316212
69.9,0.190364583333333,-0.084,0.0141950516250171
69.9333333333333,0.190364583333333,-0.084,0.0141920446977858
69.9666666666667,0.190364583333333,-0.084,0.0141894367375379
70,0.190364583333333,-0.084,0.0141871817533447
70.0333333333333,0.190364583333333,-0.084,0.0141852386338417
70.0666666666667,0.190364583333333,-0.084,0.0141835706574312
70.1,0.190418815612793,-0.084,0.0139475074324748
70.1333333333333,0.190308125813802,-0.084,0.0144671710233514
70.1666666666667,0.190308125813802,-0.084,0.014416818871141
70.2,0.190308125813802,-0.084,0.0143731490316428
70.2333333333333,0.190308125813802,-0.084,0.0143353877303562
70.2666666666667,0.190308125813802,-0.084,0.0143028436922953
70.3,0.190308125813802,-0.084,0.0142748998237208
70.3333333333333,0.190308125813802,-0.084,0.0142510056993132
70.3666666666667,0.190360450744629,-0.084,0.0140042853641499
70.4,0.190308125813802,-0.084,0.0142539553410054
70.4333333333333,0.190308125813802,-0.084,0.0142340434905033
70.4666666666667,0.190308125813802,-0.084,0.0142171532089266
70.5,0.190308125813802,-0.084,0.0142029102403782
70.5333333333333,0.190308125813802,-0.084,0.0141909819008745
70.5666666666667,0.190308125813802,-0.084,0.0141810727689875
70.6,0.190308125813802,-0.084,0.0141729208022022
70.6333333333333,0.190378125508626,-0.084,0.013863438015892
70.6666666666667,0.19037405649821,-0.084,0.0139299118177773
70.7,0.19037405649821,-0.084,0.0139695011916385
70.7333333333333,0.19037405649821,-0.084,0.0140040691382249
70.7666666666667,0.19037405649821,-0.084,0.0140341814203431
70.8,0.19037405649821,-0.084,0.0140603445894138
70.8333333333333,0.19037405649821,-0.084,0.0140830118754649
70.8666666666667,0.19037405649821,-0.084,0.0141025885126662
70.9,0.19037405649821,-0.084,0.0141194365529691
70.9333333333333,0.19037405649821,-0.084,0.0141338792156417
70.9666666666667,0.190259997049967,-0.084,0.0146396865105525
71,0.190334701538086,-0.084,0.0142386640641806
71.0333333333333,0.190334701538086,-0.084,0.0142288829223948
71.0666666666667,0.190334701538086,-0.084,0.0142203807821659
71.1,0.190334701538086,-0.084,0.0142130101433792
71.1333333333333,0.190334701538086,-0.084,0.0142066392214963
71.1666666666667,0.190334701538086,-0.084,0.0142011503621625
71.2,0.190334701538086,-0.084,0.0141964386094719
71.2333333333333,0.190334701538086,-0.084,0.0141924104134438
71.2666666666667,0.190334701538086,-0.084,0.014188982463595
71.3,0.190334701538086,-0.084,0.0141860806366956
71.3333333333333,0.190334701538086,-0.084,0.0141836390478931
71.3666666666667,0.190334701538086,-0.084,0.0141815991953882
71.4,0.190334701538086,-0.084,0.014179909189755
71.4333333333333,0.190364583333333,-0.084,0.0140492385579332
71.4666666666667,0.190364583333333,-0.084,0.0140712427406563
71.5,0.190364583333333,-0.084,0.0140903713464571
71.5333333333333,0.190364583333333,-0.084,0.014106954122098
71.5666666666667,0.190364583333333,-0.084,0.0141212858953674
71.6,0.190364583333333,-0.084,0.014133630078158
71.6333333333333,0.190364583333333,-0.084,0.0141442218316725
71.6666666666667,0.190364583333333,-0.084,0.0141532709253822
71.7,0.190364583333333,-0.084,0.0141609643184719
71.7333333333333,0.190311241149902,-0.084,0.0143982550794123
71.7666666666667,0.190436553955078,-0.084,0.0138202640822412
71.8,0.190436553955078,-0.084,0.013886058411657
71.8333333333333,0.190436553955078,-0.084,0.0139429416330447
71.8666666666667,0.190436553955078,-0.084,0.0139919570269315
71.9,0.190436553955078,-0.084,0.0140340358631397
71.9333333333333,0.190174039204915,-0.084,0.015205786851849
71.9666666666667,0.190275446573893,-0.084,0.0145944777284114
72,0.190275446573893,-0.084,0.0145229471969034
72.0333333333333,0.190275446573893,-0.084,0.0144608494462912
72.0666666666667,0.190275446573893,-0.084,0.014407096404045
72.1,0.190275446573893,-0.084,0.014360715704874
72.1333333333333,0.190275446573893,-0.084,0.0143208390463528
72.1666666666667,0.190275446573893,-0.084,0.0142866916704152
72.2,0.190275446573893,-0.084,0.0142575828651157
72.2333333333333,0.190275446573893,-0.084,0.014232897390745
72.2666666666667,0.190275446573893,-0.084,0.0142120877431705
72.3,0.190275446573893,-0.084,0.0141946671752916
72.3333333333333,0.190275446573893,-0.084,0.0141802034047804
72.3666666666667,0.190275446573893,-0.084,0.0141683129429118
72.4,0.190275446573893,-0.084,0.0141586559853153
72.4333333333333,0.190275446573893,-0.084,0.0141509318109647
72.4666666666667,0.190349006652832,-0.084,0.013826614707342
72.5,0.190349006652832,-0.084,0.0138789220454633
72.5333333333333,0.190349006652832,-0.084,0.0139248168875933
72.5666666666667,0.190349006652832,-0.084,0.0139650072158713
72.6,0.190349006652832,-0.084,0.0140001279179792
72.6333333333333,0.190349006652832,-0.084,0.0140307479871863
72.6666666666667,0.190349006652832,-0.084,0.0140573770374901
72.7,0.190349006652832,-0.084,0.0140804711972674
72.7333333333333,0.190349006652832,-0.084,0.014100438439109
72.7666666666667,0.190349006652832,-0.084,0.0141176433982686
72.8,0.190349006652832,-0.084,0.0141324117273943
72.8333333333333,0.190349006652832,-0.084,0.0141450340308637
72.8666666666667,0.190349006652832,-0.084,0.0141557694180974
72.9,0.190349006652832,-0.084,0.0141648487116138
72.9333333333333,0.190349006652832,-0.084,0.0141724773423238
72.9666666666667,0.190314356486003,-0.084,0.0143287529690783
73,0.190364583333333,-0.084,0.0140898821998808
73.0333333333333,0.190436553955078,-0.084,0.0137984456634327
73.0666666666667,0.190436553955078,-0.084,0.0138712232285565
73.1,0.190436553955078,-0.084,0.013934002865113
73.1333333333333,0.190436553955078,-0.084,0.0139879635215444
73.1666666666667,0.190436553955078,-0.084,0.0140341570213309
73.2,0.190436553955078,-0.084,0.014073520979864
73.2333333333333,0.190311241149902,-0.084,0.0146490601512821
73.2666666666667,0.190380160013835,-0.084,0.0142820123609423
73.3,0.190380160013835,-0.084,0.0142749052612705
73.3333333333333,0.190380160013835,-0.084,0.0142681336362341
73.3666666666667,0.190380160013835,-0.084,0.0142616977958998
73.4,0.190380160013835,-0.084,0.0142555953327125
73.4333333333333,0.190380160013835,-0.084,0.0142498215850902
73.4666666666667,0.190380160013835,-0.084,0.0142443700425229
73.5,0.190380160013835,-0.084,0.0142392326986506
73.5333333333333,0.190380160013835,-0.084,0.0142344003581369
73.5666666666667,0.190380160013835,-0.084,0.0142298629025522
73.6,0.190380160013835,-0.084,0.0142256095199321
73.6333333333333,0.190380160013835,-0.084,0.0142216289022003
73.6666666666667,0.190380160013835,-0.084,0.0142179094141931
73.7,0.190380160013835,-0.084,0.0142144392376366
73.7333333333333,0.190380160013835,-0.084,0.0142112064930616
73.7666666666667,0.190369733174642,-0.084,0.014253311381285
73.8,0.190364583333333,-0.084,0.0142647291723104
73.8333333333333,0.190364583333333,-0.084,0.0142511653381126
73.8666666666667,0.190364583333333,-0.084,0.0142392839161761
73.9,0.190364583333333,-0.084,0.0142288990243912
73.9333333333333,0.190364583333333,-0.084,0.0142198439215489
73.9666666666667,0.190364583333333,-0.084,0.0142119691286775
74,0.190364583333333,-0.084,0.0142051407284156
74.0333333333333,0.190364583333333,-0.084,0.014199238825999
74.0666666666667,0.190364583333333,-0.084,0.014194156156917
74.1,0.190364583333333,-0.084,0.0141897968276519
74.1333333333333,0.190364583333333,-0.084,0.0141860751771383
74.1666666666667,0.190364583333333,-0.084,0.0141829147477095
74.2,0.190364583333333,-0.084,0.0141802473553132
74.2333333333333,0.190364583333333,-0.084,0.0141780122497164
74.2666666666667,0.190364583333333,-0.084,0.0141761553562585
74.3,0.190364583333333,-0.084,0.0141746285914924
74.3333333333333,0.190364583333333,-0.084,0.0141733892457482
74.3666666666667,0.190364583333333,-0.084,0.0141723994262991
74.4,0.190364583333333,-0.084,0.0141716255553846
74.4333333333333,0.190364583333333,-0.084,0.0141710379178856
74.4666666666667,0.190364583333333,-0.084,0.0141706102539135
74.5,0.190364583333333,-0.084,0.0141703193920292
74.5333333333333,0.190364583333333,-0.084,0.0141701449191923
74.5666666666667,0.190364583333333,-0.084,0.0141700688839118
74.6,0.190364583333333,-0.084,0.0141700755293972
74.6333333333333,0.190364583333333,-0.084,0.0141701510538038
74.6666666666667,0.190364583333333,-0.084,0.0141702833949462
74.7,0.190364583333333,-0.084,0.0141704620370914
74.7333333333333,0.190364583333333,-0.084,0.0141706778376769
74.7666666666667,0.190364583333333,-0.084,0.0141709228719951
74.8,0.190457026163737,-0.084,0.0137712335584522
74.8333333333333,0.190390777587891,-0.084,0.0141296904038722
74.8666666666667,0.190390777587891,-0.084,0.0141406599378007
74.9,0.190390777587891,-0.084,0.0141500349316499
74.9333333333333,0.190390777587891,-0.084,0.0141580089049839
74.9666666666667,0.190390777587891,-0.084,0.0141647541384081
75,0.190390777587891,-0.084,0.0141704238576947
75.0333333333333,0.190390777587891,-0.084,0.0141751542033746
75.0666666666667,0.190390777587891,-0.084,0.0141790660061545
75.1,0.190364583333333,-0.084,0.0142955966308527
75.1333333333333,0.190364583333333,-0.084,0.014277907309982
75.1666666666667,0.190364583333333,-0.084,0.0142624052231418
75.2,0.190364583333333,-0.084,0.0142488475829507
75.2333333333333,0.190364583333333,-0.084,0.0142370167619476
75.2666666666667,0.190364583333333,-0.084,0.0142267178074143
75.3,0.190364583333333,-0.084,0.0142177761931039
75.3333333333333,0.190364583333333,-0.084,0.0142100357859019
75.3666666666667,0.190364583333333,-0.084,0.0142033570074422
75.4,0.190364583333333,-0.084,0.0141976151725155
75.4333333333333,0.190364583333333,-0.084,0.0141926989877589
75.4666666666667,0.190364583333333,-0.084,0.0141885091956304
75.5,0.190364583333333,-0.084,0.0141849573500295
75.5333333333333,0.190364583333333,-0.084,0.0141819647111886
75.5666666666667,0.190364583333333,-0.084,0.0141794612485813
75.6,0.190364583333333,-0.084,0.014177384741643
75.6333333333333,0.190364583333333,-0.084,0.0141756799690244
75.6666666666667,0.190364583333333,-0.084,0.0141742979779683
75.7,0.190364583333333,-0.084,0.0141731954261684
75.7333333333333,0.190364583333333,-0.084,0.0141723339891835
75.7666666666667,0.190364583333333,-0.084,0.0141716798271215
75.8,0.190364583333333,-0.084,0.0141712031048916
75.8333333333333,0.190364583333333,-0.084,0.0141708775608598
75.8666666666667,0.190380160013835,-0.084,0.0141032871341949
75.9,0.190364583333333,-0.084,0.0141826461655029
75.9333333333333,0.190364583333333,-0.084,0.0141810293077655
75.9666666666667,0.190364583333333,-0.084,0.0141796755580208
76,0.190364583333333,-0.084,0.0141785512734449
76.0333333333333,0.190364583333333,-0.084,0.0141776266183639
76.0666666666667,0.190364583333333,-0.084,0.014176875164714
76.1,0.190364583333333,-0.084,0.0141762735323186
76.1333333333333,0.190364583333333,-0.084,0.0141758010651649
76.1666666666667,0.190364583333333,-0.084,0.0141754395402106
76.2,0.190364583333333,-0.084,0.0141751729055841
76.2333333333333,0.190364583333333,-0.084,0.0141749870453258
76.2666666666667,0.190364583333333,-0.084,0.0141748695680993
76.3,0.190364583333333,-0.084,0.0141748096175245
76.3333333333333,0.190485127766927,-0.084,0.0136532585199485
76.3666666666667,0.190311241149902,-0.084,0.0144989078969452
76.4,0.190390777587891,-0.084,0.0141010501548658
76.4333333333333,0.190390777587891,-0.084,0.0141158900948902
76.4666666666667,0.190390777587891,-0.084,0.0141286878469772
76.5,0.190390777587891,-0.084,0.0141396843805728
76.5333333333333,0.190390777587891,-0.084,0.0141490946741605
76.5666666666667,0.190390777587891,-0.084,0.0141571103565037
76.6,0.190390777587891,-0.084,0.0141639020906873
76.6333333333333,0.190390777587891,-0.084,0.0141696217252134
76.6666666666667,0.190390777587891,-0.084,0.0141744042341764
76.7,0.190390777587891,-0.084,0.0141783694665059
76.7333333333333,0.190390777587891,-0.084,0.014181623722432
76.7666666666667,0.190390777587891,-0.084,0.0141842611736344
76.8,0.190390777587891,-0.084,0.0141863651420219
76.8333333333333,0.190390777587891,-0.084,0.0141880092506931
76.8666666666667,0.190390777587891,-0.084,0.0141892584593677
76.9,0.190364583333333,-0.084,0.0143035002396411
76.9333333333333,0.190364583333333,-0.084,0.0142838513045219
76.9666666666667,0.190364583333333,-0.084,0.0142666791423522
77,0.190364583333333,-0.084,0.0142517056103385
77.0333333333333,0.190364583333333,-0.084,0.0142386816171195
77.0666666666667,0.190364583333333,-0.084,0.0142273842367832
77.1,0.190364583333333,-0.084,0.0142176140991935
77.1333333333333,0.190364583333333,-0.084,0.0142091930309125
77.1666666666667,0.190364583333333,-0.084,0.0142019619233427
77.2,0.190364583333333,-0.084,0.0141957788068464
77.2333333333333,0.190364583333333,-0.084,0.0141905171115345
77.2666666666667,0.190364583333333,-0.084,0.0141860640971937
77.3,0.190364583333333,-0.084,0.0141823194364148
77.3333333333333,0.190364583333333,-0.084,0.0141791939364607
77.3666666666667,0.190364583333333,-0.084,0.0141766083867381
77.4,0.190364583333333,-0.084,0.0141744925199479
77.4333333333333,0.190411186218262,-0.084,0.0139711552678319
77.4666666666667,0.190484301249186,-0.084,0.0136895331894784
77.5,0.190484301249186,-0.084,0.0137762976976651
77.5333333333333,0.190484301249186,-0.084,0.0138514554948461
77.5666666666667,0.190484301249186,-0.084,0.0139163565633014
77.6,0.190484301249186,-0.084,0.0139722065372538
77.6333333333333,0.190484301249186,-0.084,0.0140200812865564
77.6666666666667,0.190484301249186,-0.084,0.0140609400861574
77.7,0.190364583333333,-0.084,0.0146136007320589
77.7333333333333,0.190441449483236,-0.084,0.0142176775283129
77.7666666666667,0.190441449483236,-0.084,0.0142215154994447
77.8,0.190441449483236,-0.084,0.0142242310823812
77.8333333333333,0.190441449483236,-0.084,0.014225993919148
77.8666666666667,0.190364583333333,-0.084,0.014559516586476
77.9,0.190364583333333,-0.084,0.0145003110731281
77.9333333333333,0.190364583333333,-0.084,0.0144485273064249
77.9666666666667,0.190364583333333,-0.084,0.0144033346771894
78,0.190364583333333,-0.084,0.0143639891265389
78.0333333333333,0.190364583333333,-0.084,0.0143298245628909
78.0666666666667,0.190364583333333,-0.084,0.0143002450996233
78.1,0.190364583333333,-0.084,0.0142747180370986
78.1333333333333,0.190364583333333,-0.084,0.0142527675196891
78.1666666666667,0.190364583333333,-0.084,0.0142339688047695
78.2,0.190364583333333,-0.084,0.0142179430863835
78.2333333333333,0.190364583333333,-0.084,0.0142043528215369
78.2666666666667,0.190364583333333,-0.084,0.0141928975118315
78.3,0.190364583333333,-0.084,0.0141833098974978
78.3333333333333,0.190364583333333,-0.084,0.0141753525248288
78.3666666666667,0.190364583333333,-0.084,0.0141688146516161
78.4,0.190364583333333,-0.084,0.0141635094584495
78.4333333333333,0.190364583333333,-0.084,0.0141592715367274
78.4666666666667,0.190364583333333,-0.084,0.0141559546269138
78.5,0.190364583333333,-0.084,0.0141534295830524
78.5333333333333,0.190364583333333,-0.084,0.0141515825417681
78.5666666666667,0.190364583333333,-0.084,0.0141503132760331
78.6,0.190364583333333,-0.084,0.0141495337158086
78.6333333333333,0.190427335103353,-0.084,0.0138776691653955
78.6666666666667,0.190337371826172,-0.084,0.0143154427403095
78.7,0.190337371826172,-0.084,0.0142881299432833
78.7333333333333,0.190337371826172,-0.084,0.0142646361664314
78.7666666666667,0.190337371826172,-0.084,0.0142445063071661
78.8,0.190337371826172,-0.084,0.0142273346864613
78.8333333333333,0.190337371826172,-0.084,0.0142127600010448
78.8666666666667,0.190337371826172,-0.084,0.0142004607690428
78.9,0.190337371826172,-0.084,0.0141901512223979
78.9333333333333,0.190337371826172,-0.084,0.0141815776036922
78.9666666666667,0.190337371826172,-0.084,0.0141745148289167
79,0.190434455871582,-0.084,0.0137487263868626
79.0333333333333,0.190446408589681,-0.084,0.0137675347289835
79.0666666666667,0.190446408589681,-0.084,0.0138382058662822
79.1,0.190446408589681,-0.084,0.0138995708089232
79.1333333333333,0.190446408589681,-0.084,0.0139527015946392
79.1666666666667,0.190446408589681,-0.084,0.0139985563855071
79.2,0.190446408589681,-0.084,0.0140379909175948
79.2333333333333,0.190446408589681,-0.084,0.0140717688443991
79.2666666666667,0.190334701538086,-0.084,0.0145838750560888
79.3,0.19035104115804,-0.084,0.0144511582888977
79.3333333333333,0.19035104115804,-0.084,0.0144095515991146
79.3666666666667,0.19035104115804,-0.084,0.0143731471578647
79.4,0.190433120727539,-0.084,0.0139862426308531
79.4333333333333,0.190390141805013,-0.084,0.0142080311636385
79.4666666666667,0.190390141805013,-0.084,0.0142057144058901
79.5,0.190390141805013,-0.084,0.0142035436069071
79.5333333333333,0.190378125508626,-0.084,0.0142535009804865
79.5666666666667,0.190378125508626,-0.084,0.0142423020813977
79.6,0.190378125508626,-0.084,0.014232476987934
79.6333333333333,0.190378125508626,-0.084,0.0142238738642934
79.6666666666667,0.190378125508626,-0.084,0.0142163565667455
79.7,0.190378125508626,-0.084,0.0142098030965001
79.7333333333333,0.190378125508626,-0.084,0.0142041041998627
79.7666666666667,0.190378125508626,-0.084,0.0141991621020318
79.8,0.190378125508626,-0.084,0.0141948893621278
79.8333333333333,0.190378125508626,-0.084,0.0141912078381696
79.8666666666667,0.190378125508626,-0.084,0.0141880477517453
79.9,0.190378125508626,-0.084,0.0141853468430559
79.9333333333333,0.190378125508626,-0.084,0.0141830496078615
79.9666666666667,0.190378125508626,-0.084,0.0141811066086346
80,0.190378125508626,-0.084,0.0141794738529334
80.0333333333333,0.190378125508626,-0.084,0.0141781122326473
80.0666666666667,0.190380160013835,-0.084,0.0141681846692849
80.1,0.190380160013835,-0.084,0.0141688396665324
80.1333333333333,0.190380160013835,-0.084,0.0141694617126406
80.1666666666667,0.190364583333333,-0.084,0.0142374442514566
80.2,0.190364583333333,-0.084,0.0142259463234569
80.2333333333333,0.190364583333333,-0.084,0.0142160347453003
80.2666666666667,0.190364583333333,-0.084,0.0142075219816384
80.3,0.190364583333333,-0.084,0.0142002407532754
80.3333333333333,0.190364583333333,-0.084,0.0141940419764587
80.3666666666667,0.190364583333333,-0.084,0.0141887929030096
80.4,0.190364583333333,-0.084,0.0141843754423449
80.4333333333333,0.190364583333333,-0.084,0.0141806846481797
80.4666666666667,0.190364583333333,-0.084,0.0141776273542904
80.5,0.190364583333333,-0.084,0.0141751209451577
80.5333333333333,0.190364583333333,-0.084,0.014173092248624
80.5666666666667,0.190378125508626,-0.084,0.0141128859029348
80.6,0.190378125508626,-0.084,0.0141221070149294
80.6333333333333,0.190378125508626,-0.084,0.0141302273271582
80.6666666666667,0.190378125508626,-0.084,0.0141373662357159
80.7,0.190378125508626,-0.084,0.0141436309672428
80.7333333333333,0.190378125508626,-0.084,0.0141491177659879
80.7666666666667,0.190378125508626,-0.084,0.0141539129688222
80.8,0.190378125508626,-0.084,0.0141580939785105
80.8333333333333,0.190364583333333,-0.084,0.0142203207805829
80.8666666666667,0.190334701538086,-0.084,0.0143422776868702
80.9,0.190334701538086,-0.084,0.0143128019600041
80.9333333333333,0.190364583333333,-0.084,0.0141580094037561
80.9666666666667,0.190421803792318,-0.084,0.013911566702079
81,0.190421803792318,-0.084,0.0139569638321365
81.0333333333333,0.190421803792318,-0.084,0.0139963996257242
81.0666666666667,0.190421803792318,-0.084,0.0140305601319287
81.1,0.190421803792318,-0.084,0.0140600585518592
81.1333333333333,0.190421803792318,-0.084,0.0140854425623088
81.1666666666667,0.190421803792318,-0.084,0.0141072009318445
81.2,0.190421803792318,-0.084,0.0141257694956481
81.2333333333333,0.190421803792318,-0.084,0.0141415365493604
81.2666666666667,0.190421803792318,-0.084,0.0141548477166561
81.3,0.190421803792318,-0.084,0.0141660103402469
81.3333333333333,0.190421803792318,-0.084,0.0141752974414382
81.3666666666667,0.190424219767253,-0.084,0.0141724984996864
81.4,0.190424219767253,-0.084,0.0141806036782475
81.4333333333333,0.190424219767253,-0.084,0.0141872295608242
81.4666666666667,0.190424219767253,-0.084,0.0141925734313038
81.5,0.190424219767253,-0.084,0.0141968097582419
81.5333333333333,0.190424219767253,-0.084,0.0142000926210179
81.5666666666667,0.190424219767253,-0.084,0.014202557892048
81.6,0.190424219767253,-0.084,0.0142043251986155
81.6333333333333,0.190394465128581,-0.084,0.0143342340407394
81.6666666666667,0.190311241149902,-0.084,0.0146719503439147
81.7,0.190364583333333,-0.084,0.0143570673093557
81.7333333333333,0.190364583333333,-0.084,0.0143252773827209
81.7666666666667,0.190364583333333,-0.084,0.0142977041065182
81.8,0.190364583333333,-0.084,0.0142738604579712
81.8333333333333,0.190364583333333,-0.084,0.0142533112021848
81.8666666666667,0.190364583333333,-0.084,0.0142356676830094
81.9,0.190364583333333,-0.084,0.0142205831172442
81.9333333333333,0.190364583333333,-0.084,0.0142077483449975
81.9666666666667,0.190364583333333,-0.084,0.0141968879933546
82,0.190364583333333,-0.084,0.0141877570144147
82.0333333333333,0.190364583333333,-0.084,0.0141801375623515
82.0666666666667,0.190364583333333,-0.084,0.0141738361773943
82.1,0.190364583333333,-0.084,0.0141686812475951
82.1333333333333,0.190364583333333,-0.084,0.0141645207219313
82.1666666666667,0.190364583333333,-0.084,0.0141612200507571
82.2,0.190364583333333,-0.084,0.0141586603318268
82.2333333333333,0.190364583333333,-0.084,0.0141567366421553
82.2666666666667,0.190364583333333,-0.084,0.0141553565378105
82.3,0.190364583333333,-0.084,0.0141544387054093
82.3333333333333,0.190364583333333,-0.084,0.0141539117506124
82.3666666666667,0.190364583333333,-0.084,0.0141537131102911
82.4,0.190364583333333,-0.084,0.0141537880762928
82.4333333333333,0.190364583333333,-0.084,0.0141540889198765
82.4666666666667,0.190364583333333,-0.084,0.0141545741069213
82.5,0.190364583333333,-0.084,0.0141552075949488
82.5333333333333,0.190364583333333,-0.084,0.0141559582038583
82.5666666666667,0.190364583333333,-0.084,0.0141567990530383
82.6,0.190364583333333,-0.084,0.0141577070582314
82.6333333333333,0.190364583333333,-0.084,0.0141586624821554
82.6666666666667,0.190369733174642,-0.084,0.0141373675873978
82.7,0.190424219767253,-0.084,0.0139066178890223
82.7333333333333,0.190424219767253,-0.084,0.0139532459295263
82.7666666666667,0.190424219767253,-0.084,0.0139937383573646
82.8,0.190424219767253,-0.084,0.0140288016904023
82.8333333333333,0.190424219767253,-0.084,0.014059067416469
82.8666666666667,0.190424219767253,-0.084,0.0140850995359615
82.9,0.190424219767253,-0.084,0.0141074013758119
82.9333333333333,0.190421040852865,-0.084,0.014140175413518
82.9666666666667,0.190364583333333,-0.084,0.0143981190059818
83,0.190364583333333,-0.084,0.0143659062763933
83.0333333333333,0.190364583333333,-0.084,0.014337638269347
83.0666666666667,0.190364583333333,-0.084,0.0143128788147468
83.1,0.190364583333333,-0.084,0.014291236866582
83.1333333333333,0.190364583333333,-0.084,0.0142723620489179
83.1666666666667,0.190364583333333,-0.084,0.0142559406263802
83.2,0.190364583333333,-0.084,0.0142416918597571
83.2333333333333,0.190364583333333,-0.084,0.0142293647109252
83.2666666666667,0.190364583333333,-0.084,0.0142187348645512
83.3,0.190364583333333,-0.084,0.0142096020369969
83.3333333333333,0.190364583333333,-0.084,0.0142017875455402
83.3666666666667,0.190364583333333,-0.084,0.0141951321134946
83.4,0.190364583333333,-0.084,0.0141894938890372
83.4333333333333,0.190364583333333,-0.084,0.0141847466575963
83.4666666666667,0.190364583333333,-0.084,0.0141807782295031
83.5,0.190364583333333,-0.084,0.0141774889862906
83.5333333333333,0.190364583333333,-0.084,0.0141747905705679
83.5666666666667,0.190364583333333,-0.084,0.0141726047057824
83.6,0.190364583333333,-0.084,0.0141708621334578
83.6333333333333,0.190364583333333,-0.084,0.0141695016566464
83.6666666666667,0.190364583333333,-0.084,0.0141684692793832
83.7,0.190364583333333,-0.084,0.0141677174328859
83.7333333333333,0.190364583333333,-0.084,0.0141672042801048
83.7666666666667,0.190364583333333,-0.084,0.0141668930910193
83.8,0.190364583333333,-0.084,0.014166751681793
83.8333333333333,0.190364583333333,-0.084,0.0141667519115416
83.8666666666667,0.190364583333333,-0.084,0.0141668692310685
83.9,0.190364583333333,-0.084,0.0141670822784508
83.9333333333333,0.190364583333333,-0.084,0.0141673725168457
83.9666666666667,0.190364583333333,-0.084,0.0141677239103291
84,0.190304120381673,-0.084,0.0144297174452459
84.0333333333333,0.190378125508626,-0.084,0.0140631706763898
84.0666666666667,0.190378125508626,-0.084,0.0140803894489561
84.1,0.190378125508626,-0.084,0.0140954873162171
84.1333333333333,0.190378125508626,-0.084,0.01410869906887
84.1666666666667,0.190378125508626,-0.084,0.0141202352151742
84.2,0.190378125508626,-0.084,0.0141302843757293
84.2333333333333,0.190378125508626,-0.084,0.0141390154502484
84.2666666666667,0.190378125508626,-0.084,0.0141465795774519
84.3,0.190378125508626,-0.084,0.0141531119072924
84.3333333333333,0.190378125508626,-0.084,0.0141587332029748
84.3666666666667,0.190378125508626,-0.084,0.0141635512886493
84.4,0.190378125508626,-0.084,0.0141676623572043
84.4333333333333,0.190378125508626,-0.084,0.0141711521512751
84.4666666666667,0.190378125508626,-0.084,0.0141740970293742
84.5,0.190424219767253,-0.084,0.0139771367069729
84.5333333333333,0.190424219767253,-0.084,0.0140148628130298
84.5666666666667,0.190424219767253,-0.084,0.014047439655148
84.6,0.190424219767253,-0.084,0.0140754723615849
84.6333333333333,0.190424219767253,-0.084,0.0140995009489944
84.6666666666667,0.190424219767253,-0.084,0.0141200069285937
84.7,0.190424219767253,-0.084,0.0141374192697665
84.7333333333333,0.190424219767253,-0.084,0.0141521197816394
84.7666666666667,0.190364583333333,-0.084,0.0144224668245663
84.8,0.190364583333333,-0.084,0.0143865684434104
84.8333333333333,0.190364583333333,-0.084,0.0143550593562967
84.8666666666667,0.190364583333333,-0.084,0.0143274553293396
84.9,0.190364583333333,-0.084,0.0143033221167814
84.9333333333333,0.190364583333333,-0.084,0.0142822705363249
84.9666666666667,0.190364583333333,-0.084,0.0142639520130333
85,0.190364583333333,-0.084,0.0142480545484008
85.0333333333333,0.190364583333333,-0.084,0.0142342990751346
85.0666666666667,0.190364583333333,-0.084,0.0142224361617643
85.1,0.190364583333333,-0.084,0.0142122430344635
85.1333333333333,0.190364583333333,-0.084,0.0142035208864412
85.1666666666667,0.190364583333333,-0.084,0.0141960924479628
85.2,0.190364583333333,-0.084,0.0141897997925272
85.2333333333333,0.190364583333333,-0.084,0.0141845023569732
85.2666666666667,0.190484301249186,-0.084,0.0136621119275451
85.3,0.190484301249186,-0.084,0.0137511000191969
85.3333333333333,0.190484301249186,-0.084,0.0138283177025851
85.3666666666667,0.190484301249186,-0.084,0.0138951258588639
85.4,0.190484301249186,-0.084,0.0139527403915994
85.4333333333333,0.190484301249186,-0.084,0.0140022468373607
85.4666666666667,0.190484301249186,-0.084,0.0140446135620536
85.5,0.190484301249186,-0.084,0.0140807036757579
85.5333333333333,0.190484301249186,-0.084,0.0141112857866643
85.5666666666667,0.190484301249186,-0.084,0.0141370437036351
85.6,0.190484301249186,-0.084,0.0141585851868346
85.6333333333333,0.190484301249186,-0.084,0.0141764498367105
85.6666666666667,0.190484301249186,-0.084,0.0141911162032694
85.7,0.190484301249186,-0.084,0.014203008189997
85.7333333333333,0.190484301249186,-0.084,0.0142125008198875
85.7666666666667,0.190484301249186,-0.084,0.0142199254247608
85.8,0.190425046284993,-0.084,0.0144819427298649
85.8333333333333,0.190418815612793,-0.084,0.0144671700024984
85.8666666666667,0.190418815612793,-0.084,0.0144254788689704
85.9,0.190418815612793,-0.084,0.0143887777240971
85.9333333333333,0.190418815612793,-0.084,0.0143565252721946
85.9666666666667,0.190418815612793,-0.084,0.0143282353522379
86,0.190418815612793,-0.084,0.0143034715646841
86.0333333333333,0.190418815612793,-0.084,0.0142818424050056
86.0666666666667,0.190418815612793,-0.084,0.0142629968573533
86.1,0.190418815612793,-0.084,0.0142466204059648
86.1333333333333,0.190418815612793,-0.084,0.0142324314257529
86.1666666666667,0.190418815612793,-0.084,0.0142201779169993
86.2,0.190418815612793,-0.084,0.0142096345522539
86.2333333333333,0.190418815612793,-0.084,0.0142006000064247
86.2666666666667,0.190418815612793,-0.084,0.0141928945436944
86.3,0.190364583333333,-0.084,0.0144209954545348
86.3333333333333,0.190521558125814,-0.084,0.0136943551195148
86.3666666666667,0.190521558125814,-0.084,0.0137748921392361
86.4,0.190521558125814,-0.084,0.0138448901622361
86.4333333333333,0.190521558125814,-0.084,0.0139055616834181
86.4666666666667,0.190521558125814,-0.084,0.013957990376221
86.5,0.190521558125814,-0.084,0.0140031440537861
86.5333333333333,0.190521558125814,-0.084,0.0140418863768627
86.5666666666667,0.190521558125814,-0.084,0.0140749874260169
86.6,0.190364583333333,-0.084,0.0147822894899555
86.6333333333333,0.190364583333333,-0.084,0.0146845995343568
86.6666666666667,0.190364583333333,-0.084,0.01459940767691
86.7,0.190364583333333,-0.084,0.0145252973618154
86.7333333333333,0.190364583333333,-0.084,0.0144610009352524
86.7666666666667,0.190364583333333,-0.084,0.0144053847838504
86.8,0.190364583333333,-0.084,0.0143574359011795
86.8333333333333,0.190364583333333,-0.084,0.0143162497489728
86.8666666666667,0.190364583333333,-0.084,0.0142810192919639
86.9,0.190364583333333,-0.084,0.0142510250962755
86.9333333333333,0.190364583333333,-0.084,0.0142256263913863
86.9666666666667,0.190364583333333,-0.084,0.0142042530048592
87,0.190364583333333,-0.084,0.0141863980873732
87.0333333333333,0.190364583333333,-0.084,0.0141716115531862
87.0666666666667,0.190364583333333,-0.084,0.0141594941680717
87.1,0.190614000956217,-0.084,0.0130705792424097
87.1333333333333,0.190380160013835,-0.084,0.0142675373513507
87.1666666666667,0.190364583333333,-0.084,0.0143150136546643
87.2,0.190364583333333,-0.084,0.0142859228735437
87.2333333333333,0.190364583333333,-0.084,0.0142609815313211
87.2666666666667,0.190364583333333,-0.084,0.0142396900622755
87.3,0.190364583333333,-0.084,0.0142216034957659
87.3333333333333,0.190364583333333,-0.084,0.0142063258562693
87.3666666666667,0.190364583333333,-0.084,0.0141935051125526
87.4,0.190364583333333,-0.084,0.0141828286239149
87.4333333333333,0.190364583333333,-0.084,0.0141740190362449
87.4666666666667,0.190364583333333,-0.084,0.0141668305850108
87.5,0.190364583333333,-0.084,0.0141610457662759
87.5333333333333,0.190364583333333,-0.084,0.0141564723404543
87.5666666666667,0.190364583333333,-0.084,0.0141529406368054
87.6,0.190364583333333,-0.084,0.0141503011296538
87.6333333333333,0.190364583333333,-0.084,0.0141484222600399
87.6666666666667,0.190364583333333,-0.084,0.0141471884789714
87.7,0.190364583333333,-0.084,0.0141464984906892
87.7333333333333,0.190364583333333,-0.084,0.014146263676393
87.7666666666667,0.190364583333333,-0.084,0.0141464066807283
87.8,0.190364583333333,-0.084,0.014146860145005
87.8333333333333,0.190364583333333,-0.084,0.0141475655726505
87.8666666666667,0.190262985229492,-0.084,0.0145880396201899
87.9,0.190262985229492,-0.084,0.0145104717731742
87.9333333333333,0.190423774719238,-0.084,0.0137479129095232
87.9666666666667,0.190423774719238,-0.084,0.0138148667138123
88,0.190423774719238,-0.084,0.013873408246039
88.0333333333333,0.190423774719238,-0.084,0.0139244800618498
88.0666666666667,0.190423774719238,-0.084,0.0139689264348989
88.1,0.190423774719238,-0.084,0.0140075031075179
88.1333333333333,0.19043649037679,-0.084,0.0139858714271501
88.1666666666667,0.19043649037679,-0.084,0.0140245063706241
88.2,0.190524482727051,-0.084,0.0136770697337107
88.2333333333333,0.190524482727051,-0.084,0.0137737022250391
88.2666666666667,0.190524482727051,-0.084,0.013857030369628
88.3,0.190524482727051,-0.084,0.013928623871313
88.3333333333333,0.190524482727051,-0.084,0.0139898831623681
88.3666666666667,0.190524482727051,-0.084,0.0140420566011996
88.4,0.190524482727051,-0.084,0.0140862559957171
88.4333333333333,0.190524482727051,-0.084,0.0141234706102397
88.4666666666667,0.19037405649821,-0.084,0.014805403483239
88.5,0.19037405649821,-0.084,0.0147147652023663
88.5333333333333,0.19037405649821,-0.084,0.0146351146822752
88.5666666666667,0.19037405649821,-0.084,0.0145652458539876
88.6,0.19037405649821,-0.084,0.0145040767365035
88.6333333333333,0.19037405649821,-0.084,0.0144506372411514
88.6666666666667,0.19037405649821,-0.084,0.014404058134251
88.7,0.19037405649821,-0.084,0.0143635610509618
88.7333333333333,0.190237553914388,-0.084,0.0149190320704424
88.7666666666667,0.190237553914388,-0.084,0.0147830364898521
88.8,0.190237553914388,-0.084,0.0146654209552836
88.8333333333333,0.190237553914388,-0.084,0.0145640372918601
88.8666666666667,0.190237553914388,-0.084,0.014476967651065
88.9,0.190237553914388,-0.084,0.014402501200186
88.9333333333333,0.190237553914388,-0.084,0.0143391130749139
88.9666666666667,0.190237553914388,-0.084,0.0142854453821765
89,0.190355110168457,-0.084,0.0137316793279364
89.0333333333333,0.190464973449707,-0.084,0.013309618889862
89.0666666666667,0.190364583333333,-0.084,0.0138765340316549
89.1,0.190364583333333,-0.084,0.0139148585705384
89.1333333333333,0.190364583333333,-0.084,0.0139489048414366
89.1666666666667,0.190364583333333,-0.084,0.0139791157510735
89.2,0.190364583333333,-0.084,0.014005890604005
89.2333333333333,0.190311559041341,-0.084,0.0142590004646515
89.2666666666667,0.190380160013835,-0.084,0.0139421044899331
89.3,0.190380160013835,-0.084,0.0139781523050313
89.3333333333333,0.190380160013835,-0.084,0.0140097436745391
89.3666666666667,0.190380160013835,-0.084,0.0140373719171963
89.4,0.190380160013835,-0.084,0.0140614793894924
89.4333333333333,0.190380160013835,-0.084,0.0140824625045491
89.4666666666667,0.190380160013835,-0.084,0.0141006762738377
89.5,0.190364583333333,-0.084,0.0141838314009151
89.5333333333333,0.190364583333333,-0.084,0.0141853704335146
89.5666666666667,0.190364583333333,-0.084,0.0141866133358201
89.6,0.190364583333333,-0.084,0.0141875984255278
89.6333333333333,0.190364583333333,-0.084,0.014188359750448
89.6666666666667,0.190364583333333,-0.084,0.0141889275272777
89.7,0.190364583333333,-0.084,0.0141893285375548
89.7333333333333,0.190364583333333,-0.084,0.0141895864848304
89.7666666666667,0.190364583333333,-0.084,0.0141897223167143
89.8,0.190364583333333,-0.084,0.0141897545151188
89.8333333333333,0.190364583333333,-0.084,0.0141896993577188
89.8666666666667,0.190364583333333,-0.084,0.014189571153369
89.9,0.190364583333333,-0.084,0.0141893824539639
89.9333333333333,0.190364583333333,-0.084,0.0141891442449985
89.9666666666667,0.190364583333333,-0.084,0.0141888661168747
90,0.190364583333333,-0.084,0.0141885564188129
90.0333333333333,0.190471267700195,-0.084,0.0137266492179731
90.0666666666667,0.190364583333333,-0.084,0.014270439039248
90.1,0.190364583333333,-0.084,0.0142589965478077
90.1333333333333,0.190364583333333,-0.084,0.0142488365493331
90.1666666666667,0.190364583333333,-0.084,0.0142398248662947
90.2,0.190364583333333,-0.084,0.0142318406874707
90.2333333333333,0.190364583333333,-0.084,0.014224775284379
90.2666666666667,0.190364583333333,-0.084,0.014218530847513
90.3,0.190364583333333,-0.084,0.0142130194314496
90.3333333333333,0.190364583333333,-0.084,0.0142081619988789
90.3666666666667,0.190364583333333,-0.084,0.0142038875544952
90.4,0.190364583333333,-0.084,0.0142001323605049
90.4333333333333,0.190364583333333,-0.084,0.0141968392262469
90.4666666666667,0.190364583333333,-0.084,0.0141939568650974
90.5,0.190364583333333,-0.084,0.0141914393124506
90.5333333333333,0.190364583333333,-0.084,0.014189245399124
90.5666666666667,0.190364583333333,-0.084,0.0141873382750491
90.6,0.190364583333333,-0.084,0.0141856849785801
90.6333333333333,0.190364583333333,-0.084,0.0141842560471682
90.6666666666667,0.190364583333333,-0.084,0.0141830251655454
90.7,0.190364583333333,-0.084,0.0141819688479073
90.7333333333333,0.190364583333333,-0.084,0.0141810661509061
90.7666666666667,0.190364583333333,-0.084,0.014180298414561
90.8,0.190364583333333,-0.084,0.0141796490284532
90.8333333333333,0.190364583333333,-0.084,0.0141791032208166
90.8666666666667,0.190364583333333,-0.084,0.0141786478683582
90.9,0.190364583333333,-0.084,0.0141782713248361
90.9333333333333,0.190364583333333,-0.084,0.0141779632666136
90.9666666666667,0.190364583333333,-0.084,0.0141777145535615
91,0.190364583333333,-0.084,0.0141775171038463
91.0333333333333,0.190364583333333,-0.084,0.0141773637812639
91.0666666666667,0.190338389078776,-0.084,0.0142905785381205
91.1,0.190364583333333,-0.084,0.0141568919727187
91.1333333333333,0.190364583333333,-0.084,0.0141595561370418
91.1666666666667,0.190364583333333,-0.084,0.0141619265997195
91.2,0.190364583333333,-0.084,0.0141640335384484
91.2333333333333,0.190364583333333,-0.084,0.0141659041748191
91.2666666666667,0.190364583333333,-0.084,0.0141675630539783
91.3,0.190364583333333,-0.084,0.0141690322985288
91.3333333333333,0.190364583333333,-0.084,0.01417033183899
91.3666666666667,0.190364583333333,-0.084,0.014171479622939
91.4,0.190364583333333,-0.084,0.0141724918047594
91.4333333333333,0.190364583333333,-0.084,0.0141733829177578
91.4666666666667,0.190364583333333,-0.084,0.0141741660302478
91.5,0.190364583333333,-0.084,0.0141748528870624
91.5333333333333,0.190364583333333,-0.084,0.0141754540378201
91.5666666666667,0.190364583333333,-0.084,0.0141759789531583
91.6,0.190380160013835,-0.084,0.0141090431450055
91.6333333333333,0.190380160013835,-0.084,0.0141214958257102
91.6666666666667,0.190380160013835,-0.084,0.0141322777816223
91.7,0.190380160013835,-0.084,0.0141415835505437
91.7333333333333,0.190380160013835,-0.084,0.0141495868592257
91.7666666666667,0.190380160013835,-0.084,0.0141564427263899
91.8,0.190380160013835,-0.084,0.014162289361793
91.8333333333333,0.190380160013835,-0.084,0.014167249880513
91.8666666666667,0.190369733174642,-0.084,0.014216545888822
91.9,0.190369733174642,-0.084,0.0142119808368676
91.9333333333333,0.190369733174642,-0.084,0.014207905860082
91.9666666666667,0.190369733174642,-0.084,0.0142042715895745
92,0.190369733174642,-0.084,0.0142010334180824
92.0333333333333,0.190369733174642,-0.084,0.0141981510551184
92.0666666666667,0.190369733174642,-0.084,0.0141955881226751
92.1,0.190369733174642,-0.084,0.0141933117878567
92.1333333333333,0.190364583333333,-0.084,0.014213573375201
92.1666666666667,0.190364583333333,-0.084,0.0142077985424608
92.2,0.190364583333333,-0.084,0.0142027646348484
92.2333333333333,0.190364583333333,-0.084,0.0141983876594188
92.2666666666667,0.190364583333333,-0.084,0.0141945924471491
92.3,0.190364583333333,-0.084,0.0141913117729262
92.3333333333333,0.190364583333333,-0.084,0.0141884855600227
92.3666666666667,0.190364583333333,-0.084,0.0141860601611893
92.4,0.190364583333333,-0.084,0.0141839877091936
92.4333333333333,0.190390777587891,-0.084,0.0140688952860987
92.4666666666667,0.190425745646159,-0.084,0.0139363881264487
92.5,0.190425745646159,-0.084,0.0139797535002946
92.5333333333333,0.190425745646159,-0.084,0.0140172932122845
92.5666666666667,0.190425745646159,-0.084,0.0140496865016256
92.6,0.190425745646159,-0.084,0.0140775398623623
92.6333333333333,0.190364583333333,-0.084,0.0143660150201202
92.6666666666667,0.190423774719238,-0.084,0.0140829229824896
92.7,0.190423774719238,-0.084,0.0141049997116172
92.7333333333333,0.190423774719238,-0.084,0.0141238366795884
92.7666666666667,0.190423774719238,-0.084,0.0141398290614995
92.8,0.190423774719238,-0.084,0.0141533285229496
92.8333333333333,0.190423774719238,-0.084,0.0141646477043493
92.8666666666667,0.190423774719238,-0.084,0.0141740642640307
92.9,0.190364583333333,-0.084,0.014437917865188
92.9333333333333,0.190364583333333,-0.084,0.0143984287162106
92.9666666666667,0.190364583333333,-0.084,0.0143638409351519
93,0.190364583333333,-0.084,0.0143336092329864
93.0333333333333,0.190364583333333,-0.084,0.0143072449134864
93.0666666666667,0.190364583333333,-0.084,0.0142843102772467
93.1,0.190364583333333,-0.084,0.0142644135595916
93.1333333333333,0.190364583333333,-0.084,0.0142472043528146
93.1666666666667,0.190364583333333,-0.084,0.0142323694677055
93.2,0.19054438273112,-0.084,0.0134417215948216
93.2333333333333,0.190380160013835,-0.084,0.0142804972750159
93.2666666666667,0.190364583333333,-0.084,0.0143320032616452
93.3,0.190364583333333,-0.084,0.0143060423338134
93.3333333333333,0.190364583333333,-0.084,0.0142834596950431
93.3666666666667,0.190364583333333,-0.084,0.014263869014568
93.4,0.190364583333333,-0.084,0.0142469247930625
93.4333333333333,0.190364583333333,-0.084,0.0142323182723971
93.4666666666667,0.190364583333333,-0.084,0.0142197737394494
93.5,0.190364583333333,-0.084,0.01420904518712
93.5333333333333,0.190364583333333,-0.084,0.0141999132990734
93.5666666666667,0.190364583333333,-0.084,0.0141921827277775
93.6,0.190364583333333,-0.084,0.0141856796382152
93.6333333333333,0.190364583333333,-0.084,0.0141802494921745
93.6666666666667,0.190364583333333,-0.084,0.0141757550503365
93.7,0.190414746602376,-0.084,0.0139550416523521
93.7333333333333,0.190414746602376,-0.084,0.0139908912997345
93.7666666666667,0.190414746602376,-0.084,0.0140221428033962
93.8,0.190414746602376,-0.084,0.0140493186167194
93.8333333333333,0.190414746602376,-0.084,0.0140728861598271
93.8666666666667,0.190414746602376,-0.084,0.0140932633218662
93.9,0.190414746602376,-0.084,0.014110823433825
93.9333333333333,0.190364583333333,-0.084,0.0143429326804825
93.9666666666667,0.190364583333333,-0.084,0.0143169984528596
94,0.190364583333333,-0.084,0.0142943514031576
94.0333333333333,0.190364583333333,-0.084,0.0142746206029502
94.0666666666667,0.190364583333333,-0.084,0.0142574740186477
94.1,0.190364583333333,-0.084,0.0142426146353102
94.1333333333333,0.190364583333333,-0.084,0.0142297769525549
94.1666666666667,0.190364583333333,-0.084,0.0142187238178439
94.2,0.190364583333333,-0.084,0.0142092435656224
94.2333333333333,0.190364583333333,-0.084,0.0142011474336381
94.2666666666667,0.190364583333333,-0.084,0.0141942672304091
94.3,0.190364583333333,-0.084,0.0141884532301873
94.3333333333333,0.190364583333333,-0.084,0.0141835722739409
94.3666666666667,0.190364583333333,-0.084,0.014179506056853
94.4,0.190364583333333,-0.084,0.0141761495846348
94.4333333333333,0.190364583333333,-0.084,0.0141734097825877
94.4666666666667,0.190394465128581,-0.084,0.014041919740946
94.5,0.190394465128581,-0.084,0.0140633027093734
94.5333333333333,0.190394465128581,-0.084,0.0140819798984041
94.5666666666667,0.190394465128581,-0.084,0.0140982560428358
94.6,0.190394465128581,-0.084,0.0141124039786153
94.6333333333333,0.190394465128581,-0.084,0.0141246678171517
94.6666666666667,0.190394465128581,-0.084,0.0141352658152938
94.7,0.190394465128581,-0.084,0.0141443929693247
94.7333333333333,0.190394465128581,-0.084,0.0141522233587471
94.7666666666667,0.19024486541748,-0.084,0.0148061599929412
94.8,0.19024486541748,-0.084,0.0146960626102778
94.8333333333333,0.19024486541748,-0.084,0.0146006193081256
94.8666666666667,0.19024486541748,-0.084,0.014518130060221
94.9,0.19024486541748,-0.084,0.0144470763329132
94.9333333333333,0.19024486541748,-0.084,0.0143861027678915
94.9666666666667,0.19024486541748,-0.084,0.0143340006398649
95,0.190364583333333,-0.084,0.0137717296946583
95.0333333333333,0.190364583333333,-0.084,0.0138269136618643
95.0666666666667,0.190364583333333,-0.084,0.0138756493756036
95.1,0.190364583333333,-0.084,0.0139186273737108
95.1333333333333,0.190364583333333,-0.084,0.0139564684050135
95.1666666666667,0.190364583333333,-0.084,0.0139897301957993
95.2,0.190364583333333,-0.084,0.0140189135804647
95.2333333333333,0.190364583333333,-0.084,0.0140444680546392
95.2666666666667,0.190364583333333,-0.084,0.0140667968038453
95.3,0.190364583333333,-0.084,0.0140862612559734
95.3333333333333,0.190364583333333,-0.084,0.0141031852014965
95.3666666666667,0.190364583333333,-0.084,0.0141178585213842
95.4,0.190364583333333,-0.084,0.0141305405590575
95.4333333333333,0.190364583333333,-0.084,0.0141414631694323
95.4666666666667,0.190364583333333,-0.084,0.0141508334751005
95.5,0.190364583333333,-0.084,0.0141588363569599
95.5333333333333,0.190364583333333,-0.084,0.0141656367041208
95.5666666666667,0.190364583333333,-0.084,0.0141713814456456
95.6,0.190364583333333,-0.084,0.014176201384618
95.6333333333333,0.190364583333333,-0.084,0.014180212853157
95.6666666666667,0.190364583333333,-0.084,0.0141835192052844
95.7,0.190364583333333,-0.084,0.0141862121629947
95.7333333333333,0.190364583333333,-0.084,0.0141883730294658
95.7666666666667,0.190364583333333,-0.084,0.0141900737820556
95.8,0.190364583333333,-0.084,0.0141913780565659
95.8333333333333,0.190364583333333,-0.084,0.0141923420331784
95.8666666666667,0.190364583333333,-0.084,0.0141930152335139
95.9,0.190364583333333,-0.084,0.014193441237371
95.9333333333333,0.190364583333333,-0.084,0.0141936583269101
95.9666666666667,0.190364583333333,-0.084,0.0141937000653192
96,0.190364583333333,-0.084,0.0141935958163314
96.0333333333333,0.190364583333333,-0.084,0.0141933712103745
96.0666666666667,0.190237553914388,-0.084,0.0147426452323011
96.1,0.190237553914388,-0.084,0.0146439290760021
96.1333333333333,0.190237553914388,-0.084,0.0145583413415854
96.1666666666667,0.190237553914388,-0.084,0.0144843598687292
96.2,0.190237553914388,-0.084,0.0144206249325195
96.2333333333333,0.190237553914388,-0.084,0.0143659228548231
96.2666666666667,0.190237553914388,-0.084,0.0143191712033177
96.3,0.190307871500651,-0.084,0.0139751742395057
96.3333333333333,0.190307871500651,-0.084,0.0139959581471834
96.3666666666667,0.190307871500651,-0.084,0.0140148038783326
96.4,0.190307871500651,-0.084,0.0140318833903999
96.4333333333333,0.190307871500651,-0.084,0.0140473538865809
96.4666666666667,0.190307871500651,-0.084,0.0140613590515873
96.5,0.190307871500651,-0.084,0.0140740301857852
96.5333333333333,0.190307871500651,-0.084,0.014085487245947
96.5666666666667,0.190307871500651,-0.084,0.0140958398001895
96.6,0.190307871500651,-0.084,0.014105187904074
96.6333333333333,0.190307871500651,-0.084,0.014113622904274
96.6666666666667,0.190307871500651,-0.084,0.0141212281757103
96.7,0.190307871500651,-0.084,0.0141280797975748
96.7333333333333,0.190307871500651,-0.084,0.0141342471732259
96.7666666666667,0.190307871500651,-0.084,0.0141397935985449
96.8,0.190383656819661,-0.084,0.013816889280304
96.8333333333333,0.190364583333333,-0.084,0.0139625381464452
96.8666666666667,0.190364583333333,-0.084,0.0140025709908992
96.9,0.190364583333333,-0.084,0.0140372127570496
96.9333333333333,0.190364583333333,-0.084,0.0140670910986555
96.9666666666667,0.190364583333333,-0.084,0.0140927665960676
97,0.190364583333333,-0.084,0.014114739525775
97.0333333333333,0.190364583333333,-0.084,0.0141334559742237
97.0666666666667,0.190421295166016,-0.084,0.0139039478773018
97.1,0.19037405649821,-0.084,0.0141655717762695
97.1333333333333,0.19037405649821,-0.084,0.0141781760314925
97.1666666666667,0.19037405649821,-0.084,0.0141885712288506
97.2,0.19037405649821,-0.084,0.0141970464345645
97.2333333333333,0.19037405649821,-0.084,0.0142038576760601
97.2666666666667,0.19037405649821,-0.084,0.0142092314266385
97.3,0.19037405649821,-0.084,0.0142133677418985
97.3333333333333,0.19037405649821,-0.084,0.0142164430813852
97.3666666666667,0.19037405649821,-0.084,0.0142186128458128
97.4,0.19037405649821,-0.084,0.0142200136573763
97.4333333333333,0.19037405649821,-0.084,0.0142207654080797
97.4666666666667,0.19037405649821,-0.084,0.0142209730986708
97.5,0.19037405649821,-0.084,0.0142207284886395
97.5333333333333,0.19037405649821,-0.084,0.0142201115758089
97.5666666666667,0.19037405649821,-0.084,0.0142191919222866
97.6,0.190174039204915,-0.084,0.0150834107843731
97.6333333333333,0.190364583333333,-0.084,0.0141028593519813
97.6666666666667,0.190364583333333,-0.084,0.0141147989234682
97.7,0.190364583333333,-0.084,0.0141251957303277
97.7333333333333,0.190364583333333,-0.084,0.014134227033298
97.7666666666667,0.190364583333333,-0.084,0.0141420512251377
97.8,0.190364583333333,-0.084,0.0141488097341266
97.8333333333333,0.190364583333333,-0.084,0.0141546287429971
97.8666666666667,0.190380160013835,-0.084,0.0140922277556257
97.9,0.190308125813802,-0.084,0.0144202067326379
97.9333333333333,0.190308125813802,-0.084,0.0143785213469133
97.9666666666667,0.190308125813802,-0.084,0.0143423283731864
98,0.190308125813802,-0.084,0.0143109951080234
98.0333333333333,0.190308125813802,-0.084,0.0142839560459414
98.0666666666667,0.190308125813802,-0.084,0.0142607061242128
98.1,0.190308125813802,-0.084,0.0142407946202049
98.1333333333333,0.190308125813802,-0.084,0.014223819640105
98.1666666666667,0.190308125813802,-0.084,0.014209423143477
98.2,0.190308125813802,-0.084,0.0141972864531823
98.2333333333333,0.190308125813802,-0.084,0.0141871262048457
98.2666666666667,0.190308125813802,-0.084,0.0141786906942506
98.3,0.190308125813802,-0.084,0.0141717565848966
98.3333333333333,0.190308125813802,-0.084,0.0141661259414373
98.3666666666667,0.190308125813802,-0.084,0.0141616235578937
98.4,0.190158081054688,-0.084,0.0148072677959414
98.4333333333333,0.190309079488118,-0.084,0.0140351484618084
98.4666666666667,0.190309079488118,-0.084,0.0140494905172151
98.5,0.190309079488118,-0.084,0.0140625286166945
98.5333333333333,0.190309079488118,-0.084,0.0140743754140212
98.5666666666667,0.190309079488118,-0.084,0.0140851341665646
98.6,0.190309079488118,-0.084,0.0140948994987776
98.6333333333333,0.190309079488118,-0.084,0.0141037581049206
98.6666666666667,0.190364583333333,-0.084,0.0138716503103585
98.7,0.190364583333333,-0.084,0.0139218843938546
98.7333333333333,0.190364583333333,-0.084,0.0139656671279503
98.7666666666667,0.190364583333333,-0.084,0.0140037308650199
98.8,0.190364583333333,-0.084,0.0140367309196943
98.8333333333333,0.190364583333333,-0.084,0.014065253260569
98.8666666666667,0.190364583333333,-0.084,0.0140898214626998
98.9,0.190364583333333,-0.084,0.0141109029898808
98.9333333333333,0.190364583333333,-0.084,0.0141289148694161
98.9666666666667,0.190364583333333,-0.084,0.0141442288163538
99,0.190364583333333,-0.084,0.0141571758589455
99.0333333333333,0.190364583333333,-0.084,0.0141680505123393
99.0666666666667,0.190364583333333,-0.084,0.0141771145431993
99.1,0.190364583333333,-0.084,0.0141846003640058
99.1333333333333,0.190364583333333,-0.084,0.0141907140922226
99.1666666666667,0.190364583333333,-0.084,0.0141956383062534
99.2,0.190364583333333,-0.084,0.0141995345271613
99.2333333333333,0.190364583333333,-0.084,0.0142025454524251
99.2666666666667,0.190364583333333,-0.084,0.014204796965564
99.3,0.190364583333333,-0.084,0.0142063999432414
99.3333333333333,0.190423774719238,-0.084,0.0139513585363308
99.3666666666667,0.190293248494466,-0.084,0.0145624820783679
99.4,0.190298779805501,-0.084,0.0144773905660755
99.4333333333333,0.190425745646159,-0.084,0.0138789880151439
99.4666666666667,0.190364583333333,-0.084,0.0141991347408776
99.5,0.190364583333333,-0.084,0.0141997589467097
99.5333333333333,0.190364583333333,-0.084,0.014200058206494
99.5666666666667,0.190364583333333,-0.084,0.0142000861915281
99.6,0.190364583333333,-0.084,0.0141998897291362
99.6333333333333,0.190364583333333,-0.084,0.01419950957306
99.6666666666667,0.190364583333333,-0.084,0.0141989810934301
99.7,0.190364583333333,-0.084,0.0141983348942888
99.7333333333333,0.190364583333333,-0.084,0.0141975973658841
99.7666666666667,0.190364583333333,-0.084,0.0141967911782525
99.8,0.190364583333333,-0.084,0.0141959357219936
99.8333333333333,0.190364583333333,-0.084,0.0141950475015581
99.8666666666667,0.190364583333333,-0.084,0.0141941404858648
99.9,0.190364583333333,-0.084,0.0141932264205898
99.9333333333333,0.190364583333333,-0.084,0.0141923151060505
99.9666666666667,0.190364583333333,-0.084,0.0141914146442234
100,0.190364583333333,-0.084,0.0141905316580842
