0,0.342613283793131,0,0,0.5
0.0333333333333333,0.342613283793131,0,0.272375378251887,0.503333179014489
0.0666666666666667,0.342613283793131,0,0.499776986044288,0.506665432167351
0.1,0.342613283793131,0.0015,0.673996498442342,0.509995833854136
0.133333333333333,0.342613283793131,0.006,0.78585970203116,0.513323458984679
0.166666666666667,0.190885416666667,0.015,0.825359743086261,0.516647383240062
0.2,0.190885416666667,0.0285,1.05935438171196,0.519966683329366
0.233333333333333,0.190885416666667,0.0465,1.18000139463494,0.52328043724613
0.266666666666667,0.190885416666667,0.069,1.198011389979,0.526587724524463
0.3,0.190885416666667,0.0975,1.1075465881997,0.52988762649472
0.333333333333333,0.190885416666667,0.129,0.946436208685136,0.533179226538683
0.366666666666667,0.190885416666667,0.159,0.76636247252478,0.536461610344172
0.4,0.190885416666667,0.189,0.558021188911564,0.539733866159012
0.433333333333333,0.190625,0.213,0.386260359948715,0.542995085044297
0.466666666666667,0.190625,0.2325,0.240650457512305,0.54624436112686
0.5,0.190625,0.2445,0.154151585022412,0.549480791850905
0.533333333333333,0.190625,0.249,0.129735411167071,0.552703478228707
0.566666666666667,0.190625,0.2505,0.124912316340189,0.555911525090328
0.6,0.190625,0.2505,0.12679771829936,0.559104041332268
0.633333333333333,0.190625,0.249,0.13716919551815,0.562280140164987
0.666666666666667,0.190625,0.249,0.1275156619646,0.56543893935923
0.7,0.189822006225586,0.249,0.114079677878887,0.56857956149109
0.733333333333333,0.189822006225586,0.249,0.0992835055261554,0.571701134185723
0.766666666666667,0.189822006225586,0.249,0.0823324780228102,0.574802790359675
0.8,0.189822006225586,0.249,0.0639687895466146,0.57788366846173
0.833333333333333,0.189822006225586,0.249,0.0448000725531228,0.580942912712225
0.866666666666667,0.189822006225586,0.249,0.0253199673883314,0.583979673340761
0.9,0.189822006225586,0.249,0.00592575388174699,0.586993106822246
0.933333333333333,0.189822006225586,0.249,-0.0130665487726092,0.5899823761112
0.966666666666667,0.189822006225586,0.2475,-0.0164092628003193,0.592946650874264
1,0.188762982686361,0.246,-0.0189120100603835,0.595885107720841
1.03333333333333,0.188762982686361,0.246,-0.0335995267104489,0.598796930431812
1.06666666666667,0.188762982686361,0.246,-0.04754333787545,0.60168131018626
1.1,0.188762982686361,0.246,-0.060620828038121,0.604537445786132
1.13333333333333,0.188762982686361,0.246,-0.0727441710086338,0.607364543878792
1.16666666666667,0.188762982686361,0.246,-0.0838543379229945,0.610161819177394
1.2,0.188762982686361,0.246,-0.0939160045168047,0.612928494679007
1.23333333333333,0.188762982686361,0.243,-0.0729132302862739,0.615663801880449
1.26666666666667,0.204947916666667,0.2415,-0.0658457996914713,0.618366980991751
1.3,0.204947916666667,0.2385,-0.0707359756484333,0.621037281147208
1.33333333333333,0.204947916666667,0.2355,-0.0693782609315496,0.623673960613947
1.36666666666667,0.204947916666667,0.234,-0.0776120391839447,0.62627628699796
1.4,0.204947916666667,0.234,-0.0961663677869495,0.628843537447538
1.43333333333333,0.204947916666667,0.234,-0.11067458601361,0.631374998854065
1.46666666666667,0.204947916666667,0.234,-0.121686982454329,0.633869968050093
1.5,0.204947916666667,0.231,-0.09968177995023,0.636327752004667
1.53333333333333,0.233623250325521,0.228,-0.0750746618779227,0.638747668015824
1.56666666666667,0.233623250325521,0.225,-0.0978529173766837,0.641129043900233
1.6,0.233623250325521,0.2235,-0.124459894706497,0.643471218179905
1.63333333333333,0.233623250325521,0.219,-0.111602495880709,0.645773540265932
1.66666666666667,0.233623250325521,0.213,-0.0757460120389242,0.648035370639207
1.7,0.233623250325521,0.21,-0.0631473953878772,0.650256081028059
1.73333333333333,0.233623250325521,0.2085,-0.0598840154788083,0.652435054582768
1.76666666666667,0.233623250325521,0.2055,-0.0368785078251543,0.654571686046915
1.8,0.26875,0.204,-0.0249202413564636,0.656665381925497
1.83333333333333,0.26875,0.201,-0.0554746437072204,0.658715560649788
1.86666666666667,0.26875,0.1995,-0.0870018356969224,0.660721652738882
1.9,0.26875,0.198,-0.106748878346186,0.662683100957875
1.93333333333333,0.26875,0.1965,-0.116637399797636,0.664599360472651
1.96666666666667,0.26875,0.195,-0.118308918155252,0.666469899001221
2,0.26875,0.192,-0.0981639766623554,0.668294196961579
2.03333333333333,0.26875,0.1905,-0.0873959270170499,0.670071747616021
2.06666666666667,0.320572916666667,0.186,-0.0420200843809773,0.671802057211905
2.1,0.320572916666667,0.186,-0.127584254569526,0.673484645118803
2.13333333333333,0.320572916666667,0.183,-0.163426354936769,0.675119043962005
2.16666666666667,0.320572916666667,0.177,-0.152755815474445,0.676704799752341
2.2,0.320572916666667,0.1725,-0.143313220365025,0.678241472012287
2.23333333333333,0.320572916666667,0.168,-0.122435872742616,0.679728633898319
2.26666666666667,0.320572916666667,0.1635,-0.0921143893659845,0.681165872319476
2.3,0.320572916666667,0.1575,-0.0390415382181081,0.682552788052104
2.33333333333333,0.320572916666667,0.1545,-0.00965436904432043,0.683888995850751
2.36666666666667,0.366909535725911,0.1545,-0.00517054566677333,0.685174124555175
2.4,0.366909535725911,0.153,-0.0618103869804359,0.686407817193445
2.43333333333333,0.366909535725911,0.15,-0.0853125537110225,0.687589731081093
2.46666666666667,0.366909535725911,0.1485,-0.108724152203851,0.688719537916307
2.5,0.366909535725911,0.1485,-0.134641432904916,0.689796923871117
2.53333333333333,0.366909535725911,0.147,-0.135273223023332,0.690821589678577
2.56666666666667,0.366909535725911,0.147,-0.142495653521096,0.691793250715882
2.6,0.366909535725911,0.147,-0.142899359671462,0.692711637083439
2.63333333333333,0.366909535725911,0.147,-0.137830175817408,0.693576493679826
2.66666666666667,0.439489110310872,0.141,-0.0684242076025671,0.694387580272663
2.7,0.439489110310872,0.138,-0.15124514650366,0.695144671565332
2.73333333333333,0.439489110310872,0.135,-0.208088992318684,0.695847557259565
2.76666666666667,0.439489110310872,0.129,-0.213256054479482,0.696496042113856
2.8,0.439489110310872,0.123,-0.20041313560126,0.697089945997692
2.83333333333333,0.439489110310872,0.1155,-0.157682471510654,0.697629103941591
2.86666666666667,0.439489110310872,0.108,-0.102718478629268,0.698113366182925
2.9,0.439489110310872,0.1005,-0.037773959294401,0.698542598207518
2.93333333333333,0.439489110310872,0.0975,-0.00975719366566152,0.698916680787011
2.96666666666667,0.516723283131917,0.0945,0.0247188453374565,0.699235510011984
3,0.516723283131917,0.093,-0.0843683211381605,0.699498997320811
3.03333333333333,0.516723283131917,0.0915,-0.164599331803477,0.699707069524268
3.06666666666667,0.516723283131917,0.09,-0.22079397111516,0.69985966882586
3.1,0.516723283131917,0.0855,-0.227059038538444,0.699956752837871
3.13333333333333,0.516723283131917,0.0825,-0.231888641595292,0.699998294593146
3.16666666666667,0.516723283131917,0.081,-0.238250726219774,0.699984282552575
3.2,0.516723283131917,0.0795,-0.233661708540898,0.699914720608301
3.23333333333333,0.516723283131917,0.0705,-0.145250821495388,0.699789628082639
3.26666666666667,0.563020833333333,0.0615,-0.0498155725457436,0.69960903972271
3.3,0.563020833333333,0.0555,-0.0589926280390114,0.699373005690784
3.33333333333333,0.563020833333333,0.0525,-0.079003087223662,0.699081591550353
3.36666666666667,0.563020833333333,0.048,-0.0682247651833897,0.698734878247916
3.4,0.563020833333333,0.0435,-0.0445257815238359,0.698332962090494
3.43333333333333,0.563020833333333,0.0435,-0.0553369211508544,0.697875954718879
3.46666666666667,0.563020833333333,0.0435,-0.0577140183442974,0.697363983076626
3.5,0.563020833333333,0.0435,-0.053391718852769,0.696797189374787
3.53333333333333,0.563020833333333,0.0435,-0.0438297922788888,0.696175731052413
3.56666666666667,0.6328125,0.0435,-0.0302530090322554,0.69549978073282
3.6,0.6328125,0.0435,-0.13446777225171,0.694769526175639
3.63333333333333,0.6328125,0.042,-0.199043540474705,0.693985170224662
3.66666666666667,0.6328125,0.036,-0.198176412301206,0.6931469307515
3.7,0.6328125,0.0315,-0.195436880562073,0.69225504059506
3.73333333333333,0.6328125,0.0255,-0.163858150427207,0.691309747496873
3.76666666666667,0.6328125,0.0195,-0.121012315758598,0.690311314032278
3.8,0.6328125,0.0135,-0.0690760398965167,0.689260017537483
3.83333333333333,0.71328125,0.009,-0.0248871655416012,0.688156150032533
3.86666666666667,0.71328125,0.0045,-0.114253690639973,0.687000018140192
3.9,0.71328125,-0.0015,-0.158271656509471,0.685791943000774
3.93333333333333,0.71328125,-0.0105,-0.147051620553602,0.684532260182939
3.96666666666667,0.71328125,-0.0165,-0.144944977919179,0.683221319590482
4,0.71328125,-0.021,-0.140650950212871,0.681859485365136
4.03333333333333,0.71328125,-0.0225,-0.152308878777876,0.680447135785432
4.06666666666667,0.71328125,-0.027,-0.122577814001721,0.678984663161614
4.1,0.766832383473714,-0.0315,-0.0837051242058061,0.677472473726675
4.13333333333333,0.766832383473714,-0.0375,-0.115261862965622,0.675910987523512
4.16666666666667,0.766832383473714,-0.042,-0.138899813854348,0.674300638288253
4.2,0.766832383473714,-0.0495,-0.11363141402584,0.672641873329775
4.23333333333333,0.766832383473714,-0.054,-0.102864127135285,0.670935153405456
4.26666666666667,0.814887062708537,-0.0585,-0.079486291042726,0.669180952593189
4.3,0.814887062708537,-0.0615,-0.144105148671915,0.6673797581597
4.33333333333333,0.814887062708537,-0.066,-0.170125534509157,0.665532070425192
4.36666666666667,0.814887062708537,-0.0735,-0.146685278886554,0.663638402624379
4.4,0.814887062708537,-0.081,-0.107297766703871,0.661699280763918
4.43333333333333,0.814887062708537,-0.087,-0.0699405848765791,0.659715243476301
4.46666666666667,0.814887062708537,-0.0915,-0.0371319482098345,0.657686841870241
4.5,0.814887062708537,-0.096,0.00400343679214238,0.655614639377584
4.53333333333333,0.842708333333333,-0.0975,0.0216776341732274,0.653499211596811
4.56666666666667,0.874616225560506,-0.0975,-0.0187572072561229,0.651341146133147
4.6,0.874616225560506,-0.099,-0.086657886241184,0.649141042435344
4.63333333333333,0.874616225560506,-0.102,-0.118952216461993,0.646899511629172
4.66666666666667,0.874616225560506,-0.1035,-0.149291982089585,0.644617176347665
4.7,0.874616225560506,-0.1065,-0.150775509933152,0.642294670558169
4.73333333333333,0.874616225560506,-0.108,-0.156026388571396,0.639932639386248
4.76666666666667,0.874616225560506,-0.1125,-0.122261324300062,0.637531738936484
4.8,0.878645833333333,-0.117,-0.0813486097070294,0.63509263611023
4.83333333333333,0.878645833333333,-0.1215,-0.0418321704240771,0.632616008420367
4.86666666666667,0.878645833333333,-0.123,-0.0267546877987762,0.630102543803106
4.9,0.878645833333333,-0.1245,-0.00741573999404027,0.627552940426901
4.93333333333333,0.878645833333333,-0.126,0.0150993776259567,0.624967906498518
4.96666666666667,0.878645833333333,-0.1275,0.0398880621743304,0.622348160066316
5,0.902129642168681,-0.1275,0.0512032501612812,0.619694428820791
5.03333333333333,0.902129642168681,-0.1275,0.0227887261000292,0.61700744989245
5.06666666666667,0.903738061587016,-0.1275,0.00235449180842173,0.614287969647049
5.1,0.903738061587016,-0.1275,-0.0144646153306943,0.611536743478283
5.13333333333333,0.903738061587016,-0.1275,-0.0256990043417693,0.608754535597953
5.16666666666667,0.903738061587016,-0.1275,-0.0325485341258314,0.60594211882369
5.2,0.903738061587016,-0.1275,-0.0360194440334016,0.603100274364293
5.23333333333333,0.903738061587016,-0.1275,-0.0369526390130276,0.600229791602728
5.26666666666667,0.903738061587016,-0.1275,-0.0360480192920745,0.59733146787686
5.3,0.903738061587016,-0.1275,-0.0338853957191615,0.594406108257977
5.33333333333333,0.903300706545512,-0.1275,-0.0309424587233931,0.591454525327162
5.36666666666667,0.903300706545512,-0.1275,-0.0268533135140098,0.588477538949586
5.4,0.903300706545512,-0.1275,-0.0228333965638539,0.585475976046766
5.43333333333333,0.903300706545512,-0.1275,-0.0191162708084866,0.582450670366875
5.46666666666667,0.903300706545512,-0.1275,-0.0158862474110555,0.57940246225315
5.5,0.903300706545512,-0.1275,-0.0132862641932466,0.576332198410466
5.53333333333333,0.903300706545512,-0.1275,-0.0114246158675868,0.57324073167015
5.56666666666667,0.903300706545512,-0.1275,-0.0103806964600939,0.570128920753084
5.6,0.896429189046224,-0.1275,-0.0102098923832505,0.566997630031181
5.63333333333333,0.896429189046224,-0.1275,0.000944186670611691,0.563847729287285
5.66666666666667,0.896429189046224,-0.1275,0.00895496502258314,0.560680093473571
5.7,0.896429189046224,-0.1275,0.0141600315149426,0.557495602468509
5.73333333333333,0.896429189046224,-0.1275,0.0168583579553269,0.554295140832457
5.76666666666667,0.896429189046224,-0.1275,0.0173150093169175,0.551079597561956
5.8,0.896429189046224,-0.1275,0.0157652585144313,0.547849865842796
5.83333333333333,0.896429189046224,-0.1275,0.0124181827052583,0.54460684280191
5.86666666666667,0.88125,-0.1275,0.00745980798711687,0.541351429258177
5.9,0.88125,-0.1275,0.0273251510468138,0.538084529472205
5.93333333333333,0.88125,-0.1275,0.0409989148367039,0.534807050895152
5.96666666666667,0.88125,-0.1275,0.0493719736398833,0.53151990391666
6,0.88125,-0.1275,0.0532121677529755,0.528224001611973
6.03333333333333,0.88125,-0.1275,0.0531810616682436,0.524920259488319
6.06666666666667,0.88125,-0.1275,0.0498484412897786,0.5216095952306
6.1,0.88125,-0.1275,0.0437048536140125,0.518292928446487
6.13333333333333,0.858013772964478,-0.1275,0.0351724517007886,0.514971180410986
6.16666666666667,0.858013772964478,-0.1275,0.064827271614923,0.511645273810523
6.2,0.858013772964478,-0.1275,0.0852771754431386,0.508316132486658
6.23333333333333,0.858013772964478,-0.1275,0.0979520938970524,0.504984681179464
6.26666666666667,0.858013772964478,-0.1275,0.104077106283003,0.501651845270661
6.3,0.858013772964478,-0.1275,0.104700847059407,0.49831855052657
6.33333333333333,0.858013772964478,-0.1275,0.100720043121154,0.494985722840966
6.36666666666667,0.858013772964478,-0.1275,0.0929007037963672,0.491654287977887
6.4,0.858013772964478,-0.1275,0.0818964154895498,0.488325171314484
6.43333333333333,0.83125,-0.1275,0.068264132227783,0.484999297583981
6.46666666666667,0.83125,-0.1275,0.0987955140228687,0.481677590618805
6.5,0.83125,-0.1275,0.118946775022645,0.478360973093978
6.53333333333333,0.83125,-0.1275,0.130397434080312,0.47505036627082
6.56666666666667,0.83125,-0.1275,0.134582261793244,0.47174668974105
6.6,0.83125,-0.1275,0.132725497251101,0.46845086117135
6.63333333333333,0.83125,-0.1275,0.125870384166813,0.465163796048465
6.66666666666667,0.83125,-0.1275,0.114904659287638,0.461886407424903
6.7,0.786411348978678,-0.1275,0.100582540940286,0.45861960566532
6.73333333333333,0.786411348978678,-0.1275,0.16114201041115,0.455364298193644
6.76666666666667,0.786411348978678,-0.1275,0.205070013980387,0.452121389241018
6.8,0.786411348978678,-0.1275,0.235065412413832,0.448891779594634
6.83333333333333,0.786411348978678,-0.1275,0.253432803951298,0.445676366347515
6.86666666666667,0.786411348978678,-0.1275,0.262137687114007,0.442476042649333
6.9,0.786411348978678,-0.1275,0.262854074676347,0.439291697458314
6.93333333333333,0.786411348978678,-0.1275,0.257005579749967,0.436124215294315
6.96666666666667,0.740885416666667,-0.1275,0.245800857725846,0.432974475993126
7,0.740885416666667,-0.1275,0.309051904911098,0.429843354462076
7.03333333333333,0.740885416666667,-0.1275,0.354159423498017,0.426731720437014
7.06666666666667,0.740885416666667,-0.1275,0.384130160165039,0.423640438240718
7.1,0.740885416666667,-0.1275,0.40152784907482,0.420570366542808
7.13333333333333,0.740885416666667,-0.1275,0.40853544496274,0.417522358121239
7.16666666666667,0.740885416666667,-0.1275,0.407008822118333,0.414497259625417
7.2,0.740885416666667,-0.1275,0.398523094750894,0.411495911341029
7.23333333333333,0.693489583333333,-0.1275,0.38441255885261,0.408519146956634
7.26666666666667,0.693489583333333,-0.1275,0.447828930633223,0.405567793332086
7.3,0.693489583333333,-0.1275,0.492418945350459,0.40264267026886
7.33333333333333,0.693489583333333,-0.1275,0.521351972430038,0.399744590282331
7.36666666666667,0.693489583333333,-0.1275,0.537327543586299,0.396874358376083
7.4,0.693489583333333,-0.1275,0.542641541886523,0.394032771818301
7.43333333333333,0.693489583333333,-0.1275,0.539243300922109,0.391220619920314
7.46666666666667,0.693489583333333,-0.1275,0.528784845794896,0.388438683817344
7.5,0.628125,-0.1275,0.5126633419292,0.385687736251531
7.53333333333333,0.628125,-0.1275,0.605178422524444,0.38296854135729
7.56666666666667,0.628125,-0.1275,0.67312760507871,0.38028185444905
7.6,0.628125,-0.126,0.705610992879248,0.377628421811456
7.63333333333333,0.628125,-0.12,0.676122580546667,0.375008980492067
7.66666666666667,0.628125,-0.114,0.632635515510828,0.37242425809663
7.7,0.628125,-0.1095,0.592675659260296,0.369874972586967
7.73333333333333,0.628125,-0.1095,0.588385033138851,0.36736183208155
7.76666666666667,0.562913354237874,-0.1095,0.576576520315367,0.364885534658805
7.8,0.562913354237874,-0.108,0.656637083629089,0.362446768163205
7.83333333333333,0.562913354237874,-0.102,0.665975624624288,0.360046210014206
7.86666666666667,0.562913354237874,-0.0915,0.608935244809889,0.357684527018081
7.9,0.562913354237874,-0.0855,0.579214038415046,0.355362375182698
7.93333333333333,0.562913354237874,-0.0825,0.56495602005347,0.353080399535302
7.96666666666667,0.562913354237874,-0.0795,0.538829560881264,0.350839233943345
8,0.562913354237874,-0.072,0.458095026194631,0.348639500938414
8.03333333333333,0.562913354237874,-0.0645,0.369663079644594,0.346481811543311
8.06666666666667,0.562913354237874,-0.06,0.305144921998199,0.344366765102326
8.1,0.562913354237874,-0.0585,0.265895561568592,0.342294949114761
8.13333333333333,0.562913354237874,-0.0585,0.238051065534001,0.340266939071734
8.16666666666667,0.502427673339844,-0.0585,0.207560613304305,0.338283298296329
8.2,0.502427673339844,-0.0585,0.279891322222174,0.336344577787118
8.23333333333333,0.502427673339844,-0.0585,0.331519294436817,0.334451316065109
8.26666666666667,0.502427673339844,-0.0585,0.366007213971866,0.332604039024162
8.3,0.502427673339844,-0.0585,0.386385212898748,0.330803259784911
8.33333333333333,0.502427673339844,-0.0585,0.39522617145168,0.329049478552232
8.36666666666667,0.502427673339844,-0.0585,0.394710657498882,0.327343182476302
8.4,0.502427673339844,-0.0585,0.386682910686089,0.325684845517282
8.43333333333333,0.39148006439209,-0.0585,0.372699087411992,0.324074928313664
8.46666666666667,0.39148006439209,-0.0585,0.546076109579499,0.32251387805432
8.5,0.39148006439209,-0.0585,0.680135548458477,0.321002128354283
8.53333333333333,0.39148006439209,-0.057,0.766342717434554,0.319540099134306
8.56666666666667,0.39148006439209,-0.054,0.810212032299543,0.318128196504216
8.6,0.39148006439209,-0.0495,0.816440420774195,0.316766812650109
8.63333333333333,0.39148006439209,-0.0435,0.789022449793476,0.315456325725413
8.66666666666667,0.39148006439209,-0.033,0.701349645029172,0.314197099745848
8.7,0.31484375,-0.024,0.616296144448703,0.31298948448831
8.73333333333333,0.31484375,-0.0135,0.638920283685357,0.311833815393718
8.76666666666667,0.31484375,-0.0045,0.643937091982686,0.310730413473835
8.8,0.31484375,0.006,0.60690326892416,0.309679585222097
8.83333333333333,0.31484375,0.018,0.532546786240415,0.308681622528485
8.86666666666667,0.31484375,0.0255,0.484883926818674,0.307736802598442
8.9,0.31484375,0.03,0.452320230268977,0.306845387875872
8.93333333333333,0.31484375,0.033,0.422737527232596,0.306007625970246
8.96666666666667,0.2375,0.033,0.413568950947524,0.305223749587815
9,0.2375,0.033,0.530715601090066,0.304493976466981
9.03333333333333,0.2375,0.0345,0.602110084301597,0.303818509317805
9.06666666666667,0.2375,0.036,0.64805899158313,0.303197535765709
9.1,0.2375,0.036,0.68807368277425,0.302631228299353
9.13333333333333,0.2375,0.036,0.71098284322979,0.302119744222725
9.16666666666667,0.2375,0.036,0.720029545915302,0.301663225611446
9.2,0.2375,0.0375,0.702954921169032,0.301261799273307
9.23333333333333,0.191060066223145,0.0405,0.662070253372704,0.300915576713042
9.26666666666667,0.191060066223145,0.0435,0.694688596750144,0.30062465410136
9.3,0.191060066223145,0.0435,0.737097230923093,0.300389112248224
9.33333333333333,0.191060066223145,0.0435,0.762978695253594,0.300209016580414
9.36666666666667,0.191060066223145,0.0435,0.775453020163044,0.300084417123347
9.4,0.191060066223145,0.0435,0.777158043208742,0.30001534848718
9.43333333333333,0.191060066223145,0.0435,0.770318619614302,0.300001829857202
9.46666666666667,0.191060066223145,0.0435,0.756806237568628,0.300043864988502
9.5,0.192159907023112,0.0435,0.738190345028582,0.300141442204924
9.53333333333333,0.192159907023112,0.0435,0.713879120533328,0.300294534402314
9.56666666666667,0.192159907023112,0.0435,0.687222249457295,0.300503099056045
9.6,0.192159907023112,0.0435,0.65906921458789,0.300767078232832
9.63333333333333,0.192159907023112,0.0435,0.630118226037421,0.301086398606824
9.66666666666667,0.192159907023112,0.0435,0.600939204643924,0.301460971479969
9.7,0.192159907023112,0.0435,0.5719934906475,0.301890692806657
9.73333333333333,0.192159907023112,0.0435,0.543650729950306,0.302375443222615
9.76666666666667,0.196196683247884,0.0435,0.516203328792097,0.302915088078067
9.8,0.196196683247884,0.0435,0.48289272011651,0.303509477475133
9.83333333333333,0.196196683247884,0.0435,0.452179680540939,0.304158446309471
9.86666666666667,0.196196683247884,0.0435,0.423990301979749,0.304861814316131
9.9,0.196196683247884,0.0435,0.398242052723176,0.305619386119636
9.93333333333333,0.196196683247884,0.0435,0.374846281031616,0.306430951288243
9.96666666666667,0.196196683247884,0.0435,0.353710283511446,0.307296284392403
10,0.196196683247884,0.0435,0.334739003866545,0.308215145067372
10.0333333333333,0.1984375,0.0435,0.31783641831002,0.309187278079983
10.0666666666667,0.1984375,0.0435,0.299028670984588,0.310212413399538
10.1,0.1984375,0.0435,0.282821375046697,0.311290266272819
10.1333333333333,0.1984375,0.0435,0.269009446102802,0.312420537303179
10.1666666666667,0.1984375,0.0435,0.257406213367964,0.313602912533711
10.2,0.1984375,0.0435,0.247841602884255,0.314837063534454
10.2333333333333,0.1984375,0.0435,0.240160514951498,0.31612264749362
10.2666666666667,0.1984375,0.0435,0.234221373462679,0.317459307312822
10.3,0.199981943766276,0.0435,0.229894827543441,0.318846671706259
10.3333333333333,0.199981943766276,0.0435,0.224389754967662,0.320284355303854
10.3666666666667,0.199981943766276,0.0435,0.220768654519825,0.321771958758296
10.4,0.199981943766276,0.0435,0.218855129343867,0.323309068855969
10.4333333333333,0.199981943766276,0.0435,0.218492122899233,0.32489525863173
10.4666666666667,0.199981943766276,0.0435,0.219539621115634,0.326530087487505
10.5,0.199981943766276,0.0435,0.221872639613606,0.328213101314682
10.5333333333333,0.199981943766276,0.0435,0.225379459579309,0.329943832620239
10.5666666666667,0.199981943766276,0.0435,0.229960080617981,0.331721800656611
10.6,0.20078125,0.0435,0.235524863023749,0.33354651155522
10.6333333333333,0.20078125,0.0435,0.240610046321104,0.335417458463659
10.6666666666667,0.20078125,0.0435,0.246784269025915,0.337334121686484
10.7,0.20078125,0.0435,0.253942421592653,0.339295968829569
10.7333333333333,0.20078125,0.0435,0.261991527797714,0.341302454947988
10.7666666666667,0.20078125,0.0435,0.270849233450584,0.343353022697389
10.8,0.20078125,0.0435,0.28044248837487,0.345447102488803
10.8333333333333,0.20078125,0.0435,0.290706396513174,0.347584112646864
10.8666666666667,0.199862925211589,0.0435,0.301583212316191,0.349763459571381
10.9,0.199862925211589,0.0435,0.314610728569068,0.351984537902221
10.9333333333333,0.199862925211589,0.0435,0.327857646363982,0.354246730687463
10.9666666666667,0.199862925211589,0.0435,0.341328750822126,0.356549409554767
11,0.199862925211589,0.0435,0.35502648153365,0.358891934885922
11.0333333333333,0.199862925211589,0.0435,0.368951336713975,0.361273655994508
11.0666666666667,0.199862925211589,0.0435,0.383102216438155,0.363693911306643
11.1,0.199862925211589,0.0435,0.397476713610574,0.366152028544748
11.1333333333333,0.199867502848307,0.0435,0.412071360133146,0.368647324914283
11.1666666666667,0.199867502848307,0.0435,0.426873912589161,0.371179107293414
11.2,0.199867502848307,0.0435,0.441888769404701,0.373746672425536
11.2333333333333,0.199867502848307,0.0435,0.457110170869591,0.376349307114622
11.2666666666667,0.199867502848307,0.0435,0.472531981795126,0.378986288423327
11.3,0.199867502848307,0.0435,0.488147789472888,0.381656883873798
11.3333333333333,0.199867502848307,0.0435,0.503950984863665,0.384360351651138
11.3666666666667,0.199867502848307,0.0435,0.519934829539291,0.387095940809459
11.4,0.20078125,0.0435,0.536092510542544,0.389862891480472
11.4333333333333,0.20078125,0.0435,0.550835843012267,0.392660435084562
11.4666666666667,0.20078125,0.0435,0.566033928552503,0.39548779454427
11.5,0.20078125,0.0435,0.58163428617163,0.398344184500148
11.5333333333333,0.20078125,0.0435,0.597591059869775,0.40122881152891
11.5666666666667,0.20078125,0.0435,0.613864124919707,0.404140874363816
11.6,0.20078125,0.0435,0.630418314029737,0.407079564117249
11.6333333333333,0.20078125,0.0435,0.64722274736134,0.410044064505394
11.6666666666667,0.200502777099609,0.0435,0.664250252514411,0.413033552074985
11.7,0.200502777099609,0.0435,0.681958791058938,0.416047196432028
11.7333333333333,0.200502777099609,0.0435,0.6997554571702,0.41908416047247
11.7666666666667,0.200502777099609,0.0435,0.717635370413628,0.422143600614715
11.8,0.200502777099609,0.0435,0.735593718089923,0.425224667033953
11.8333333333333,0.200502777099609,0.0435,0.753625751367463,0.42832650389821
11.8666666666667,0.200502777099609,0.0435,0.771726781575835,0.431448249606081
11.9,0.200502777099609,0.0435,0.78989217667608,0.434589037026052
11.9333333333333,0.200322532653809,0.0435,0.808117357918355,0.437747993737369
11.9666666666667,0.200322532653809,0.0435,0.826709729938719,0.440924242272369
12,0.200322532653809,0.0435,0.845294766424165,0.444116900360215
12.0333333333333,0.200322532653809,0.0435,0.86387704098339,0.447325081171967
12.0666666666667,0.200322532653809,0.0435,0.882459873604598,0.450547893566916
12.1,0.200322532653809,0.0435,0.90104550804112,0.453784442340122
12.1333333333333,0.200322532653809,0.0435,0.919635264897528,0.457033828471067
12.1666666666667,0.200322532653809,0.0435,0.938229673714945,0.460295149373388
12.2,0.200260416666667,0.045,0.941828586909989,0.463567499145581
12.2333333333333,0.200260416666667,0.045,0.960538776725089,0.46684996882264
12.2666666666667,0.200260416666667,0.045,0.979231497403318,0.470141646628539
12.3,0.200260416666667,0.045,0.997908212487191,0.473441618229497
12.3333333333333,0.200260416666667,0.045,1.01656958089078,0.476748966987954
12.3666666666667,0.200260416666667,0.045,1.0352155730715,0.480062774217189
12.4,0.200260416666667,0.045,1.05384557124718,0.483382119436501
12.4333333333333,0.200260416666667,0.0495,1.02745845583057,0.486706080626894
12.4666666666667,0.200260416666667,0.0645,0.896052679960266,0.490033734487189
12.5,0.200260416666667,0.0795,0.764626333753385,0.493364156690489
12.5333333333333,0.200260416666667,0.087,0.708177199685858,0.496696422140928
12.5666666666667,0.200260416666667,0.0945,0.651702800315804,0.500029605230641
12.6,0.200260416666667,0.1065,0.550200439401106,0.50336278009687
12.6333333333333,0.200260416666667,0.123,0.403667237319729,0.506695020879139
12.6666666666667,0.200260416666667,0.1335,0.317100161578074,0.510025401976435
12.7,0.200260416666667,0.135,0.320496053085959,0.513352998304311
12.7333333333333,0.200136884053548,0.135,0.338851648784492,0.516676885551852
12.7666666666667,0.200136884053548,0.135,0.357377388186147,0.519996140438415
12.8,0.200136884053548,0.135,0.375816241509533,0.523309840970099
12.8333333333333,0.200136884053548,0.135,0.394170915787855,0.526617066695839
12.8666666666667,0.200136884053548,0.135,0.412443189383923,0.529916898963089
12.9,0.200136884053548,0.135,0.430634045920572,0.533208421172991
12.9333333333333,0.200136884053548,0.135,0.448743789950768,0.536490719034987
12.9666666666667,0.200136884053548,0.135,0.466772146840971,0.539762880820774
13,0.2,0.135,0.484718349008555,0.543023997617563
13.0333333333333,0.2,0.1365,0.487818103585047,0.546273163580546
13.0666666666667,0.2,0.1365,0.505788844955293,0.549509476184515
13.1,0.2,0.1365,0.523635576941375,0.552732036474556
13.1333333333333,0.2,0.1365,0.541362068559034,0.555939949315752
13.1666666666667,0.2,0.1365,0.558971031804199,0.559132323641832
13.2,0.2,0.1365,0.576464275173144,0.562308272702676
13.2333333333333,0.2,0.1365,0.593842836201618,0.565466914310631
13.2666666666667,0.199739583333333,0.1365,0.611107095866428,0.568607371085563
13.3,0.199739583333333,0.138,0.613707557582376,0.57172877069856
13.3333333333333,0.199739583333333,0.141,0.601108932016287,0.574830246114244
13.3666666666667,0.199739583333333,0.144,0.588323188943979,0.577910935831609
13.4,0.199739583333333,0.144,0.605360090579209,0.58096998412332
13.4333333333333,0.199739583333333,0.144,0.622227505901002,0.58400654127341
13.4666666666667,0.199739583333333,0.144,0.63893168205978,0.587019763813306
13.5,0.199739583333333,0.144,0.65547747866744,0.590008814756124
13.5333333333333,0.200260416666667,0.144,0.671868569996253,0.592972863829152
13.5666666666667,0.200260416666667,0.144,0.687206258891407,0.595911087704487
13.6,0.200260416666667,0.144,0.702561627976399,0.598822670227722
13.6333333333333,0.200260416666667,0.144,0.717909712641372,0.601706802644654
13.6666666666667,0.200260416666667,0.144,0.733228672962472,0.604562683825936
13.7,0.200260416666667,0.144,0.748499370695082,0.607389520489602
13.7333333333333,0.200260416666667,0.144,0.76370500367435,0.610186527421423
13.7666666666667,0.200260416666667,0.144,0.778830789899514,0.612952927693013
13.8,0.204575729370117,0.144,0.793863694613396,0.61568795287764
13.8333333333333,0.204575729370117,0.1455,0.786324061579661,0.618390843263673
13.8666666666667,0.204575729370117,0.1455,0.795061085497039,0.621060848065605
13.9,0.204575729370117,0.1455,0.804849956903213,0.623697225632605
13.9333333333333,0.204575729370117,0.1455,0.815497863267608,0.626299243654522
13.9666666666667,0.204575729370117,0.1455,0.826839554816695,0.628866179365304
14,0.204575729370117,0.1455,0.838733514671608,0.631397319743758
14.0333333333333,0.204575729370117,0.1455,0.851058651752113,0.63389196171161
14.0666666666667,0.215172894795736,0.1455,0.863711445845981,0.636349412328798
14.1,0.215172894795736,0.1455,0.858263899476317,0.638768988985953
14.1333333333333,0.215172894795736,0.1455,0.856396740417421,0.641150019594004
14.1666666666667,0.215172894795736,0.1455,0.857515922232897,0.643491842770872
14.2,0.215172894795736,0.1455,0.861113132506121,0.645793808025175
14.2333333333333,0.215172894795736,0.1455,0.866753862606806,0.648055275936923
14.2666666666667,0.215172894795736,0.1455,0.874067105956481,0.650275618335125
14.3,0.215172894795736,0.1455,0.882736464845467,0.652454218472282
14.3333333333333,0.230929120381673,0.1455,0.892492475389832,0.654590471195697
14.3666666666667,0.230929120381673,0.1455,0.875838068866604,0.656683783115571
14.4,0.230929120381673,0.1455,0.864926491984494,0.658733572769831
14.4333333333333,0.230929120381673,0.1455,0.858805202489817,0.660739270785642
14.4666666666667,0.230929120381673,0.1455,0.856660339093734,0.662700320037563
14.5,0.230929120381673,0.1455,0.857797352901236,0.664616175802301
14.5333333333333,0.230929120381673,0.1455,0.861624287368958,0.666486305910017
14.5666666666667,0.230929120381673,0.1455,0.86763734873329,0.668310190892151
14.6,0.257589530944824,0.1455,0.875408456958039,0.670087324125713
14.6333333333333,0.257589530944824,0.1455,0.838435675942367,0.671817211974009
14.6666666666667,0.257589530944824,0.1455,0.811145896290976,0.673499373923761
14.7,0.257589530944824,0.1455,0.791946698464354,0.675133342718577
14.7333333333333,0.257589530944824,0.1455,0.779478154027373,0.676718664488741
14.7666666666667,0.257589530944824,0.1455,0.772580321077572,0.678254898877289
14.8,0.257589530944824,0.1455,0.770265186486518,0.679741619162325
14.8333333333333,0.257589530944824,0.1455,0.771692453633501,0.681178412375552
14.8666666666667,0.28996836344401,0.1455,0.776148655113761,0.682564879416981
14.9,0.28996836344401,0.1455,0.726993935887339,0.683900635165794
14.9333333333333,0.28996836344401,0.1455,0.690191223448257,0.685185308587317
14.9666666666667,0.28996836344401,0.1455,0.663690413273446,0.686418542836081
15,0.28996836344401,0.1455,0.645742503620777,0.687599995354948
15.0333333333333,0.28996836344401,0.1455,0.634857382336737,0.688729337970258
15.0666666666667,0.28996836344401,0.1455,0.629767396728602,0.689806256982992
15.1,0.28996836344401,0.1455,0.629395923898839,0.690830453255903
15.1333333333333,0.325481287638346,0.1455,0.632830264145443,0.691801642296613
15.1666666666667,0.325481287638346,0.1455,0.577839169683495,0.692719554336632
15.2,0.325481287638346,0.1455,0.536679540911191,0.693583934406297
15.2333333333333,0.325481287638346,0.1455,0.50702738296273,0.69439454240559
15.2666666666667,0.325481287638346,0.1455,0.486902072782453,0.695151153170835
15.3,0.325481287638346,0.1455,0.474618086517586,0.69585355653724
15.3333333333333,0.325481287638346,0.1455,0.46874334945444,0.696501557397275
15.3666666666667,0.325481287638346,0.1455,0.468063311611764,0.697094975754867
15.4,0.36015625,0.1455,0.471549972724188,0.6976336467754
15.4333333333333,0.36015625,0.1455,0.418326270353836,0.698117420831499
15.4666666666667,0.36015625,0.1455,0.378849191538805,0.698546163544591
15.5,0.36015625,0.1455,0.350771048536514,0.698919755822235
15.5333333333333,0.36015625,0.1455,0.332093372365033,0.699238093891202
15.5666666666667,0.36015625,0.1455,0.321117665180815,0.699501089326296
15.6,0.36015625,0.1455,0.316402919744506,0.699708669074921
15.6333333333333,0.36015625,0.1455,0.316728988730604,0.699860775477371
15.6666666666667,0.399739583333333,0.1455,0.321065010051283,0.699957366282844
15.7,0.399739583333333,0.1455,0.260038799880292,0.699998414661184
15.7333333333333,0.399739583333333,0.1455,0.214185476937709,0.699983909210326
15.7666666666667,0.399739583333333,0.1455,0.180914577487946,0.699913853959469
15.8,0.399739583333333,0.1455,0.158021265244375,0.699788268367954
15.8333333333333,0.399739583333333,0.1455,0.143631932938062,0.699607187319862
15.8666666666667,0.399739583333333,0.1455,0.136157279801388,0.699370661114317
15.9,0.399739583333333,0.1455,0.134251851567082,0.699078755451524
15.9333333333333,0.458843930562337,0.1455,0.13677916594111,0.698731551414511
15.9666666666667,0.458843930562337,0.1455,0.0404949575511349,0.698329145446613
16,0.458843930562337,0.1455,-0.0340630620969101,0.697871649324676
16.0333333333333,0.458843930562337,0.1455,-0.0905233181949119,0.697359190128016
16.0666666666667,0.458843930562337,0.144,-0.116977821785667,0.696791910203114
16.1,0.458843930562337,0.1425,-0.131057592328777,0.69616996712408
16.1333333333333,0.458843930562337,0.1425,-0.149997732661518,0.69549353364888
16.1666666666667,0.458843930562337,0.1395,-0.130693557750967,0.694762797671354
16.2,0.458843930562337,0.138,-0.119748990162408,0.693977962169017
16.2333333333333,0.517259502410889,0.135,-0.0885182719478833,0.693139245146686
16.2666666666667,0.517259502410889,0.132,-0.154236605245881,0.692246879575919
16.3,0.517259502410889,0.129,-0.197933535247173,0.691301113330302
16.3333333333333,0.517259502410889,0.123,-0.193330854710367,0.6903022091166
16.3666666666667,0.517259502410889,0.117,-0.173597254365665,0.689250444401784
16.4,0.517259502410889,0.1095,-0.126426282001101,0.688146111335955
16.4333333333333,0.517259502410889,0.1035,-0.0841035925860013,0.686989516671197
16.4666666666667,0.517259502410889,0.099,-0.0485649407360991,0.68578098167637
16.5,0.569441445668538,0.096,-0.0214461715702897,0.684520842047868
16.5333333333333,0.569441445668538,0.0945,-0.0944330068829644,0.683209447816374
16.5666666666667,0.569441445668538,0.0915,-0.131554315622322,0.681847163249631
16.6,0.569441445668538,0.087,-0.136390213330528,0.680434366751259
16.6333333333333,0.569441445668538,0.084,-0.141985454734365,0.678971450755646
16.6666666666667,0.569441445668538,0.0825,-0.150925109494939,0.677458821618939
16.7,0.569441445668538,0.0825,-0.165399827378334,0.675896899506173
16.7333333333333,0.569441445668538,0.081,-0.157262104819892,0.674286118274558
16.7666666666667,0.616222413380941,0.075,-0.0980747748107921,0.672626925352968
16.8,0.616222413380941,0.069,-0.115112493014828,0.670919781617656
16.8333333333333,0.616222413380941,0.0645,-0.128436155175354,0.66916516126424
16.8666666666667,0.616222413380941,0.06,-0.126306425451229,0.667363551675979
16.9,0.616222413380941,0.0555,-0.111493381727215,0.665515453288397
16.9333333333333,0.616222413380941,0.051,-0.0863460558983774,0.663621379450274
16.9666666666667,0.616222413380941,0.048,-0.067852394044819,0.661681856281053
17,0.616222413380941,0.0465,-0.0576909368161525,0.659697422524698
17.0333333333333,0.675075817108154,0.045,-0.0422753452571184,0.657668629400049
17.0666666666667,0.675075817108154,0.0435,-0.124645166834635,0.655596040447707
17.1,0.675075817108154,0.042,-0.184966966604961,0.653480231373497
17.1333333333333,0.675075817108154,0.039,-0.212011347277034,0.65132178988856
17.1666666666667,0.675075817108154,0.033,-0.193985188425935,0.649121315546093
17.2,0.675075817108154,0.027,-0.163611319464702,0.646879419574823
17.2333333333333,0.675075817108154,0.021,-0.123197233151072,0.644596724709213
17.2666666666667,0.675075817108154,0.015,-0.0746943259749154,0.642273865016494
17.3,0.719425678253174,0.0105,-0.0347489517230807,0.639911485720534
17.3333333333333,0.719425678253174,0.006,-0.0664988140390533,0.637510243022612
17.3666666666667,0.719425678253174,0,-0.0650549952973969,0.635070803919151
17.4,0.719425678253174,-0.0045,-0.0636060815378882,0.632593846016437
17.4333333333333,0.719425678253174,-0.009,-0.0498593274905052,0.630080057342405
17.4666666666667,0.719425678253174,-0.009,-0.0711089852127263,0.627530136155524
17.5,0.719425678253174,-0.009,-0.0842952126600442,0.624944790750839
17.5333333333333,0.719425678253174,-0.009,-0.0910548412837305,0.622324739263226
17.5666666666667,0.767624870936076,-0.012,-0.0627651094833897,0.61967070946792
17.6,0.767624870936076,-0.015,-0.113995432623696,0.616983438578352
17.6333333333333,0.767624870936076,-0.0165,-0.161757828480996,0.614263673041382
17.6666666666667,0.767624870936076,-0.021,-0.164265945728129,0.611512168329946
17.7,0.767624870936076,-0.024,-0.169249319023121,0.608729688733218
17.7333333333333,0.767624870936076,-0.03,-0.134022025900437,0.605917007144304
17.7666666666667,0.767624870936076,-0.033,-0.120541883099606,0.603074904845562
17.8,0.767624870936076,-0.036,-0.100461466581157,0.600204171291577
17.8333333333333,0.815564473470052,-0.039,-0.0751720665439529,0.597305603889878
17.8666666666667,0.815564473470052,-0.0405,-0.143806402168111,0.594380007779437
17.9,0.815564473470052,-0.045,-0.163920660875034,0.591428195607031
17.9333333333333,0.815564473470052,-0.051,-0.153725564318819,0.588450987301505
17.9666666666667,0.815564473470052,-0.057,-0.130948541867146,0.585449209846022
18,0.815564473470052,-0.0615,-0.112902245332495,0.582423697048351
18.0333333333333,0.815564473470052,-0.066,-0.08654362460983,0.579375289309262
18.0666666666667,0.815564473470052,-0.069,-0.0685248454207978,0.576304833389079
18.1,0.852834049860636,-0.0735,-0.0302371578493102,0.573213182172482
18.1333333333333,0.852834049860636,-0.0765,-0.067347860229696,0.570101194431597
18.1666666666667,0.852834049860636,-0.081,-0.0743193768739694,0.566969734587453
18.2,0.852834049860636,-0.0855,-0.0688297019239893,0.56381967246987
18.2333333333333,0.852834049860636,-0.087,-0.0831503690745242,0.56065188307585
18.2666666666667,0.852834049860636,-0.0885,-0.0892042898835484,0.557467246326522
18.3,0.852834049860636,-0.0915,-0.0736156088092101,0.554266646822727
18.3333333333333,0.852834049860636,-0.0945,-0.0527526596567912,0.551050973599304
18.3666666666667,0.879084094365438,-0.0975,-0.0277649619853751,0.547821119878137
18.4,0.879084094365438,-0.099,-0.0600437179364738,0.54457798282005
18.4333333333333,0.879084094365438,-0.1005,-0.0815001329926664,0.541322463275592
18.4666666666667,0.879084094365438,-0.1035,-0.0791134639360787,0.538055465534816
18.5,0.879084094365438,-0.1065,-0.069558549964011,0.534777897076087
18.5333333333333,0.879084094365438,-0.1095,-0.0542493844847905,0.531490668314014
18.5666666666667,0.879084094365438,-0.1095,-0.0643766551788807,0.52819469234656
18.6,0.879084094365438,-0.1095,-0.0709400731257966,0.524890884701412
18.6333333333333,0.8983314037323,-0.111,-0.0597762011222544,0.521580163081674
18.6666666666667,0.8983314037323,-0.1125,-0.0798920247622288,0.51826344711095
18.7,0.8983314037323,-0.114,-0.0923512290048864,0.514941658077907
18.7333333333333,0.8983314037323,-0.117,-0.0835938125400291,0.511615718680361
18.7666666666667,0.8983314037323,-0.1185,-0.084835698177969,0.508286552768982
18.8,0.8983314037323,-0.1185,-0.0971009648690351,0.504955085090672
18.8333333333333,0.8983314037323,-0.12,-0.0912496068139629,0.501622241031697
18.8666666666667,0.8983314037323,-0.1215,-0.0830014291294229,0.498288946360645
18.9,0.8983314037323,-0.123,-0.0729566072963519,0.494956126971268
18.9333333333333,0.904380599657694,-0.126,-0.0466133664196139,0.491624708625301
18.9666666666667,0.904380599657694,-0.126,-0.0598519872291819,0.488295616695307
19,0.904380599657694,-0.1275,-0.0555911281920751,0.484969775907638
19.0333333333333,0.904380599657694,-0.1275,-0.064408444817235,0.481648110085574
19.0666666666667,0.904380599657694,-0.1275,-0.0717852084151951,0.478331541892705
19.1,0.904380599657694,-0.1275,-0.0781205675479896,0.47502099257665
19.1333333333333,0.904380599657694,-0.1275,-0.0837438031684987,0.471717381713153
19.1666666666667,0.904380599657694,-0.1275,-0.0889248527765377,0.468421626950657
19.2,0.897916666666667,-0.1275,-0.0938833416257623,0.465134643755404
19.2333333333333,0.897916666666667,-0.129,-0.0726097651536639,0.461857345157146
19.2666666666667,0.897916666666667,-0.1305,-0.0535158105046518,0.458590641495533
19.3,0.897916666666667,-0.1305,-0.0513892083717921,0.455335440167243
19.3333333333333,0.897916666666667,-0.1305,-0.0510387501250736,0.452092645373937
19.3666666666667,0.897916666666667,-0.1305,-0.0522919893289941,0.448863157871094
19.4,0.897916666666667,-0.1305,-0.0549932121384314,0.445647874717812
19.4333333333333,0.897916666666667,-0.1305,-0.0590016435321272,0.442447689027624
19.4666666666667,0.884895833333333,-0.1305,-0.0641898605390012,0.439263489720424
19.5,0.884895833333333,-0.1305,-0.0479083736591054,0.436096161275545
19.5333333333333,0.884895833333333,-0.1305,-0.0367843998493508,0.432946583486078
19.5666666666667,0.884895833333333,-0.1305,-0.030071838658392,0.42981563121449
19.6,0.884895833333333,-0.1305,-0.0271267929263008,0.426704174149614
19.6333333333333,0.884895833333333,-0.1305,-0.0273937119382556,0.423613076565073
19.6666666666667,0.884895833333333,-0.1305,-0.0303933997423761,0.420543197079208
19.7,0.884895833333333,-0.1305,-0.0357126386397724,0.417495388416581
19.7333333333333,0.854947916666667,-0.1305,-0.0429952112841511,0.414470497171114
19.7666666666667,0.854947916666667,-0.1305,-0.000105902500627253,0.411469363570924
19.8,0.854947916666667,-0.1305,0.0317361772963878,0.408492821244936
19.8333333333333,0.854947916666667,-0.1305,0.0542559169383763,0.405541696991324
19.8666666666667,0.854947916666667,-0.1305,0.0689312755404813,0.402616810547849
19.9,0.854947916666667,-0.1305,0.077027492314863,0.399718974364161
19.9333333333333,0.854947916666667,-0.1305,0.0796266387184634,0.396848993376121
19.9666666666667,0.854947916666667,-0.1305,0.0776531411330637,0.394007664782219
20,0.819855801264445,-0.1305,0.0718958179811333,0.391195777822126
20.0333333333333,0.819855801264445,-0.1305,0.123757746780064,0.388414113557473
20.0666666666667,0.819855801264445,-0.1305,0.161766284139429,0.385663444654893
20.1,0.819855801264445,-0.1305,0.188161771808481,0.382944535171393
20.1333333333333,0.819855801264445,-0.1305,0.204858531306933,0.380258140342125
20.1666666666667,0.819855801264445,-0.1305,0.213490387297157,0.377605006370602
20.2,0.819855801264445,-0.1305,0.215449967515671,0.374985870221424
20.2333333333333,0.819855801264445,-0.1305,0.211922620503982,0.372401459415567
20.2666666666667,0.772635046641032,-0.1305,0.203915679360359,0.369852491828305
20.3,0.772635046641032,-0.1305,0.274004518013016,0.3673396754898
20.3333333333333,0.772635046641032,-0.1305,0.325967673367971,0.364863708388434
20.3666666666667,0.772635046641032,-0.1305,0.362777042548617,0.362425278276925
20.4,0.772635046641032,-0.1305,0.386969025937268,0.360025062481292
20.4333333333333,0.772635046641032,-0.1305,0.400705532437758,0.35766372771271
20.4666666666667,0.772635046641032,-0.1305,0.40582663104402,0.355341929882323
20.5,0.772635046641032,-0.1305,0.403895978909229,0.353060313919041
20.5333333333333,0.729339599609375,-0.1305,0.396240004197562,0.350819513590407
20.5666666666667,0.729339599609375,-0.1305,0.458909321215433,0.348620151326548
20.6,0.729339599609375,-0.1305,0.503966302770042,0.346462838047284
20.6333333333333,0.729339599609375,-0.129,0.51937474743398,0.344348172992432
20.6666666666667,0.729339599609375,-0.1275,0.522659633650456,0.342276743555355
20.7,0.729339599609375,-0.1275,0.530968891441664,0.3402491251198
20.7333333333333,0.729339599609375,-0.1275,0.531126694105983,0.338265880900072
20.7666666666667,0.729339599609375,-0.1275,0.524679418740328,0.33632756178459
20.8,0.68046875,-0.1275,0.512935269891836,0.334434706182869
20.8333333333333,0.68046875,-0.1275,0.581574917568613,0.33258783987596
20.8666666666667,0.68046875,-0.1275,0.631195250735458,0.330787475870406
20.9,0.68046875,-0.1275,0.665019656540649,0.329034114255743
20.9333333333333,0.68046875,-0.1275,0.685792779576488,0.327328242065591
20.9666666666667,0.68046875,-0.1275,0.695848007378824,0.325670333142367
21,0.68046875,-0.1275,0.697165684934026,0.324060848005666
21.0333333333333,0.68046875,-0.126,0.676423314667498,0.322500233724345
21.0666666666667,0.611362139383952,-0.126,0.665038829341922,0.320988923792336
21.1,0.611362139383952,-0.1245,0.753804625435536,0.319527338008235
21.1333333333333,0.611362139383952,-0.123,0.816849145222876,0.318115882358697
21.1666666666667,0.611362139383952,-0.1185,0.828470055264505,0.316754948905658
21.2,0.611362139383952,-0.1095,0.777329589640739,0.315444915677439
21.2333333333333,0.611362139383952,-0.102,0.726543925042468,0.314186146563734
21.2666666666667,0.611362139383952,-0.0945,0.663760291897747,0.312978991214538
21.3,0.611362139383952,-0.084,0.561223482615002,0.311823784943018
21.3333333333333,0.611362139383952,-0.072,0.435833194616983,0.310720848632378
21.3666666666667,0.543591817220052,-0.0645,0.349193452364326,0.309670488646723
21.4,0.543591817220052,-0.06,0.40493933439956,0.308672996745962
21.4333333333333,0.543591817220052,-0.057,0.450071722354691,0.307728650004765
21.4666666666667,0.543591817220052,-0.0525,0.458928144683236,0.306837710735599
21.5,0.543591817220052,-0.051,0.480201308002818,0.306000426415864
21.5333333333333,0.543591817220052,-0.051,0.502030022077881,0.305217029619156
21.5666666666667,0.543591817220052,-0.051,0.512077631986518,0.304487737950659
21.6,0.543591817220052,-0.051,0.512599650721987,0.303812753986702
21.6333333333333,0.471875,-0.051,0.50550205766012,0.30319226521849
21.6666666666667,0.471875,-0.0495,0.601505533079457,0.302626444000025
21.7,0.471875,-0.048,0.669724879660499,0.30211544750023
21.7333333333333,0.471875,-0.045,0.699877136427134,0.30165941765929
21.7666666666667,0.471875,-0.039,0.680977132684763,0.30125848114923
21.8,0.471875,-0.033,0.646436565599695,0.300912749338724
21.8333333333333,0.471875,-0.03,0.629149460637621,0.300622318262164
21.8666666666667,0.471875,-0.03,0.631565860804251,0.30038726859298
21.9,0.396731313069661,-0.0285,0.610755342245338,0.300207665621237
21.9333333333333,0.396731313069661,-0.0255,0.698506323392534,0.300083559235493
21.9666666666667,0.396731313069661,-0.0165,0.697012765300351,0.300014983908947
22,0.396731313069661,-0.0075,0.671258348511727,0.300001958689859
22.0333333333333,0.396731313069661,-0.003,0.670483520702349,0.300044487196263
22.0666666666667,0.396731313069661,0,0.668290447046202,0.300142557614958
22.1,0.396731313069661,0.006,0.62273353039372,0.300296142704791
22.1333333333333,0.396731313069661,0.015,0.536397457849781,0.300505199804225
22.1666666666667,0.310095342000326,0.024,0.441464467033636,0.300769670843188
22.2,0.310095342000326,0.03,0.519705569667099,0.301089482359202
22.2333333333333,0.310095342000326,0.0345,0.579798797524256,0.301464545517793
22.2666666666667,0.310095342000326,0.042,0.582366668517014,0.30189475613716
22.3,0.310095342000326,0.045,0.607194317562056,0.30237999471712
22.3333333333333,0.310095342000326,0.045,0.643347664560779,0.3029201264723
22.3666666666667,0.310095342000326,0.045,0.664275340374093,0.303515001369573
22.4,0.310095342000326,0.045,0.672896572643489,0.304164454169736
22.4333333333333,0.252378527323405,0.045,0.671676937027736,0.304868304473412
22.4666666666667,0.252378527323405,0.045,0.762579049064652,0.305626356771152
22.5,0.252378527323405,0.045,0.82885432232231,0.306438400497748
22.5333333333333,0.252378527323405,0.045,0.874849287497068,0.307304210090719
22.5666666666667,0.252378527323405,0.045,0.904253465912789,0.308223545052967
22.6,0.252378527323405,0.045,0.920192720206814,0.309196150019582
22.6333333333333,0.252378527323405,0.048,0.895309729239346,0.310221754828771
22.6666666666667,0.252378527323405,0.0585,0.786833335980674,0.311300074596903
22.7,0.19254576365153,0.069,0.671638281579588,0.312430809797643
22.7333333333333,0.19254576365153,0.0765,0.684843948306351,0.313613646345152
22.7666666666667,0.19254576365153,0.081,0.704926314831983,0.314848255681325
22.8,0.19254576365153,0.0915,0.645969781748692,0.316134294867065
22.8333333333333,0.19254576365153,0.105,0.541441073784849,0.317471406677533
22.8666666666667,0.19254576365153,0.1185,0.424277015705438,0.318859219701379
22.9,0.19254576365153,0.1245,0.371960200421234,0.32029734844391
22.9333333333333,0.19254576365153,0.126,0.356584193824507,0.321785393434167
22.9666666666667,0.199854532877604,0.126,0.349909699353209,0.323322941335885
23,0.199854532877604,0.126,0.325764267954891,0.324909565062314
23.0333333333333,0.199854532877604,0.126,0.300386227409619,0.326544823894842
23.0666666666667,0.199854532877604,0.126,0.27443639984718,0.328228263605418
23.1,0.199854532877604,0.126,0.248451795398475,0.329959416582727
23.1333333333333,0.199854532877604,0.126,0.222864749804928,0.331737801962071
23.1666666666667,0.199854532877604,0.126,0.198019314013993,0.333562925758947
23.2,0.199854532877604,0.126,0.17418527680529,0.335434281006258
23.2333333333333,0.199854532877604,0.126,0.151570149594668,0.337351347895136
23.2666666666667,0.205096308390299,0.126,0.130329397667232,0.339313593919325
23.3,0.205096308390299,0.126,0.101503682368247,0.341320474023105
23.3333333333333,0.205096308390299,0.126,0.0759307033742623,0.343371430752682
23.3666666666667,0.205096308390299,0.126,0.0533950822454948,0.345465894411043
23.4,0.205096308390299,0.1245,0.0486948899518727,0.347603283216193
23.4333333333333,0.205096308390299,0.1245,0.0316409570029189,0.349783003462765
23.4666666666667,0.205096308390299,0.1245,0.0170561930493818,0.352004449686926
23.5,0.205096308390299,0.1245,0.00477492085339287,0.354267004834566
23.5333333333333,0.215083948771159,0.1245,-0.00535777158799572,0.356570040432691
23.5666666666667,0.215083948771159,0.1245,-0.0307713906512971,0.358912916764
23.6,0.215083948771159,0.1245,-0.0510963808311798,0.361294983044576
23.6333333333333,0.215083948771159,0.1245,-0.0669583173582228,0.363715577604657
23.6666666666667,0.215083948771159,0.1245,-0.0789025879609383,0.366174028072431
23.7,0.215083948771159,0.1215,-0.0574048808244522,0.368669651560797
23.7333333333333,0.215083948771159,0.12,-0.0478802895283684,0.371201754857056
23.7666666666667,0.215083948771159,0.1185,-0.0356912182105081,0.373769634615462
23.8,0.227083333333333,0.117,-0.0211542458564631,0.376372577552593
23.8333333333333,0.227083333333333,0.117,-0.0403123693624687,0.379009860645483
23.8666666666667,0.227083333333333,0.117,-0.0537726780818952,0.381680751332451
23.9,0.227083333333333,0.117,-0.0623468725849874,0.384384507716591
23.9333333333333,0.227083333333333,0.1155,-0.0517341270316161,0.387120378771849
23.9666666666667,0.227083333333333,0.1155,-0.052536450889185,0.389887604551635
24,0.227083333333333,0.114,-0.0352719758305063,0.392685416399913
24.0333333333333,0.227083333333333,0.1125,-0.0153864464257795,0.395513037164716
24.0666666666667,0.243388239542643,0.1125,-0.00826315594729718,0.398369681414013
24.1,0.243388239542643,0.1125,-0.0274490066313944,0.401254555653881
24.1333333333333,0.243388239542643,0.1125,-0.0397527459640748,0.404166858548913
24.1666666666667,0.243388239542643,0.1125,-0.0462324477436764,0.407105781144809
24.2,0.243388239542643,0.1125,-0.0477945198153383,0.41007050709308
24.2333333333333,0.243388239542643,0.1125,-0.045214753770892,0.413060212877802
24.2666666666667,0.243388239542643,0.1125,-0.0391565063612302,0.41607406804437
24.3,0.243388239542643,0.1125,-0.03018639964479,0.419111235430172
24.3333333333333,0.272315533955892,0.1125,-0.0187878749508437,0.42217087139713
24.3666666666667,0.272315533955892,0.1125,-0.0554348206661946,0.425252126066039
24.4,0.272315533955892,0.1125,-0.0810895807956395,0.428354143552634
24.4333333333333,0.272315533955892,0.1125,-0.0974961417086366,0.43147606220534
24.4666666666667,0.272315533955892,0.111,-0.0911453964515055,0.434617014844602
24.5,0.272315533955892,0.111,-0.0933104612767609,0.437776129003775
24.5333333333333,0.272315533955892,0.111,-0.0900771661625764,0.440952527171458
24.5666666666667,0.272315533955892,0.1095,-0.0673703715108311,0.444145327035254
24.6,0.302083333333333,0.108,-0.040976675603752,0.44735364172684
24.6333333333333,0.302083333333333,0.1065,-0.0630805196265942,0.450576580068319
24.6666666666667,0.302083333333333,0.1065,-0.0881342454439056,0.453813246819766
24.7,0.302083333333333,0.105,-0.0881048825855814,0.457062742927894
24.7333333333333,0.302083333333333,0.1035,-0.0796708203289895,0.46032416577579
24.7666666666667,0.302083333333333,0.102,-0.0642622959165681,0.463596609433633
24.8,0.302083333333333,0.102,-0.0580963349145243,0.466879164910338
24.8333333333333,0.302083333333333,0.102,-0.0472068945546478,0.470170920406046
24.8666666666667,0.326122856140137,0.102,-0.0324708599596582,0.473470961565396
24.9,0.326122856140137,0.102,-0.0562335482625127,0.476778371731508
24.9333333333333,0.326122856140137,0.102,-0.0697682905369218,0.480092232200603
24.9666666666667,0.326122856140137,0.102,-0.074805013192237,0.48341162247719
25,0.326122856140137,0.102,-0.0728164741794128,0.48673562052976
25.0333333333333,0.326122856140137,0.102,-0.0650545640934318,0.490063303046893
25.0666666666667,0.326122856140137,0.102,-0.0525816169374393,0.493393745693731
25.1,0.326122856140137,0.102,-0.036297407111702,0.496726023368732
25.1333333333333,0.36484375,0.102,-0.0169624181485187,0.500059210460634
25.1666666666667,0.36484375,0.102,-0.0622287429205262,0.503392381105567
25.2,0.36484375,0.102,-0.0931409918384113,0.506724609444227
25.2333333333333,0.36484375,0.102,-0.112086999296298,0.51005496987906
25.2666666666667,0.36484375,0.1005,-0.106101958815847,0.513382537331356
25.3,0.36484375,0.1005,-0.106918029461126,0.516706387498222
25.3333333333333,0.36484375,0.1005,-0.101007134889251,0.520025597109315
25.3666666666667,0.36484375,0.1005,-0.0896178770745291,0.523339244183308
25.4,0.408109092712402,0.1005,-0.0738073627330174,0.526646408283988
25.4333333333333,0.408109092712402,0.1005,-0.129344164956158,0.529946170775926
25.4666666666667,0.408109092712402,0.099,-0.153156410144781,0.533237615079645
25.5,0.408109092712402,0.0975,-0.163039493841803,0.536519826926227
25.5333333333333,0.408109092712402,0.0945,-0.146375270973356,0.539791894611261
25.5666666666667,0.408109092712402,0.093,-0.135190268358606,0.543052909248099
25.6,0.408109092712402,0.0915,-0.116205906070202,0.546301965020308
25.6333333333333,0.408109092712402,0.09,-0.09088181022795,0.549538159433287
25.6666666666667,0.442649841308594,0.0855,-0.0304531541897654,0.552760593564954
25.7,0.442649841308594,0.084,-0.0557394814647796,0.555968372315435
25.7333333333333,0.442649841308594,0.0825,-0.0667064013168875,0.559160604655704
25.7666666666667,0.442649841308594,0.081,-0.0658183066680741,0.562336403875082
25.8,0.442649841308594,0.081,-0.0701711904155246,0.565494887827539
25.8333333333333,0.442649841308594,0.0795,-0.0515447608980632,0.568635179176729
25.8666666666667,0.442649841308594,0.0795,-0.041447384923121,0.571756405639694
25.9,0.442649841308594,0.0795,-0.0261548313462619,0.574857700229151
25.9333333333333,0.442649841308594,0.0795,-0.00674365722091688,0.577938201494323
25.9666666666667,0.482765102386475,0.0795,0.0158800348826346,0.580997053760221
26,0.482765102386475,0.0795,-0.0284681240282779,0.584033407365328
26.0333333333333,0.482765102386475,0.0795,-0.0580668419231049,0.587046418897612
26.0666666666667,0.482765102386475,0.0795,-0.0754514701452741,0.590035251428797
26.1,0.482765102386475,0.078,-0.0677787180573639,0.592999074746844
26.1333333333333,0.482765102386475,0.078,-0.0668801880601053,0.595937065586555
26.1666666666667,0.482765102386475,0.0765,-0.044308544812473,0.598848407858254
26.2,0.524855136871338,0.075,-0.0163773177319124,0.601732292874475
26.2333333333333,0.524855136871338,0.075,-0.0720367304459561,0.60458791957459
26.2666666666667,0.524855136871338,0.075,-0.110808636711916,0.607414494747321
26.3,0.524855136871338,0.072,-0.105580714357837,0.610211233251073
26.3333333333333,0.524855136871338,0.069,-0.0888101643936157,0.612977358232023
26.3666666666667,0.524855136871338,0.066,-0.0625845157622905,0.615712101339907
26.4,0.524855136871338,0.0645,-0.0436740682377532,0.618414702941445
26.4333333333333,0.524855136871338,0.063,-0.0185771073506017,0.621084412331348
26.4666666666667,0.524855136871338,0.063,-0.0035588726259686,0.62372048794084
26.5,0.565683142344157,0.063,0.0153148717289242,0.626322197543648
26.5333333333333,0.565683142344157,0.063,-0.033508517227152,0.628888818459387
26.5666666666667,0.565683142344157,0.063,-0.0669579639209378,0.631419637754307
26.6,0.565683142344157,0.063,-0.0876997250176,0.63391395243932
26.6333333333333,0.565683142344157,0.063,-0.0980007245755218,0.636371069665276
26.6666666666667,0.565683142344157,0.063,-0.0997850802731614,0.638790306915411
26.7,0.565683142344157,0.0615,-0.0796828475980846,0.641170992194933
26.7333333333333,0.565683142344157,0.06,-0.0540720378759484,0.643512464217683
26.7666666666667,0.605208333333333,0.06,-0.0391148238716962,0.645814072589822
26.8,0.605208333333333,0.0585,-0.0741915031117726,0.64807517799049
26.8333333333333,0.605208333333333,0.057,-0.0939758996444183,0.650295152349392
26.8666666666667,0.605208333333333,0.0555,-0.101128915719242,0.652473379021259
26.9,0.605208333333333,0.054,-0.0979125245528772,0.654609252957132
26.9333333333333,0.605208333333333,0.0525,-0.0862462610504539,0.65670218087243
26.9666666666667,0.605208333333333,0.051,-0.0677559338319475,0.658751581411744
27,0.605208333333333,0.0495,-0.0438156141005334,0.660756885310324
27.0333333333333,0.649479166666667,0.0495,-0.0305838147821737,0.662717535552204
27.0666666666667,0.649479166666667,0.0495,-0.0906502965660609,0.664632987524924
27.1,0.649479166666667,0.048,-0.11894283035792,0.666502709170808
27.1333333333333,0.649479166666667,0.045,-0.11835660288324,0.668326181134753
27.1666666666667,0.649479166666667,0.0435,-0.121353959074102,0.670102896908495
27.2,0.649479166666667,0.042,-0.115025608856566,0.671832362971299
27.2333333333333,0.649479166666667,0.0405,-0.101143411931021,0.673514098927046
27.2666666666667,0.649479166666667,0.036,-0.0512058829399313,0.675147637637671
27.3,0.67246929804484,0.036,-0.0414774056478871,0.676732525352927
27.3333333333333,0.67246929804484,0.0345,-0.0528090144748772,0.678268321836416
27.3666666666667,0.67246929804484,0.033,-0.053894343657988,0.679754600487879
27.4,0.67246929804484,0.0315,-0.0466292134317558,0.681190948461692
27.4333333333333,0.67246929804484,0.03,-0.0326194893734004,0.682576966781543
27.4666666666667,0.67246929804484,0.0285,-0.0132225140830705,0.683912270451254
27.5,0.67246929804484,0.0285,-0.00458280745888273,0.685196488561725
27.5333333333333,0.67246929804484,0.0285,0.00733718480331498,0.686429264393962
27.5666666666667,0.70634593963623,0.0285,0.0217306199570269,0.687610255518159
27.6,0.70634593963623,0.0285,-0.0207038500812809,0.688739133888821
27.6333333333333,0.70634593963623,0.0285,-0.0509776878723824,0.68981558593588
27.6666666666667,0.70634593963623,0.0285,-0.0712487982443997,0.690839312651802
27.7,0.70634593963623,0.0255,-0.0533496586796883,0.691810029674635
27.7333333333333,0.70634593963623,0.024,-0.0438335149538928,0.692727467367005
27.7666666666667,0.70634593963623,0.024,-0.044014207627709,0.693591370891007
27.8,0.70634593963623,0.024,-0.0400004942448628,0.694401500278995
27.8333333333333,0.74296875,0.024,-0.0327256156109029,0.695157630500237
27.8666666666667,0.74296875,0.024,-0.0863526377239855,0.695859551523422
27.9,0.74296875,0.0225,-0.111349344488868,0.696507068375002
27.9333333333333,0.74296875,0.0195,-0.11009227409496,0.697100001193348
27.9666666666667,0.74296875,0.0165,-0.0996016372120734,0.697638185278711
28,0.74296875,0.0165,-0.111591758018069,0.698121471138974
28.0333333333333,0.74296875,0.0135,-0.0875145707009613,0.698549724531171
28.0666666666667,0.74296875,0.012,-0.0735971137026307,0.698922826498781
28.1,0.771373987197876,0.0075,-0.0258738371186443,0.699240673404766
28.1333333333333,0.771373987197876,0.006,-0.0543728801342992,0.699503176960364
28.1666666666667,0.771373987197876,0.0045,-0.0715066915079694,0.699710264249609
28.2,0.771373987197876,0.003,-0.0793039622997039,0.699861877749584
28.2333333333333,0.771373987197876,0,-0.0644867537203846,0.699957975346403
28.2666666666667,0.771373987197876,-0.003,-0.0435140596689589,0.699998530346908
28.3,0.771373987197876,-0.003,-0.0476193606978385,0.699983531486081
28.3333333333333,0.771373987197876,-0.0045,-0.0328429854782255,0.699912982930176
28.3666666666667,0.795881112416585,-0.0045,-0.0300599859149938,0.69978690427556
28.4,0.795881112416585,-0.0045,-0.0674164678685707,0.699605330543272
28.4333333333333,0.795881112416585,-0.006,-0.0802120396847061,0.699368312169292
28.4666666666667,0.795881112416585,-0.0075,-0.0851821254399501,0.699075914990533
28.5,0.795881112416585,-0.009,-0.0837984129133048,0.698728220226553
28.5333333333333,0.795881112416585,-0.0105,-0.0773064098421776,0.698325324456995
28.5666666666667,0.795881112416585,-0.0105,-0.0817578138852901,0.697867339594761
28.6,0.795881112416585,-0.012,-0.0680384011302525,0.697354392854923
28.6333333333333,0.818166303634644,-0.0135,-0.0518920430115899,0.696786626719388
28.6666666666667,0.818166303634644,-0.0135,-0.0875084040719374,0.696164198897321
28.7,0.818166303634644,-0.0135,-0.114654803467363,0.695487282281336
28.7333333333333,0.818166303634644,-0.015,-0.119876338743083,0.694756064899476
28.7666666666667,0.818166303634644,-0.018,-0.104482920856065,0.693970749862977
28.8,0.818166303634644,-0.018,-0.114582783105374,0.693131555309855
28.8333333333333,0.818166303634644,-0.0195,-0.106111361402207,0.692238714344314
28.8666666666667,0.818166303634644,-0.0195,-0.10985617502659,0.69129247497199
28.9,0.835416666666667,-0.0225,-0.0814782522377453,0.69029310003107
28.9333333333333,0.835416666666667,-0.024,-0.0963842611879305,0.689240867119277
28.9666666666667,0.835416666666667,-0.0255,-0.104619708632229,0.688136068516768
29,0.835416666666667,-0.027,-0.107429205360122,0.686979011104937
29.0333333333333,0.835416666666667,-0.03,-0.0908665512836902,0.685770016281182
29.0666666666667,0.835416666666667,-0.0315,-0.085822002511057,0.684509419869624
29.1,0.835416666666667,-0.033,-0.0780457662958852,0.683197572027828
29.1333333333333,0.835416666666667,-0.033,-0.0831682369957092,0.681834837149537
29.1666666666667,0.846635452906291,-0.033,-0.086717416995335,0.680421593763454
29.2,0.846635452906291,-0.033,-0.108549275494233,0.678958234428101
29.2333333333333,0.846635452906291,-0.036,-0.0959975441899755,0.677445165622771
29.2666666666667,0.846635452906291,-0.0375,-0.094925719116854,0.675882807634626
29.3,0.846635452906291,-0.0405,-0.0760627470502195,0.67427159444195
29.3333333333333,0.846635452906291,-0.0405,-0.0850223817884454,0.672611973593604
29.3666666666667,0.846635452906291,-0.042,-0.0773198536516667,0.670904406084706
29.4,0.846635452906291,-0.0435,-0.0683862183404549,0.669149366228587
29.4333333333333,0.855588897069295,-0.0465,-0.0435807018893584,0.667347341525031
29.4666666666667,0.855588897069295,-0.048,-0.0486962557762079,0.66549883252487
29.5,0.855588897069295,-0.0495,-0.0505972264709754,0.663604352690939
29.5333333333333,0.855588897069295,-0.051,-0.049932864923218,0.661664428255456
29.5666666666667,0.855588897069295,-0.051,-0.0622505333462667,0.659679598073846
29.6,0.855588897069295,-0.0525,-0.0580103988255536,0.657650413475063
29.6333333333333,0.855588897069295,-0.0525,-0.0675980848578887,0.655577438108449
29.6666666666667,0.855588897069295,-0.0525,-0.0763355592875697,0.653461247787165
29.7,0.856921593348185,-0.054,-0.0694904995151072,0.651302430328248
29.7333333333333,0.856921593348185,-0.057,-0.0495907238096648,0.649101585389335
29.7666666666667,0.856921593348185,-0.057,-0.059082298897778,0.646859324302089
29.8,0.856921593348185,-0.0585,-0.0531805772975599,0.644576269902395
29.8333333333333,0.856921593348185,-0.0585,-0.062063042176072,0.642253056357352
29.8666666666667,0.856921593348185,-0.06,-0.0558750032794718,0.639890328989115
29.9,0.856921593348185,-0.06,-0.0647344849795484,0.637488744095652
29.9333333333333,0.856921593348185,-0.0615,-0.0587364177739304,0.635048968768435
29.9666666666667,0.85161337852478,-0.063,-0.0529562294625661,0.632571680707144
30,0.85161337852478,-0.063,-0.0532664575718295,0.630057568031423
30.0333333333333,0.85161337852478,-0.063,-0.0556101559128161,0.62750732908974
30.0666666666667,0.85161337852478,-0.063,-0.0597556061422261,0.624921672265401
30.1,0.85161337852478,-0.0645,-0.0504996034414579,0.622301315779788
30.1333333333333,0.85161337852478,-0.0645,-0.0576637950154266,0.619646987492854
30.1666666666667,0.85161337852478,-0.0645,-0.0660914961901543,0.616959424700944
30.2,0.85161337852478,-0.0645,-0.0756449212298589,0.614239373931998
30.2333333333333,0.85161337852478,-0.066,-0.0712027743185502,0.611487590738183
30.2666666666667,0.839583333333333,-0.066,-0.082658153369944,0.608704839486026
30.3,0.839583333333333,-0.0675,-0.0590973820749158,0.605891893144093
30.3333333333333,0.839583333333333,-0.0675,-0.0551349947563266,0.603049533068281
30.3666666666667,0.839583333333333,-0.0675,-0.0550958441170511,0.600178548784778
30.4,0.839583333333333,-0.0675,-0.0583996415215127,0.59727973777076
30.4333333333333,0.839583333333333,-0.069,-0.0495479103158911,0.594353905232867
30.4666666666667,0.839583333333333,-0.069,-0.0581127083854864,0.591401863883549
30.5,0.839583333333333,-0.069,-0.0687268818493648,0.588424433715308
30.5333333333333,0.819791666666667,-0.069,-0.0810756437031693,0.585422441772936
30.5666666666667,0.819791666666667,-0.0705,-0.0456375981844602,0.582396721923781
30.6,0.819791666666667,-0.0705,-0.0328144852444484,0.579348114626123
30.6333333333333,0.819791666666667,-0.0705,-0.0264193981300352,0.57627746669572
30.6666666666667,0.819791666666667,-0.0705,-0.0254363827248293,0.573185631070586
30.7,0.819791666666667,-0.0705,-0.0289966591057333,0.570073466574071
30.7333333333333,0.819791666666667,-0.0705,-0.0363580869940194,0.566941837676301
30.7666666666667,0.819791666666667,-0.0705,-0.0468874371186963,0.563791614254056
30.8,0.799479166666667,-0.0705,-0.0600450893147705,0.56062367134914
30.8333333333333,0.799479166666667,-0.0705,-0.0402187678883251,0.557438888925327
30.8666666666667,0.799479166666667,-0.0705,-0.0287201809173142,0.55423815162392
30.9,0.799479166666667,-0.0705,-0.0242028856582262,0.551022348518035
30.9333333333333,0.799479166666667,-0.0705,-0.0255171660908098,0.547792372865634
30.9666666666667,0.799479166666667,-0.0705,-0.0316824829070816,0.544549121861408
31,0.799479166666667,-0.0705,-0.0418636953260593,0.541293496387559
31.0333333333333,0.799479166666667,-0.0705,-0.0553505444934856,0.538026400763564
31.0666666666667,0.770052083333333,-0.0705,-0.0715399568042539,0.534748742494977
31.1,0.770052083333333,-0.0705,-0.0389939141308933,0.531461432021352
31.1333333333333,0.770052083333333,-0.0705,-0.0176943426930783,0.528165382463352
31.1666666666667,0.770052083333333,-0.0705,-0.00580522395338165,0.524861509369103
31.2,0.770052083333333,-0.0705,-0.00175972946394695,0.521550730459889
31.2333333333333,0.770052083333333,-0.0705,-0.00422247466820055,0.518233965375228
31.2666666666667,0.770052083333333,-0.0705,-0.0120569439344521,0.514912135417431
31.3,0.770052083333333,-0.0705,-0.0242973870177295,0.511586163295679
31.3333333333333,0.738116772969564,-0.0705,-0.0401245812214662,0.508256972869733
31.3666666666667,0.738116772969564,-0.0705,-0.00357729584512592,0.504925488893304
31.4,0.738116772969564,-0.0705,0.0203667060667195,0.501592636757187
31.4333333333333,0.738116772969564,-0.0705,0.0337977606809538,0.498259342232212
31.4666666666667,0.738116772969564,-0.0705,0.0384979187430091,0.49492653121209
31.5,0.738116772969564,-0.0705,0.0359842891523159,0.491595129456232
31.5333333333333,0.738116772969564,-0.0705,0.0275464362388537,0.488266062332593
31.5666666666667,0.738116772969564,-0.0705,0.0142786360301893,0.484940254560634
31.6,0.700658702850342,-0.0705,-0.00289231150141178,0.481618629954464
31.6333333333333,0.700658702850342,-0.0705,0.0416422838057558,0.478302111166225
31.6666666666667,0.700658702850342,-0.0705,0.0716408140335251,0.474991619429813
31.7,0.700658702850342,-0.0705,0.089531219938318,0.471688074304977
31.7333333333333,0.700658702850342,-0.0705,0.0973824554190269,0.468392393421901
31.7666666666667,0.700658702850342,-0.0705,0.0969550126924758,0.465105492226304
31.8,0.700658702850342,-0.0705,0.0897445121396626,0.461828283725162
31.8333333333333,0.700658702850342,-0.0705,0.0770192963302231,0.458561678233098
31.8666666666667,0.660683314005534,-0.0705,0.0598528413621326,0.455306583119521
31.9,0.660683314005534,-0.0705,0.108333586644149,0.452063902556589
31.9333333333333,0.660683314005534,-0.0705,0.141155053214522,0.448834537268051
31.9666666666667,0.660683314005534,-0.0705,0.16095716574863,0.445619384279058
32,0.660683314005534,-0.0705,0.169988205592981,0.442419336666987
32.0333333333333,0.660683314005534,-0.0705,0.170160014412828,0.439235283313377
32.0666666666667,0.660683314005534,-0.0705,0.163095614476731,0.43606810865702
32.1,0.660683314005534,-0.0705,0.150170273297485,0.432918692448288
32.1333333333333,0.622324244181315,-0.0705,0.132546902082051,0.429787909504767
32.1666666666667,0.622324244181315,-0.0705,0.177591233644901,0.426676629468254
32.2,0.622324244181315,-0.0705,0.20737692320567,0.423585716563198
32.2333333333333,0.622324244181315,-0.0705,0.224514085265362,0.420516029356644
32.2666666666667,0.622324244181315,-0.0705,0.231223625376211,0.417468420519744
32.3,0.622324244181315,-0.0705,0.229392230418734,0.414443736590912
32.3333333333333,0.622324244181315,-0.0705,0.220619795615852,0.411442817740678
32.3666666666667,0.622324244181315,-0.0705,0.206260313946819,0.408466497538319
32.4,0.622324244181315,-0.0705,0.187457115584698,0.405515602720307
32.4333333333333,0.580987103780111,-0.0705,0.165173225443047,0.402590952960673
32.4666666666667,0.580987103780111,-0.0705,0.211756064753812,0.399693360643322
32.5,0.580987103780111,-0.0705,0.24301697815078,0.396823630636378
32.5333333333333,0.580987103780111,-0.0705,0.261587326509208,0.393982560068614
32.5666666666667,0.580987103780111,-0.0705,0.269705684480212,0.391170938108029
32.6,0.580987103780111,-0.069,0.254273358645793,0.388389545742644
32.6333333333333,0.580987103780111,-0.069,0.246902268175635,0.385639155563567
32.6666666666667,0.580987103780111,-0.069,0.23395622383479,0.382920531550385
32.7,0.525127665201823,-0.069,0.216586501772742,0.380234428858953
32.7333333333333,0.525127665201823,-0.069,0.29243351618887,0.377581593611636
32.7666666666667,0.525127665201823,-0.069,0.347630776688994,0.374962762690057
32.8,0.525127665201823,-0.069,0.385651834173983,0.37237866353041
32.8333333333333,0.525127665201823,-0.069,0.409455487361554,0.369830013921402
32.8666666666667,0.525127665201823,-0.069,0.421558279658529,0.36731752180487
32.9,0.525127665201823,-0.069,0.424097041253817,0.364841885079135
32.9333333333333,0.525127665201823,-0.069,0.418882825237408,0.362403791405147
32.9666666666667,0.478619766235352,-0.069,0.407447405107457,0.360003918015471
33,0.478619766235352,-0.069,0.47157048333214,0.357642931526175
33.0333333333333,0.478619766235352,-0.069,0.516858424550225,0.355321487751658
33.0666666666667,0.478619766235352,-0.0675,0.531549091263388,0.353040231522485
33.1,0.478619766235352,-0.066,0.533396666295447,0.350799796506273
33.1333333333333,0.478619766235352,-0.0645,0.524740028191961,0.348600805031677
33.1666666666667,0.478619766235352,-0.0645,0.52256171973531,0.346443867915523
33.2,0.478619766235352,-0.0645,0.513538785451051,0.34432958429314
33.2333333333333,0.41796875,-0.0645,0.499086582252985,0.342258541451941
33.2666666666667,0.41796875,-0.0645,0.58535991002559,0.340231314668285
33.3,0.41796875,-0.063,0.633841161670711,0.33824846704769
33.3333333333333,0.41796875,-0.0615,0.663398803998527,0.336310549368411
33.3666666666667,0.41796875,-0.0585,0.662325940682087,0.334418099928454
33.4,0.41796875,-0.0555,0.648421473844284,0.332571644396051
33.4333333333333,0.41796875,-0.054,0.639060112047208,0.330771695663643
33.4666666666667,0.41796875,-0.0525,0.621252736578307,0.329018753705415
33.5,0.367819849650065,-0.0495,0.581698434497447,0.327313305438419
33.5333333333333,0.367819849650065,-0.048,0.638617631753861,0.325655824587318
33.5666666666667,0.367819849650065,-0.0465,0.675257561832739,0.324046771552801
33.6,0.367819849650065,-0.045,0.695133875222545,0.322486593283699
33.6333333333333,0.367819849650065,-0.042,0.686235261394636,0.320975723152833
33.6666666666667,0.367819849650065,-0.042,0.696098050333438,0.319514580836635
33.7,0.367819849650065,-0.042,0.696870543068537,0.318103572198575
33.7333333333333,0.367819849650065,-0.042,0.690368464833882,0.316743089176425
33.7666666666667,0.310416666666667,-0.0405,0.663122746862092,0.315433509673388
33.8,0.310416666666667,-0.0375,0.715763331721661,0.314175197453126
33.8333333333333,0.310416666666667,-0.03,0.701519594473796,0.312968502038722
33.8666666666667,0.310416666666667,-0.0225,0.669162528413403,0.311813758615587
33.9,0.310416666666667,-0.018,0.651899033443179,0.310711287938358
33.9333333333333,0.310416666666667,-0.0135,0.622451693550173,0.309661396241801
33.9666666666667,0.310416666666667,-0.006,0.553127576393328,0.308664375155748
34,0.310416666666667,0,0.490877544130307,0.307720501624089
34.0333333333333,0.258333333333333,0.006,0.422347364167718,0.306830037827847
34.0666666666667,0.258333333333333,0.0105,0.454057789363459,0.305993231112352
34.1,0.258333333333333,0.015,0.46524239095202,0.305210313918532
34.1333333333333,0.258333333333333,0.018,0.474475855540859,0.304481503718352
34.1666666666667,0.258333333333333,0.021,0.469796035172197,0.303807002954403
34.2,0.258333333333333,0.024,0.453780004407878,0.303186998983671
34.2333333333333,0.258333333333333,0.024,0.458609641992924,0.302621664025496
34.2666666666667,0.258333333333333,0.0255,0.441128158753634,0.30211115511373
34.3,0.198352813720703,0.0255,0.4328888019737,0.301655614053122
34.3333333333333,0.198352813720703,0.027,0.508999822436618,0.301255167379926
34.3666666666667,0.198352813720703,0.027,0.577413517527972,0.300909926326755
34.4,0.198352813720703,0.03,0.597040842955707,0.300619986791681
34.4333333333333,0.198352813720703,0.0315,0.616207514311393,0.300385429311599
34.4666666666667,0.198352813720703,0.033,0.622736779409199,0.300206319039857
34.5,0.198352813720703,0.033,0.634020800394407,0.300082705728157
34.5333333333333,0.198352813720703,0.033,0.637082190702324,0.300014623712734
34.5666666666667,0.203405634562174,0.033,0.633627043971299,0.300002091904822
34.6,0.203405634562174,0.0345,0.601346138293782,0.300045113785398
34.6333333333333,0.203405634562174,0.0345,0.581816737945451,0.300143677404216
34.6666666666667,0.203405634562174,0.0345,0.560792315194723,0.300297755383127
34.7,0.203405634562174,0.0345,0.538894098270414,0.300507304923684
34.7333333333333,0.203405634562174,0.0345,0.516631054565338,0.300772267819027
34.7666666666667,0.203405634562174,0.0345,0.494417033644686,0.301092570470057
34.8,0.203405634562174,0.0345,0.472585461858027,0.301468123905873
34.8333333333333,0.215370877583822,0.0345,0.451401927137265,0.301898823808493
34.8666666666667,0.215370877583822,0.0345,0.410367750428171,0.302384550541824
34.9,0.215370877583822,0.0345,0.374208427000226,0.302925169184896
34.9333333333333,0.215370877583822,0.0345,0.342446440777425,0.30352052956934
34.9666666666667,0.215370877583822,0.0345,0.314656962852713,0.3041704663211
35,0.215370877583822,0.0345,0.290461622574361,0.304874798906368
35.0333333333333,0.215370877583822,0.0345,0.269523049306618,0.305633331681733
35.0666666666667,0.215370877583822,0.0345,0.251540086575244,0.306445853948524
35.1,0.222342173258464,0.0345,0.236243593080932,0.307312140011335
35.1333333333333,0.222342173258464,0.0345,0.211328146500556,0.308231949240719
35.1666666666667,0.222342173258464,0.0345,0.190890211796533,0.309205026140026
35.2,0.222342173258464,0.0345,0.174387806555926,0.310231100416375
35.2333333333333,0.222342173258464,0.0345,0.161348791020372,0.311309887055731
35.2666666666667,0.222342173258464,0.0345,0.15136170982581,0.312441086402076
35.3,0.222342173258464,0.0345,0.144067842899013,0.313624384240642
35.3333333333333,0.222342173258464,0.0345,0.139154305187777,0.314859451885194
35.3666666666667,0.224739583333333,0.0345,0.136348056211235,0.316145946269327
35.4,0.224739583333333,0.0345,0.131261711658502,0.317483510041763
35.4333333333333,0.224739583333333,0.0345,0.128608924850671,0.31887177166561
35.4666666666667,0.224739583333333,0.0345,0.128087781596825,0.320310345521565
35.5,0.224739583333333,0.0345,0.129436396932784,0.321798832015029
35.5333333333333,0.224739583333333,0.0345,0.132427564872073,0.323336817687104
35.5666666666667,0.224739583333333,0.0345,0.136864122097796,0.324923875329435
35.6,0.224739583333333,0.0345,0.142574930368862,0.326559564102884
35.6333333333333,0.227828661600749,0.0345,0.149411395113602,0.328243429659973
35.6666666666667,0.227828661600749,0.0345,0.151898452014816,0.329975004271099
35.7,0.227828661600749,0.0345,0.156265876210388,0.331753806954448
35.7333333333333,0.227828661600749,0.0345,0.162261734792163,0.3335793436096
35.7666666666667,0.227828661600749,0.0345,0.169668982653565,0.335451107154779
35.8,0.227828661600749,0.0345,0.178300681338263,0.337368577667702
35.8333333333333,0.227828661600749,0.0345,0.187995864698031,0.339331222530001
35.8666666666667,0.227828661600749,0.0345,0.198615964432892,0.341338496575166
35.9,0.232892799377441,0.0345,0.210041720228147,0.34338984223998
35.9333333333333,0.232892799377441,0.0345,0.213406450442099,0.345484689719394
35.9666666666667,0.232892799377441,0.0345,0.219018622735485,0.347622457124801
36,0.232892799377441,0.0345,0.226549119789593,0.349802550645665
36.0333333333333,0.232892799377441,0.0345,0.235715837381055,0.352024364714472
36.0666666666667,0.232892799377441,0.0345,0.246277147478691,0.354287282174933
36.1,0.232892799377441,0.0345,0.258026252689555,0.356590674453416
36.1333333333333,0.232892799377441,0.0345,0.270786311744468,0.358933901733542
36.1666666666667,0.238541666666667,0.0345,0.284406231863749,0.361316313133912
36.2,0.238541666666667,0.0345,0.288981038932203,0.3637372468889
36.2333333333333,0.238541666666667,0.0345,0.29599796307496,0.366196030532474
36.2666666666667,0.238541666666667,0.0345,0.305080906312356,0.368691981084988
36.3,0.238541666666667,0.0345,0.31590832735636,0.371224405242892
36.3333333333333,0.238541666666667,0.0345,0.328205601804577,0.373792599571315
36.3666666666667,0.238541666666667,0.0345,0.34173842805417,0.376395850699457
36.4,0.238541666666667,0.0345,0.356307137498306,0.379033435518743
36.4333333333333,0.245994885762533,0.0345,0.371741786575771,0.381704621383684
36.4666666666667,0.245994885762533,0.0345,0.374999292475643,0.384408666315381
36.5,0.245994885762533,0.0345,0.381258634518924,0.387144819207629
36.5333333333333,0.245994885762533,0.0345,0.39004331581398,0.389912320035551
36.5666666666667,0.245994885762533,0.0345,0.4009464044196,0.392710400066713
36.6,0.245994885762533,0.0345,0.413620770493825,0.395538282074654
36.6333333333333,0.245994885762533,0.0345,0.427770661407933,0.398395180554775
36.6666666666667,0.245994885762533,0.0345,0.443144433738707,0.401280301942536
36.7,0.259595362345378,0.0345,0.459528285397731,0.404192844833881
36.7333333333333,0.259595362345378,0.0345,0.453203700930206,0.407132000207844
36.7666666666667,0.259595362345378,0.0345,0.45193910618092,0.410096951651277
36.8,0.259595362345378,0.0345,0.454924788865859,0.413086875585621
36.8333333333333,0.259595362345378,0.0345,0.461469107474586,0.416100941495675
36.8666666666667,0.259595362345378,0.0345,0.470981956692957,0.419138312160288
36.9,0.259595362345378,0.0345,0.482960496452573,0.422198143884917
36.9333333333333,0.259595362345378,0.0345,0.496976838401931,0.42527958673598
36.9666666666667,0.278125,0.0345,0.512667424748568,0.428381784776945
37,0.278125,0.0345,0.497656252245727,0.431503876306078
37.0333333333333,0.278125,0.0345,0.489723873422065,0.434644994095808
37.0666666666667,0.278125,0.0345,0.487723344880745,0.437804265633613
37.1,0.278125,0.0345,0.490675524855676,0.440980813364381
37.1333333333333,0.278125,0.0345,0.497745552850306,0.444173754934166
37.1666666666667,0.278125,0.0345,0.508222550886301,0.447382203435286
37.2,0.278125,0.0345,0.521502110447273,0.450605267652676
37.2333333333333,0.278125,0.0345,0.537071187799228,0.453842052311443
37.2666666666667,0.296614583333333,0.0345,0.554495081117656,0.457091658325552
37.3,0.296614583333333,0.0345,0.541407907480613,0.460353183047559
37.3333333333333,0.296614583333333,0.0345,0.535458959610005,0.463625720519347
37.3666666666667,0.296614583333333,0.0345,0.53546291453201,0.466908361723771
37.4,0.296614583333333,0.0345,0.540409299798825,0.47020019483716
37.4333333333333,0.296614583333333,0.0345,0.549437890429015,0.473500305482593
37.4666666666667,0.296614583333333,0.0345,0.561817482558314,0.476807776983889
37.5,0.296614583333333,0.0345,0.576927586405048,0.48012169062023
37.5333333333333,0.312284024556478,0.0345,0.594242642674677,0.48344112588136
37.5666666666667,0.312284024556478,0.0345,0.586200692954245,0.486765160723271
37.6,0.312284024556478,0.0345,0.584596742778433,0.490092871824327
37.6333333333333,0.312284024556478,0.0345,0.58833235871457,0.493423334841728
37.6666666666667,0.312284024556478,0.0345,0.59647256543812,0.496755624668274
37.7,0.312284024556478,0.0345,0.608222748987703,0.500088815689329
37.7333333333333,0.312284024556478,0.0345,0.622908736913296,0.50342198203993
37.7666666666667,0.312284024556478,0.0345,0.639959624487218,0.506754197861968
37.8,0.329679743448893,0.0345,0.65889297413149,0.510084537561362
37.8333333333333,0.329679743448893,0.0345,0.649196821303617,0.513412076065167
37.8666666666667,0.329679743448893,0.0345,0.646242889158719,0.516735889078526
37.9,0.329679743448893,0.0345,0.648874857504469,0.520055053341418
37.9333333333333,0.329679743448893,0.0345,0.656108599867421,0.523368646885114
37.9666666666667,0.329679743448893,0.0345,0.667107848494195,0.526675749288269
38,0.329679743448893,0.0345,0.681163206900587,0.52997544193259
38.0333333333333,0.329679743448893,0.036,0.682674055969571,0.533266808258005
38.0666666666667,0.346875,0.036,0.701132960703211,0.536548934017253
38.1,0.346875,0.036,0.691353916106175,0.53982090752984
38.1333333333333,0.346875,0.036,0.688279576605571,0.54308181993527
38.1666666666667,0.346875,0.036,0.690749068640162,0.546330765445512
38.2,0.346875,0.036,0.697774778503503,0.549566841596592
38.2333333333333,0.346875,0.036,0.708517843888959,0.552789149499275
38.2666666666667,0.346875,0.036,0.722267018512966,0.555996794088753
38.3,0.346875,0.036,0.738420452233567,0.559188884373264
38.3333333333333,0.35859375,0.0375,0.741469990676473,0.562364533681589
38.3666666666667,0.35859375,0.039,0.72570703947506,0.565522859909338
38.4,0.35859375,0.039,0.72983093750735,0.568662985763979
38.4333333333333,0.35859375,0.039,0.737954910405163,0.57178403900852
38.4666666666667,0.35859375,0.039,0.749326304912301,0.574885152703797
38.5,0.35859375,0.0405,0.748307495579174,0.577965465449276
38.5333333333333,0.35859375,0.0405,0.76435942792064,0.581024121622336
38.5666666666667,0.35859375,0.042,0.767027439756299,0.584060271615928
38.6,0.35859375,0.042,0.785929050726409,0.587073072074579
38.6333333333333,0.372916666666667,0.042,0.805743451776482,0.590061686128642
38.6666666666667,0.372916666666667,0.042,0.801415047629504,0.593025283626764
38.7,0.372916666666667,0.042,0.802125701486522,0.595963041366474
38.7333333333333,0.372916666666667,0.0435,0.791974242312668,0.598874143322845
38.7666666666667,0.372916666666667,0.0435,0.800194878708818,0.601757780875164
38.8,0.372916666666667,0.0435,0.811137991503631,0.604613153031539
38.8333333333333,0.372916666666667,0.0435,0.824253574080143,0.607439466651401
38.8666666666667,0.372916666666667,0.0435,0.839076960945918,0.610235936665803
38.9,0.398390706380208,0.0435,0.855216533469211,0.613001786295503
38.9333333333333,0.398390706380208,0.0435,0.828257448570789,0.615736247266719
38.9666666666667,0.398390706380208,0.0435,0.810222531929108,0.618438560024545
39,0.398390706380208,0.0435,0.799608015991752,0.62110797394392
39.0333333333333,0.398390706380208,0.0435,0.795132001641943,0.623743747538144
39.0666666666667,0.398390706380208,0.0435,0.795703265466298,0.626345148664834
39.1,0.398390706380208,0.0435,0.800394346644836,0.628911454729291
39.1333333333333,0.398390706380208,0.0435,0.808418333863346,0.631441952885222
39.1666666666667,0.418444569905599,0.0435,0.819108850597687,0.633935940232743
39.2,0.418444569905599,0.0435,0.797197342851264,0.636392724013627
39.2333333333333,0.418444569905599,0.0435,0.783380061604115,0.638811621803732
39.2666666666667,0.418444569905599,0.0435,0.776255449402572,0.641191961702559
39.3,0.418444569905599,0.0435,0.774630693211221,0.643533082519886
39.3333333333333,0.418444569905599,0.0435,0.77749224865681,0.645834333959428
39.3666666666667,0.418444569905599,0.0435,0.783980417449572,0.648095076799471
39.4,0.418444569905599,0.0435,0.793367428388173,0.65031468307043
39.4333333333333,0.435396639506022,0.0435,0.805038546317014,0.652492536229278
39.4666666666667,0.435396639506022,0.0435,0.789138338227657,0.65462803133081
39.5,0.435396639506022,0.0435,0.780034462771943,0.656720575195671
39.5333333333333,0.435396639506022,0.0435,0.776514927928832,0.658769586575133
39.5666666666667,0.435396639506022,0.0435,0.777549892413776,0.660774496312543
39.6,0.435396639506022,0.0435,0.782265838911207,0.662734747501421
39.6333333333333,0.435396639506022,0.0435,0.789923306286145,0.664649795640152
39.6666666666667,0.435396639506022,0.0435,0.799897697644315,0.666519108783234
39.7,0.456975809733073,0.0435,0.811662746168404,0.668342167689036
39.7333333333333,0.456975809733073,0.0435,0.787431100764465,0.670118465964027
39.7666666666667,0.456975809733073,0.0435,0.771134824771489,0.671847510203443
39.8,0.456975809733073,0.0435,0.761386111479256,0.673528820128333
39.8333333333333,0.456975809733073,0.0435,0.757004483800021,0.675161928718976
39.8666666666667,0.456975809733073,0.0435,0.756987485902917,0.676746382344596
39.9,0.456975809733073,0.0435,0.760485407325621,0.678281740889373
39.9333333333333,0.456975809733073,0.0435,0.766779492606102,0.679767577874697
39.9666666666667,0.456975809733073,0.0435,0.775263163097427,0.681203480577624
40,0.47075891494751,0.0435,0.785425841381097,0.682589050145526
40.0333333333333,0.47075891494751,0.0435,0.772985813241976,0.683923901706875
40.0666666666667,0.47075891494751,0.0435,0.76588161127188,0.685207664478156
40.1,0.47075891494751,0.0435,0.763125568504451,0.686439981866853
40.1333333333333,0.47075891494751,0.0435,0.763880000397958,0.687620511570503
40.1666666666667,0.47075891494751,0.0435,0.767435846292116,0.68874892567178
40.2,0.47075891494751,0.0435,0.773194260741921,0.689824910729579
40.2333333333333,0.47075891494751,0.0435,0.780650753802692,0.690848167866078
40.2666666666667,0.47075891494751,0.0435,0.789381533364283,0.691818412849766
40.3,0.47075891494751,0.0435,0.799031749410699,0.692735376174383
40.3333333333333,0.485677083333333,0.0435,0.809305380583452,0.693598803133793
40.3666666666667,0.485677083333333,0.0435,0.794138973612657,0.694408453892724
40.4,0.485677083333333,0.0435,0.783956552836686,0.695164103553395
40.4333333333333,0.485677083333333,0.0435,0.777845361753431,0.69586554221798
40.4666666666667,0.485677083333333,0.0435,0.775030606149954,0.696512575046917
40.5,0.485677083333333,0.0435,0.77485585601141,0.697105022313024
40.5333333333333,0.485677083333333,0.0435,0.776766150803773,0.697642719451426
40.5666666666667,0.485677083333333,0.0435,0.780293440947668,0.698125517105263
40.6,0.519639110565186,0.0435,0.78504404775998,0.698553281167181
40.6333333333333,0.519639110565186,0.0435,0.731912766778315,0.698925892816581
40.6666666666667,0.519639110565186,0.0435,0.690348393474598,0.699243248552621
40.7,0.519639110565186,0.0435,0.658423606609476,0.699505260222971
40.7333333333333,0.519639110565186,0.0435,0.634494610800509,0.699711855048297
40.7666666666667,0.519639110565186,0.0435,0.617161367987406,0.699862975642475
40.8,0.519639110565186,0.0435,0.605233278431309,0.699958580028534
40.8333333333333,0.519639110565186,0.0435,0.597699573678165,0.699998641650315
40.8666666666667,0.536793168385824,0.0435,0.59370378307605,0.699983149379848
40.9,0.536793168385824,0.0435,0.562834698799817,0.699912107520441
40.9333333333333,0.536793168385824,0.0435,0.539699021987369,0.699785535805487
40.9666666666667,0.536793168385824,0.0435,0.522925310837203,0.699603469392983
41,0.536793168385824,0.0435,0.51134832384145,0.69936595885576
41.0333333333333,0.536793168385824,0.0435,0.503979805088345,0.699073070167441
41.0666666666667,0.536793168385824,0.0435,0.499983293714949,0.698724884684112
41.1,0.536793168385824,0.0435,0.498652411347039,0.698321499121724
41.1333333333333,0.557291666666667,0.0435,0.499392154900926,0.697863025529227
41.1666666666667,0.557291666666667,0.0435,0.466227833674543,0.697349591257451
41.2,0.557291666666667,0.0435,0.440824868943881,0.696781338923723
41.2333333333333,0.557291666666667,0.0435,0.421809643989735,0.696158426372262
41.2666666666667,0.557291666666667,0.0435,0.408015079535438,0.695481026630326
41.3,0.557291666666667,0.0435,0.398451374882922,0.694749327860154
41.3333333333333,0.557291666666667,0.0435,0.392280778982831,0.6939635333067
41.3666666666667,0.557291666666667,0.0435,0.388795844511058,0.693123861241176
41.4,0.573432858784994,0.0435,0.387400691663418,0.692230544900423
41.4333333333333,0.573432858784994,0.0435,0.359660727420306,0.691283832422126
41.4666666666667,0.573432858784994,0.0435,0.338295185184496,0.690283986775885
41.5,0.573432858784994,0.0435,0.322147835373602,0.689231285690174
41.5333333333333,0.573432858784994,0.0435,0.310237777142222,0.688126021575192
41.5666666666667,0.573432858784994,0.0435,0.301734510325755,0.68696850144164
41.6,0.573432858784994,0.0435,0.295936447177006,0.685759046815448
41.6333333333333,0.573432858784994,0.0435,0.292252396599018,0.684497993648457
41.6666666666667,0.583478196461995,0.0435,0.290185616528928,0.683185692225104
41.7,0.583478196461995,0.0435,0.271935500249494,0.681822507065125
41.7333333333333,0.583478196461995,0.0435,0.257778179617809,0.680408816822299
41.7666666666667,0.583478196461995,0.0435,0.246923108936251,0.678945014179269
41.8,0.583478196461995,0.0435,0.238701957344382,0.67743150573847
41.8333333333333,0.583478196461995,0.0435,0.232551090722062,0.67586871190918
41.8666666666667,0.583478196461995,0.0435,0.227996480871619,0.674257066790748
41.9,0.583478196461995,0.0435,0.224640711510977,0.672597018052011
41.9333333333333,0.596734046936035,0.0435,0.222151795181058,0.670889026806944
41.9666666666667,0.596734046936035,0.0435,0.197312816614551,0.669133567486576
42,0.596734046936035,0.0435,0.177109622382356,0.667331127707211
42.0333333333333,0.596734046936035,0.0435,0.160691336044739,0.665482208134974
42.0666666666667,0.596734046936035,0.0435,0.147336691626477,0.663587322346748
42.1,0.596734046936035,0.0435,0.136435580662147,0.66164699668751
42.1333333333333,0.596734046936035,0.0435,0.12747314727953,0.659661770124136
42.1666666666667,0.596734046936035,0.0435,0.120016085040844,0.657632194095682
42.2,0.608775361378988,0.0435,0.113700835919771,0.655558832360219
42.2333333333333,0.608775361378988,0.0435,0.0873845859733646,0.653442260838229
42.2666666666667,0.608775361378988,0.0435,0.065535240466529,0.651283067452637
42.3,0.608775361378988,0.0435,0.0473410620726481,0.649081851965501
42.3333333333333,0.608775361378988,0.0435,0.0321137385868191,0.646839225811411
42.3666666666667,0.608775361378988,0.0435,0.0192708290507022,0.644555811927659
42.4,0.608775361378988,0.042,0.0233206324189762,0.642232244581197
42.4333333333333,0.608775361378988,0.042,0.0138491496382018,0.639869169192456
42.4666666666667,0.608775361378988,0.042,0.00550885434917131,0.637467242156074
42.5,0.624479166666667,0.042,-0.00199097418197937,0.63502713065856
42.5333333333333,0.624479166666667,0.042,-0.036069766777465,0.632549512492975
42.5666666666667,0.624479166666667,0.042,-0.0646882444445496,0.630035075870654
42.6,0.624479166666667,0.042,-0.0887971675896933,0.627484519230048
42.6333333333333,0.624479166666667,0.0405,-0.0942045201617676,0.624898551042712
42.6666666666667,0.624479166666667,0.039,-0.0965957026011811,0.622277889616516
42.7,0.624479166666667,0.0375,-0.0965509460719277,0.619623262896114
42.7333333333333,0.638802083333333,0.036,-0.0945603249167097,0.616935408260751
42.7666666666667,0.638802083333333,0.0345,-0.115824108502288,0.61421507231943
42.8,0.638802083333333,0.0315,-0.116283884796602,0.611463010703532
42.8333333333333,0.638802083333333,0.027,-0.0969459659828975,0.608679987856921
42.8666666666667,0.638802083333333,0.024,-0.0886654933122129,0.605866776823606
42.9,0.638802083333333,0.021,-0.0771678220646201,0.603024159033005
42.9333333333333,0.638802083333333,0.0195,-0.0780669635092457,0.600152924082894
42.9666666666667,0.638802083333333,0.0165,-0.0618814831067075,0.597253869520074
43,0.649603176116943,0.015,-0.0590482004550604,0.594327800618839
43.0333333333333,0.649603176116943,0.0135,-0.0736264933710691,0.591375530157292
43.0666666666667,0.649603176116943,0.0135,-0.0987486249658122,0.588397878191578
43.1,0.649603176116943,0.012,-0.105210599185432,0.585395671828096
43.1333333333333,0.649603176116943,0.012,-0.123687265172411,0.582369744993754
43.1666666666667,0.649603176116943,0.0105,-0.12474955251544,0.579320938204328
43.2,0.649603176116943,0.0075,-0.108879327876387,0.576250098330988
43.2333333333333,0.649603176116943,0.006,-0.10648219616154,0.573158078365066
43.2666666666667,0.649603176116943,0.003,-0.0878985258667654,0.570045737181113
43.3,0.6578125,0,-0.0684129405272718,0.566913939298337
43.3333333333333,0.6578125,-0.003,-0.0624696419953507,0.563763554640455
43.3666666666667,0.6578125,-0.0045,-0.0684112401195675,0.560595458294061
43.4,0.6578125,-0.006,-0.0718100986779469,0.557410530265546
43.4333333333333,0.6578125,-0.0075,-0.0731502431116097,0.554209655236661
43.4666666666667,0.6578125,-0.0075,-0.0878399972228092,0.550993722318777
43.5,0.6578125,-0.0075,-0.10122287110886,0.547763624805917
43.5333333333333,0.6578125,-0.009,-0.0985869382716584,0.544520259926618
43.5666666666667,0.662239583333333,-0.009,-0.110172907761587,0.541264528594715
43.6,0.662239583333333,-0.0105,-0.113842634063411,0.537997335159088
43.6333333333333,0.662239583333333,-0.012,-0.115673083326789,0.534719587152461
43.6666666666667,0.662239583333333,-0.0135,-0.116022098672974,0.531432195039316
43.7,0.662239583333333,-0.0165,-0.100190797964116,0.52813607196299
43.7333333333333,0.662239583333333,-0.018,-0.0984317721350348,0.524832133492035
43.7666666666667,0.662239583333333,-0.018,-0.110956143269022,0.52152129736589
43.8,0.662239583333333,-0.0195,-0.107939637975979,0.51820448323997
43.8333333333333,0.665583992004395,-0.021,-0.104527810627331,0.514882612430203
43.8666666666667,0.665583992004395,-0.021,-0.121628407416511,0.511556607657124
43.9,0.665583992004395,-0.0225,-0.122473345940534,0.50822739278956
43.9333333333333,0.665583992004395,-0.0225,-0.137309345194044,0.504895892588012
43.9666666666667,0.665583992004395,-0.024,-0.136343409277899,0.50156303244778
44,0.665583992004395,-0.027,-0.11974859590545,0.498229738141919
44.0333333333333,0.665583992004395,-0.0285,-0.117668980767463,0.494896935564081
44.0666666666667,0.665583992004395,-0.0315,-0.100223927593493,0.491565550471329
44.1,0.666927083333333,-0.033,-0.0975117589071711,0.488236508226989
44.1333333333333,0.666927083333333,-0.0345,-0.0969372799257182,0.484910733543615
44.1666666666667,0.666927083333333,-0.0375,-0.0808083562295219,0.481589150226122
44.2,0.666927083333333,-0.039,-0.079244527620518,0.478272680915184
44.2333333333333,0.666927083333333,-0.0405,-0.0773448141827434,0.474962246830953
44.2666666666667,0.666927083333333,-0.042,-0.0751907609880089,0.471658767517165
44.3,0.666927083333333,-0.042,-0.0878490541656535,0.468363160585722
44.3333333333333,0.666927083333333,-0.0435,-0.0853737671869224,0.465076341461803
44.3666666666667,0.66321055094401,-0.045,-0.0828082882410525,0.461799223129587
44.4,0.66321055094401,-0.0465,-0.0737550962177076,0.458532715878648
44.4333333333333,0.66321055094401,-0.0495,-0.0508710329723934,0.45527772705111
44.4666666666667,0.66321055094401,-0.051,-0.0439906376903629,0.452035160789604
44.5,0.66321055094401,-0.0525,-0.0379697918594266,0.448805917786133
44.5333333333333,0.66321055094401,-0.0525,-0.0476828974648102,0.445590895031878
44.5666666666667,0.66321055094401,-0.0525,-0.0580204300544403,0.442390985568043
44.6,0.66321055094401,-0.0525,-0.0688868168022091,0.439207078237791
44.6333333333333,0.659116649627686,-0.054,-0.0651985963381161,0.436040057439353
44.6666666666667,0.659116649627686,-0.054,-0.0697978671231631,0.432890802880366
44.7,0.659116649627686,-0.054,-0.0760256634868389,0.429760189333512
44.7333333333333,0.659116649627686,-0.0555,-0.0686214442555912,0.426649086393536
44.7666666666667,0.659116649627686,-0.057,-0.0623609829837898,0.423558358235694
44.8,0.659116649627686,-0.057,-0.0720513822349033,0.420488863375713
44.8333333333333,0.659116649627686,-0.0585,-0.0675267638082564,0.417441454431317
44.8666666666667,0.659116649627686,-0.06,-0.0636445439589314,0.414416977885396
44.9,0.65093739827474,-0.0615,-0.0602822148468202,0.411416273850876
44.9333333333333,0.65093739827474,-0.0615,-0.0581794514640904,0.408440175837361
44.9666666666667,0.65093739827474,-0.063,-0.0440380764692616,0.405489510519607
45,0.65093739827474,-0.063,-0.0473717028401294,0.402565097507898
45.0333333333333,0.65093739827474,-0.0645,-0.0377637616700535,0.399667749120377
45.0666666666667,0.65093739827474,-0.0645,-0.0448578005487449,0.396798270157409
45.1,0.65093739827474,-0.0645,-0.0533491052720499,0.393957457678034
45.1333333333333,0.65093739827474,-0.066,-0.0479774662232932,0.391146100778565
45.1666666666667,0.634540144602458,-0.066,-0.058520934754545,0.388364980373395
45.2,0.634540144602458,-0.0675,-0.0264131476837015,0.385614868978087
45.2333333333333,0.634540144602458,-0.0675,-0.0151570949556307,0.382896530494792
45.2666666666667,0.634540144602458,-0.0675,-0.00879643210941528,0.380210720000053
45.3,0.634540144602458,-0.0675,-0.0065134339599153,0.377558183535071
45.3333333333333,0.634540144602458,-0.0675,-0.00760966616517228,0.374939657898474
45.3666666666667,0.634540144602458,-0.0675,-0.0114892975311399,0.37235587044166
45.4,0.634540144602458,-0.0675,-0.0176446962188419,0.369807538866751
45.4333333333333,0.617447916666667,-0.0675,-0.0256440009499412,0.367295371027244
45.4666666666667,0.617447916666667,-0.0675,-0.00554038086221217,0.364820064731385
45.5,0.617447916666667,-0.0675,0.00788653867723171,0.362382307548341
45.5333333333333,0.617447916666667,-0.0675,0.0157543865259432,0.35998277661721
45.5666666666667,0.617447916666667,-0.0675,0.0190169728739405,0.357622138458932
45.6,0.617447916666667,-0.0675,0.0184872483340949,0.355301048791151
45.6333333333333,0.617447916666667,-0.0675,0.0148571179935296,0.353020152346072
45.6666666666667,0.617447916666667,-0.0675,0.00871453600910996,0.350780082691375
45.7,0.617447916666667,-0.0675,0.000558249120411747,0.348581462054226
45.7333333333333,0.595572916666667,-0.0675,-0.00918949209347514,0.346424901148445
45.7666666666667,0.595572916666667,-0.0675,0.0176851645615035,0.344310999004859
45.8,0.595572916666667,-0.0675,0.0365730797043609,0.342240342804917
45.8333333333333,0.595572916666667,-0.0675,0.0488204330154945,0.340213507717581
45.8666666666667,0.595572916666667,-0.0675,0.0555751945670275,0.338231056739566
45.9,0.595572916666667,-0.0675,0.0578149558481236,0.336293540538953
45.9333333333333,0.595572916666667,-0.0675,0.0563709447815187,0.334401497302227
45.9666666666667,0.572575982411702,-0.0675,0.0519487413719887,0.332555452584788
46,0.572575982411702,-0.0675,0.0849449171746371,0.330755919164966
46.0333333333333,0.572575982411702,-0.0675,0.108651786715625,0.329003396901584
46.0666666666667,0.572575982411702,-0.0675,0.124645279455675,0.327298372595113
46.1,0.572575982411702,-0.0675,0.134268344112213,0.325641319852453
46.1333333333333,0.572575982411702,-0.0675,0.138663719832482,0.324032698955378
46.1666666666667,0.572575982411702,-0.0675,0.138802210002584,0.322472956732681
46.2,0.572575982411702,-0.0675,0.135507067871407,0.320962526436064
46.2333333333333,0.572575982411702,-0.0675,0.129475021234357,0.319501827619784
46.2666666666667,0.540703233083089,-0.0675,0.121294392465244,0.318091266024121
46.3,0.540703233083089,-0.0675,0.166620079004633,0.316731233462671
46.3333333333333,0.540703233083089,-0.0675,0.200432961663753,0.31542210771351
46.3666666666667,0.540703233083089,-0.0675,0.224674779421153,0.314164252414263
46.4,0.540703233083089,-0.0675,0.241000355265192,0.312958016961092
46.4333333333333,0.540703233083089,-0.0675,0.250817937643265,0.311803736411644
46.4666666666667,0.540703233083089,-0.0675,0.255324006933943,0.310701731391983
46.5,0.540703233083089,-0.0675,0.25553329657607,0.309652308007529
46.5333333333333,0.512760416666667,-0.0675,0.252304677670475,0.30865575775803
46.5666666666667,0.512760416666667,-0.0675,0.294721648805812,0.307712357456591
46.6,0.512760416666667,-0.0675,0.326028121514218,0.306822369152786
46.6333333333333,0.512760416666667,-0.0675,0.348134188908006,0.305986040059865
46.6666666666667,0.512760416666667,-0.0675,0.362665571862225,0.305203602486089
46.7,0.512760416666667,-0.0675,0.371003741131576,0.304475273770195
46.7333333333333,0.512760416666667,-0.0675,0.374320524814086,0.303801256221034
46.7666666666667,0.512760416666667,-0.0675,0.373607948752029,0.303181737061369
46.8,0.474723466237386,-0.0675,0.369703956865013,0.30261688837587
46.8333333333333,0.474723466237386,-0.0675,0.429141783467095,0.30210686706332
46.8666666666667,0.474723466237386,-0.066,0.459424111048214,0.301651814793025
46.9,0.474723466237386,-0.066,0.49294921767769,0.301251857965468
46.9333333333333,0.474723466237386,-0.066,0.516759715751096,0.300907107677196
46.9666666666667,0.474723466237386,-0.066,0.532592637243336,0.300617659689961
47,0.474723466237386,-0.066,0.541922641824466,0.300383594404121
47.0333333333333,0.474723466237386,-0.0645,0.530999279633761,0.300204976836305
47.0666666666667,0.440297762552897,-0.0645,0.530879115161947,0.300081856601357
47.1,0.440297762552897,-0.0645,0.587030954476622,0.300014267898549
47.1333333333333,0.440297762552897,-0.0645,0.629528050687308,0.300002229502087
47.1666666666667,0.440297762552897,-0.0645,0.660720256078717,0.300045744755892
47.2,0.440297762552897,-0.063,0.667606731758279,0.300144801572674
47.2333333333333,0.440297762552897,-0.0615,0.66688547541055,0.300299372437288
47.2666666666667,0.440297762552897,-0.06,0.659996038397368,0.300509414414375
47.3,0.440297762552897,-0.06,0.663156355721288,0.300774869160293
47.3333333333333,0.407161458333333,-0.0585,0.647394488084224,0.301095662939319
47.3666666666667,0.407161458333333,-0.057,0.685922061477743,0.301471706644133
47.4,0.407161458333333,-0.0525,0.681436234617552,0.301902895820569
47.4333333333333,0.407161458333333,-0.051,0.696201360948997,0.302389110696626
47.4666666666667,0.407161458333333,-0.051,0.717142349695527,0.302930216215745
47.5,0.407161458333333,-0.051,0.730892701002323,0.303526062074315
47.5333333333333,0.407161458333333,-0.048,0.70883592896334,0.30417648276343
47.5666666666667,0.407161458333333,-0.045,0.682141269614417,0.304881297614858
47.6,0.363043403625488,-0.0435,0.666794450211322,0.305640310851227
47.6333333333333,0.363043403625488,-0.0435,0.739975437234152,0.306453311640409
47.6666666666667,0.363043403625488,-0.042,0.78180364934587,0.307320074154078
47.7,0.363043403625488,-0.036,0.765064563960908,0.308240357630442
47.7333333333333,0.363043403625488,-0.0255,0.692128889863046,0.30921390644112
47.7666666666667,0.363043403625488,-0.018,0.640011076949943,0.310240450162147
47.8,0.363043403625488,-0.0135,0.610419785149726,0.311319703649089
47.8333333333333,0.363043403625488,-0.0075,0.559801402480673,0.312451367116251
47.8666666666667,0.323958333333333,0,0.489377555564382,0.313635126219947
47.9,0.323958333333333,0.0075,0.482818530136534,0.314870652145815
47.9333333333333,0.323958333333333,0.0165,0.44574659284126,0.316157601700152
47.9666666666667,0.323958333333333,0.021,0.440839572534429,0.317495617405248
48,0.323958333333333,0.024,0.440374342991307,0.318884327598675
48.0333333333333,0.323958333333333,0.024,0.461283527483398,0.320323346536533
48.0666666666667,0.323958333333333,0.0255,0.460204400546643,0.32181227450059
48.1,0.323958333333333,0.027,0.453521045376032,0.32335069790932
48.1333333333333,0.323958333333333,0.027,0.457400682810999,0.324938189432779
48.1666666666667,0.288027000427246,0.027,0.457824964501644,0.326574308111307
48.2,0.288027000427246,0.027,0.517800120717074,0.328258599478014
48.2333333333333,0.288027000427246,0.027,0.564246103336071,0.329990595685016
48.2666666666667,0.288027000427246,0.0285,0.584531242121403,0.331769815633392
48.3,0.288027000427246,0.0285,0.610667256850386,0.33359576510682
48.3333333333333,0.288027000427246,0.03,0.614359816342858,0.335467936908854
48.3666666666667,0.288027000427246,0.0315,0.612052131521581,0.337385811003807
48.4,0.288027000427246,0.0315,0.61996252806278,0.339348854661209
48.4333333333333,0.242383893330892,0.0315,0.624116816870853,0.341356522603777
48.4666666666667,0.242383893330892,0.0315,0.704366690393435,0.34340825715888
48.5,0.242383893330892,0.033,0.752726606640774,0.345503488413446
48.5333333333333,0.242383893330892,0.0345,0.787078834806669,0.347641634372265
48.5666666666667,0.242383893330892,0.039,0.779875333264766,0.349822101119652
48.6,0.242383893330892,0.042,0.778198518719847,0.352044282984421
48.6333333333333,0.242383893330892,0.0435,0.783813679544172,0.354307562708119
48.6666666666667,0.242383893330892,0.0435,0.798214166294274,0.356611311616488
48.7,0.206460825602214,0.0435,0.807660339929908,0.358954889794088
48.7333333333333,0.206460825602214,0.0465,0.845382027103429,0.361337646262049
48.7666666666667,0.206460825602214,0.0495,0.868518947766597,0.363758919158897
48.8,0.206460825602214,0.06,0.804611644888375,0.366218035924395
48.8333333333333,0.206460825602214,0.0705,0.730818189969871,0.368714313486366
48.8666666666667,0.206460825602214,0.0765,0.693968402182803,0.371247058450425
48.9,0.206460825602214,0.081,0.665610597885748,0.373815567292592
48.9333333333333,0.206460825602214,0.09,0.587051884396696,0.376419126554702
48.9666666666667,0.193757502237956,0.1005,0.48939287538028,0.379057013042592
49,0.193757502237956,0.1125,0.395542113955414,0.381728494026975
49.0333333333333,0.193757502237956,0.12,0.340192614813032,0.384432827446978
49.0666666666667,0.193757502237956,0.1215,0.339623856862217,0.387169262116262
49.1,0.193757502237956,0.1215,0.349914326100294,0.389937037931681
49.1333333333333,0.193757502237956,0.1215,0.356970542403783,0.392735386084416
49.1666666666667,0.193757502237956,0.1215,0.361552049938189,0.395563529273529
49.2,0.193757502237956,0.1215,0.364292921764856,0.398420681921876
49.2333333333333,0.203694534301758,0.1215,0.365720254888873,0.401306050394312
49.2666666666667,0.203694534301758,0.1215,0.349072918270365,0.40421883321815
49.3,0.203694534301758,0.1215,0.335110402270355,0.407158221305778
49.3333333333333,0.203694534301758,0.1215,0.323628840429646,0.410123398179407
49.3666666666667,0.203694534301758,0.1215,0.314440143122831,0.413113540197858
49.4,0.203694534301758,0.1215,0.30737070578074,0.416127816785354
49.4333333333333,0.203694534301758,0.1215,0.302260228829934,0.419165390662223
49.4666666666667,0.203694534301758,0.1215,0.298960638975173,0.422225418077478
49.5,0.217708333333333,0.1215,0.297335102496981,0.425307049043177
49.5333333333333,0.217708333333333,0.1215,0.273004669966663,0.428409427570534
49.5666666666667,0.217708333333333,0.1215,0.254622919946841,0.431531691907684
49.6,0.217708333333333,0.1215,0.241381053355631,0.434672974779056
49.6333333333333,0.217708333333333,0.1215,0.232579051943881,0.437832403626269
49.6666666666667,0.217708333333333,0.1215,0.227611065946669,0.441009100850517
49.7,0.217708333333333,0.1215,0.225952758188542,0.444202184056329
49.7333333333333,0.217708333333333,0.1215,0.227150343185772,0.44741076629668
49.7666666666667,0.232093556722005,0.1215,0.230811094694259,0.450633956319356
49.8,0.232093556722005,0.1215,0.211699881657615,0.453870858814521
49.8333333333333,0.232093556722005,0.1215,0.199055644243234,0.457120574663406
49.8666666666667,0.232093556722005,0.1215,0.191904642057945,0.460382201188059
49.9,0.232093556722005,0.1215,0.189410748689981,0.463654832402084
49.9333333333333,0.232093556722005,0.1215,0.190856485923261,0.4669375592623
49.9666666666667,0.232093556722005,0.1215,0.1956266328873,0.470229469921241
50,0.232093556722005,0.1215,0.203194063387436,0.473529649980445
50.0333333333333,0.248604965209961,0.1215,0.213107511149713,0.476837182744452
50.0666666666667,0.248604965209961,0.1215,0.196406157277059,0.480151149475426
50.1,0.248604965209961,0.1215,0.186658398412073,0.483470629648363
50.1333333333333,0.248604965209961,0.1215,0.182757302571382,0.486794701206781
50.1666666666667,0.248604965209961,0.1215,0.183756109253418,0.490122440818842
50.2,0.248604965209961,0.1215,0.1888458998573,0.493452924133831
50.2333333333333,0.248604965209961,0.1215,0.197336318168583,0.496785226038906
50.2666666666667,0.248604965209961,0.1215,0.208638928820727,0.500118420916078
50.3,0.275247383117676,0.1215,0.222252856990244,0.503451582899312
50.3333333333333,0.275247383117676,0.1215,0.191644705857752,0.506783786131713
50.3666666666667,0.275247383117676,0.1215,0.171150597587658,0.510114105022696
50.4,0.275247383117676,0.1215,0.159132721499045,0.513441614505095
50.4333333333333,0.275247383117676,0.1215,0.154192104521254,0.516765390292117
50.4666666666667,0.275247383117676,0.1215,0.155135207456448,0.520084509134081
50.5,0.275247383117676,0.1215,0.160945091568516,0.523398049074873
50.5333333333333,0.275247383117676,0.1215,0.170756537447691,0.526705089708037
50.5666666666667,0.275247383117676,0.1215,0.183834581153441,0.530004712432441
50.6,0.310834693908691,0.1215,0.199556004569368,0.533296000707432
50.6333333333333,0.310834693908691,0.1215,0.155805543381791,0.53657804030743
50.6666666666667,0.310834693908691,0.1215,0.125199159819231,0.539849919575872
50.7,0.310834693908691,0.1215,0.105582619286163,0.543110729678444
50.7333333333333,0.310834693908691,0.1215,0.0951174710315886,0.546359564855529
50.7666666666667,0.310834693908691,0.1215,0.0922367850954026,0.5495955226738
50.8,0.310834693908691,0.1215,0.0956069522773023,0.552817704276894
50.8333333333333,0.310834693908691,0.1215,0.104094726712284,0.556025214635084
50.8666666666667,0.341144879659017,0.1215,0.116738800920873,0.559217162793893
50.9,0.341144879659017,0.1215,0.0802701201103684,0.562392662121581
50.9333333333333,0.341144879659017,0.1215,0.0562284420073744,0.565550830555418
50.9666666666667,0.341144879659017,0.1215,0.0425190805967965,0.568690790846703
51,0.341144879659017,0.1215,0.037357650375561,0.571811670804434
51.0333333333333,0.341144879659017,0.1215,0.0392263546927318,0.574912603537577
51.0666666666667,0.341144879659017,0.1215,0.0468362770516634,0.577992727695869
51.1,0.341144879659017,0.1215,0.0590948619622073,0.581051187709071
51.1333333333333,0.382051277160645,0.1215,0.0750778813560332,0.584087134024622
51.1666666666667,0.382051277160645,0.1215,0.0232121649298658,0.587099723343622
51.2,0.382051277160645,0.1215,-0.0131774574747917,0.590088118855078
51.2333333333333,0.382051277160645,0.1215,-0.0366871837862445,0.593051490468338
51.2666666666667,0.382051277160645,0.1215,-0.0495291674271102,0.595989015043676
51.3,0.382051277160645,0.12,-0.0385855701372101,0.598899876620932
51.3333333333333,0.382051277160645,0.12,-0.0354551950464038,0.601783266646163
51.3666666666667,0.382051277160645,0.12,-0.02649370514533,0.604638384196233
51.4,0.423344993591309,0.12,-0.0128482971012114,0.607464436201294
51.4333333333333,0.423344993591309,0.12,-0.0669509945720986,0.610260637665072
51.4666666666667,0.423344993591309,0.12,-0.104840869381267,0.613026211882917
51.5,0.423344993591309,0.1185,-0.114267325407851,0.61576039065755
51.5333333333333,0.423344993591309,0.117,-0.112571367236914,0.618462414512449
51.5666666666667,0.423344993591309,0.114,-0.0867431887459739,0.621131532902806
51.6,0.423344993591309,0.1125,-0.0684718489597684,0.623767004424008
51.6333333333333,0.423344993591309,0.111,-0.0441881076593091,0.626368097017578
51.6666666666667,0.465527598063151,0.1095,-0.0151013489322609,0.628934088174521
51.7,0.465527598063151,0.108,-0.055233127710146,0.631464265136015
51.7333333333333,0.465527598063151,0.108,-0.0938395069104807,0.633957925091396
51.7666666666667,0.465527598063151,0.105,-0.0887483259074059,0.636414375373375
51.8,0.465527598063151,0.1035,-0.0873659618323165,0.638832933650448
51.8333333333333,0.465527598063151,0.1035,-0.0917368494413816,0.641212928116424
51.8666666666667,0.465527598063151,0.102,-0.0735948165824135,0.643553697677029
51.9,0.465527598063151,0.102,-0.0644073450267171,0.64585459213355
51.9333333333333,0.504166666666667,0.102,-0.0504137170831409,0.648114972363431
51.9666666666667,0.504166666666667,0.102,-0.0995271243358203,0.650334210497811
52,0.504166666666667,0.1005,-0.118297815501489,0.652511690095921
52.0333333333333,0.504166666666667,0.099,-0.124391624687016,0.654646806316317
52.0666666666667,0.504166666666667,0.0975,-0.120074943198283,0.656738966084891
52.1,0.504166666666667,0.096,-0.107271267416115,0.658787588259604
52.1333333333333,0.504166666666667,0.096,-0.102609961199664,0.660792103791913
52.1666666666667,0.504166666666667,0.096,-0.0924682891953572,0.662751955884835
52.2,0.556590716044108,0.0945,-0.0630076352141591,0.664666600147616
52.2333333333333,0.556590716044108,0.0945,-0.135930398468057,0.666535504746937
52.2666666666667,0.556590716044108,0.0945,-0.189427985275981,0.668358150554648
52.3,0.556590716044108,0.09,-0.181805265024562,0.670134031291967
52.3333333333333,0.556590716044108,0.087,-0.175875458236077,0.671862653670108
52.3666666666667,0.556590716044108,0.0825,-0.144029495414802,0.673543537527303
52.4,0.556590716044108,0.081,-0.13329584375466,0.675176215962178
52.4333333333333,0.556590716044108,0.075,-0.0703920938488536,0.676760235463443
52.4666666666667,0.596614583333333,0.072,-0.0317694246776298,0.678295156035867
52.5,0.596614583333333,0.069,-0.0579167094042517,0.679780551322493
52.5333333333333,0.596614583333333,0.066,-0.0676922438519928,0.681216008723071
52.5666666666667,0.596614583333333,0.0615,-0.0489581264707067,0.682601129508664
52.6,0.596614583333333,0.06,-0.0491465171693782,0.683935528932404
52.6333333333333,0.596614583333333,0.06,-0.055320563696758,0.685218836336365
52.6666666666667,0.596614583333333,0.06,-0.0542269354454547,0.686450695254519
52.7,0.596614583333333,0.06,-0.0473411037445434,0.687630763511755
52.7333333333333,0.643338362375895,0.06,-0.0359063543357988,0.688758713318922
52.7666666666667,0.643338362375895,0.06,-0.101828129058379,0.689834231363883
52.8,0.643338362375895,0.0585,-0.135056749794349,0.690857018898539
52.8333333333333,0.643338362375895,0.0555,-0.138658226559955,0.69182679182182
52.8666666666667,0.643338362375895,0.0525,-0.130239352549833,0.692743280758593
52.9,0.643338362375895,0.051,-0.127012684986385,0.693606231134491
52.9333333333333,0.643338362375895,0.0465,-0.0858525815723923,0.694415403246626
52.9666666666667,0.643338362375895,0.0435,-0.0533435060259886,0.695170572330168
53,0.693362712860107,0.042,-0.0308216528227933,0.695871528620783
53.0333333333333,0.693362712860107,0.042,-0.105983553303418,0.696518077412899
53.0666666666667,0.693362712860107,0.0405,-0.147070598112001,0.697110039113786
53.1,0.693362712860107,0.036,-0.142370790307451,0.697647249293444
53.1333333333333,0.693362712860107,0.0315,-0.124680438123072,0.698129558730277
53.1666666666667,0.693362712860107,0.03,-0.126373675815709,0.698556833452543
53.2,0.693362712860107,0.0255,-0.0894624191813752,0.698928954775568
53.2333333333333,0.693362712860107,0.021,-0.0456480531724547,0.699245819334708
53.2666666666667,0.724947547912598,0.0195,-0.0263659744163243,0.699507339114069
53.3,0.724947547912598,0.0165,-0.0424850625021693,0.69971344147095
53.3333333333333,0.724947547912598,0.0135,-0.0451743111461614,0.69986406915602
53.3666666666667,0.724947547912598,0.009,-0.0218597171453275,0.699959180329224
53.4,0.724947547912598,0.0075,-0.0195985629054387,0.699998748571404
53.4333333333333,0.724947547912598,0.0075,-0.0251319353735532,0.699982762891636
53.4666666666667,0.724947547912598,0.0075,-0.0249299916479345,0.699911227730284
53.5,0.724947547912598,0.0075,-0.0202309570729221,0.699784162957765
53.5333333333333,0.76640625,0.006,0.00292529120818478,0.699601603869033
53.5666666666667,0.76640625,0.006,-0.0580806202014984,0.699363601173772
53.6,0.76640625,0.006,-0.10385913843515,0.699070220982312
53.6333333333333,0.76640625,0.0045,-0.122085496550664,0.698721544787263
53.6666666666667,0.76640625,0,-0.100032128284112,0.698317669440883
53.7,0.76640625,-0.0015,-0.099625790735101,0.69785870712817
53.7333333333333,0.76640625,-0.0045,-0.0774968155314224,0.697344785335705
53.7666666666667,0.76640625,-0.006,-0.0650215570335221,0.696776046816237
53.8,0.806596533457438,-0.009,-0.033358962246729,0.696152649549031
53.8333333333333,0.806596533457438,-0.009,-0.0980358591853259,0.695474766695985
53.8666666666667,0.806596533457438,-0.0105,-0.13235513776693,0.694742586553534
53.9,0.806596533457438,-0.015,-0.124004677652049,0.693956312500344
53.9333333333333,0.806596533457438,-0.0195,-0.105268048918714,0.693116162940816
53.9666666666667,0.806596533457438,-0.021,-0.108081818842517,0.692222371244427
54,0.806596533457438,-0.021,-0.11908496394741,0.691275185680901
54.0333333333333,0.806596533457438,-0.0225,-0.109661458883697,0.690274869351248
54.0666666666667,0.806596533457438,-0.027,-0.065976969404992,0.689221700114684
54.1,0.837736749649048,-0.0285,-0.049010451774254,0.688115970511446
54.1333333333333,0.837736749649048,-0.03,-0.0834729921935533,0.686957987681538
54.1666666666667,0.837736749649048,-0.0315,-0.106116538638639,0.685748073279411
54.2,0.837736749649048,-0.033,-0.119065171013064,0.684486563384617
54.2333333333333,0.837736749649048,-0.036,-0.109120453552068,0.683173808408462
54.2666666666667,0.837736749649048,-0.039,-0.0928073381156724,0.681810172996665
54.3,0.837736749649048,-0.0405,-0.0864137303752618,0.680396035928072
54.3333333333333,0.837736749649048,-0.042,-0.0760245799986665,0.678931790009441
54.3666666666667,0.864907010396322,-0.042,-0.077551239920509,0.677417841966336
54.4,0.864907010396322,-0.0435,-0.108777925271583,0.675854612330145
54.4333333333333,0.864907010396322,-0.0465,-0.114560081177412,0.674242535321271
54.4666666666667,0.864907010396322,-0.051,-0.0967845429076088,0.672582058728517
54.5,0.864907010396322,-0.054,-0.0870510475355967,0.670873643784704
54.5333333333333,0.864907010396322,-0.0555,-0.0867131296308107,0.669117765038555
54.5666666666667,0.864907010396322,-0.057,-0.0819133688545891,0.667314910222875
54.6,0.864907010396322,-0.0585,-0.073613757107722,0.665465580119076
54.6333333333333,0.882466737429301,-0.06,-0.0626218494387881,0.663570288418073
54.6666666666667,0.882466737429301,-0.063,-0.0650023519766885,0.661629561577597
54.7,0.882466737429301,-0.066,-0.0602679130393166,0.659643938675958
54.7333333333333,0.882466737429301,-0.0675,-0.06476351219096,0.657613971262305
54.7666666666667,0.882466737429301,-0.069,-0.0646263138865856,0.655540223203423
54.8,0.882466737429301,-0.0705,-0.06081546507446,0.653423270527106
54.8333333333333,0.882466737429301,-0.0705,-0.0691377638023911,0.651263701262151
54.8666666666667,0.882466737429301,-0.072,-0.0602697609962784,0.649062115275023
54.9,0.898049441973368,-0.0735,-0.0497767817566244,0.646819124103231
54.9333333333333,0.898049441973368,-0.0735,-0.0800969061626047,0.644535350785454
54.9666666666667,0.898049441973368,-0.075,-0.0896282404068591,0.642211429688485
55,0.898049441973368,-0.078,-0.0794707261882742,0.63984800633102
55.0333333333333,0.898049441973368,-0.0795,-0.0805539655526272,0.637445737204349
55.0666666666667,0.898049441973368,-0.081,-0.0786616617206649,0.635005289590006
55.1,0.898049441973368,-0.084,-0.0594526720713097,0.632527341374414
55.1333333333333,0.898049441973368,-0.0855,-0.053479134622899,0.630012580860589
55.1666666666667,0.901494518915812,-0.087,-0.0462020671252299,0.627461706576948
55.2,0.901494518915812,-0.09,-0.0289668763371093,0.624875427083279
55.2333333333333,0.901494518915812,-0.0915,-0.0250179055074115,0.622254460773921
55.2666666666667,0.901494518915812,-0.093,-0.019788259766339,0.619599535678221
55.3,0.901494518915812,-0.093,-0.0286385267647774,0.6169113892583
55.3333333333333,0.901494518915812,-0.093,-0.0368675090316199,0.614190768204211
55.3666666666667,0.901494518915812,-0.093,-0.0447214459690448,0.611438428226533
55.4,0.901494518915812,-0.093,-0.0524019327945308,0.60865513384645
55.4333333333333,0.89921875,-0.093,-0.0600727156554756,0.605841658183393
55.4666666666667,0.89921875,-0.093,-0.0639270442843921,0.602998782740289
55.5,0.89921875,-0.093,-0.0687418023475489,0.600127297186483
55.5333333333333,0.89921875,-0.0945,-0.0594851537994719,0.597227999138386
55.5666666666667,0.89921875,-0.0945,-0.0661225122584443,0.594301693937925
55.6,0.89921875,-0.096,-0.0586173908762067,0.591349194428839
55.6333333333333,0.89921875,-0.096,-0.066932102840733,0.588371320730896
55.6666666666667,0.89921875,-0.096,-0.0760283351253752,0.585368900012088
55.7,0.886197916666667,-0.096,-0.085867614881513,0.582342766258863
55.7333333333333,0.886197916666667,-0.096,-0.0738776714940145,0.579293760044473
55.7666666666667,0.886197916666667,-0.096,-0.0667527539187268,0.576222728295484
55.8,0.886197916666667,-0.096,-0.0638049463089733,0.573130524056524
55.8333333333333,0.886197916666667,-0.096,-0.0644408505858196,0.570018006253331
55.8666666666667,0.886197916666667,-0.096,-0.0681487374543167,0.566886039454172
55.9,0.886197916666667,-0.096,-0.0744874290457599,0.563735493629684
55.9333333333333,0.886197916666667,-0.0975,-0.0680766809395564,0.560567243911229
55.9666666666667,0.867708333333333,-0.0975,-0.0785888623860329,0.5573821703478
56,0.867708333333333,-0.0975,-0.058743461149629,0.554181157661574
56.0333333333333,0.867708333333333,-0.099,-0.0312568864776937,0.550965095002159
56.0666666666667,0.867708333333333,-0.099,-0.0249956232381271,0.547734875699615
56.1,0.867708333333333,-0.099,-0.0239882127097565,0.544491397016311
56.1333333333333,0.867708333333333,-0.099,-0.0274027934830222,0.541235559897692
56.1666666666667,0.867708333333333,-0.099,-0.0345277005109645,0.537968268722024
56.2,0.867708333333333,-0.099,-0.0447547098268131,0.534690431049179
56.2333333333333,0.847980801264445,-0.099,-0.0575645717948112,0.531402957368545
56.2666666666667,0.847980801264445,-0.099,-0.0383738151449435,0.52810676084612
56.3,0.847980801264445,-0.099,-0.0273063452176157,0.524802757070851
56.3333333333333,0.847980801264445,-0.099,-0.0230553281075122,0.521491863800321
56.3666666666667,0.847980801264445,-0.099,-0.0245041203253771,0.518175000705818
56.4,0.847980801264445,-0.099,-0.0306996853046221,0.514853089116872
56.4333333333333,0.847980801264445,-0.099,-0.0408296458755915,0.511527051765344
56.4666666666667,0.847980801264445,-0.099,-0.054202481101642,0.508197812529109
56.5,0.847980801264445,-0.099,-0.0702304419262016,0.50486629617544
56.5333333333333,0.808353153864543,-0.099,-0.0884148172897657,0.501533428104124
56.5666666666667,0.808353153864543,-0.099,-0.0397531400958735,0.498200134090417
56.6,0.808353153864543,-0.1005,0.00975534550198665,0.494867340027888
56.6333333333333,0.808353153864543,-0.1005,0.0323926887130657,0.491535971671238
56.6666666666667,0.808353153864543,-0.1005,0.0451082746588369,0.488206954379145
56.7,0.808353153864543,-0.1005,0.0495653296789252,0.484881212857229
56.7333333333333,0.808353153864543,-0.1005,0.0471810653706252,0.481559670901194
56.7666666666667,0.808353153864543,-0.1005,0.0391613214888605,0.478243251140227
56.8,0.775520833333333,-0.1005,0.0265304522586615,0.474932874780714
56.8333333333333,0.775520833333333,-0.1005,0.0669771164935576,0.471629461350358
56.8666666666667,0.775520833333333,-0.1005,0.0938311564154802,0.468333928442762
56.9,0.775520833333333,-0.1005,0.109354698490199,0.465047191462541
56.9333333333333,0.775520833333333,-0.1005,0.115476038239829,0.461770163371057
56.9666666666667,0.775520833333333,-0.1005,0.113836583435648,0.458503754432819
57,0.775520833333333,-0.1005,0.105831356525465,0.455248871962641
57.0333333333333,0.775520833333333,-0.1005,0.092643928596793,0.452006420073613
57.0666666666667,0.725,-0.1005,0.0752765398616764,0.448777299425967
57.1,0.725,-0.1005,0.142008032840013,0.445562406976897
57.1333333333333,0.725,-0.1005,0.189832147559681,0.442362635731412
57.1666666666667,0.725,-0.1005,0.221874588377309,0.439178874494283
57.2,0.725,-0.1005,0.240800775668566,0.436012007623161
57.2333333333333,0.725,-0.1005,0.248880489157067,0.432862914782923
57.2666666666667,0.725,-0.1005,0.248043647804185,0.429732470701334
57.3,0.725,-0.1005,0.239928426255143,0.426621544926064
57.3333333333333,0.675404898325602,-0.1005,0.225922746480689,0.423531001583159
57.3666666666667,0.675404898325602,-0.1005,0.293029933757544,0.42046169913701
57.4,0.675404898325602,-0.1005,0.340420171707639,0.417414490151892
57.4333333333333,0.675404898325602,-0.099,0.356405405425072,0.414390221055153
57.4666666666667,0.675404898325602,-0.099,0.373806839957946,0.411389731902096
57.5,0.675404898325602,-0.099,0.380024059917334,0.408413856142638
57.5333333333333,0.675404898325602,-0.099,0.377094657784548,0.405463420389798
57.5666666666667,0.675404898325602,-0.099,0.366745656940616,0.402539244190093
57.6,0.619408289591471,-0.099,0.350437842442949,0.399642139795885
57.6333333333333,0.619408289591471,-0.099,0.42631237950372,0.396772911939769
57.6666666666667,0.619408289591471,-0.099,0.480444901745878,0.393932357611033
57.7,0.619408289591471,-0.099,0.516505551542605,0.39112126583428
57.7333333333333,0.619408289591471,-0.099,0.537619579138981,0.388340417450263
57.7666666666667,0.619408289591471,-0.099,0.546444154856266,0.385590584898985
57.8,0.619408289591471,-0.099,0.545234629061563,0.38287253200514
57.8333333333333,0.619408289591471,-0.099,0.535901670013316,0.380187013765944
57.8666666666667,0.559148756663005,-0.099,0.520060517286678,0.377534776141418
57.9,0.559148756663005,-0.099,0.603359307416946,0.374916555847182
57.9333333333333,0.559148756663005,-0.0975,0.64823001648137,0.372333080149814
57.9666666666667,0.559148756663005,-0.096,0.673645924851559,0.369785066664842
58,0.559148756663005,-0.09,0.637989310317811,0.367273223157407
58.0333333333333,0.559148756663005,-0.084,0.589134828108355,0.364798247345663
58.0666666666667,0.559148756663005,-0.078,0.529521431639277,0.362360826706978
58.1,0.559148756663005,-0.0735,0.476214387379723,0.359961638286969
58.1333333333333,0.494563007354736,-0.069,0.415958728199862,0.357601348511436
58.1666666666667,0.494563007354736,-0.0645,0.461998197161294,0.355280613001251
58.2,0.494563007354736,-0.0585,0.467973498767619,0.353000076390245
58.2333333333333,0.494563007354736,-0.054,0.468149303284832,0.350760372146146
58.2666666666667,0.494563007354736,-0.051,0.466155076225726,0.34856212239462
58.3,0.494563007354736,-0.051,0.480074745986204,0.346405937746465
58.3333333333333,0.494563007354736,-0.051,0.482524044467759,0.344292417127995
58.3666666666667,0.494563007354736,-0.051,0.475717191962313,0.342222147614681
58.4,0.41796875,-0.051,0.461524372676261,0.340195704268077
58.4333333333333,0.41796875,-0.051,0.574076212178438,0.338213649976082
58.4666666666667,0.41796875,-0.051,0.657447195832986,0.336276535296588
58.5,0.41796875,-0.0495,0.701574963009649,0.334384898304551
58.5333333333333,0.41796875,-0.0465,0.710663041095235,0.332539264442527
58.5666666666667,0.41796875,-0.0435,0.703284379870182,0.330740146374722
58.6,0.41796875,-0.0405,0.682470659336644,0.328988043844586
58.6333333333333,0.41796875,-0.0375,0.650789299321147,0.327283443536001
58.6666666666667,0.347128550211589,-0.033,0.595409839721184,0.325626818938091
58.7,0.347128550211589,-0.027,0.640758052764762,0.324018630213705
58.7333333333333,0.347128550211589,-0.021,0.657935240383169,0.32245932407159
58.7666666666667,0.347128550211589,-0.0135,0.636771180215807,0.320949333642318
58.8,0.347128550211589,-0.0045,0.581373953143594,0.319489078357963
58.8333333333333,0.347128550211589,0.0015,0.540231963779536,0.318078963835604
58.8666666666667,0.347128550211589,0.0075,0.486301925710301,0.316719381764654
58.9,0.347128550211589,0.0135,0.422084715093159,0.315410709798056
58.9333333333333,0.275094858805339,0.018,0.364690739996067,0.314153311447386
58.9666666666667,0.275094858805339,0.0195,0.455558639386218,0.312947535981878
59,0.275094858805339,0.024,0.488292605334371,0.311793718331409
59.0333333333333,0.275094858805339,0.0285,0.497740302728248,0.310692178993464
59.0666666666667,0.275094858805339,0.0315,0.503023601973945,0.309643223944107
59.1,0.275094858805339,0.0315,0.522641268410431,0.308647144552998
59.1333333333333,0.275094858805339,0.0315,0.529557518154483,0.307704217502451
59.1666666666667,0.275094858805339,0.0315,0.526278357771822,0.306814704710583
59.2,0.220572916666667,0.0315,0.514917367063914,0.305978853258563
59.2333333333333,0.220572916666667,0.0315,0.591608701431478,0.305196895321974
59.2666666666667,0.220572916666667,0.033,0.630908724382691,0.304469048106326
59.3,0.220572916666667,0.033,0.66678886785235,0.303795513786722
59.3333333333333,0.220572916666667,0.033,0.687619788768366,0.303176479451697
59.3666666666667,0.220572916666667,0.033,0.696256773849151,0.302612117051252
59.4,0.220572916666667,0.033,0.695113361328519,0.302102583349093
59.4333333333333,0.220572916666667,0.033,0.686224780185849,0.301648019879082
59.4666666666667,0.200942548116048,0.033,0.671302591850139,0.301248552905928
59.5,0.200942548116048,0.033,0.68575428883484,0.300904293390109
59.5333333333333,0.200942548116048,0.033,0.690477183677405,0.300615336957056
59.5666666666667,0.200942548116048,0.033,0.68745007653496,0.300381763870586
59.6,0.200942548116048,0.033,0.678339266585778,0.30020363901061
59.6333333333333,0.200942548116048,0.033,0.664543831684816,0.300081011855111
59.6666666666667,0.200942548116048,0.033,0.64723460085353,0.3000139164664
59.7,0.200942548116048,0.033,0.627387680679018,0.300002371481651
59.7333333333333,0.200942548116048,0.033,0.605813280388086,0.300046380107733
59.7666666666667,0.212600135803223,0.033,0.583180479672037,0.300145930120308
59.8,0.212600135803223,0.033,0.539863732179541,0.300300993867237
59.8333333333333,0.212600135803223,0.033,0.500243866741236,0.300511528276253
59.8666666666667,0.212600135803223,0.033,0.464099746342036,0.300777474866929
59.9,0.212600135803223,0.033,0.43122145808014,0.301098759766923
59.9333333333333,0.212600135803223,0.033,0.401410158419429,0.301475293732494
59.9666666666667,0.212600135803223,0.033,0.374477838513735,0.301906972173297
60,0.212600135803223,0.033,0.350247027760951,0.302393675181428
60.0333333333333,0.22541561126709,0.033,0.328550450764971,0.302935267564736
60.0666666666667,0.22541561126709,0.033,0.287052031580471,0.303531598884377
60.1,0.22541561126709,0.033,0.251914118545469,0.304182503496594
60.1333333333333,0.22541561126709,0.033,0.222357016968897,0.304887800598738
60.1666666666667,0.22541561126709,0.033,0.197701722448821,0.30564729427948
60.2,0.22541561126709,0.033,0.17735671564602,0.306460773573239
60.2333333333333,0.22541561126709,0.033,0.160806500844725,0.307328012518773
60.2666666666667,0.22541561126709,0.033,0.147601657062614,0.308248770221953
60.3,0.236979166666667,0.033,0.137350201209584,0.30922279092267
60.3333333333333,0.236979166666667,0.033,0.109698058871835,0.310249804065881
60.3666666666667,0.236979166666667,0.033,0.088086788970014,0.311329524376761
60.4,0.236979166666667,0.033,0.0716774762407733,0.312461651939944
60.4333333333333,0.236979166666667,0.033,0.0597471806339413,0.313645872282831
60.4666666666667,0.236979166666667,0.033,0.0516731395502316,0.314881856462942
60.5,0.236979166666667,0.033,0.0469191009280863,0.316169261159285
60.5333333333333,0.236979166666667,0.033,0.04502350124945,0.317507728767721
60.5666666666667,0.248258336385091,0.033,0.0455892407938632,0.3188968875003
60.6,0.248258336385091,0.033,0.028754972391455,0.320336351488529
60.6333333333333,0.248258336385091,0.033,0.0173835208952774,0.321825720890554
60.6666666666667,0.248258336385091,0.033,0.0106588963335481,0.323364582002231
60.7,0.248258336385091,0.033,0.00788183266093812,0.324952507372033
60.7333333333333,0.248258336385091,0.033,0.00845360319994069,0.32658905591979
60.7666666666667,0.248258336385091,0.033,0.0118620399585215,0.328273773059208
60.8,0.248258336385091,0.033,0.0176694595586908,0.330006190824134
60.8333333333333,0.260645421346029,0.033,0.0255022384006885,0.331785827998553
60.8666666666667,0.260645421346029,0.033,0.0136045733278521,0.333612190250247
60.9,0.260645421346029,0.033,0.00713609338397238,0.335484770268112
60.9333333333333,0.260645421346029,0.033,0.00524688884545349,0.337403047903072
60.9666666666667,0.260645421346029,0.033,0.00721090365914306,0.339366490312564
61,0.260645421346029,0.0315,0.0274086031440589,0.341374552108543
61.0333333333333,0.260645421346029,0.0315,0.0353120133645445,0.343426675508977
61.0666666666667,0.260645421346029,0.0315,0.0454718114371894,0.345522290492785
61.1,0.276001612345378,0.0315,0.0575061891354577,0.347660814958167
61.1333333333333,0.276001612345378,0.0315,0.0445156373071595,0.3498416548843
61.1666666666667,0.276001612345378,0.0315,0.0377524115724179,0.352064204496338
61.2,0.276001612345378,0.0315,0.0362170769102997,0.354327846433681
61.2333333333333,0.276001612345378,0.0315,0.0390569260635662,0.356631951921457
61.2666666666667,0.276001612345378,0.0315,0.0455453762304153,0.358975880945178
61.3,0.276001612345378,0.0315,0.0550641901215972,0.36135898242852
61.3333333333333,0.276001612345378,0.0315,0.0670881390523799,0.363780594414174
61.3666666666667,0.300209808349609,0.0315,0.0811717771447572,0.366240044247713
61.4,0.300209808349609,0.0315,0.0550430398033491,0.368736648764442
61.4333333333333,0.300209808349609,0.0315,0.0380832559985649,0.37126971447916
61.4666666666667,0.300209808349609,0.0315,0.0288138242111165,0.37383853777879
61.5,0.300209808349609,0.0315,0.0259729494672252,0.376442405117821
61.5333333333333,0.300209808349609,0.0315,0.0284852332652263,0.379080593216512
61.5666666666667,0.300209808349609,0.0315,0.0354354300220637,0.381752369261801
61.6,0.300209808349609,0.0315,0.0460458061777359,0.384456991110854
61.6333333333333,0.319643719991048,0.0315,0.0596566138979766,0.387193707497213
61.6666666666667,0.319643719991048,0.0315,0.0420766915114881,0.389961758239482
61.7,0.319643719991048,0.0315,0.0327322360823261,0.392760374452473
61.7333333333333,0.319643719991048,0.0315,0.0302539229856974,0.39558877876079
61.7666666666667,0.319643719991048,0.0315,0.0334754948450336,0.398446185514756
61.8,0.319643719991048,0.0315,0.0414051205307831,0.401331801008644
61.8333333333333,0.319643719991048,0.0315,0.0532006895700668,0.404244823701152
61.8666666666667,0.319643719991048,0.0315,0.0681485085646868,0.407184444438038
61.9,0.319643719991048,0.0315,0.085644937982388,0.410149846676889
61.9333333333333,0.333391571044922,0.0315,0.105180569836456,0.413140206713929
61.9666666666667,0.333391571044922,0.0315,0.102534401212697,0.416154693912819
62,0.333391571044922,0.0315,0.105571072711551,0.419192470935387
62.0333333333333,0.333391571044922,0.0315,0.113302166319453,0.422252693974215
62.0666666666667,0.333391571044922,0.0315,0.124888176603726,0.425334512987026
62.1,0.333391571044922,0.0315,0.139617341101741,0.428437071932799
62.1333333333333,0.333391571044922,0.0315,0.156887391340082,0.431559509009552
62.1666666666667,0.333391571044922,0.0315,0.176189827771375,0.434700956893732
62.2,0.353645833333333,0.0315,0.197096375355167,0.437860542981125
62.2333333333333,0.353645833333333,0.0315,0.184195048454523,0.441037389629246
62.2666666666667,0.353645833333333,0.0315,0.178767008317862,0.444230614401119
62.3,0.353645833333333,0.0315,0.179548443757173,0.447439330310395
62.3333333333333,0.353645833333333,0.0315,0.185463603392663,0.450662646067733
62.3666666666667,0.353645833333333,0.0315,0.195598225971388,0.453899666328369
62.4,0.353645833333333,0.0315,0.209176624859019,0.457149491940822
62.4333333333333,0.353645833333333,0.0315,0.225541931177782,0.460411220196653
62.4666666666667,0.370433489481608,0.0315,0.244139066752696,0.463683945081208
62.5,0.370433489481608,0.0315,0.23544715248611,0.466966757525284
62.5333333333333,0.370433489481608,0.0315,0.233538066137433,0.470258745657644
62.5666666666667,0.370433489481608,0.0315,0.237242733738485,0.473558995058308
62.6,0.370433489481608,0.0315,0.24556701187865,0.476866589012553
62.6333333333333,0.370433489481608,0.0315,0.257666906893256,0.480180608765545
62.6666666666667,0.370433489481608,0.0315,0.272827206936688,0.483500133777554
62.7,0.370433489481608,0.0315,0.29044306379132,0.486824241979641
62.7333333333333,0.3921875,0.0315,0.310004123619999,0.490152010029793
62.7666666666667,0.3921875,0.0315,0.293433102888597,0.493482513569391
62.8,0.3921875,0.0315,0.285030888699327,0.49681482747998
62.8333333333333,0.3921875,0.0315,0.283408453224591,0.500148026140232
62.8666666666667,0.3921875,0.0315,0.28738336062876,0.503481183683064
62.9,0.3921875,0.0315,0.295950592608036,0.506813374252812
62.9333333333333,0.3921875,0.0315,0.308257385543198,0.510143672262411
62.9666666666667,0.3921875,0.0315,0.323581535323187,0.513471152650495
63,0.411826133728027,0.0315,0.341312699098376,0.516794891138349
63.0333333333333,0.411826133728027,0.0315,0.326949426609935,0.520113964486657
63.0666666666667,0.411826133728027,0.0315,0.3203774556988,0.523427450751939
63.1,0.411826133728027,0.0315,0.320252265090407,0.526734429542651
63.1333333333333,0.411826133728027,0.0315,0.325430156541536,0.530033982274836
63.1666666666667,0.411826133728027,0.0315,0.33493983973471,0.533325192427284
63.2,0.411826133728027,0.0315,0.347957928345698,0.536607145796117
63.2333333333333,0.411826133728027,0.0315,0.363787816673183,0.539878930748723
63.2666666666667,0.436082903544108,0.0315,0.381841477647531,0.543139638476986
63.3,0.436082903544108,0.0315,0.359644722023703,0.546388363249726
63.3333333333333,0.436082903544108,0.0315,0.346581384963377,0.549624202664285
63.3666666666667,0.436082903544108,0.0315,0.341090912649579,0.552846257897185
63.4,0.436082903544108,0.0315,0.341844895424196,0.556053633953804
63.4333333333333,0.436082903544108,0.0315,0.347714291989753,0.55924543991697
63.4666666666667,0.436082903544108,0.0315,0.357741160032782,0.562420789194441
63.5,0.436082903544108,0.0315,0.371114282260221,0.565578799765165
63.5333333333333,0.455123329162598,0.0315,0.387148159064676,0.568718594424292
63.5666666666667,0.455123329162598,0.0315,0.372313316515722,0.571839301026828
63.6,0.455123329162598,0.0315,0.365214224339376,0.574940052729892
63.6333333333333,0.455123329162598,0.0315,0.364491807489566,0.578019988233506
63.6666666666667,0.455123329162598,0.0315,0.368990923013615,0.581078252019833
63.7,0.455123329162598,0.0315,0.377731449919308,0.584113994590819
63.7333333333333,0.455123329162598,0.0315,0.389883362345997,0.58712637270416
63.7666666666667,0.455123329162598,0.0315,0.404745245352769,0.590114549607526
63.8,0.472916666666667,0.033,0.406725785442211,0.593077695270991
63.8333333333333,0.472916666666667,0.033,0.394534463221013,0.596014986617592
63.8666666666667,0.472916666666667,0.033,0.389284591706334,0.59892560775195
63.9,0.472916666666667,0.033,0.389738594234135,0.601808750186912
63.9333333333333,0.472916666666667,0.033,0.394845273439365,0.604663613068117
63.9666666666667,0.472916666666667,0.033,0.403713346362642,0.607489403396456
64,0.472916666666667,0.033,0.4155886290646,0.610285336248338
64.0333333333333,0.472916666666667,0.033,0.429834375144706,0.613050634993729
64.0666666666667,0.486877727508545,0.033,0.445914339312618,0.615784531511868
64.1,0.486877727508545,0.033,0.439217012116501,0.618486266404635
64.1333333333333,0.486877727508545,0.033,0.438027730136269,0.621155089207488
64.1666666666667,0.486877727508545,0.033,0.4413341846258,0.623790258597921
64.2,0.486877727508545,0.033,0.448277707911444,0.626391042601377
64.2333333333333,0.486877727508545,0.033,0.458131379430717,0.628956718794581
64.2666666666667,0.486877727508545,0.033,0.470281156521506,0.631486574506197
64.3,0.486877727508545,0.033,0.484209618798639,0.633979907014797
64.3333333333333,0.486877727508545,0.033,0.499481970362408,0.636436023744047
64.3666666666667,0.506967989603678,0.033,0.515733992059868,0.638854242455093
64.4,0.506967989603678,0.033,0.497893223973788,0.641233891436067
64.4333333333333,0.506967989603678,0.033,0.486952609926624,0.643574309688661
64.4666666666667,0.506967989603678,0.033,0.481698761370069,0.645874847111744
64.5,0.506967989603678,0.033,0.481099760745017,0.648134864681935
64.5333333333333,0.506967989603678,0.033,0.484279486205013,0.650353734631108
64.5666666666667,0.506967989603678,0.033,0.490495470567822,0.652530840620766
64.6,0.506967989603678,0.033,0.499119815004953,0.654665577913244
64.6333333333333,0.527604166666667,0.033,0.509622742526494,0.656757353539688
64.6666666666667,0.527604166666667,0.033,0.485845211500773,0.658805586464763
64.7,0.527604166666667,0.033,0.469779581796328,0.660809707748047
64.7333333333333,0.527604166666667,0.033,0.460081437117497,0.662769160702071
64.7666666666667,0.527604166666667,0.033,0.455606923976055,0.664683401046948
64.8,0.527604166666667,0.033,0.455384414932646,0.666551897061556
64.8333333333333,0.527604166666667,0.033,0.458590069589914,0.668374129731239
64.8666666666667,0.527604166666667,0.033,0.46452676473055,0.670149592891973
64.9,0.546782875061035,0.033,0.472605936138087,0.671877793370963
64.9333333333333,0.546782875061035,0.033,0.449141028658781,0.673558251123631
64.9666666666667,0.546782875061035,0.033,0.433090054920809,0.675190499366964
65,0.546782875061035,0.033,0.423145908951638,0.676774084709166
65.0333333333333,0.546782875061035,0.033,0.418197215668589,0.678308567275603
65.0666666666667,0.546782875061035,0.033,0.417300632804933,0.679793520830985
65.1,0.546782875061035,0.033,0.419656965853978,0.68122853289776
65.1333333333333,0.546782875061035,0.033,0.42459057868916,0.682613204870693
65.1666666666667,0.561631075541178,0.033,0.431531652163235,0.683947152127585
65.2,0.561631075541178,0.033,0.414304425733437,0.685230004136106
65.2333333333333,0.561631075541178,0.033,0.402990603816977,0.686461404556726
65.2666666666667,0.561631075541178,0.033,0.396512069612732,0.68764101134169
65.3,0.561631075541178,0.033,0.393953753117663,0.688768496830032
65.3333333333333,0.561631075541178,0.033,0.394540456452012,0.689843547838588
65.3666666666667,0.561631075541178,0.033,0.397616876743137,0.690865865748991
65.4,0.561631075541178,0.033,0.402630392205553,0.691835166590616
65.4333333333333,0.573635673522949,0.033,0.409116235567462,0.692751181119463
65.4666666666667,0.573635673522949,0.033,0.395909425398138,0.69361365489294
65.5,0.573635673522949,0.033,0.387330033676352,0.694422348340547
65.5333333333333,0.573635673522949,0.033,0.382507029144093,0.695177036830413
65.5666666666667,0.573635673522949,0.033,0.380702204878147,0.6958775107317
65.6,0.573635673522949,0.033,0.381291232940125,0.696523575472828
65.6333333333333,0.573635673522949,0.033,0.383747337779526,0.697115051595523
65.6666666666667,0.573635673522949,0.033,0.387627232310361,0.697651774804666
65.7,0.586221917470296,0.033,0.39255900857416,0.698133596013927
65.7333333333333,0.586221917470296,0.033,0.376449808564598,0.698560381387179
65.7666666666667,0.586221917470296,0.033,0.36488044783549,0.698932012375675
65.8,0.586221917470296,0.033,0.357007060551198,0.699248385750973
65.8333333333333,0.586221917470296,0.033,0.352113912598996,0.699509413633615
65.8666666666667,0.586221917470296,0.033,0.349595166613729,0.699715023517533
65.9,0.586221917470296,0.033,0.348939164701585,0.699865158290195
65.9333333333333,0.586221917470296,0.033,0.349714886728371,0.69995977624846
65.9666666666667,0.595052083333333,0.033,0.351560288135543,0.699998851110172
66,0.595052083333333,0.033,0.33889066799598,0.699982372021453
66.0333333333333,0.595052083333333,0.033,0.329581698215471,0.699910343559723
66.0666666666667,0.595052083333333,0.033,0.322982015757791,0.699782785732423
66.1,0.595052083333333,0.033,0.318540215121324,0.699599733971465
66.1333333333333,0.595052083333333,0.033,0.315790561457789,0.699361239123381
66.1666666666667,0.595052083333333,0.033,0.314340680666052,0.699067367435207
66.2,0.595052083333333,0.033,0.313860957488372,0.698718200536079
66.2333333333333,0.599044926961263,0.033,0.314075408899987,0.698313835414556
66.2666666666667,0.599044926961263,0.033,0.307843767407063,0.697854384391684
66.3,0.599044926961263,0.033,0.303172231895329,0.697339975089792
66.3333333333333,0.599044926961263,0.033,0.299703243104135,0.696770750397045
66.3666666666667,0.599044926961263,0.033,0.29713617912542,0.696146868427753
66.4,0.599044926961263,0.033,0.295219095582656,0.695468502478452
66.4333333333333,0.599044926961263,0.033,0.293741617439073,0.694735840979766
66.4666666666667,0.599044926961263,0.033,0.292528825127644,0.693949087444067
66.5,0.592708333333333,0.033,0.291435998949563,0.693108460408944
66.5333333333333,0.592708333333333,0.033,0.301310290610802,0.692214193376503
66.5666666666667,0.592708333333333,0.033,0.30904534023248,0.691266534748503
66.6,0.592708333333333,0.033,0.3148791776779,0.690265747757357
66.6333333333333,0.592708333333333,0.033,0.31901992208257,0.689212110393016
66.6666666666667,0.592708333333333,0.033,0.321649659990239,0.688105915325753
66.7,0.592708333333333,0.033,0.322927815062772,0.686947469824861
66.7333333333333,0.592708333333333,0.033,0.322994076501226,0.685737095673309
66.7666666666667,0.585860919952393,0.033,0.321970944412386,0.684475129078356
66.8,0.585860919952393,0.033,0.331816160078301,0.683161920578164
66.8333333333333,0.585860919952393,0.033,0.338566339745591,0.681797834944428
66.8666666666667,0.585860919952393,0.033,0.342646884966938,0.680383251081053
66.9,0.585860919952393,0.033,0.344424058579402,0.678918561918905
66.9333333333333,0.585860919952393,0.033,0.344213079803088,0.677404174306668
66.9666666666667,0.585860919952393,0.033,0.342285124745563,0.675840508897828
67,0.585860919952393,0.033,0.338873379386064,0.674228000033835
67.0333333333333,0.576184240976969,0.033,0.334178272419497,0.672567095623449
67.0666666666667,0.576184240976969,0.033,0.345118577403084,0.670858257018326
67.1,0.576184240976969,0.033,0.351975777714298,0.669101958884869
67.1333333333333,0.576184240976969,0.033,0.355360540190956,0.667298689072378
67.1666666666667,0.576184240976969,0.033,0.355795949660797,0.665448948477538
67.2,0.576184240976969,0.033,0.353729678296304,0.663553250905288
67.2333333333333,0.576184240976969,0.033,0.349544496065985,0.661612122926099
67.2666666666667,0.576184240976969,0.033,0.343567346167456,0.659626103729703
67.3,0.576184240976969,0.033,0.336077179275081,0.657595744975331
67.3333333333333,0.564703623453776,0.033,0.327311714404342,0.655521610638471
67.3666666666667,0.564703623453776,0.033,0.337341768913815,0.653404276854212
67.4,0.564703623453776,0.033,0.34276939245083,0.651244331757213
67.4333333333333,0.564703623453776,0.033,0.344314431562139,0.649042375318335
67.4666666666667,0.564703623453776,0.033,0.342591921615434,0.646799019177987
67.5,0.564703623453776,0.033,0.338126755161953,0.644514886476227
67.5333333333333,0.564703623453776,0.033,0.331366343068924,0.642190611679674
67.5666666666667,0.564703623453776,0.033,0.322691539877446,0.63982684040527
67.6,0.55602134068807,0.033,0.312426068362102,0.637424229240949
67.6333333333333,0.55602134068807,0.033,0.315870311542592,0.634983445563252
67.6666666666667,0.55602134068807,0.033,0.315432115396442,0.632505167351949
67.7,0.55602134068807,0.033,0.311742272476378,0.629990083001722
67.7333333333333,0.55602134068807,0.033,0.305338408816905,0.62743889113094
67.7666666666667,0.55602134068807,0.033,0.296678118438594,0.624852300387607
67.8,0.55602134068807,0.033,0.286150293657553,0.622231029252519
67.8333333333333,0.55602134068807,0.033,0.274084895694078,0.619575805839694
67.8666666666667,0.542745081583659,0.033,0.260761377181952,0.616887367694116
67.9,0.542745081583659,0.033,0.269391996267415,0.614166461586873
67.9333333333333,0.542745081583659,0.033,0.27291957006968,0.611413843307723
67.9666666666667,0.542745081583659,0.033,0.272175374246716,0.608630277455154
68,0.542745081583659,0.033,0.267868273799239,0.605816537224005
68.0333333333333,0.542745081583659,0.033,0.260601945129194,0.602973404190692
68.0666666666667,0.542745081583659,0.033,0.250889734774973,0.60010166809611
68.1,0.542745081583659,0.033,0.239167474920117,0.597202126626264
68.1333333333333,0.52816785176595,0.033,0.225804532720901,0.594275585190696
68.1666666666667,0.52816785176595,0.033,0.236340865634071,0.591322856698765
68.2,0.52816785176595,0.033,0.241112861287081,0.588344761333845
68.2333333333333,0.52816785176595,0.033,0.241071262363376,0.585342126325498
68.2666666666667,0.52816785176595,0.033,0.237026444804834,0.582315785719699
68.3,0.52816785176595,0.033,0.229668185458805,0.579266580147155
68.3333333333333,0.52816785176595,0.033,0.219582715617184,0.576195356589808
68.3666666666667,0.52816785176595,0.033,0.207267428163149,0.573102968145566
68.4,0.516851615905762,0.033,0.193143556577561,0.569990273791332
68.4333333333333,0.516851615905762,0.033,0.197151117566756,0.566858138144417
68.4666666666667,0.516851615905762,0.033,0.196357866718393,0.563707431222358
68.5,0.516851615905762,0.033,0.191581974849942,0.560539028201263
68.5333333333333,0.516851615905762,0.033,0.183519533857131,0.557353809172711
68.5666666666667,0.516851615905762,0.033,0.172761840070307,0.554152658899284
68.6,0.516851615905762,0.033,0.159810298078996,0.550936466568807
68.6333333333333,0.516851615905762,0.033,0.145089267881516,0.54770612554736
68.6666666666667,0.504992453257243,0.033,0.128957134752557,0.54446253313112
68.7,0.504992453257243,0.033,0.132239455677741,0.541206590297127
68.7333333333333,0.504992453257243,0.033,0.130842881738191,0.537939201453009
68.7666666666667,0.504992453257243,0.033,0.125572806263627,0.534661274185769
68.8,0.504992453257243,0.033,0.117114288909181,0.531373719009682
68.8333333333333,0.504992453257243,0.033,0.106049102207547,0.528077449113381
68.8666666666667,0.504992453257243,0.033,0.0928704303858913,0.524773380106196
68.9,0.504992453257243,0.033,0.0779955390485221,0.521462429763829
68.9333333333333,0.504992453257243,0.033,0.0617766914310926,0.51814551777342
68.9666666666667,0.499904982248942,0.033,0.0445105497872184,0.514823565478084
69,0.499904982248942,0.033,0.0352507079272445,0.511497495620985
69.0333333333333,0.499904982248942,0.033,0.0237611109796378,0.508168232089031
69.0666666666667,0.499904982248942,0.033,0.0104701379558272,0.504836699656241
69.1,0.499904982248942,0.033,-0.0042598101992572,0.501503823726869
69.1333333333333,0.499904982248942,0.0315,-0.00512281801312346,0.498170530078352
69.1666666666667,0.499904982248942,0.0315,-0.0218612806740291,0.494837744604161
69.2,0.499904982248942,0.0315,-0.0392588674234759,0.49150639305661
69.2333333333333,0.499775981903076,0.0315,-0.057134467807116,0.488177400789707
69.2666666666667,0.499775981903076,0.03,-0.0601137368400917,0.484851692502121
69.3,0.499775981903076,0.03,-0.0783359610871432,0.481530191980326
69.3333333333333,0.499775981903076,0.0285,-0.0816908392957893,0.478213821841998
69.3666666666667,0.499775981903076,0.0285,-0.100087402102166,0.47490350327974
69.4,0.499775981903076,0.027,-0.103451057010469,0.4716001558052
69.4333333333333,0.499775981903076,0.024,-0.0917210558448705,0.46830469699366
69.4666666666667,0.499775981903076,0.021,-0.0798483262312156,0.465018042229155
69.5,0.50681479771932,0.018,-0.0677936166156039,0.461741104450209
69.5333333333333,0.50681479771932,0.0165,-0.0827073720461258,0.458474793896245
69.5666666666667,0.50681479771932,0.015,-0.0951146518204493,0.455220017854748
69.6,0.50681479771932,0.012,-0.0903489300160724,0.451977680409245
69.6333333333333,0.50681479771932,0.0105,-0.0986978378678778,0.44874868218818
69.6666666666667,0.50681479771932,0.0075,-0.0904093492197294,0.445533920114738
69.7,0.50681479771932,0.006,-0.0956971362091325,0.442334287157716
69.7333333333333,0.50681479771932,0.003,-0.0847452062043568,0.439150672083472
69.7666666666667,0.51834077835083,0,-0.0727119161821435,0.435983959209056
69.8,0.51834077835083,-0.0015,-0.0946804510977526,0.432835028156572
69.8333333333333,0.51834077835083,-0.0045,-0.09710479249333,0.42970475360884
69.8666666666667,0.51834077835083,-0.0075,-0.0956615861607819,0.426594005066443
69.9,0.51834077835083,-0.0105,-0.0909303250702928,0.423503646606193
69.9333333333333,0.51834077835083,-0.012,-0.0984067935778893,0.420434536641128
69.9666666666667,0.51834077835083,-0.015,-0.0885146829807548,0.417387527682059
70,0.51834077835083,-0.015,-0.10661562493787,0.41436346610077
70.0333333333333,0.528052075703939,-0.0165,-0.108017856203327,0.411363191894923
70.0666666666667,0.528052075703939,-0.018,-0.124790189587001,0.408387538454727
70.1,0.528052075703939,-0.0195,-0.137218033035444,0.40543733233145
70.1333333333333,0.528052075703939,-0.021,-0.145975843463372,0.402513393007822
70.1666666666667,0.528052075703939,-0.024,-0.136639198511905,0.399616532670409
70.2,0.528052075703939,-0.027,-0.124698625324984,0.396747555984015
70.2333333333333,0.528052075703939,-0.03,-0.110571537944803,0.393907259868157
70.2666666666667,0.528052075703939,-0.0315,-0.109612539060205,0.391096433275718
70.3,0.537854544321696,-0.033,-0.107122307479341,0.388315856973787
70.3333333333333,0.537854544321696,-0.036,-0.105319535156893,0.385566303326792
70.3666666666667,0.537854544321696,-0.039,-0.0992943569394678,0.382848536081956
70.4,0.537854544321696,-0.042,-0.0897176196457244,0.380163310157147
70.4333333333333,0.537854544321696,-0.0435,-0.0921606641413194,0.377511371431192
70.4666666666667,0.537854544321696,-0.045,-0.0921093245965007,0.374893456536685
70.5,0.537854544321696,-0.0465,-0.089976007197286,0.372310292655373
70.5333333333333,0.537854544321696,-0.0495,-0.0711101084112477,0.369762597316171
70.5666666666667,0.540440114339193,-0.0525,-0.0508069979284153,0.367251078195845
70.6,0.540440114339193,-0.054,-0.0487903802360326,0.364776432922447
70.6333333333333,0.540440114339193,-0.054,-0.059961507932994,0.36233934888153
70.6666666666667,0.540440114339193,-0.054,-0.0696252383563021,0.359940503025212
70.7,0.540440114339193,-0.0555,-0.0630389204956572,0.357580561684141
70.7333333333333,0.540440114339193,-0.057,-0.0554192274532402,0.355260180382404
70.7666666666667,0.540440114339193,-0.0585,-0.0469480413895821,0.352980003655442
70.8,0.540440114339193,-0.0585,-0.0527775200162212,0.350740664871017
70.8333333333333,0.529663976033529,-0.0585,-0.0580344562844647,0.348542786053282
70.8666666666667,0.529663976033529,-0.0585,-0.0441747109403235,0.346386977709998
70.9,0.529663976033529,-0.0585,-0.0334086632086895,0.344273838662954
70.9333333333333,0.529663976033529,-0.0585,-0.0252687646417937,0.342203955881633
70.9666666666667,0.529663976033529,-0.0585,-0.0193516720398432,0.340177904320164
71,0.529663976033529,-0.0585,-0.0153095392487212,0.338196246757619
71.0333333333333,0.529663976033529,-0.0585,-0.0128424816695536,0.33625953364169
71.0666666666667,0.529663976033529,-0.0585,-0.0116920562547712,0.334368302935791
71.1,0.515295664469401,-0.0585,-0.0116356207928827,0.332523079969623
71.1333333333333,0.515295664469401,-0.0585,0.0123845214280905,0.330724377293257
71.1666666666667,0.515295664469401,-0.0585,0.0310350034965202,0.328972694534758
71.2,0.515295664469401,-0.0585,0.0451760789911972,0.327268518261409
71.2333333333333,0.515295664469401,-0.0585,0.0555448338394921,0.325612321844549
71.2666666666667,0.515295664469401,-0.0585,0.0627722431930702,0.32400456532809
71.3,0.515295664469401,-0.0585,0.0673979061224705,0.322445695300725
71.3333333333333,0.515295664469401,-0.0585,0.0698827713264912,0.320936144771884
71.3666666666667,0.49916467666626,-0.0585,0.0706201250268226,0.319476333051451
71.4,0.49916467666626,-0.0585,0.097861560830507,0.318066665633294
71.4333333333333,0.49916467666626,-0.0585,0.118775004072592,0.316707534082635
71.4666666666667,0.49916467666626,-0.0585,0.134409042562305,0.315399315927274
71.5,0.49916467666626,-0.0585,0.145659481082027,0.314142374552732
71.5333333333333,0.49916467666626,-0.0585,0.15329067759473,0.312937059101309
71.5666666666667,0.49916467666626,-0.0585,0.157953962048912,0.311783704375102
71.6,0.49916467666626,-0.0585,0.160203532178085,0.310682630743008
71.6333333333333,0.487010383605957,-0.0585,0.160510167702525,0.309634144051734
71.6666666666667,0.487010383605957,-0.0585,0.180307426845198,0.30863853554084
71.7,0.487010383605957,-0.0585,0.194980138204122,0.307696081761846
71.7333333333333,0.487010383605957,-0.0585,0.205421100771324,0.306807044501407
71.7666666666667,0.487010383605957,-0.0585,0.21239072292511,0.305971670708602
71.8,0.487010383605957,-0.0585,0.216535662855903,0.305190192426335
71.8333333333333,0.487010383605957,-0.0585,0.218404909307498,0.304462826726881
71.8666666666667,0.487010383605957,-0.0585,0.218463649464638,0.303789775651592
71.9,0.487010383605957,-0.0585,0.217105224160994,0.303171226154771
71.9333333333333,0.472569433848063,-0.0585,0.21466143017642,0.302607350051746
71.9666666666667,0.472569433848063,-0.0585,0.236403078882018,0.302098303971143
72,0.472569433848063,-0.0585,0.252916753809489,0.301644229311377
72.0333333333333,0.472569433848063,-0.0585,0.265120014871436,0.301245252201378
72.0666666666667,0.472569433848063,-0.0585,0.273793828936818,0.300901483465556
72.1,0.472569433848063,-0.0585,0.279601832174864,0.300613018593016
72.1333333333333,0.472569433848063,-0.0585,0.283106945225706,0.300379937711034
72.1666666666667,0.472569433848063,-0.0585,0.284785700035699,0.300202305562801
72.2,0.450686581929525,-0.0585,0.285040588912111,0.300080171489439
72.2333333333333,0.450686581929525,-0.0585,0.322081436022526,0.300013569416294
72.2666666666667,0.450686581929525,-0.0585,0.351267233002299,0.300002517843513
72.3,0.450686581929525,-0.0585,0.373930432829395,0.300047019840906
72.3333333333333,0.450686581929525,-0.0585,0.391206644902789,0.300147063047093
72.3666666666667,0.450686581929525,-0.0585,0.404062293646277,0.300302619672939
72.4,0.450686581929525,-0.0585,0.413318483425382,0.30051364650927
72.4333333333333,0.450686581929525,-0.0585,0.419671583498489,0.300780084938877
72.4666666666667,0.428130912780762,-0.0585,0.423710977638772,0.301101860952799
72.5,0.428130912780762,-0.0585,0.464969480454817,0.301478885170877
72.5333333333333,0.428130912780762,-0.0585,0.497559114437577,0.301911052866588
72.5666666666667,0.428130912780762,-0.0585,0.522959498621972,0.302398243996128
72.6,0.428130912780762,-0.0585,0.542430753048701,0.302940323231759
72.6333333333333,0.428130912780762,-0.0585,0.557044399765291,0.303537139999403
72.6666666666667,0.428130912780762,-0.0585,0.567710021341347,0.304188528520461
72.7,0.428130912780762,-0.0585,0.575198251688501,0.304894307857866
72.7333333333333,0.400520833333333,-0.0585,0.58016059665674,0.30565428196634
72.7666666666667,0.400520833333333,-0.0585,0.630928856494241,0.30646823974685
72.8,0.400520833333333,-0.057,0.65628119652471,0.307335955105248
72.8333333333333,0.400520833333333,-0.0555,0.672985331130376,0.308257187015067
72.8666666666667,0.400520833333333,-0.054,0.682546765989299,0.30923167958448
72.9,0.400520833333333,-0.054,0.701245709952676,0.310259162127372
72.9333333333333,0.400520833333333,-0.054,0.715168919467219,0.311339349238531
72.9666666666667,0.400520833333333,-0.054,0.725237162083063,0.312471940872928
73,0.374265925089518,-0.0525,0.717228893238146,0.313656622429059
73.0333333333333,0.374265925089518,-0.0525,0.767237726229586,0.31489306483633
73.0666666666667,0.374265925089518,-0.051,0.791914107063048,0.316180924646468
73.1,0.374265925089518,-0.0495,0.808033562816729,0.317519844128918
73.1333333333333,0.374265925089518,-0.045,0.78710674166072,0.31890945137021
73.1666666666667,0.374265925089518,-0.0405,0.760416798564882,0.320349360377269
73.2,0.374265925089518,-0.033,0.699051641655023,0.321839171184628
73.2333333333333,0.374265925089518,-0.0255,0.633931735994937,0.323378469965531
73.2666666666667,0.348382123311361,-0.0195,0.580834067808913,0.324966829146881
73.3,0.348382123311361,-0.012,0.555207615263815,0.326603807528009
73.3333333333333,0.348382123311361,-0.006,0.534461597471161,0.328288950403222
73.3666666666667,0.348382123311361,0.0015,0.490349324267334,0.330021789688113
73.4,0.348382123311361,0.0075,0.454361485625987,0.33180184404958
73.4333333333333,0.348382123311361,0.012,0.42776328551444,0.33362861903952
73.4666666666667,0.348382123311361,0.0135,0.426626466368396,0.335501607232185
73.5,0.348382123311361,0.015,0.421856917236474,0.337420288365119
73.5333333333333,0.320034980773926,0.015,0.429218465359722,0.339384129483679
73.5666666666667,0.320034980773926,0.015,0.483411282151808,0.341392585089069
73.6,0.320034980773926,0.0165,0.511776541817132,0.343445097289869
73.6333333333333,0.320034980773926,0.018,0.531180944706719,0.345541095956999
73.6666666666667,0.320034980773926,0.021,0.52821177094203,0.347679998882086
73.7,0.320034980773926,0.021,0.54921637716902,0.349861211939178
73.7333333333333,0.320034980773926,0.0225,0.550336259795499,0.352084129249786
73.7666666666667,0.320034980773926,0.024,0.547536421658887,0.354348133351173
73.8,0.288943163553874,0.0285,0.511630679881862,0.356652595367869
73.8333333333333,0.288943163553874,0.033,0.527111346375535,0.358996875186351
73.8666666666667,0.288943163553874,0.033,0.575720213699591,0.361380321632857
73.9,0.288943163553874,0.033,0.614490951646286,0.363802272654255
73.9333333333333,0.288943163553874,0.033,0.645153195881898,0.366262055501944
73.9666666666667,0.288943163553874,0.0345,0.654175499931303,0.368758986918727
74,0.288943163553874,0.0345,0.672802380105007,0.3712923733286
74.0333333333333,0.288943163553874,0.0345,0.687086254412325,0.373861511029405
74.0666666666667,0.263541666666667,0.0345,0.697914968697132,0.376465686388301
74.1,0.263541666666667,0.0345,0.749995651426096,0.379104176039987
74.1333333333333,0.263541666666667,0.0345,0.791805147415887,0.381776247087638
74.1666666666667,0.263541666666667,0.036,0.810136983717205,0.384481157306478
74.2,0.263541666666667,0.042,0.776514367781483,0.387218155349948
74.2333333333333,0.263541666666667,0.0465,0.752228516570088,0.389986480958412
74.2666666666667,0.263541666666667,0.0465,0.768371704583253,0.392785365170337
74.3,0.263541666666667,0.0465,0.780865747674002,0.395614030535883
74.3333333333333,0.237760416666667,0.0465,0.79048654298215,0.398471691332857
74.3666666666667,0.237760416666667,0.051,0.79750254867341,0.401357553784969
74.4,0.237760416666667,0.0615,0.734528937992652,0.404270816282317
74.4333333333333,0.237760416666667,0.0705,0.678308108291429,0.407210669604049
74.4666666666667,0.237760416666667,0.075,0.660319663144488,0.410176297143146
74.5,0.237760416666667,0.0765,0.666817684644521,0.413166875133249
74.5333333333333,0.237760416666667,0.0825,0.623862869587955,0.416181572877481
74.5666666666667,0.237760416666667,0.0945,0.517350226784851,0.419219552979184
74.6,0.217702929178874,0.102,0.453032938835982,0.422279971574531
74.6333333333333,0.217702929178874,0.1095,0.421254643866024,0.425361978566925
74.6666666666667,0.217702929178874,0.1125,0.426365294161049,0.428464717863131
74.7,0.217702929178874,0.1125,0.454807519339995,0.43158732761107
74.7333333333333,0.217702929178874,0.1125,0.477804492052678,0.434728940439224
74.7666666666667,0.217702929178874,0.1125,0.496391171133035,0.437888683697565
74.8,0.217702929178874,0.1125,0.511441231314998,0.441065679699948
74.8333333333333,0.217702929178874,0.1125,0.523690265654252,0.444259045967913
74.8666666666667,0.199171257019043,0.1125,0.533755767825427,0.447467895475807
74.9,0.199171257019043,0.1125,0.574225471839828,0.450691336897178
74.9333333333333,0.199171257019043,0.114,0.592484037491579,0.453928474852356
74.9666666666667,0.199171257019043,0.114,0.619815003053099,0.457178410157169
75,0.199171257019043,0.117,0.612306273566615,0.460440240072708
75.0333333333333,0.199171257019043,0.1245,0.55587799364097,0.46371305855608
75.0666666666667,0.199171257019043,0.1275,0.541306570725173,0.466995956512084
75.1,0.199171257019043,0.1275,0.55424537206324,0.470288022045731
75.1333333333333,0.199171257019043,0.1275,0.565242548033729,0.47358834071554
75.1666666666667,0.189654668172201,0.129,0.55975637353157,0.476895995787547
75.2,0.189654668172201,0.1305,0.569637971382533,0.480210068489942
75.2333333333333,0.189654668172201,0.132,0.575665892291418,0.483529638268286
75.2666666666667,0.189654668172201,0.132,0.593576570250658,0.486853783041206
75.3,0.189654668172201,0.132,0.60899083511299,0.49018157945653
75.3333333333333,0.189654668172201,0.132,0.622430588680191,0.493512103147761
75.3666666666667,0.189654668172201,0.132,0.634333163472065,0.496844428990846
75.4,0.19836057027181,0.1335,0.630063680155992,0.500177631361144
75.4333333333333,0.19836057027181,0.1335,0.624859136188065,0.503510784390537
75.4666666666667,0.19836057027181,0.1335,0.621843989363381,0.506842962224619
75.5,0.19836057027181,0.1365,0.590789523059491,0.510173239279861
75.5333333333333,0.19836057027181,0.1365,0.591491740362184,0.513500690500717
75.5666666666667,0.19836057027181,0.1365,0.593768464798738,0.516824391616576
75.6,0.19836057027181,0.1365,0.59745679837744,0.5201434193985
75.6333333333333,0.19836057027181,0.1365,0.602410891482931,0.523456851915668
75.6666666666667,0.211472129821777,0.1365,0.608499985073687,0.526763768791467
75.7,0.211472129821777,0.1365,0.592915665243673,0.530063251459134
75.7333333333333,0.211472129821777,0.1365,0.582470655613619,0.533354383416925
75.7666666666667,0.211472129821777,0.1365,0.576414495544558,0.536636250482678
75.8,0.211472129821777,0.1365,0.574100320575118,0.539907941047758
75.8333333333333,0.211472129821777,0.1365,0.57497075501822,0.543168546330264
75.8666666666667,0.211472129821777,0.1365,0.578545707878619,0.546417160627474
75.9,0.211472129821777,0.1365,0.584411816659071,0.549652881567417
75.9333333333333,0.211472129821777,0.1365,0.592213317803851,0.552874810359523
75.9666666666667,0.227019818623861,0.1365,0.601644152142647,0.556082052044292
76,0.227019818623861,0.1365,0.585534118734363,0.559273715741877
76.0333333333333,0.227019818623861,0.1365,0.575576683799956,0.562448914899552
76.0666666666667,0.227019818623861,0.1365,0.57080028112403,0.565606767537966
76.1,0.227019818623861,0.1365,0.57037256575914,0.568746396496137
76.1333333333333,0.227019818623861,0.1365,0.573581102329639,0.571866929675097
76.1666666666667,0.227019818623861,0.1365,0.579816684494983,0.574967500280141
76.2,0.227019818623861,0.1365,0.588558930564853,0.578047247061589
76.2333333333333,0.252508163452148,0.1365,0.599363847904701,0.58110531455403
76.2666666666667,0.252508163452148,0.1365,0.567742658378538,0.584140853313933
76.3,0.252508163452148,0.1365,0.545701423966259,0.587153020155607
76.3333333333333,0.252508163452148,0.1365,0.531692425553458,0.590140978385407
76.3666666666667,0.252508163452148,0.1365,0.524392661864889,0.59310389803415
76.4,0.252508163452148,0.1365,0.522672495342356,0.596040956087652
76.4333333333333,0.252508163452148,0.1365,0.5255685828128,0.598951336715336
76.4666666666667,0.252508163452148,0.1365,0.532260511877998,0.601834231496855
76.5,0.282711092631022,0.1365,0.542050641744957,0.60468883964664
76.5333333333333,0.282711092631022,0.1365,0.502077155520138,0.607514368236336
76.5666666666667,0.282711092631022,0.1365,0.473845308894568,0.61031003241506
76.6,0.282711092631022,0.1365,0.455420826132814,0.613075055627405
76.6333333333333,0.282711092631022,0.1365,0.445152845011268,0.615808669829145
76.6666666666667,0.282711092631022,0.1365,0.441634207540596,0.618510115700583
76.7,0.282711092631022,0.1365,0.443667188980625,0.621178642857453
76.7333333333333,0.282711092631022,0.1365,0.450233929334824,0.623813510059372
76.7666666666667,0.314419174194336,0.1365,0.460470930417844,0.626413985415728
76.8,0.314419174194336,0.1365,0.418772673033181,0.628979346588973
76.8333333333333,0.314419174194336,0.1365,0.389618681560951,0.631508880995279
76.8666666666667,0.314419174194336,0.1365,0.370903231042666,0.634001886002464
76.9,0.314419174194336,0.1365,0.360831533010887,0.636457669125168
76.9333333333333,0.314419174194336,0.1365,0.357876013480608,0.638875548217201
76.9666666666667,0.314419174194336,0.1365,0.360738589867104,0.641254851661029
77,0.314419174194336,0.1365,0.368318134356558,0.643594918554329
77.0333333333333,0.356682523091634,0.1365,0.379682420525867,0.645895098893565
77.0666666666667,0.356682523091634,0.1365,0.320902475526584,0.648154753754545
77.1,0.356682523091634,0.1365,0.278082057440457,0.650373255469892
77.1333333333333,0.356682523091634,0.1365,0.248550723814446,0.652549987803394
77.1666666666667,0.356682523091634,0.1365,0.230032312847341,0.65468434612118
77.2,0.356682523091634,0.1365,0.220589513755518,0.656775737559659
77.2333333333333,0.356682523091634,0.1365,0.218576041462825,0.658823581190214
77.2666666666667,0.356682523091634,0.1365,0.222595385778622,0.66082730818056
77.3,0.397873878479004,0.1365,0.231465243726301,0.662786361952751
77.3333333333333,0.397873878479004,0.1365,0.172900599610778,0.664700198337779
77.3666666666667,0.397873878479004,0.1365,0.130626390354152,0.666568285726733
77.4,0.397873878479004,0.1365,0.101876203915755,0.668390105218461
77.4333333333333,0.397873878479004,0.1365,0.0842945067949158,0.670165150763706
77.4666666666667,0.397873878479004,0.1365,0.0758787229709973,0.671892929305676
77.5,0.397873878479004,0.1365,0.0749292701224438,0.673572960916995
77.5333333333333,0.397873878479004,0.1365,0.0800064746790757,0.67520477893302
77.5666666666667,0.443855285644531,0.1365,0.0898934323569844,0.676787930081461
77.6,0.443855285644531,0.1365,0.0239880201991266,0.678321974608288
77.6333333333333,0.443855285644531,0.1365,-0.0241720873897946,0.679806486399887
77.6666666666667,0.443855285644531,0.1365,-0.0576089997660181,0.681241053101417
77.7,0.443855285644531,0.1365,-0.0788952770282203,0.68262527623135
77.7333333333333,0.443855285644531,0.135,-0.0752173432829931,0.683958771292163
77.7666666666667,0.443855285644531,0.135,-0.0784301852803421,0.685241167877134
77.8,0.443855285644531,0.1335,-0.0601045177141524,0.686472109773238
77.8333333333333,0.484523804982503,0.1335,-0.0515674375348985,0.687651255060083
77.8666666666667,0.484523804982503,0.1335,-0.109318889522876,0.688778276204895
77.9,0.484523804982503,0.132,-0.135805800698044,0.689852860153491
77.9333333333333,0.484523804982503,0.129,-0.133848859590594,0.690874708417238
77.9666666666667,0.484523804982503,0.1275,-0.135846340042836,0.691843537155969
78,0.484523804982503,0.1245,-0.113833870683662,0.692759077256818
78.0333333333333,0.484523804982503,0.123,-0.0995359775450567,0.693621074408977
78.0666666666667,0.484523804982503,0.1215,-0.0794105159366242,0.694429289174336
78.1,0.539678319295247,0.1215,-0.069686957447639,0.695183497053989
78.1333333333333,0.539678319295247,0.1185,-0.121850445670184,0.695883488550599
78.1666666666667,0.539678319295247,0.117,-0.168534882103315,0.696529069226583
78.2,0.539678319295247,0.114,-0.183221962042908,0.697120059758127
78.2333333333333,0.539678319295247,0.1095,-0.168875388376509,0.697656295984994
78.2666666666667,0.539678319295247,0.1065,-0.158013934557335,0.698137628956124
78.3,0.539678319295247,0.1035,-0.137774467291579,0.698563924971011
78.3333333333333,0.539678319295247,0.1005,-0.109966289900031,0.698935065616835
78.3666666666667,0.582740910847982,0.096,-0.0611179841948455,0.699250947801358
78.4,0.582740910847982,0.093,-0.097042418369972,0.699511483781561
78.4333333333333,0.582740910847982,0.0915,-0.130413981423438,0.699716601188013
78.4666666666667,0.582740910847982,0.087,-0.119292349854686,0.699866243044976
78.5,0.582740910847982,0.084,-0.111277753204332,0.699960367786229
78.5333333333333,0.582740910847982,0.081,-0.0935760564843226,0.699998949266617
78.5666666666667,0.582740910847982,0.081,-0.0980548794278656,0.699981976769309
78.6,0.582740910847982,0.081,-0.0962919689358072,0.699909455008778
78.6333333333333,0.582740910847982,0.081,-0.0896168773261329,0.699781404129493
78.6666666666667,0.631577269236247,0.0765,-0.0341468571775697,0.699597859700318
78.7,0.631577269236247,0.075,-0.0903345605836971,0.699358872704637
78.7333333333333,0.631577269236247,0.0735,-0.128699155804877,0.69906450952619
78.7666666666667,0.631577269236247,0.0705,-0.137331102879228,0.698714851930633
78.8,0.631577269236247,0.0675,-0.133857545804759,0.698309997042828
78.8333333333333,0.631577269236247,0.0645,-0.120507888201798,0.697850057319863
78.8666666666667,0.631577269236247,0.0615,-0.0991703417634704,0.697335160519815
78.9,0.631577269236247,0.06,-0.086440672280708,0.696765449666262
78.9333333333333,0.685762945810954,0.0585,-0.068664203146501,0.696141083008555
78.9666666666667,0.685762945810954,0.057,-0.140746388842395,0.695462233977863
79,0.685762945810954,0.054,-0.177391060322438,0.694729091138996
79.0333333333333,0.685762945810954,0.048,-0.167098634141092,0.693941858138027
79.0666666666667,0.685762945810954,0.045,-0.172846800077853,0.69310075364573
79.1,0.685762945810954,0.0405,-0.152164368107345,0.692206011296832
79.1333333333333,0.685762945810954,0.0375,-0.137194959288144,0.691257879625122
79.1666666666667,0.685762945810954,0.033,-0.0997519178139154,0.690256621994411
79.2,0.731140168507894,0.0285,-0.0563656361163313,0.689202516525382
79.2333333333333,0.731140168507894,0.024,-0.08685470163619,0.688095856018331
79.2666666666667,0.731140168507894,0.0195,-0.0991400433565115,0.686936947871839
79.3,0.731140168507894,0.015,-0.0963943849143464,0.685726113997384
79.3333333333333,0.731140168507894,0.0105,-0.0813134332732158,0.684463690729923
79.3666666666667,0.731140168507894,0.009,-0.0861834768946166,0.683150028734468
79.4,0.731140168507894,0.006,-0.06793967254739,0.681785492908683
79.4333333333333,0.731140168507894,0.003,-0.0432162845097276,0.680370462281523
79.4666666666667,0.769270833333333,0.0015,-0.0283899697604088,0.678905329907952
79.5,0.769270833333333,0,-0.0756064508620055,0.677390502759765
79.5333333333333,0.769270833333333,-0.003,-0.0925509138696786,0.67582640161254
79.5666666666667,0.769270833333333,-0.006,-0.0969369980110849,0.674213460928761
79.6,0.769270833333333,-0.009,-0.0910673840958135,0.672552128737136
79.6333333333333,0.769270833333333,-0.009,-0.106892220415334,0.670842866508146
79.6666666666667,0.769270833333333,-0.0105,-0.101059487485225,0.669086149025864
79.7,0.769270833333333,-0.0135,-0.0749583966614539,0.667282464256075
79.7333333333333,0.812347920735677,-0.015,-0.0597567701518965,0.665432313210726
79.7666666666667,0.812347920735677,-0.0165,-0.115982957147157,0.663536209808767
79.8,0.812347920735677,-0.018,-0.156016066842297,0.661594680733397
79.8333333333333,0.812347920735677,-0.021,-0.167688960230356,0.659608265285763
79.8666666666667,0.812347920735677,-0.0255,-0.153407651405123,0.657577515235161
79.9,0.812347920735677,-0.03,-0.130211848671502,0.655502994665768
79.9333333333333,0.812347920735677,-0.033,-0.114827152785471,0.653385279819962
79.9666666666667,0.812347920735677,-0.0375,-0.0787100448942833,0.651224958938248
80,0.844270833333333,-0.0405,-0.0530866442335421,0.64902263209587
80.0333333333333,0.844270833333333,-0.042,-0.0942322670053426,0.646778911036122
80.0666666666667,0.844270833333333,-0.045,-0.107469507089284,0.644494419000427
80.1,0.844270833333333,-0.048,-0.110111547199947,0.642169790555218
80.1333333333333,0.844270833333333,-0.0525,-0.0891198256964212,0.639805671415671
80.1666666666667,0.844270833333333,-0.054,-0.0911541287373294,0.637402718266343
80.2,0.844270833333333,-0.0555,-0.0876157652815874,0.634961598578773
80.2333333333333,0.844270833333333,-0.0585,-0.0646847649865725,0.632482990426065
80.2666666666667,0.872715830802917,-0.06,-0.0533519123911604,0.629967582294547
80.3,0.872715830802917,-0.06,-0.103673582020996,0.627416072892524
80.3333333333333,0.872715830802917,-0.0615,-0.127942878764752,0.624829170956204
80.3666666666667,0.872715830802917,-0.066,-0.113155410532962,0.622207595052822
80.4,0.872715830802917,-0.0705,-0.0910023163973332,0.619552073381051
80.4333333333333,0.872715830802917,-0.072,-0.0929136862829645,0.616863343568726
80.4666666666667,0.872715830802917,-0.075,-0.0750959807579962,0.61414215246795
80.5,0.872715830802917,-0.078,-0.0535642666161174,0.611389255947642
80.5333333333333,0.892708333333333,-0.081,-0.0291699740171199,0.60860541868358
80.5666666666667,0.892708333333333,-0.0825,-0.0522240554504434,0.605791413945992
80.6,0.892708333333333,-0.0855,-0.0522740502616867,0.602948023384768
80.6333333333333,0.892708333333333,-0.0885,-0.0458103563966301,0.600076036812334
80.6666666666667,0.892708333333333,-0.09,-0.0490933238888558,0.597176251984272
80.7,0.892708333333333,-0.0915,-0.0481862247990472,0.594249474377724
80.7333333333333,0.892708333333333,-0.0915,-0.0589836559138122,0.591296516967649
80.7666666666667,0.892708333333333,-0.0915,-0.0672359959441812,0.588318200001006
80.8,0.892708333333333,-0.0915,-0.0735704551130384,0.585315350768915
80.8333333333333,0.903813934326172,-0.093,-0.0635091824210196,0.582288803376852
80.8666666666667,0.903813934326172,-0.0945,-0.0717043220914239,0.579239398512967
80.9,0.903813934326172,-0.0975,-0.0607124243682491,0.576167983214558
80.9333333333333,0.903813934326172,-0.099,-0.0613805717592886,0.573075410632793
80.9666666666667,0.903813934326172,-0.1005,-0.0594212455184209,0.569962539795726
81,0.903813934326172,-0.102,-0.0554318484527702,0.566830235369684
81.0333333333333,0.903813934326172,-0.102,-0.0649115072695819,0.563679367419091
81.0666666666667,0.903813934326172,-0.1035,-0.058275525953396,0.560510811164782
81.1,0.902013993263245,-0.105,-0.0508678114788616,0.5573254467409
81.1333333333333,0.902013993263245,-0.105,-0.0548565496757838,0.554124158950414
81.1666666666667,0.902013993263245,-0.105,-0.0591686811052512,0.550907837019347
81.2,0.902013993263245,-0.105,-0.0639021659147949,0.547677374349778
81.2333333333333,0.902013993263245,-0.105,-0.0691309532411293,0.544433668271677
81.2666666666667,0.902013993263245,-0.105,-0.0749089612496971,0.541177619793653
81.3,0.902013993263245,-0.1065,-0.0662734686020329,0.53791013335268
81.3333333333333,0.902013993263245,-0.1065,-0.0732480001532693,0.53463211656287
81.3666666666667,0.894780818621318,-0.108,-0.0658447783193161,0.531344479963366
81.4,0.894780818621318,-0.108,-0.0615489811247089,0.528048136765414
81.4333333333333,0.894780818621318,-0.108,-0.0602059722973232,0.524744002598712
81.4666666666667,0.894780818621318,-0.108,-0.061443713078589,0.521432995257058
81.5,0.894780818621318,-0.108,-0.0649374244370028,0.518116034443424
81.5333333333333,0.894780818621318,-0.108,-0.0704034243593245,0.514794041514486
81.5666666666667,0.894780818621318,-0.1095,-0.0625937767195164,0.511467939224697
81.6,0.894780818621318,-0.1095,-0.0712916442791241,0.508138651469973
81.6333333333333,0.875316270192464,-0.1095,-0.0813072526419503,0.504807103031061
81.6666666666667,0.875316270192464,-0.1095,-0.0587887985043622,0.50147421931666
81.7,0.875316270192464,-0.1095,-0.0435516225189035,0.498140926106374
81.7333333333333,0.875316270192464,-0.1095,-0.0344948318537955,0.494808149293548
81.7666666666667,0.875316270192464,-0.1095,-0.0306729993189868,0.491476814628091
81.8,0.875316270192464,-0.1095,-0.0312747533997218,0.488147847459323
81.8333333333333,0.875316270192464,-0.1095,-0.035604274018141,0.48482217247894
81.8666666666667,0.875316270192464,-0.1095,-0.0430653027957219,0.481500713464164
81.9,0.852604166666667,-0.1095,-0.0531473290359001,0.47818439302114
81.9333333333333,0.852604166666667,-0.1095,-0.0261078136096607,0.474874132328672
81.9666666666667,0.852604166666667,-0.1095,-0.00820190713371638,0.471570850882332
82,0.852604166666667,-0.1095,0.002024353694806,0.468275466239058
82.0333333333333,0.852604166666667,-0.1095,0.00581474809544111,0.464988893762286
82.0666666666667,0.852604166666667,-0.1095,0.00423214400398497,0.461712046367681
82.1,0.852604166666667,-0.1095,-0.00181622557141103,0.458445834269561
82.1333333333333,0.852604166666667,-0.1095,-0.011556942825323,0.455191164728062
82.1666666666667,0.821354166666667,-0.1095,-0.0243315747421176,0.451948941797128
82.2,0.821354166666667,-0.1095,0.0145012051885,0.448720066073396
82.2333333333333,0.821354166666667,-0.1095,0.0412595843567924,0.445505434446026
82.2666666666667,0.821354166666667,-0.1095,0.0579080965824992,0.442305939847577
82.3,0.821354166666667,-0.1095,0.0661244282992111,0.439122471005977
82.3333333333333,0.821354166666667,-0.1095,0.0673395500319277,0.435955912197656
82.3666666666667,0.821354166666667,-0.1095,0.0627723560688222,0.432807143001921
82.4,0.821354166666667,-0.1095,0.053459555065392,0.429677038056637
82.4333333333333,0.779590606689453,-0.1095,0.0402814545051007,0.426566466815273
82.4666666666667,0.779590606689453,-0.1095,0.0962607237805249,0.423476293305396
82.5,0.779590606689453,-0.1095,0.136287209675012,0.420407375888666
82.5333333333333,0.779590606689453,-0.1095,0.16298136907279,0.41736056702241
82.5666666666667,0.779590606689453,-0.1095,0.178579224728347,0.414336713022833
82.6,0.779590606689453,-0.1095,0.18498625972389,0.411336653829936
82.6333333333333,0.779590606689453,-0.1095,0.183823928991053,0.408361222774205
82.6666666666667,0.779590606689453,-0.1095,0.176469786965634,0.405411246345133
82.7,0.733685286839803,-0.1095,0.164092096141122,0.402487543961652
82.7333333333333,0.733685286839803,-0.1095,0.227123973610129,0.399590927744511
82.7666666666667,0.733685286839803,-0.1095,0.27215609104405,0.396722202290702
82.8,0.733685286839803,-0.1095,0.302186781378669,0.393882164449959
82.8333333333333,0.733685286839803,-0.1095,0.319771922511866,0.391071603103423
82.8666666666667,0.733685286839803,-0.1095,0.327087133045219,0.388291298944506
82.9,0.733685286839803,-0.1095,0.325981436077013,0.38554202426204
82.9333333333333,0.733685286839803,-0.1095,0.318023546461846,0.382824542725763
82.9666666666667,0.690406576792399,-0.1095,0.304541781568425,0.380139609174181
83,0.690406576792399,-0.1095,0.361557126551793,0.377487969404906
83.0333333333333,0.690406576792399,-0.1095,0.401163617475707,0.374870359967491
83.0666666666667,0.690406576792399,-0.108,0.411319920556964,0.372287507958837
83.1,0.690406576792399,-0.108,0.424544770626558,0.369740130821227
83.1333333333333,0.690406576792399,-0.108,0.427979032027244,0.367228936143043
83.1666666666667,0.690406576792399,-0.108,0.423439230471545,0.364754621462214
83.2,0.690406576792399,-0.108,0.412463712012015,0.362317874072466
83.2333333333333,0.690406576792399,-0.108,0.396352429709993,0.359919370832404
83.2666666666667,0.635416666666667,-0.108,0.376201223870771,0.357559777977506
83.3,0.635416666666667,-0.108,0.448097556864127,0.355239750935059
83.3333333333333,0.635416666666667,-0.108,0.49991828834908,0.352959934142103
83.3666666666667,0.635416666666667,-0.108,0.535057180324857,0.35072096086642
83.4,0.635416666666667,-0.108,0.556404248242895,0.348523453030634
83.4333333333333,0.635416666666667,-0.108,0.566416757711391,0.34636802103946
83.4666666666667,0.635416666666667,-0.108,0.567180468850456,0.344255263610146
83.5,0.635416666666667,-0.108,0.560462449934568,0.342185767606172
83.5333333333333,0.567471059163411,-0.108,0.54775660415157,0.340160107874231
83.5666666666667,0.567471059163411,-0.108,0.647910399658351,0.338178847084558
83.6,0.567471059163411,-0.1065,0.707490177229521,0.336242535574631
83.6333333333333,0.567471059163411,-0.1035,0.730781366827532,0.33435171119631
83.6666666666667,0.567471059163411,-0.096,0.691435015573167,0.332506899166429
83.7,0.567471059163411,-0.087,0.622557073229968,0.330708611920914
83.7333333333333,0.567471059163411,-0.0795,0.556785421925963,0.328957348972436
83.7666666666667,0.567471059163411,-0.0735,0.496356310377271,0.327253596771665
83.8,0.510589408874512,-0.0675,0.428161629559618,0.325597828572145
83.8333333333333,0.510589408874512,-0.06,0.43723835387646,0.323990504298842
83.8666666666667,0.510589408874512,-0.054,0.438151912220426,0.322432070420384
83.9,0.510589408874512,-0.048,0.4198744288239,0.32092295982505
83.9333333333333,0.510589408874512,-0.0465,0.430784842172713,0.319463591700526
83.9666666666667,0.510589408874512,-0.0465,0.443752735466591,0.318054371417461
84,0.510589408874512,-0.0465,0.44621063582003,0.316695690416873
84.0333333333333,0.510589408874512,-0.0465,0.44021634608035,0.315387926101415
84.0666666666667,0.442279497782389,-0.0465,0.427506662657033,0.314131441730543
84.1,0.442279497782389,-0.0465,0.527761619068607,0.312926586319615
84.1333333333333,0.442279497782389,-0.0465,0.601966991851521,0.311773694542942
84.1666666666667,0.442279497782389,-0.045,0.639564242835126,0.310673086640825
84.2,0.442279497782389,-0.045,0.674332761858741,0.309625068330607
84.2333333333333,0.442279497782389,-0.0435,0.679483347127021,0.308629930721745
84.2666666666667,0.442279497782389,-0.0405,0.657738832993857,0.307687950234955
84.3,0.442279497782389,-0.036,0.61140360781124,0.306799388525425
84.3333333333333,0.3700714747111,-0.033,0.572423529969592,0.30596449241014
84.3666666666667,0.3700714747111,-0.0315,0.667401636082079,0.305183493799318
84.4,0.3700714747111,-0.027,0.704470122772397,0.304456609631996
84.4333333333333,0.3700714747111,-0.018,0.673391027761272,0.303784041815769
84.4666666666667,0.3700714747111,-0.0075,0.608216112608631,0.303165977170707
84.5,0.3700714747111,0,0.557387172284491,0.302602587377458
84.5333333333333,0.3700714747111,0.006,0.50882255165927,0.302094028929564
84.5666666666667,0.3700714747111,0.012,0.449991739184669,0.301640443089992
84.6,0.297135416666667,0.018,0.382979656341921,0.301241955851891
84.6333333333333,0.297135416666667,0.0225,0.450766078618661,0.300898677903598
84.6666666666667,0.297135416666667,0.027,0.490086299093357,0.300610704597892
84.7,0.297135416666667,0.033,0.49082027686977,0.300378115925506
84.7333333333333,0.297135416666667,0.0345,0.517118622788712,0.300200976492908
84.7666666666667,0.297135416666667,0.0345,0.542505696723614,0.300079335504359
84.8,0.297135416666667,0.0345,0.554968521880943,0.300013226748239
84.8333333333333,0.297135416666667,0.0345,0.557033439724451,0.300002668587667
84.8666666666667,0.22371940612793,0.0345,0.550832170233537,0.300047663955396
84.9,0.22371940612793,0.0345,0.665213364809135,0.300148200353004
84.9333333333333,0.22371940612793,0.0375,0.720958000150189,0.300304249854359
84.9666666666667,0.22371940612793,0.042,0.73799495074541,0.300515769113382
85,0.22371940612793,0.0435,0.765515138523819,0.300782699376081
85.0333333333333,0.22371940612793,0.0435,0.79207592798134,0.301104966496879
85.0666666666667,0.22371940612793,0.0435,0.805691154080879,0.301482480959204
85.1,0.22371940612793,0.045,0.793908731944189,0.301915137900353
85.1333333333333,0.199542363484701,0.048,0.758877534996239,0.302402817140626
85.1666666666667,0.199542363484701,0.054,0.729246087075559,0.302945383216703
85.2,0.199542363484701,0.0615,0.671894109797861,0.303542685419273
85.2333333333333,0.199542363484701,0.0675,0.619296676037922,0.304194557834898
85.2666666666667,0.199542363484701,0.0705,0.588542635355309,0.3049008193921
85.3,0.199542363484701,0.075,0.536390277337499,0.305661273911653
85.3333333333333,0.199542363484701,0.0795,0.47931526207401,0.30647571016108
85.3666666666667,0.199542363484701,0.087,0.388551872004558,0.307343901913327
85.4,0.208481025695801,0.09,0.340128497089877,0.308265608009601
85.4333333333333,0.208481025695801,0.09,0.304428783785377,0.309240572426357
85.4666666666667,0.208481025695801,0.09,0.270507787662557,0.310268524346415
85.5,0.208481025695801,0.09,0.238495819152026,0.311349178234185
85.5333333333333,0.208481025695801,0.09,0.208480076027143,0.312482233914979
85.5666666666667,0.208481025695801,0.09,0.180512283268572,0.313667376658394
85.6,0.208481025695801,0.09,0.15461517284401,0.314904277265734
85.6333333333333,0.208481025695801,0.09,0.130787968630682,0.316192592161448
85.6666666666667,0.215885416666667,0.09,0.109011018891665,0.317531963488574
85.7,0.215885416666667,0.09,0.0764355693211677,0.31892201920813
85.7333333333333,0.215885416666667,0.09,0.0482166408827683,0.320362373202467
85.7666666666667,0.215885416666667,0.09,0.0239288134860512,0.321852625382515
85.8,0.215885416666667,0.09,0.00319322781102055,0.323392361798916
85.8333333333333,0.215885416666667,0.09,-0.0143278956443667,0.324981154757012
85.8666666666667,0.215885416666667,0.09,-0.0289360613088896,0.32661856293564
85.9,0.215885416666667,0.0885,-0.0259007131589062,0.328304131509726
85.9333333333333,0.226440302530924,0.0885,-0.0354629341252004,0.330037392276612
85.9666666666667,0.226440302530924,0.0885,-0.0611051102090474,0.33181786378612
86,0.226440302530924,0.0885,-0.0813515980776205,0.33364505147428
86.0333333333333,0.226440302530924,0.0885,-0.0969040190369132,0.335518447800705
86.0666666666667,0.226440302530924,0.087,-0.0933705998458748,0.337437532389571
86.1,0.226440302530924,0.087,-0.101278646900535,0.339401772174167
86.1333333333333,0.226440302530924,0.084,-0.0760853559016247,0.341410621544959
86.1666666666667,0.226440302530924,0.0825,-0.0631871790282257,0.343463522501152
86.2,0.226440302530924,0.0825,-0.0629279420304238,0.345559904805679
86.2333333333333,0.238694318135579,0.0825,-0.0606058779927902,0.347699186143601
86.2666666666667,0.238694318135579,0.0825,-0.0776866717358915,0.349880772283858
86.3,0.238694318135579,0.081,-0.0742371410757149,0.352104057244328
86.3333333333333,0.238694318135579,0.081,-0.0810647547615366,0.354368423460152
86.3666666666667,0.238694318135579,0.081,-0.0838632313752627,0.356673241955272
86.4,0.238694318135579,0.081,-0.0832281954022604,0.35901787251715
86.4333333333333,0.238694318135579,0.081,-0.0796707095796094,0.361401663874594
86.4666666666667,0.238694318135579,0.081,-0.0736289693764852,0.363823953878666
86.5,0.257291666666667,0.081,-0.0654784071467085,0.366284069686606
86.5333333333333,0.257291666666667,0.078,-0.0577252193929967,0.368781327948731
86.5666666666667,0.257291666666667,0.078,-0.0724636354397812,0.371315034998248
86.6,0.257291666666667,0.0765,-0.0658582654296097,0.373884487043934
86.6333333333333,0.257291666666667,0.075,-0.0539056799195713,0.376488970365633
86.6666666666667,0.257291666666667,0.0735,-0.0374578032928831,0.379127761512501
86.7,0.257291666666667,0.0735,-0.0322421145464602,0.381800127503965
86.7333333333333,0.257291666666667,0.0735,-0.0238790866058582,0.384505326033321
86.7666666666667,0.278927103678385,0.0735,-0.0128972374244886,0.387242605673928
86.8,0.278927103678385,0.0735,-0.0371886681954259,0.39001120608793
86.8333333333333,0.278927103678385,0.0735,-0.0527172415419526,0.392810358237461
86.8666666666667,0.278927103678385,0.0735,-0.060888202677908,0.395639284598253
86.9,0.278927103678385,0.0735,-0.0629015047189151,0.398497199375621
86.9333333333333,0.278927103678385,0.0735,-0.0597805551803386,0.401383308722722
86.9666666666667,0.278927103678385,0.0735,-0.0523970272454458,0.404296810961074
87,0.278927103678385,0.0735,-0.0414922681201767,0.407236896803234
87.0333333333333,0.30703125,0.0735,-0.0276957652475404,0.410202749577595
87.0666666666667,0.30703125,0.0735,-0.0601784489492316,0.413193545455234
87.1,0.30703125,0.072,-0.0666933700952763,0.41620845367875
87.1333333333333,0.30703125,0.072,-0.079026432792598,0.419246636793021
87.1666666666667,0.30703125,0.072,-0.0837013403373893,0.42230725087783
87.2,0.30703125,0.072,-0.0820163884686601,0.425389445782276
87.2333333333333,0.30703125,0.0705,-0.0600762161997892,0.428492365360926
87.2666666666667,0.30703125,0.069,-0.0338191967260085,0.431615147711628
87.3,0.339492034912109,0.069,-0.0190410591476706,0.434756925414919
87.3333333333333,0.339492034912109,0.069,-0.0575922841298476,0.437916825774972
87.3666666666667,0.339492034912109,0.069,-0.0833990483585131,0.441093971062004
87.4,0.339492034912109,0.0675,-0.0835631976832346,0.44428747875609
87.4333333333333,0.339492034912109,0.0675,-0.0898766649451679,0.447496461792289
87.4666666666667,0.339492034912109,0.066,-0.0738650408006634,0.45072002880706
87.5,0.339492034912109,0.066,-0.0668251673595539,0.453957284385849
87.5333333333333,0.339492034912109,0.066,-0.0548575640884697,0.45720732931181
87.5666666666667,0.367144711812337,0.0645,-0.023894386571687,0.460469260815584
87.6,0.367144711812337,0.0645,-0.0525795856957562,0.463742172826061
87.6333333333333,0.367144711812337,0.0645,-0.0698061337774564,0.46702515622206
87.6666666666667,0.367144711812337,0.063,-0.0625151750777073,0.47031729908486
87.7,0.367144711812337,0.063,-0.0623588665084832,0.473617686951498
87.7333333333333,0.367144711812337,0.063,-0.0557411945959958,0.476925403068789
87.7666666666667,0.367144711812337,0.063,-0.043853179656896,0.48023952864797
87.8,0.367144711812337,0.063,-0.0277032282591672,0.483559143119911
87.8333333333333,0.392077191670736,0.063,-0.00814329261657198,0.486883324390827
87.8666666666667,0.392077191670736,0.0615,-0.0140398618083026,0.490211149098406
87.9,0.392077191670736,0.0615,-0.0248096555640058,0.493541692868294
87.9333333333333,0.392077191670736,0.0615,-0.0272047856013823,0.496874030570857
87.9666666666667,0.392077191670736,0.0615,-0.0227147219198344,0.500207236578162
88,0.392077191670736,0.0615,-0.0126035101630774,0.503540385021083
88.0333333333333,0.392077191670736,0.0615,0.00205813746454175,0.506872550046485
88.0666666666667,0.392077191670736,0.0615,0.0203651819778689,0.510202806074398
88.1,0.427604166666667,0.0615,0.0415544260144662,0.513530228055116
88.1333333333333,0.427604166666667,0.0615,0.00350057195673138,0.516853891726151
88.1666666666667,0.427604166666667,0.0615,-0.0213971288508988,0.520172873868968
88.2,0.427604166666667,0.0615,-0.0353644813794882,0.523486252565419
88.2333333333333,0.427604166666667,0.0615,-0.0402965604348356,0.526793107453841
88.2666666666667,0.427604166666667,0.0615,-0.0378043714883732,0.530092519984694
88.3,0.427604166666667,0.0615,-0.0292550986517855,0.533383573675711
88.3333333333333,0.427604166666667,0.0615,-0.0158068091009209,0.536665354366475
88.3666666666667,0.458003807067871,0.0615,0.00156163371546468,0.539936950472339
88.4,0.458003807067871,0.0615,-0.0305851928773858,0.543197453237645
88.4333333333333,0.458003807067871,0.0615,-0.050530511452234,0.546445956988142
88.4666666666667,0.458003807067871,0.0615,-0.0603760990447171,0.549681559382567
88.5,0.458003807067871,0.0615,-0.0619095469268396,0.552903361663281
88.5333333333333,0.458003807067871,0.0615,-0.0566487119897066,0.556110468905924
88.5666666666667,0.458003807067871,0.0615,-0.0458800500573447,0.559301990267993
88.6,0.458003807067871,0.0615,-0.0306916611185836,0.562477039236298
88.6333333333333,0.483262475331624,0.0615,-0.0120017647374279,0.565634733873208
88.6666666666667,0.483262475331624,0.0615,-0.0342961877388939,0.56877419706163
88.7,0.483262475331624,0.0615,-0.0463670865900763,0.571894556748638
88.7333333333333,0.483262475331624,0.0615,-0.0500197296103128,0.57499494618772
88.7666666666667,0.483262475331624,0.0615,-0.0467874014129024,0.578074504179521
88.8,0.483262475331624,0.0615,-0.0379700250133066,0.581132375311067
88.8333333333333,0.483262475331624,0.0615,-0.024667458124715,0.584167710193374
88.8666666666667,0.483262475331624,0.0615,-0.00780818687526788,0.587179665697379
88.9,0.483262475331624,0.0615,0.0118259572282368,0.590167405188144
88.9333333333333,0.511458333333333,0.0615,0.0335785156139326,0.593130098757241
88.9666666666667,0.511458333333333,0.0615,0.00810399068103415,0.596066923453287
89,0.511458333333333,0.0615,-0.00716914004375853,0.598977063510526
89.0333333333333,0.511458333333333,0.0615,-0.0140307468141964,0.601859710575432
89.0666666666667,0.511458333333333,0.0615,-0.014001913872691,0.604714063931247
89.1,0.511458333333333,0.0615,-0.00837304539176749,0.607539330720389
89.1333333333333,0.511458333333333,0.0615,0.00176327894001377,0.610334726164697
89.1666666666667,0.511458333333333,0.0615,0.0154839860075981,0.61309947378341
89.2,0.545233726501465,0.0615,0.032011112319813,0.615832805608854
89.2333333333333,0.545233726501465,0.0615,-0.00776131458718521,0.618533962399765
89.2666666666667,0.545233726501465,0.0615,-0.0350396889053559,0.621202193852181
89.3,0.545233726501465,0.0615,-0.0519698631288068,0.623836758807855
89.3333333333333,0.545233726501465,0.0615,-0.0603778479595034,0.626436925460128
89.3666666666667,0.545233726501465,0.0615,-0.061814988976279,0.629001971557204
89.4,0.545233726501465,0.0615,-0.057596930517701,0.631531184602774
89.4333333333333,0.545233726501465,0.0615,-0.0488372092500575,0.634023862053918
89.4666666666667,0.572951253255208,0.0615,-0.0364762065114777,0.636479311516263
89.5,0.572951253255208,0.0615,-0.0692743815368806,0.638896850936302
89.5333333333333,0.572951253255208,0.0615,-0.09099261564243,0.641275808790851
89.5666666666667,0.572951253255208,0.0615,-0.103573716087633,0.643615524273582
89.6,0.572951253255208,0.06,-0.0936689224826085,0.645915347478571
89.6333333333333,0.572951253255208,0.06,-0.092679219313395,0.648174639580826
89.6666666666667,0.572951253255208,0.0585,-0.0717909578935646,0.650392773013737
89.7,0.572951253255208,0.0585,-0.0620065600651683,0.652569131643388
89.7333333333333,0.597884464263916,0.057,-0.0341709719836123,0.65470311093971
89.7666666666667,0.597884464263916,0.057,-0.0621441665494767,0.656794118144399
89.8,0.597884464263916,0.057,-0.0803330099792868,0.658841572435564
89.8333333333333,0.597884464263916,0.057,-0.0904808964942178,0.660844905089067
89.8666666666667,0.597884464263916,0.0555,-0.0790683111778277,0.662803559636498
89.9,0.597884464263916,0.0555,-0.0773501621413343,0.664716992019743
89.9333333333333,0.597884464263916,0.0555,-0.0713879646762967,0.666584670742109
89.9666666666667,0.597884464263916,0.0555,-0.0620775764946326,0.668406077015961
90,0.620756467183431,0.0555,-0.050173088996266,0.670180704906824
90.0333333333333,0.620756467183431,0.0555,-0.0758899662881143,0.671908061473915
90.0666666666667,0.620756467183431,0.0555,-0.0928010028265688,0.673587666907074
90.1,0.620756467183431,0.054,-0.0874907288476499,0.675219054660035
90.1333333333333,0.620756467183431,0.054,-0.0913041062804397,0.676801771580024
90.1666666666667,0.620756467183431,0.0525,-0.0753805828199039,0.678335378033628
90.2,0.620756467183431,0.0525,-0.0706834474272677,0.679819448028916
90.2333333333333,0.620756467183431,0.0525,-0.0630251255125886,0.681253569333765
90.2666666666667,0.644451363881429,0.0525,-0.0530889660758089,0.682637343590368
90.3,0.644451363881429,0.0525,-0.0824546770005966,0.683970386425883
90.3333333333333,0.644451363881429,0.051,-0.0879550848942195,0.685252327559206
90.3666666666667,0.644451363881429,0.0495,-0.0861732713929193,0.686482810903821
90.4,0.644451363881429,0.048,-0.0784536436369788,0.687661494666711
90.4333333333333,0.644451363881429,0.048,-0.0809358118388972,0.688788051443297
90.4666666666667,0.644451363881429,0.048,-0.0795837960871193,0.689862168308386
90.5,0.644451363881429,0.0465,-0.0602111966150706,0.690883546903089
90.5333333333333,0.667372544606527,0.045,-0.0385028763472024,0.691851903517696
90.5666666666667,0.667372544606527,0.045,-0.0697013065987941,0.692766969170485
90.6,0.667372544606527,0.045,-0.0922297110794568,0.693628489682438
90.6333333333333,0.667372544606527,0.0435,-0.0926345572173385,0.69443622574784
90.6666666666667,0.667372544606527,0.042,-0.0872292692333016,0.695189953000755
90.7,0.667372544606527,0.042,-0.0921272939557339,0.69588946207735
90.7333333333333,0.667372544606527,0.0405,-0.0782706086572571,0.696534558674043
90.7666666666667,0.667372544606527,0.0405,-0.0764542897669793,0.697125063601486
90.8,0.685830275217692,0.039,-0.05734767796922,0.697660812834327
90.8333333333333,0.685830275217692,0.039,-0.0834557776397626,0.698141657556781
90.8666666666667,0.685830275217692,0.0375,-0.0873545600499392,0.698567464203961
90.9,0.685830275217692,0.036,-0.0853584159891854,0.698938114498981
90.9333333333333,0.685830275217692,0.033,-0.0635823388924447,0.699253505485808
90.9666666666667,0.685830275217692,0.0315,-0.052970298202211,0.699513549557863
91,0.685830275217692,0.03,-0.0393196958157621,0.699718174482354
91.0333333333333,0.685830275217692,0.03,-0.0383024378494234,0.69986732342034
91.0666666666667,0.685830275217692,0.03,-0.0354830822440116,0.699960954942518
91.1,0.701164976755778,0.0285,-0.0163344606443615,0.699999043040736
91.1333333333333,0.701164976755778,0.0285,-0.0377895414783708,0.69998157713521
91.1666666666667,0.701164976755778,0.0285,-0.0536937418433464,0.699908562077469
91.2,0.701164976755778,0.0285,-0.0650846817058055,0.699780018149004
91.2333333333333,0.701164976755778,0.027,-0.0578414990508939,0.699595981055635
91.2666666666667,0.701164976755778,0.027,-0.0627074635156724,0.699356501917593
91.3,0.701164976755778,0.0255,-0.0503094637949784,0.699061647255322
91.3333333333333,0.701164976755778,0.024,-0.0361747939344559,0.698711498970998
91.3666666666667,0.713630771636963,0.0225,-0.0207456063260777,0.698306154325783
91.4,0.713630771636963,0.0225,-0.0409648068719031,0.697845725912803
91.4333333333333,0.713630771636963,0.0225,-0.0565473508714496,0.697330341625882
91.4666666666667,0.713630771636963,0.021,-0.0533710486151677,0.696760144624006
91.5,0.713630771636963,0.0195,-0.0471792036296277,0.696135293291565
91.5333333333333,0.713630771636963,0.018,-0.0385998264637594,0.695455961194356
91.5666666666667,0.713630771636963,0.018,-0.0431621907478835,0.694722337031372
91.6,0.713630771636963,0.018,-0.0463110930426326,0.693934624582384
91.6333333333333,0.724181493123372,0.018,-0.0484191292595321,0.693093042651342
91.6666666666667,0.724181493123372,0.018,-0.0680564660343485,0.692197825005592
91.7,0.724181493123372,0.0165,-0.0688207003349506,0.691249220310947
91.7333333333333,0.724181493123372,0.0135,-0.0514529353080041,0.690247492062611
91.7666666666667,0.724181493123372,0.012,-0.0465804041934515,0.68919291851199
91.8,0.724181493123372,0.012,-0.0547327490051265,0.688085792589401
91.8333333333333,0.724181493123372,0.012,-0.061356046565142,0.686926421822703
91.8666666666667,0.724181493123372,0.0105,-0.0518248883757941,0.685715128251877
91.9,0.732291666666667,0.0105,-0.0564527794913805,0.684452248339569
91.9333333333333,0.732291666666667,0.009,-0.0595366514168227,0.683138132877636
91.9666666666667,0.732291666666667,0.0075,-0.0596431014789842,0.681773146889701
92,0.732291666666667,0.006,-0.0573566528870357,0.680357669529762
92.0333333333333,0.732291666666667,0.0045,-0.0531713836314301,0.678892093976872
92.0666666666667,0.732291666666667,0.0045,-0.0625038885178475,0.677376827325928
92.1,0.732291666666667,0.003,-0.0557044452489475,0.675812290474589
92.1333333333333,0.732291666666667,0.003,-0.0630666290672228,0.674198918006367
92.1666666666667,0.739338239034017,0.0015,-0.05483558749395,0.672537158069904
92.2,0.739338239034017,0,-0.0584100425696132,0.6708274722545
92.2333333333333,0.739338239034017,-0.0015,-0.0594919089651741,0.669070335461888
92.2666666666667,0.739338239034017,-0.0015,-0.0735721649342602,0.667266235774321
92.3,0.739338239034017,-0.0045,-0.0560657221405555,0.665415674319003
92.3333333333333,0.739338239034017,-0.006,-0.0523223255199057,0.663519165128883
92.3666666666667,0.739338239034017,-0.0075,-0.0476359430254791,0.661577234999875
92.4,0.739338239034017,-0.0075,-0.0572528508478397,0.659590423344526
92.4333333333333,0.745833333333333,-0.009,-0.0513785919733797,0.657559282042191
92.4666666666667,0.745833333333333,-0.009,-0.0714244516629912,0.655484375285725
92.5,0.745833333333333,-0.0105,-0.0741970856156105,0.653366279424774
92.5333333333333,0.745833333333333,-0.0105,-0.0901372037240631,0.651205582805682
92.5666666666667,0.745833333333333,-0.012,-0.0896174486505559,0.649002885608059
92.6,0.745833333333333,-0.0135,-0.0879521300619818,0.646758799678075
92.6333333333333,0.745833333333333,-0.015,-0.0854056116232194,0.644473948358503
92.6666666666667,0.745833333333333,-0.0165,-0.0821995340683735,0.642148966315574
92.7,0.7515625,-0.018,-0.0785190329524497,0.639784499362685
92.7333333333333,0.7515625,-0.0195,-0.0844330542710283,0.637381204281006
92.7666666666667,0.7515625,-0.021,-0.0883069466516203,0.634939748637052
92.8,0.7515625,-0.0225,-0.0905319391836386,0.632460810597249
92.8333333333333,0.7515625,-0.024,-0.0914388760037603,0.629945078739555
92.8666666666667,0.7515625,-0.0255,-0.0913068436106102,0.627393251862201
92.9,0.7515625,-0.0255,-0.105370604764883,0.624806038789575
92.9333333333333,0.7515625,-0.027,-0.103827001320039,0.622184158175343
92.9666666666667,0.757355848948161,-0.0285,-0.101840466442476,0.619528338302815
93,0.757355848948161,-0.03,-0.109573808358629,0.616839316882657
93.0333333333333,0.757355848948161,-0.033,-0.100246364884169,0.614117840847973
93.0666666666667,0.757355848948161,-0.036,-0.089240851690609,0.611364666146829
93.1,0.757355848948161,-0.039,-0.0768812759529363,0.608580557532273
93.1333333333333,0.757355848948161,-0.0405,-0.0784412986830784,0.605766288349906
93.1666666666667,0.757355848948161,-0.042,-0.0791514421526323,0.602922640323072
93.2,0.757355848948161,-0.045,-0.0642052993799386,0.600050403335717
93.2333333333333,0.760677083333333,-0.0465,-0.0637648815039316,0.597150375212981
93.2666666666667,0.760677083333333,-0.048,-0.0687129894467117,0.594223361499583
93.3,0.760677083333333,-0.0495,-0.07234308559168,0.591270175236067
93.3333333333333,0.760677083333333,-0.051,-0.0749135997587756,0.588291636732962
93.3666666666667,0.760677083333333,-0.0525,-0.0766424016948727,0.585288573342923
93.4,0.760677083333333,-0.054,-0.0777126256438931,0.582261819230913
93.4333333333333,0.760677083333333,-0.057,-0.0632776872527103,0.579212215142505
93.4666666666667,0.760677083333333,-0.0585,-0.0634656028267278,0.576140608170335
93.5,0.759563573201497,-0.06,-0.0633827061072137,0.573047851518811
93.5333333333333,0.759563573201497,-0.06,-0.0761897906234384,0.569934804267118
93.5666666666667,0.759563573201497,-0.063,-0.0592450210183297,0.566802331130585
93.6,0.759563573201497,-0.0645,-0.0575514633810577,0.563651302220498
93.6333333333333,0.759563573201497,-0.066,-0.0561088352312322,0.560482592802404
93.6666666666667,0.759563573201497,-0.066,-0.0699141330461145,0.557297083052988
93.7,0.759563573201497,-0.0675,-0.0689621627014332,0.554095657815589
93.7333333333333,0.759563573201497,-0.0675,-0.0832459867811772,0.550879206354408
93.7666666666667,0.75390625,-0.0705,-0.0677573007757076,0.547648622107504
93.8,0.75390625,-0.072,-0.0576961157093205,0.544404802438616
93.8333333333333,0.75390625,-0.072,-0.0646668674980748,0.541148648387907
93.8666666666667,0.75390625,-0.0735,-0.0583760282583816,0.537881064421674
93.9,0.75390625,-0.075,-0.0535703450213054,0.53460295818112
93.9333333333333,0.75390625,-0.0765,-0.0500313477904406,0.531315240230236
93.9666666666667,0.75390625,-0.0765,-0.0625705991108262,0.528018823802866
94,0.75390625,-0.078,-0.0610255856014445,0.524714624549045
94.0333333333333,0.749548387527466,-0.078,-0.0752561652273839,0.521403560280652
94.0666666666667,0.749548387527466,-0.0795,-0.0675997254745699,0.518086550716473
94.1,0.749548387527466,-0.081,-0.0618988337028879,0.514764517226724
94.1333333333333,0.749548387527466,-0.0825,-0.0578457877651654,0.511438382577126
94.1666666666667,0.749548387527466,-0.0825,-0.0701765739531952,0.508109070672581
94.2,0.749548387527466,-0.084,-0.0686648079374116,0.504777506300548
94.2333333333333,0.749548387527466,-0.0855,-0.0681165012606605,0.50144461487415
94.2666666666667,0.749548387527466,-0.087,-0.0683655420042702,0.498111322175132
94.3,0.74140625,-0.09,-0.0542697931929098,0.494778554096698
94.3333333333333,0.74140625,-0.0915,-0.0416168425480384,0.491447236386331
94.3666666666667,0.74140625,-0.0915,-0.0470188089315536,0.48811829438864
94.4,0.74140625,-0.093,-0.0399800284144537,0.484792652788329
94.4333333333333,0.74140625,-0.093,-0.0500763941722106,0.481471235353351
94.4666666666667,0.74140625,-0.0945,-0.0469453745876186,0.478154964678302
94.5,0.74140625,-0.0945,-0.060277395459005,0.474844761928157
94.5333333333333,0.74140625,-0.0945,-0.0748084019687126,0.471541546582396
94.5666666666667,0.730374050140381,-0.0945,-0.09031344082975,0.468246236179596
94.6,0.730374050140381,-0.096,-0.0725086643107752,0.464959746062571
94.6333333333333,0.730374050140381,-0.096,-0.0738807700613439,0.461682989124108
94.6666666666667,0.730374050140381,-0.0975,-0.0637403309548162,0.458416875553399
94.7,0.730374050140381,-0.0975,-0.0714983468168039,0.455162312583214
94.7333333333333,0.730374050140381,-0.099,-0.066652189823386,0.451920204237895
94.7666666666667,0.730374050140381,-0.099,-0.0787734737532914,0.448691451082247
94.8,0.730374050140381,-0.1005,-0.0774975868686839,0.445476949971385
94.8333333333333,0.714935111999512,-0.102,-0.0775146631724666,0.442277593801616
94.8666666666667,0.714935111999512,-0.1035,-0.051842981684717,0.439094271262414
94.9,0.714935111999512,-0.1035,-0.0469562875982853,0.435927866589571
94.9333333333333,0.714935111999512,-0.1035,-0.0468945858605391,0.432779259319583
94.9666666666667,0.714935111999512,-0.1035,-0.0508383366174599,0.429649324045333
95,0.714935111999512,-0.1035,-0.0580887722564966,0.426538930173162
95.0333333333333,0.714935111999512,-0.105,-0.0530509105234482,0.423448941681367
95.0666666666667,0.714935111999512,-0.105,-0.0652188989015832,0.420380216880216
95.1,0.696839745839437,-0.1065,-0.0641633744803037,0.417333608173534
95.1333333333333,0.696839745839437,-0.1065,-0.0482045037590551,0.414309961821927
95.1666666666667,0.696839745839437,-0.1065,-0.0391848075196967,0.411310117707716
95.2,0.696839745839437,-0.1065,-0.0359402176492576,0.408334909101647
95.2333333333333,0.696839745839437,-0.1065,-0.0374778668506955,0.405385162431422
95.2666666666667,0.696839745839437,-0.1065,-0.042952046551985,0.40246169705215
95.3,0.696839745839437,-0.1065,-0.051643461521034,0.39956532501875
95.3333333333333,0.696839745839437,-0.1065,-0.0629413348422912,0.396696850860385
95.3666666666667,0.666255537668864,-0.1065,-0.0763279769288952,0.393857071356988
95.4,0.666255537668864,-0.108,-0.0234360790616599,0.391046775317938
95.4333333333333,0.666255537668864,-0.108,0.00331404081252748,0.388266743362956
95.4666666666667,0.666255537668864,-0.108,0.0207624403502837,0.385517747705263
95.5,0.666255537668864,-0.108,0.0304793972626434,0.382800551937089
95.5333333333333,0.666255537668864,-0.108,0.0338032206611232,0.380115910817565
95.5666666666667,0.666255537668864,-0.108,0.0318728831381646,0.377464570063072
95.6,0.666255537668864,-0.108,0.0256561744130385,0.374847266140105
95.6333333333333,0.631236012776693,-0.108,0.015973983165395,0.372264726060703
95.6666666666667,0.631236012776693,-0.108,0.0641264506768371,0.369717667180504
95.7,0.631236012776693,-0.108,0.0988048996588758,0.367206796999486
95.7333333333333,0.631236012776693,-0.108,0.122254608490563,0.364732812965444
95.7666666666667,0.631236012776693,-0.108,0.136390157883822,0.362296402280258
95.8,0.631236012776693,-0.108,0.14284187343078,0.359898241709006
95.8333333333333,0.631236012776693,-0.108,0.142995900095268,0.357538997391984
95.8666666666667,0.631236012776693,-0.108,0.138028770815828,0.355219324659664
95.9,0.597949441274007,-0.108,0.128937215456205,0.352939867850667
95.9333333333333,0.597949441274007,-0.108,0.174170004171326,0.350701260132786
95.9666666666667,0.597949441274007,-0.108,0.206099897111058,0.348504123327102
96,0.597949441274007,-0.108,0.226988676572931,0.346349067735267
96.0333333333333,0.597949441274007,-0.108,0.238762395354005,0.344236691969977
96.0666666666667,0.597949441274007,-0.108,0.243058696400241,0.342167582788696
96.1,0.597949441274007,-0.108,0.241267632058238,0.340142314930669
96.1333333333333,0.597949441274007,-0.108,0.23456686389111,0.33816145095728
96.1666666666667,0.549322350819906,-0.108,0.22395200549728,0.336225541095783
96.2,0.549322350819906,-0.108,0.294417406303867,0.334335123086471
96.2333333333333,0.549322350819906,-0.108,0.346837155771725,0.332490722033302
96.2666666666667,0.549322350819906,-0.108,0.384234500085358,0.330692850258042
96.3,0.549322350819906,-0.108,0.409185865177433,0.328942007157957
96.3333333333333,0.549322350819906,-0.108,0.423883696190567,0.327238679067096
96.3666666666667,0.549322350819906,-0.108,0.430190674468122,0.325583339121197
96.4,0.549322350819906,-0.108,0.429686479913147,0.323976447126268
96.4333333333333,0.500780550638835,-0.108,0.4237081094881,0.322418449430865
96.4666666666667,0.500780550638835,-0.108,0.497391660387406,0.320909778802107
96.5,0.500780550638835,-0.108,0.552031063295782,0.319450854305469
96.5333333333333,0.500780550638835,-0.108,0.590851819231869,0.318042081188373
96.5666666666667,0.500780550638835,-0.1065,0.601600509189914,0.316683850767628
96.6,0.500780550638835,-0.105,0.601612291024774,0.315376540320729
96.6333333333333,0.500780550638835,-0.105,0.607869124738431,0.314120512981059
96.6666666666667,0.500780550638835,-0.105,0.607049982656146,0.312916117637025
96.7,0.500780550638835,-0.105,0.600574131937617,0.311763688835147
96.7333333333333,0.463456662495931,-0.105,0.589638430477379,0.310663546687125
96.7666666666667,0.463456662495931,-0.105,0.639842628327905,0.309615996780927
96.8,0.463456662495931,-0.105,0.675404094423848,0.308621330095902
96.8333333333333,0.463456662495931,-0.105,0.698893794798885,0.307679822921956
96.8666666666667,0.463456662495931,-0.105,0.712496064583167,0.306791736782805
96.9,0.463456662495931,-0.105,0.718063419947014,0.305957318363333
96.9333333333333,0.463456662495931,-0.105,0.717163818083686,0.305176799441069
96.9666666666667,0.463456662495931,-0.105,0.711121390325691,0.304450396821807
97,0.402302805582682,-0.105,0.701051535455962,0.303778312279381
97.0333333333333,0.402302805582682,-0.105,0.793724754344254,0.303160732499619
97.0666666666667,0.402302805582682,-0.102,0.834375533457107,0.30259782902849
97.1,0.402302805582682,-0.0915,0.781715280416279,0.30208975822445
97.1333333333333,0.402302805582682,-0.0795,0.69890498303439,0.301636661215011
97.1666666666667,0.402302805582682,-0.069,0.618632729110312,0.301238663857539
97.2,0.402302805582682,-0.063,0.573180581773867,0.300895876704297
97.2333333333333,0.402302805582682,-0.0555,0.504482252635776,0.300608394971735
97.2666666666667,0.339387639363607,-0.045,0.399172820984164,0.300376298514041
97.3,0.339387639363607,-0.0345,0.397513336299179,0.30019965180096
97.3333333333333,0.339387639363607,-0.0285,0.416498310735172,0.300078503899889
97.3666666666667,0.339387639363607,-0.027,0.460246240399909,0.300012888462243
97.4,0.339387639363607,-0.027,0.502263661274624,0.300002823714111
97.4333333333333,0.339387639363607,-0.027,0.530531410875284,0.300048312451191
97.4666666666667,0.339387639363607,-0.027,0.547579039924144,0.300149342038016
97.5,0.339387639363607,-0.027,0.5555489800056,0.300305884411461
97.5333333333333,0.287475331624349,-0.027,0.55625185711454,0.30051789608854
97.5666666666667,0.287475331624349,-0.027,0.641054229327158,0.300785318178483
97.6,0.287475331624349,-0.0255,0.689662642210805,0.301108076399097
97.6333333333333,0.287475331624349,-0.021,0.690747881722252,0.301486081097395
97.6666666666667,0.287475331624349,-0.0135,0.647430275582154,0.301919227274503
97.7,0.287475331624349,-0.0075,0.607357615489073,0.302407394614824
97.7333333333333,0.287475331624349,-0.006,0.602772351686086,0.302950447519457
97.7666666666667,0.287475331624349,-0.006,0.605569515433214,0.303548235143865
97.8,0.227276229858398,-0.003,0.572346628986984,0.304200591439774
97.8333333333333,0.227276229858398,0.0045,0.593627995651421,0.304907335201297
97.8666666666667,0.227276229858398,0.0135,0.576949328651674,0.305668270115265
97.9,0.227276229858398,0.0195,0.571259854712605,0.306483184815764
97.9333333333333,0.227276229858398,0.024,0.5649178366977,0.307351852942838
97.9666666666667,0.227276229858398,0.027,0.560774144385311,0.30827403320537
98,0.227276229858398,0.033,0.51624432603557,0.309249469448106
98.0333333333333,0.227276229858398,0.039,0.463370740550233,0.310277890722806
98.0666666666667,0.198252360026042,0.042,0.433876100073479,0.311359011363507
98.1,0.198252360026042,0.0435,0.464438655595179,0.312492531065871
98.1333333333333,0.198252360026042,0.0435,0.496687282613846,0.313678134970602
98.1666666666667,0.198252360026042,0.0435,0.518088640579816,0.314915493750908
98.2,0.198252360026042,0.0435,0.530730531586775,0.31620426370397
98.2333333333333,0.198252360026042,0.0435,0.536376110970304,0.317544086846422
98.2666666666667,0.198252360026042,0.0435,0.536510593893701,0.318934591013784
98.3,0.198252360026042,0.0435,0.532381479030875,0.320375389963839
98.3333333333333,0.198252360026042,0.0435,0.525033172774728,0.321866083483921
98.3666666666667,0.207792536417643,0.0435,0.515336778189821,0.323406257502083
98.4,0.207792536417643,0.0435,0.487505363637131,0.324995484202111
98.4333333333333,0.207792536417643,0.0435,0.461722810474281,0.326633322142362
98.4666666666667,0.207792536417643,0.0435,0.438003161605292,0.328319316378384
98.5,0.207792536417643,0.0435,0.416338480043006,0.330052998589286
98.5333333333333,0.207792536417643,0.0435,0.396703246511559,0.331833887207825
98.5666666666667,0.207792536417643,0.0435,0.379058061009298,0.333661487554167
98.6,0.207792536417643,0.0435,0.36335274932234,0.335535291973302
98.6333333333333,0.213345464070638,0.0435,0.349528961403648,0.33745477997605
98.6666666666667,0.213345464070638,0.0435,0.327912371788009,0.339419418383643
98.7,0.213345464070638,0.0435,0.309834659027731,0.34142866147582
98.7333333333333,0.213345464070638,0.0435,0.294946918354262,0.343481951142422
98.7666666666667,0.213345464070638,0.0435,0.282938639199286,0.345578717038408
98.8,0.213345464070638,0.0435,0.273533157336965,0.347718376742292
98.8333333333333,0.213345464070638,0.0435,0.266483670541268,0.349900335917912
98.8666666666667,0.213345464070638,0.0435,0.261569745827709,0.352123988479528
98.9,0.218489583333333,0.0435,0.258594255700767,0.354388716760172
98.9333333333333,0.218489583333333,0.0435,0.248478213165871,0.356693891683215
98.9666666666667,0.218489583333333,0.0435,0.241624325059275,0.359038872937112
99,0.218489583333333,0.0435,0.237633353112149,0.361423009153261
99.0333333333333,0.218489583333333,0.0435,0.236157384140354,0.36384563808693
99.0666666666667,0.218489583333333,0.0435,0.236893092520197,0.366306086801217
99.1,0.218489583333333,0.0435,0.239575892913622,0.368803671853965
99.1333333333333,0.218489583333333,0.0435,0.243974865155823,0.371337699487607
99.1666666666667,0.215261014302572,0.0435,0.249888348917582,0.373907465821875
99.2,0.215261014302572,0.0435,0.262727520462214,0.376512257049308
99.2333333333333,0.215261014302572,0.0435,0.275709963322501,0.379151349633536
99.2666666666667,0.215261014302572,0.0435,0.288862199140832,0.381824010510255
99.3,0.215261014302572,0.0435,0.302204272709955,0.384529497290853
99.3333333333333,0.215261014302572,0.0435,0.315750797127729,0.387267058468619
99.3666666666667,0.215261014302572,0.0435,0.329511845946779,0.390035933627495
99.4,0.215261014302572,0.0435,0.343493713747728,0.392835353653297
99.4333333333333,0.211979166666667,0.0435,0.357699563630894,0.39566454094735
99.4666666666667,0.211979166666667,0.0435,0.377809583289073,0.398522709642487
99.5,0.211979166666667,0.0435,0.397084551928856,0.401409065821338
99.5333333333333,0.211979166666667,0.0435,0.415685281499258,0.404322807736855
99.5666666666667,0.211979166666667,0.0435,0.433747611410885,0.407263126035021
99.6,0.211979166666667,0.0435,0.451385963138152,0.410229203979659
99.6333333333333,0.211979166666667,0.0435,0.46869640407639,0.4132202176793
99.6666666666667,0.211979166666667,0.0435,0.485759287349194,0.416235336316039
99.7,0.210097821553548,0.0435,0.502641525274587,0.419273722376306
99.7333333333333,0.210097821553548,0.0435,0.522654425306596,0.422334531883511
99.7666666666667,0.210097821553548,0.0435,0.541981182760184,0.425416914632472
99.8,0.210097821553548,0.0435,0.560753124515358,0.428520014425578
99.8333333333333,0.210097821553548,0.0435,0.57908094775046,0.431642969310617
99.8666666666667,0.210097821553548,0.0435,0.59705766486372,0.434784911820203
99.9,0.210097821553548,0.0435,0.614761141308979,0.43794496921273
99.9333333333333,0.210097821553548,0.0435,0.632256281709812,0.441122263714795
99.9666666666667,0.212370618184408,0.0435,0.649596912153399,0.444315912765024
100,0.212370618184408,0.0435,0.662894070424228,0.447525029259214
