0,0.395894940694173,0,0
0.0333333333333333,0.395894940694173,0,0.353226714880288
0.0666666666666667,0.395894940694173,0,0.638294162551437
0.1,0.395894940694173,0.003,0.835860141818579
0.133333333333333,0.395894940694173,0.0135,0.910044398468983
0.166666666666667,0.395894940694173,0.0285,0.898642420655055
0.2,0.395894940694173,0.0435,0.853310078153058
0.233333333333333,0.395894940694173,0.057,0.794723041434398
0.266666666666667,0.395894940694173,0.075,0.6677143880832
0.3,0.395894940694173,0.093,0.521393346413759
0.333333333333333,0.395894940694173,0.1095,0.374247729734418
0.366666666666667,0.395894940694173,0.12,0.274232271382234
0.4,0.185677083333333,0.1275,0.19384477332025
0.433333333333333,0.185677083333333,0.129,0.528997321643375
0.466666666666667,0.185677083333333,0.1335,0.757455423412385
0.5,0.185677083333333,0.144,0.86168162736513
0.533333333333333,0.185677083333333,0.1545,0.912310101073795
0.566666666666667,0.185677083333333,0.165,0.91840284078105
0.6,0.184635416666667,0.177,0.872670793769152
0.633333333333333,0.184635416666667,0.1935,0.753467361710934
0.666666666666667,0.184635416666667,0.213,0.579196932465225
0.7,0.184635416666667,0.234,0.369615026029107
0.733333333333333,0.184635416666667,0.2505,0.188737755354891
0.766666666666667,0.184635416666667,0.258,0.0849482653655648
0.8,0.184635416666667,0.2595,0.0310883948919954
0.833333333333333,0.184635416666667,0.2595,-0.0154624245720547
0.866666666666667,0.184635416666667,0.258,-0.0527192911717123
0.9,0.183913040161133,0.2565,-0.0940334692163836
0.933333333333333,0.183913040161133,0.2505,-0.0917920831653415
0.966666666666667,0.183913040161133,0.2445,-0.0913667423040374
1,0.183072916666667,0.24,-0.106805937537019
1.03333333333333,0.183072916666667,0.2385,-0.150883972939903
1.06666666666667,0.183072916666667,0.2385,-0.209715395930029
1.1,0.183072916666667,0.237,-0.252764347330231
1.13333333333333,0.183072916666667,0.234,-0.279608807292375
1.16666666666667,0.183072916666667,0.228,-0.274922257048871
1.2,0.183072916666667,0.219,-0.238458021271965
1.23333333333333,0.183072916666667,0.2085,-0.185035916072729
1.26666666666667,0.183072916666667,0.198,-0.129530878975764
1.3,0.183072916666667,0.1905,-0.10186330157169
1.33333333333333,0.184202702840169,0.183,-0.0719908239098377
1.36666666666667,0.184202702840169,0.177,-0.0568566046416044
1.4,0.184202702840169,0.171,-0.0391404957321531
1.43333333333333,0.184202702840169,0.165,-0.0189333121115631
1.46666666666667,0.184202702840169,0.162,-0.0263326501328839
1.5,0.184202702840169,0.162,-0.061440575398948
1.53333333333333,0.184202702840169,0.1605,-0.0793617238238356
1.56666666666667,0.184202702840169,0.159,-0.0952017530089025
1.6,0.207063738505046,0.156,-0.0940660899856627
1.63333333333333,0.207063738505046,0.153,-0.130622517363094
1.66666666666667,0.207063738505046,0.15,-0.157775355354735
1.7,0.207063738505046,0.144,-0.146817874955526
1.73333333333333,0.207063738505046,0.1395,-0.143867969921811
1.76666666666667,0.207063738505046,0.135,-0.134891759620244
1.8,0.207063738505046,0.1275,-0.0907240284906974
1.83333333333333,0.207063738505046,0.123,-0.0720859251258439
1.86666666666667,0.207063738505046,0.12,-0.0646002874789539
1.9,0.237358093261719,0.1155,-0.0388049117592366
1.93333333333333,0.237358093261719,0.1125,-0.0775918214482393
1.96666666666667,0.237358093261719,0.1095,-0.103817308638488
2,0.237358093261719,0.1065,-0.119408893011965
2.03333333333333,0.237358093261719,0.102,-0.111018259212273
2.06666666666667,0.237358093261719,0.099,-0.110059438535028
2.1,0.260378774007161,0.096,-0.102741795101672
2.13333333333333,0.260378774007161,0.093,-0.129938389034453
2.16666666666667,0.260378774007161,0.0885,-0.13000338934379
2.2,0.260378774007161,0.0825,-0.104890153126211
2.23333333333333,0.260378774007161,0.0765,-0.0712665599703784
2.26666666666667,0.260378774007161,0.072,-0.0455549412430283
2.3,0.260378774007161,0.0705,-0.043966546415143
2.33333333333333,0.260378774007161,0.069,-0.0375312851875428
2.36666666666667,0.260378774007161,0.0675,-0.0271233849013228
2.4,0.285510889689128,0.066,-0.0134835167388941
2.43333333333333,0.285510889689128,0.066,-0.0557318168983664
2.46666666666667,0.285510889689128,0.0645,-0.0725098107198563
2.5,0.285510889689128,0.0645,-0.0955740826230367
2.53333333333333,0.285510889689128,0.063,-0.0964201324402349
2.56666666666667,0.315548706054687,0.063,-0.106319189714604
2.6,0.342830912272135,0.0615,-0.148333782941155
2.63333333333333,0.342830912272135,0.0585,-0.208577714594653
2.66666666666667,0.342830912272135,0.0525,-0.218065940308491
2.7,0.342830912272135,0.045,-0.195216075118097
2.73333333333333,0.342830912272135,0.036,-0.142941589933514
2.76666666666667,0.342830912272135,0.0285,-0.0937226429093188
2.8,0.342830912272135,0.0225,-0.049667197397891
2.83333333333333,0.342830912272135,0.018,-0.012563741675749
2.86666666666667,0.342830912272135,0.015,0.0160732512216636
2.9,0.342830912272135,0.012,0.049964138383697
2.93333333333333,0.342830912272135,0.012,0.0580303440911486
2.96666666666667,0.342830912272135,0.012,0.0693652813872887
3,0.342830912272135,0.012,0.0832093199290649
3.03333333333333,0.342830912272135,0.012,0.0989282480062927
3.06666666666667,0.342830912272135,0.012,0.115994751171359
3.1,0.342830912272135,0.012,0.133972494466006
3.13333333333333,0.377149963378906,0.012,0.152502451105102
3.16666666666667,0.377149963378906,0.012,0.111898198762238
3.2,0.377149963378906,0.012,0.0827753421034763
3.23333333333333,0.377149963378906,0.012,0.0631507839674599
3.26666666666667,0.377149963378906,0.012,0.0513395484552984
3.3,0.377149963378906,0.012,0.04591251896
3.33333333333333,0.377149963378906,0.012,0.0456599983936848
3.36666666666667,0.396356773376465,0.012,0.0495603013613862
3.4,0.396356773376465,0.012,0.0235131538702421
3.43333333333333,0.396356773376465,0.012,0.0064489737104069
3.46666666666667,0.396356773376465,0.012,-0.00324066031577546
3.5,0.396356773376465,0.012,-0.00691910205553745
3.53333333333333,0.396356773376465,0.012,-0.00573959527585644
3.56666666666667,0.396356773376465,0.012,-0.000675399902096609
3.6,0.396356773376465,0.012,0.00745425596165328
3.63333333333333,0.412108929951986,0.012,0.0179618299372089
3.66666666666667,0.428024164835612,0.012,0.00301135850221911
3.7,0.428024164835612,0.012,-0.0328982531764101
3.73333333333333,0.429398282368978,0.012,-0.0581291599369315
3.76666666666667,0.429398282368978,0.0105,-0.0619223248111763
3.8,0.429398282368978,0.009,-0.0580225930312223
3.83333333333333,0.429398282368978,0.0075,-0.0478423108389576
3.86666666666667,0.429398282368978,0.0075,-0.0475766941921428
3.9,0.431083424886068,0.0075,-0.0432349273950056
3.93333333333333,0.431083424886068,0.0075,-0.0385832834222757
3.96666666666667,0.438024457295736,0.0075,-0.0308564707176482
4,0.438024457295736,0.0075,-0.0327521854128085
4.03333333333333,0.438024457295736,0.0075,-0.0305138248469892
4.06666666666667,0.438024457295736,0.0075,-0.0249818950678011
4.1,0.438024457295736,0.0075,-0.0168632717981646
4.13333333333333,0.438024457295736,0.0075,-0.00675062501300621
4.16666666666667,0.44111868540446,0.0075,0.00486086622122484
4.2,0.44111868540446,0.0075,0.0122042293635749
4.23333333333333,0.451935259501139,0.0075,0.0213263624994076
4.26666666666667,0.451935259501139,0.0075,0.0130652400996629
4.3,0.451935259501139,0.0075,0.00938388924623022
4.33333333333333,0.451935259501139,0.0075,0.00941241741077448
4.36666666666667,0.451935259501139,0.0075,0.0124162415607369
4.4,0.451935259501139,0.0075,0.0177766065803304
4.43333333333333,0.451935259501139,0.0075,0.0249738085899881
4.46666666666667,0.453831545511881,0.0075,0.0335727545093978
4.5,0.453831545511881,0.0075,0.0399288031696367
4.53333333333333,0.453831545511881,0.0075,0.0476555407795411
4.56666666666667,0.453831545511881,0.0075,0.0564048767708064
4.6,0.453831545511881,0.0075,0.0658874557737042
4.63333333333333,0.453831545511881,0.0075,0.0758639077459292
4.66666666666667,0.453831545511881,0.0075,0.0861373332127266
4.7,0.453831545511881,0.0075,0.0965468538339558
4.73333333333333,0.468855635325114,0.0075,0.106962081531999
4.76666666666667,0.468855635325114,0.0075,0.0912775055360107
4.8,0.468855635325114,0.0075,0.0804282324727597
4.83333333333333,0.468855635325114,0.0075,0.0735650276523469
4.86666666666667,0.468855635325114,0.0075,0.0699671322664888
4.9,0.468855635325114,0.0075,0.0690239970063455
4.93333333333333,0.468855635325114,0.0075,0.0702195358901363
4.96666666666667,0.468855635325114,0.0075,0.0731185579599901
5,0.477298927307129,0.0075,0.0773550806233954
5.03333333333333,0.477298927307129,0.0075,0.0680102038553553
5.06666666666667,0.477298927307129,0.0075,0.0622592164526409
5.1,0.477298927307129,0.0075,0.0594479306010357
5.13333333333333,0.477298927307129,0.0075,0.0590224274493093
5.16666666666667,0.477298927307129,0.0075,0.0605147156776769
5.2,0.477298927307129,0.0075,0.0635303747233606
5.23333333333333,0.477298927307129,0.0075,0.0677379126409889
5.26666666666667,0.478723875681559,0.0075,0.0728596049811349
5.3,0.478723875681559,0.0075,0.0761975794866294
5.33333333333333,0.478723875681559,0.0075,0.0805009875461757
5.36666666666667,0.478723875681559,0.0075,0.0855359724600732
5.4,0.478723875681559,0.0075,0.0911076945153674
5.43333333333333,0.478723875681559,0.0075,0.0970545446530285
5.46666666666667,0.478723875681559,0.0075,0.103243173180027
5.5,0.478723875681559,0.0075,0.109564221608828
5.53333333333333,0.471493975321452,0.0075,0.115928660871018
5.56666666666667,0.471493975321452,0.0075,0.134776806368634
5.6,0.471493975321452,0.0075,0.151124799193973
5.63333333333333,0.471493975321452,0.0075,0.165305029038396
5.66666666666667,0.471493975321452,0.0075,0.177605638819935
5.7,0.471493975321452,0.0075,0.188276418897531
5.73333333333333,0.471493975321452,0.0075,0.197533915789206
5.76666666666667,0.471493975321452,0.0075,0.205565860097251
5.8,0.458371734619141,0.0075,0.212535004385265
5.83333333333333,0.458371734619141,0.0075,0.241291960094594
5.86666666666667,0.458371734619141,0.0075,0.264867481162938
5.9,0.458371734619141,0.0075,0.28405283795485
5.93333333333333,0.458371734619141,0.0075,0.299526313820274
5.96666666666667,0.458371734619141,0.0075,0.311868827876569
6,0.458371734619141,0.0075,0.321577433173476
6.03333333333333,0.458371734619141,0.0075,0.329076976622473
6.06666666666667,0.444223022460937,0.0075,0.334730168656737
6.1,0.444223022460937,0.0075,0.363332211822535
6.13333333333333,0.444223022460937,0.0075,0.38593565130688
6.16666666666667,0.444223022460937,0.0075,0.403503161063742
6.2,0.444223022460937,0.0075,0.416856919642525
6.23333333333333,0.444223022460937,0.0075,0.426698247687183
6.26666666666667,0.444223022460937,0.0075,0.433624559663894
6.3,0.444223022460937,0.0075,0.438143992946738
6.33333333333333,0.438802083333333,0.0075,0.440688028598827
6.36666666666667,0.438802083333333,0.0075,0.451003919561107
6.4,0.438802083333333,0.0075,0.458209163898714
6.43333333333333,0.438802083333333,0.0075,0.46284784825654
6.46666666666667,0.438802083333333,0.0075,0.465381874424067
6.5,0.438802083333333,0.0075,0.466202635836987
6.53333333333333,0.438802083333333,0.0075,0.465641083656551
6.56666666666667,0.438802083333333,0.0075,0.463976401141404
6.6,0.438802083333333,0.0075,0.461443475567161
6.63333333333333,0.441477648417155,0.0075,0.458239331439583
6.66666666666667,0.441477648417155,0.0075,0.449898300963535
6.7,0.441477648417155,0.0075,0.442081366541129
6.73333333333333,0.441477648417155,0.0075,0.434762478712443
6.76666666666667,0.441477648417155,0.0075,0.427915794382527
6.8,0.441477648417155,0.0075,0.421515892806149
6.83333333333333,0.441477648417155,0.0075,0.415537944625156
6.86666666666667,0.441477648417155,0.0075,0.409957841570868
6.9,0.451930491129557,0.0075,0.404752293328123
6.93333333333333,0.451930491129557,0.0075,0.38180907950598
6.96666666666667,0.451930491129557,0.0075,0.362687193382474
7,0.451930491129557,0.0075,0.346820311139967
7.03333333333333,0.451930491129557,0.0075,0.333721853428293
7.06666666666667,0.451930491129557,0.0075,0.322974037138781
7.1,0.451930491129557,0.0075,0.314218410467426
7.13333333333333,0.451930491129557,0.0075,0.307147671741834
7.16666666666667,0.462579409281413,0.0075,0.30149859922063
7.2,0.462579409281413,0.0075,0.278616794085309
7.23333333333333,0.462579409281413,0.0075,0.260294969632271
7.26666666666667,0.462579409281413,0.0075,0.24581264875218
7.3,0.462579409281413,0.0075,0.234553801691007
7.33333333333333,0.462579409281413,0.0075,0.225992294848846
7.36666666666667,0.462579409281413,0.0075,0.219679326315233
7.4,0.462579409281413,0.0075,0.21523257977116
7.43333333333333,0.472045739491781,0.0075,0.212326864429389
7.46666666666667,0.472045739491781,0.0075,0.194303492924962
7.5,0.472045739491781,0.0075,0.18047216392389
7.53333333333333,0.472045739491781,0.0075,0.170140599731735
7.56666666666667,0.472045739491781,0.0075,0.162718764826111
7.6,0.472045739491781,0.0075,0.157704492796554
7.63333333333333,0.472045739491781,0.0075,0.154671084906185
7.66666666666667,0.472045739491781,0.0075,0.153256613276869
7.7,0.474140612284342,0.0075,0.153154697606084
7.73333333333333,0.474140612284342,0.0075,0.150481142913531
7.76666666666667,0.474140612284342,0.0075,0.149342893951308
7.8,0.474140612284342,0.0075,0.149447378356215
7.83333333333333,0.474140612284342,0.0075,0.150547582478872
7.86666666666667,0.474140612284342,0.0075,0.152435488750035
7.9,0.474140612284342,0.0075,0.154936424448423
7.93333333333333,0.474140612284342,0.0075,0.157904197637989
7.96666666666667,0.468010171254476,0.0075,0.161216912808958
8,0.468010171254476,0.0075,0.175382789585681
8.03333333333333,0.468010171254476,0.0075,0.187661610349564
8.06666666666667,0.468010171254476,0.0075,0.198304853804459
8.1,0.468010171254476,0.0075,0.207530477757916
8.13333333333333,0.468010171254476,0.0075,0.215527387858656
8.16666666666667,0.468010171254476,0.0075,0.222459310555719
8.2,0.468010171254476,0.0075,0.228468149712386
8.23333333333333,0.468010171254476,0.0075,0.233676895717261
8.26666666666667,0.45674794514974,0.0075,0.238192146756129
8.3,0.45674794514974,0.0075,0.261596840355016
8.33333333333333,0.45674794514974,0.0075,0.280719576835771
8.36666666666667,0.45674794514974,0.0075,0.296217844338885
8.4,0.45674794514974,0.0075,0.308655014078871
8.43333333333333,0.45674794514974,0.0075,0.318513370159526
8.46666666666667,0.45674794514974,0.0075,0.326205366236939
8.5,0.45674794514974,0.0075,0.332083348122164
8.53333333333333,0.447449048360189,0.0075,0.336447949337415
8.56666666666667,0.447449048360189,0.0075,0.355648123501563
8.6,0.447449048360189,0.0075,0.370703752567281
8.63333333333333,0.447449048360189,0.0075,0.382285545835285
8.66666666666667,0.447449048360189,0.0075,0.390965981800216
8.7,0.447449048360189,0.0075,0.397233061720823
8.73333333333333,0.447449048360189,0.0075,0.401502180475799
8.76666666666667,0.447449048360189,0.0075,0.404126369378994
8.8,0.443210919698079,0.0075,0.405405131399583
8.83333333333333,0.443210919698079,0.0075,0.41292661694663
8.86666666666667,0.443210919698079,0.0075,0.418155229072627
8.9,0.443210919698079,0.0075,0.421492835803823
8.93333333333333,0.443210919698079,0.0075,0.423280556048072
8.96666666666667,0.443210919698079,0.0075,0.42380739365267
9,0.443210919698079,0.0075,0.423317680439408
9.03333333333333,0.443210919698079,0.0075,0.422017489987503
9.06666666666667,0.446989059448242,0.0075,0.420080162144476
9.1,0.446989059448242,0.0075,0.411112564461758
9.13333333333333,0.446989059448242,0.0075,0.403036349732831
9.16666666666667,0.446989059448242,0.0075,0.39575534783685
9.2,0.446989059448242,0.0075,0.389184520798319
9.23333333333333,0.446989059448242,0.0075,0.383248604506268
9.26666666666667,0.446989059448242,0.0075,0.377880922145657
9.3,0.446989059448242,0.0075,0.373022347146091
9.33333333333333,0.454482014973958,0.0075,0.368620396360037
9.36666666666667,0.454482014973958,0.0075,0.351661036122905
9.4,0.454482014973958,0.0075,0.337572402660574
9.43333333333333,0.454482014973958,0.0075,0.325926304539715
9.46666666666667,0.454482014973958,0.0075,0.316355028511132
9.5,0.454482014973958,0.0075,0.30854302337485
9.53333333333333,0.454482014973958,0.0075,0.302219711474279
9.56666666666667,0.454482014973958,0.0075,0.297153276066791
9.6,0.463373947143555,0.0075,0.293145293156281
9.63333333333333,0.463373947143555,0.0075,0.274637607298394
9.66666666666667,0.463373947143555,0.0075,0.259843176600034
9.7,0.463373947143555,0.0075,0.248174061535601
9.73333333333333,0.463373947143555,0.0075,0.239127634314639
9.76666666666667,0.463373947143555,0.0075,0.2322746882125
9.8,0.463373947143555,0.0075,0.227249170766903
9.83333333333333,0.463373947143555,0.0075,0.223739321459555
9.86666666666667,0.468949890136719,0.0075,0.22148002396632
9.9,0.468949890136719,0.0075,0.210596413358489
9.93333333333333,0.468949890136719,0.0075,0.202409614043401
9.96666666666667,0.468949890136719,0.0075,0.196467204928077
10,0.468949890136719,0.0075,0.192384008083108
10.0333333333333,0.468949890136719,0.0075,0.189832607174998
10.0666666666667,0.468949890136719,0.0075,0.188535168553909
10.1,0.468949890136719,0.0075,0.188256388443819
10.1333333333333,0.470771598815918,0.0075,0.188797413436063
10.1666666666667,0.470771598815918,0.0075,0.18683793071124
10.2,0.470771598815918,0.0075,0.185998015487058
10.2333333333333,0.470771598815918,0.0075,0.186064417958085
10.2666666666667,0.470771598815918,0.0075,0.186857089977043
10.3,0.470771598815918,0.0075,0.188224402755174
10.3333333333333,0.470771598815918,0.0075,0.19003902869339
10.3666666666667,0.470771598815918,0.0075,0.192194396818938
10.4,0.46820437113444,0.0075,0.194601643519487
10.4333333333333,0.46820437113444,0.0075,0.201629866504873
10.4666666666667,0.46820437113444,0.0075,0.207917939776175
10.5,0.46820437113444,0.0075,0.213549870422827
10.5333333333333,0.46820437113444,0.0075,0.218599558737252
10.5666666666667,0.46820437113444,0.0075,0.223132064234796
10.6,0.46820437113444,0.0075,0.227204708949616
10.6333333333333,0.46820437113444,0.0075,0.230868039249971
10.6666666666667,0.46820437113444,0.0075,0.234166664617708
10.7,0.461633046468099,0.0075,0.237139989408653
10.7333333333333,0.461633046468099,0.0075,0.251195266436777
10.7666666666667,0.461633046468099,0.0075,0.262796467999874
10.8,0.461633046468099,0.0075,0.272314037679217
10.8333333333333,0.461633046468099,0.0075,0.280065804142307
10.8666666666667,0.461633046468099,0.0075,0.286324236650933
10.9,0.461633046468099,0.0075,0.291322715265722
10.9333333333333,0.461633046468099,0.0075,0.295260948455372
10.9666666666667,0.454179890950521,0.0075,0.29830965302483
11,0.454179890950521,0.0075,0.313513118064624
11.0333333333333,0.454179890950521,0.0075,0.325608205834878
11.0666666666667,0.454179890950521,0.0075,0.335089958150354
11.1,0.454179890950521,0.0075,0.342381404313862
11.1333333333333,0.454179890950521,0.0075,0.347843610515139
11.1666666666667,0.454179890950521,0.0075,0.351784355938012
11.2,0.454179890950521,0.0075,0.354465621168798
11.2333333333333,0.448423767089844,0.0075,0.356110049567757
11.2666666666667,0.448423767089844,0.0075,0.366868139108725
11.3,0.448423767089844,0.0075,0.375015980920862
11.3333333333333,0.448423767089844,0.0075,0.380989249659909
11.3666666666667,0.448423767089844,0.0075,0.385158997606453
11.4,0.448423767089844,0.0075,0.387840757880529
11.4333333333333,0.448423767089844,0.0075,0.389302397603055
11.4666666666667,0.448423767089844,0.0075,0.389770890382829
11.5,0.446838188171387,0.0075,0.389438154722391
11.5333333333333,0.446838188171387,0.0075,0.391210107495219
11.5666666666667,0.446838188171387,0.0075,0.391949439294487
11.6,0.446838188171387,0.0075,0.391853190131495
11.6333333333333,0.446838188171387,0.0075,0.391087703790462
11.6666666666667,0.446838188171387,0.0075,0.389793050421104
11.7,0.446838188171387,0.0075,0.388086834873178
11.7333333333333,0.450149408976237,0.0075,0.386067474506061
11.7666666666667,0.450149408976237,0.0075,0.37808657963507
11.8,0.450149408976237,0.0075,0.371048451564196
11.8333333333333,0.450149408976237,0.0075,0.364836433135926
11.8666666666667,0.450149408976237,0.0075,0.359348747299768
11.9,0.450149408976237,0.0075,0.354496563348447
11.9333333333333,0.450149408976237,0.0075,0.350202317243812
11.9666666666667,0.450149408976237,0.0075,0.346398252433022
12,0.455403772989909,0.0075,0.343025152014651
12.0333333333333,0.455403772989909,0.0075,0.330937970279289
12.0666666666667,0.455403772989909,0.0075,0.32093932843488
12.1,0.455403772989909,0.0075,0.312715207301487
12.1333333333333,0.455403772989909,0.0075,0.305996106454603
12.1666666666667,0.455403772989909,0.0075,0.300550910906688
12.2,0.455403772989909,0.0075,0.296181590284104
12.2333333333333,0.455403772989909,0.0075,0.292718618402957
12.2666666666667,0.461908912658691,0.0075,0.290017016175272
12.3,0.461908912658691,0.0075,0.276695059429561
12.3333333333333,0.461908912658691,0.0075,0.266077290545084
12.3666666666667,0.461908912658691,0.0075,0.257733987548183
12.4,0.461908912658691,0.0075,0.251297879878145
12.4333333333333,0.461908912658691,0.0075,0.24645543728996
12.4666666666667,0.461908912658691,0.0075,0.242939348876437
12.5,0.466927083333333,0.0075,0.240522031392415
12.5333333333333,0.466927083333333,0.0075,0.230325520048691
12.5666666666667,0.466927083333333,0.0075,0.222545937684185
12.6,0.466927083333333,0.0075,0.216782213596292
12.6333333333333,0.466927083333333,0.0075,0.212692627587941
12.6666666666667,0.466927083333333,0.0075,0.209986458714048
12.7,0.466927083333333,0.0075,0.208416780164063
12.7333333333333,0.466927083333333,0.0075,0.207774245029957
12.7666666666667,0.467870203653971,0.0075,0.207881728590366
12.8,0.467870203653971,0.0075,0.206957535250037
12.8333333333333,0.467870203653971,0.0075,0.206822894943276
12.8666666666667,0.467870203653971,0.0075,0.207322868831038
12.9,0.467870203653971,0.0075,0.208326878404231
12.9333333333333,0.467870203653971,0.0075,0.209725181522495
12.9666666666667,0.467870203653971,0.0075,0.211425838880134
13,0.467870203653971,0.0075,0.213352103976034
13.0333333333333,0.467870203653971,0.0075,0.215440178701756
13.0666666666667,0.464642397562663,0.0075,0.217637284485836
13.1,0.464642397562663,0.0075,0.225486086450868
13.1333333333333,0.464642397562663,0.0075,0.232287129160997
13.1666666666667,0.464642397562663,0.0075,0.238180207193094
13.2,0.464642397562663,0.0075,0.243286468889749
13.2333333333333,0.464642397562663,0.0075,0.24771090304241
13.2666666666667,0.464642397562663,0.0075,0.251544493978122
13.3,0.464642397562663,0.0075,0.254866089265593
13.3333333333333,0.459109433492025,0.0075,0.257744018360688
13.3666666666667,0.459109433492025,0.0075,0.269812910773105
13.4,0.459109433492025,0.0075,0.27970097617269
13.4333333333333,0.459109433492025,0.0075,0.287741599125651
13.4666666666667,0.459109433492025,0.0075,0.29422053713738
13.5,0.459109433492025,0.0075,0.299382507636289
13.5333333333333,0.459109433492025,0.0075,0.303436879049887
13.5666666666667,0.459109433492025,0.0075,0.306562586742509
13.6,0.45383243560791,0.0075,0.308912378383511
13.6333333333333,0.45383243560791,0.0075,0.319748916436073
13.6666666666667,0.45383243560791,0.0075,0.328288418746077
13.7,0.45383243560791,0.0075,0.334900673300431
13.7333333333333,0.45383243560791,0.0075,0.33990142877666
13.7666666666667,0.45383243560791,0.0075,0.343559952653914
13.8,0.45383243560791,0.0075,0.346105555274468
13.8333333333333,0.45383243560791,0.0075,0.347733219689393
13.8666666666667,0.450053469340007,0.0075,0.348608458331435
13.9,0.450053469340007,0.0075,0.355411426580135
13.9333333333333,0.450053469340007,0.0075,0.360458801571869
13.9666666666667,0.450053469340007,0.0075,0.364047908161002
14,0.450053469340007,0.0075,0.366431713827848
14.0333333333333,0.450053469340007,0.0075,0.367825094360513
14.0666666666667,0.450053469340007,0.0075,0.368410237923259
14.1,0.450053469340007,0.0075,0.368341304345234
14.1333333333333,0.449068768819173,0.0075,0.367748440740036
14.1666666666667,0.449068768819173,0.0075,0.36844537572948
14.2,0.449068768819173,0.0075,0.368491161144808
14.2333333333333,0.449068768819173,0.0075,0.368014224557332
14.2666666666667,0.449068768819173,0.0075,0.367122768612698
14.3,0.449068768819173,0.0075,0.365907698841126
14.3333333333333,0.449068768819173,0.0075,0.364445143863797
14.3666666666667,0.449068768819173,0.0075,0.362798623626735
14.4,0.451559766133626,0.0075,0.361020913780336
14.4333333333333,0.451559766133626,0.0075,0.354844697363932
14.4666666666667,0.451559766133626,0.0075,0.349448640864991
14.5,0.451559766133626,0.0075,0.344731953006454
14.5333333333333,0.451559766133626,0.0075,0.340607040594839
14.5666666666667,0.451559766133626,0.0075,0.336997766720468
14.6,0.451559766133626,0.0075,0.333837939860131
14.6333333333333,0.451559766133626,0.0075,0.331070003194914
14.6666666666667,0.455334663391113,0.0075,0.328643897540075
14.7,0.455334663391113,0.0075,0.319983191407061
14.7333333333333,0.455334663391113,0.0075,0.312843472315173
14.7666666666667,0.455334663391113,0.0075,0.306994645101239
14.8,0.455334663391113,0.0075,0.302239328547306
14.8333333333333,0.455334663391113,0.0075,0.298408341871886
14.8666666666667,0.455334663391113,0.0075,0.295356804325639
14.9,0.455334663391113,0.0075,0.292960765301758
14.9333333333333,0.460103925069173,0.0075,0.291114293446041
14.9666666666667,0.460103925069173,0.0075,0.281473220185949
15,0.460103925069173,0.0075,0.273806854508298
15.0333333333333,0.460103925069173,0.0075,0.267800529812142
15.0666666666667,0.460103925069173,0.0075,0.263185364105262
15.1,0.460103925069173,0.0075,0.259731869988238
15.1333333333333,0.460103925069173,0.0075,0.257244437913221
15.1666666666667,0.460103925069173,0.0075,0.255556574695199
15.2,0.460103925069173,0.0075,0.254526795108049
15.2333333333333,0.464115079243978,0.0075,0.254035078129392
15.2666666666667,0.464115079243978,0.0075,0.247038058759864
15.3,0.464115079243978,0.0075,0.241731144980349
15.3333333333333,0.464115079243978,0.0075,0.237832553283454
15.3666666666667,0.464115079243978,0.0075,0.235102277794295
15.4,0.464115079243978,0.0075,0.233336206385632
15.4333333333333,0.464115079243978,0.0075,0.232361044680418
15.4666666666667,0.464115079243978,0.0075,0.232029938481598
15.5,0.46554012298584,0.0075,0.232218699893474
15.5333333333333,0.46554012298584,0.0075,0.230356357001403
15.5666666666667,0.46554012298584,0.0075,0.22929682897947
15.6,0.46554012298584,0.0075,0.228891743670019
15.6333333333333,0.46554012298584,0.0075,0.229015592439107
15.6666666666667,0.46554012298584,0.0075,0.229562452094594
15.7,0.46554012298584,0.0075,0.23044316099609
15.7333333333333,0.46554012298584,0.0075,0.231582887522233
15.7666666666667,0.465117200215658,0.0075,0.232919037400435
15.8,0.465117200215658,0.0075,0.235131368949613
15.8333333333333,0.465117200215658,0.0075,0.237303467881565
15.8666666666667,0.465117200215658,0.0075,0.239421710979789
15.9,0.465117200215658,0.0075,0.241475706706218
15.9333333333333,0.465117200215658,0.0075,0.243457758824291
15.9666666666667,0.465117200215658,0.0075,0.245362409401439
16,0.465117200215658,0.0075,0.24718605002104
16.0333333333333,0.463244819641113,0.0075,0.248926591566881
16.0666666666667,0.463244819641113,0.0075,0.25382354901795
16.1,0.463244819641113,0.0075,0.25801144368455
16.1333333333333,0.463244819641113,0.0075,0.261589001336407
16.1666666666667,0.463244819641113,0.0075,0.264641472445482
16.2,0.463244819641113,0.0075,0.267242452137147
16.2333333333333,0.463244819641113,0.0075,0.269455455748634
16.2666666666667,0.463244819641113,0.0075,0.271335282709604
16.3,0.459264818827311,0.0075,0.272929197088051
16.3333333333333,0.459264818827311,0.0075,0.28116578749985
16.3666666666667,0.459264818827311,0.0075,0.287863247205642
16.4,0.459264818827311,0.0075,0.293259657768773
16.4333333333333,0.459264818827311,0.0075,0.297558906996085
16.4666666666667,0.459264818827311,0.0075,0.300935430683975
16.5,0.459264818827311,0.0075,0.303538308523061
16.5333333333333,0.459264818827311,0.0075,0.305494801287935
16.5666666666667,0.455050468444824,0.0075,0.306913404746078
16.6,0.455050468444824,0.0075,0.315179891968328
16.6333333333333,0.455050468444824,0.0075,0.321672019778416
16.6666666666667,0.455050468444824,0.0075,0.326676469362859
16.7,0.455050468444824,0.0075,0.330437963521553
16.7333333333333,0.455050468444824,0.0075,0.33316513945227
16.7666666666667,0.455050468444824,0.0075,0.33503561775152
16.8,0.455050468444824,0.0075,0.336200376349201
16.8333333333333,0.453653399149577,0.0075,0.336787523483592
16.8666666666667,0.453653399149577,0.0075,0.339323336398333
16.9,0.453653399149577,0.0075,0.341015169887426
16.9333333333333,0.453653399149577,0.0075,0.342013259941844
16.9666666666667,0.453653399149577,0.0075,0.342445000692448
17,0.453653399149577,0.0075,0.342418199465783
17.0333333333333,0.453653399149577,0.0075,0.342023882219132
17.0666666666667,0.453653399149577,0.0075,0.341338710468009
17.1,0.452864583333333,0.0075,0.3404270625841
17.1333333333333,0.452864583333333,0.0075,0.34070795952155
17.1666666666667,0.452864583333333,0.0075,0.340597784201015
17.2,0.452864583333333,0.0075,0.340175036819117
17.2333333333333,0.452864583333333,0.0075,0.339505786327746
17.2666666666667,0.452864583333333,0.0075,0.338645474362405
17.3,0.452864583333333,0.0075,0.337640467732602
17.3333333333333,0.452864583333333,0.0075,0.336529393812841
17.3666666666667,0.452666664123535,0.0075,0.335344288533653
17.4,0.452666664123535,0.0075,0.334454104064068
17.4333333333333,0.452666664123535,0.0075,0.333471897800853
17.4666666666667,0.452666664123535,0.0075,0.332425644940409
17.5,0.452666664123535,0.0075,0.33133842002486
17.5333333333333,0.452666664123535,0.0075,0.33022913761609
17.5666666666667,0.452666664123535,0.0075,0.329113187709749
17.6,0.452666664123535,0.0075,0.32800298040865
17.6333333333333,0.453520901997884,0.0075,0.326908412402905
17.6666666666667,0.453520901997884,0.0075,0.324358911572343
17.7,0.453520901997884,0.0075,0.322124107671849
17.7333333333333,0.453520901997884,0.0075,0.320163922129441
17.7666666666667,0.453520901997884,0.0075,0.31844347997988
17.8,0.453520901997884,0.0075,0.316932426500541
17.8333333333333,0.453520901997884,0.0075,0.315604334183595
17.8666666666667,0.453520901997884,0.0075,0.314436188057722
17.9,0.453174146016439,0.0075,0.313407938966474
17.9333333333333,0.453174146016439,0.0075,0.313102215939606
17.9666666666667,0.453174146016439,0.0075,0.312787892694317
18,0.453174146016439,0.0075,0.312469795248699
18.0333333333333,0.453174146016439,0.0075,0.312151831911271
18.0666666666667,0.453174146016439,0.0075,0.311837136082938
18.1,0.453174146016439,0.0075,0.311528188495125
18.1333333333333,0.453174146016439,0.0075,0.311226921739496
18.1666666666667,0.45336430867513,0.0075,0.310934809555477
18.2,0.45336430867513,0.0075,0.310323845179475
18.2333333333333,0.45336430867513,0.0075,0.309787403035436
18.2666666666667,0.45336430867513,0.0075,0.309316064079334
18.3,0.45336430867513,0.0075,0.308901626585875
18.3333333333333,0.45336430867513,0.0075,0.308536946712961
18.3666666666667,0.45336430867513,0.0075,0.308215800110046
18.4,0.45336430867513,0.0075,0.307932761780478
18.4333333333333,0.453366470336914,0.0075,0.307683101778753
18.4666666666667,0.453366470336914,0.0075,0.307458953646673
18.5,0.453366470336914,0.0075,0.307261180631012
18.5333333333333,0.453366470336914,0.0075,0.307086527766521
18.5666666666667,0.453366470336914,0.0075,0.306932154576086
18.6,0.453366470336914,0.0075,0.30679558125963
18.6333333333333,0.453366470336914,0.0075,0.30667464194945
18.6666666666667,0.453366470336914,0.0075,0.30656744409788
18.7,0.453366470336914,0.0075,0.306472333187114
18.7333333333333,0.453334426879883,0.0075,0.306387862058485
18.7666666666667,0.453334426879883,0.0075,0.306368219050772
18.8,0.453334426879883,0.0075,0.306346139764736
18.8333333333333,0.453334426879883,0.0075,0.30632232584073
18.8666666666667,0.453334426879883,0.0075,0.306297357281808
18.9,0.453334426879883,0.0075,0.306271710765375
18.9333333333333,0.453334426879883,0.0075,0.306245775357269
18.9666666666667,0.453309186299642,0.0075,0.306219865986225
19,0.453309186299642,0.0075,0.306237916645336
19.0333333333333,0.453309186299642,0.0075,0.306248016409924
19.0666666666667,0.453309186299642,0.0075,0.306251638635054
19.1,0.453309186299642,0.0075,0.306250029427671
19.1333333333333,0.453309186299642,0.0075,0.306244240242106
19.1666666666667,0.453309186299642,0.0075,0.306235155958392
19.2,0.453309186299642,0.0075,0.306223519058453
19.2333333333333,0.453305308024089,0.0075,0.306209950432237
19.2666666666667,0.453305308024089,0.0075,0.306201679065226
19.3,0.453305308024089,0.0075,0.306191126930209
19.3333333333333,0.453305308024089,0.0075,0.306178850329502
19.3666666666667,0.453305308024089,0.0075,0.306165312593908
19.4,0.453305308024089,0.0075,0.30615089788003
19.4333333333333,0.453305308024089,0.0075,0.306135923023505
19.4666666666667,0.453305308024089,0.0075,0.306120647715165
19.5,0.453355280558268,0.0075,0.30610528323093
19.5333333333333,0.453355280558268,0.0075,0.306003516835371
19.5666666666667,0.453355280558268,0.0075,0.30591865536097
19.6,0.453355280558268,0.0075,0.305848196162379
19.6333333333333,0.453355280558268,0.0075,0.305789988814012
19.6666666666667,0.453355280558268,0.0075,0.305742186765987
19.7,0.453355280558268,0.0075,0.305703205548907
19.7333333333333,0.453355280558268,0.0075,0.305671686646632
19.7666666666667,0.453328577677409,0.0075,0.305646466274198
19.8,0.453328577677409,0.0075,0.305672760732888
19.8333333333333,0.453328577677409,0.0075,0.305694588892014
19.8666666666667,0.453328577677409,0.0075,0.305712617840065
19.9,0.453328577677409,0.0075,0.305727420385004
19.9333333333333,0.453328577677409,0.0075,0.305739488022675
19.9666666666667,0.453328577677409,0.0075,0.305749242146458
20,0.453328577677409,0.0075,0.305757043734869
20.0333333333333,0.453219350179036,0.0075,0.305763201722089
20.0666666666667,0.453219350179036,0.0075,0.305957010675098
20.1,0.453219350179036,0.0075,0.306113190042723
20.1333333333333,0.453219350179036,0.0075,0.306237635757851
20.1666666666667,0.453219350179036,0.0075,0.30633539213792
20.2,0.453219350179036,0.0075,0.306410770315059
20.2333333333333,0.453219350179036,0.0075,0.306467450511708
20.2666666666667,0.453219350179036,0.0075,0.306508570342767
20.3,0.453219350179036,0.0075,0.306536801032499
20.3333333333333,0.453320821126302,0.0075,0.306554413180785
20.3666666666667,0.453320821126302,0.0075,0.306387726629814
20.4,0.453320821126302,0.0075,0.306247865393812
20.4333333333333,0.453320821126302,0.0075,0.306130909867452
20.4666666666667,0.453320821126302,0.0075,0.30603348861746
20.5,0.453320821126302,0.0075,0.305952703388024
20.5333333333333,0.453237787882487,0.0075,0.305886064247474
20.5666666666667,0.453237787882487,0.0075,0.305975131861959
20.6,0.453237787882487,0.0075,0.30604664567964
20.6333333333333,0.453237787882487,0.0075,0.306103369428452
20.6666666666667,0.453237787882487,0.0075,0.306147666794189
20.7,0.453237787882487,0.0075,0.306181557110689
20.7333333333333,0.453237787882487,0.0075,0.306206763449409
20.7666666666667,0.453237787882487,0.0075,0.306224754134867
20.8,0.453237787882487,0.0075,0.306236778574596
20.8333333333333,0.453379376729329,0.0075,0.306243898172858
20.8666666666667,0.453379376729329,0.0075,0.306001977601884
20.9,0.453379376729329,0.0075,0.305804096440816
20.9333333333333,0.453379376729329,0.0075,0.305643504490489
20.9666666666667,0.453379376729329,0.0075,0.305514417041259
21,0.453379376729329,0.0075,0.305411881261745
21.0333333333333,0.453379376729329,0.0075,0.305331660766089
21.0666666666667,0.453379376729329,0.0075,0.305270135908826
21.1,0.453294118245443,0.0075,0.305224217685253
21.1333333333333,0.453294118245443,0.0075,0.305338822776227
21.1666666666667,0.453294118245443,0.0075,0.305435689870713
21.2,0.453294118245443,0.0075,0.305517367192555
21.2333333333333,0.453294118245443,0.0075,0.305586049550655
21.2666666666667,0.453294118245443,0.0075,0.305643626478504
21.3,0.453294118245443,0.0075,0.305691723879272
21.3333333333333,0.453245290120443,0.0075,0.305731740048024
21.3666666666667,0.453245290120443,0.0075,0.305849379377044
21.4,0.453245290120443,0.0075,0.305944865877614
21.4333333333333,0.453245290120443,0.0075,0.306021635325488
21.4666666666667,0.453245290120443,0.0075,0.306082629461959
21.5,0.453245290120443,0.0075,0.306130364543261
21.5333333333333,0.453245290120443,0.0075,0.306166990550439
21.5666666666667,0.453245290120443,0.0075,0.306194342319821
21.6,0.453305308024089,0.0075,0.306213983685132
21.6333333333333,0.453305308024089,0.0075,0.306123377856803
21.6666666666667,0.453305308024089,0.0075,0.306047565954268
21.7,0.453305308024089,0.0075,0.305984373227923
21.7333333333333,0.453305308024089,0.0075,0.305931929967829
21.7666666666667,0.453305308024089,0.0075,0.305888629708274
21.8,0.453305308024089,0.0075,0.305853093088804
21.8333333333333,0.453305308024089,0.0075,0.305824136611281
21.8666666666667,0.453290875752767,0.0075,0.305800745634386
21.9,0.453290875752767,0.0075,0.305807027700702
21.9333333333333,0.453290875752767,0.0075,0.305812442832483
21.9666666666667,0.453290875752767,0.0075,0.305817108806807
22,0.453290875752767,0.0075,0.305821127534224
22.0333333333333,0.453290875752767,0.0075,0.305824587186431
22.0666666666667,0.453290875752767,0.0075,0.305827564039362
22.1,0.453290875752767,0.0075,0.305830124069686
22.1333333333333,0.453320376078288,0.0075,0.305832324337672
22.1666666666667,0.453320376078288,0.0075,0.305783160560372
22.2,0.453320376078288,0.0075,0.305743580422689
22.2333333333333,0.453320376078288,0.0075,0.305712080377231
22.2666666666667,0.453320376078288,0.0075,0.305687374174425
22.3,0.453320376078288,0.0075,0.305668362635417
22.3333333333333,0.453320376078288,0.0075,0.305654107548741
22.3666666666667,0.453320376078288,0.0075,0.305643809133921
22.4,0.453379567464193,0.0075,0.305636786589991
22.4333333333333,0.453379567464193,0.0075,0.305530023974398
22.4666666666667,0.453379567464193,0.0075,0.305445234231551
22.5,0.453379567464193,0.0075,0.305378910899252
22.5333333333333,0.453379567464193,0.0075,0.305328058031691
22.5666666666667,0.453379567464193,0.0075,0.305290118926451
22.6,0.453379567464193,0.0075,0.305262914593403
22.6333333333333,0.453379567464193,0.0075,0.305244590648771
22.6666666666667,0.453238296508789,0.0075,0.305233571494529
22.7,0.453238296508789,0.0075,0.305473006041791
22.7333333333333,0.453238296508789,0.0075,0.305670101581782
22.7666666666667,0.453238296508789,0.0075,0.305831279559089
22.8,0.453238296508789,0.0075,0.305962047367904
22.8333333333333,0.453238296508789,0.0075,0.306067124537874
22.8666666666667,0.453238296508789,0.0075,0.306150551773741
22.9,0.453238296508789,0.0075,0.306215785158886
22.9333333333333,0.453282038370768,0.0075,0.306265777523103
22.9666666666667,0.453282038370768,0.0075,0.306227348504594
23,0.453282038370768,0.0075,0.306192953063667
23.0333333333333,0.453282038370768,0.0075,0.306162134655511
23.0666666666667,0.453282038370768,0.0075,0.306134491550782
23.1,0.453282038370768,0.0075,0.30610966997835
23.1333333333333,0.453282038370768,0.0075,0.306087358148691
23.1666666666667,0.453282038370768,0.0075,0.306067281043023
23.2,0.453381093343099,0.0075,0.306049195868402
23.2333333333333,0.453381093343099,0.0075,0.305861462344095
23.2666666666667,0.453381093343099,0.0075,0.305708395107237
23.3,0.453381093343099,0.0075,0.305584653824424
23.3333333333333,0.453381093343099,0.0075,0.305485663735323
23.3666666666667,0.453381093343099,0.0075,0.305407509586471
23.4,0.453381093343099,0.0075,0.305346844004624
23.4333333333333,0.453381093343099,0.0075,0.305300808362202
23.4666666666667,0.453238296508789,0.0075,0.305266964448714
23.5,0.453238296508789,0.0075,0.305490361438361
23.5333333333333,0.453238296508789,0.0075,0.305674421268872
23.5666666666667,0.453238296508789,0.0075,0.305825100776397
23.6,0.453238296508789,0.0075,0.305947509491742
23.6333333333333,0.453238296508789,0.0075,0.306046026569314
23.6666666666667,0.453238296508789,0.0075,0.306124401830763
23.7,0.453238296508789,0.0075,0.306185843063317
23.7333333333333,0.453317642211914,0.0075,0.306233091425877
23.7666666666667,0.453317642211914,0.0075,0.306131169921892
23.8,0.453317642211914,0.0075,0.30604588642401
23.8333333333333,0.453317642211914,0.0075,0.305974795311713
23.8666666666667,0.453317642211914,0.0075,0.305915793983173
23.9,0.453317642211914,0.0075,0.305867075857101
23.9333333333333,0.453317642211914,0.0075,0.305827089735092
23.9666666666667,0.453317642211914,0.0075,0.305794504669414
24,0.453233782450358,0.0075,0.30576817959566
24.0333333333333,0.453233782450358,0.0075,0.305892265819183
24.0666666666667,0.453233782450358,0.0075,0.305992793846026
24.1,0.453233782450358,0.0075,0.306073427514582
24.1333333333333,0.453233782450358,0.0075,0.306137303188311
24.1666666666667,0.453233782450358,0.0075,0.306187102989869
24.2,0.453233782450358,0.0075,0.306225118054229
24.2333333333333,0.453233782450358,0.0075,0.306253303147728
24.2666666666667,0.453233782450358,0.0075,0.306273323819168
24.3,0.453307914733887,0.0075,0.306286597092536
24.3333333333333,0.453307914733887,0.0075,0.306166032337619
24.3666666666667,0.453307914733887,0.0075,0.306065700151684
24.4,0.453307914733887,0.0075,0.305982592994382
24.4333333333333,0.453307914733887,0.0075,0.305914127426676
24.4666666666667,0.453307914733887,0.0075,0.305858085842536
24.5,0.453307914733887,0.0075,0.305812566098041
24.5333333333333,0.453324127197266,0.0075,0.305775937975358
24.5666666666667,0.453324127197266,0.0075,0.305718748073764
24.6,0.453324127197266,0.0075,0.305673273792817
24.6333333333333,0.453324127197266,0.0075,0.30563764817677
24.6666666666667,0.453324127197266,0.0075,0.3056102759212
24.7,0.453324127197266,0.0075,0.305589795459093
24.7333333333333,0.453324127197266,0.0075,0.305575046228361
24.7666666666667,0.453324127197266,0.0075,0.305565040420525
24.8,0.453316243489583,0.0075,0.305558938604365
24.8333333333333,0.453316243489583,0.0075,0.305569672340865
24.8666666666667,0.453316243489583,0.0075,0.305580362428343
24.9,0.453316243489583,0.0075,0.305590911267344
24.9333333333333,0.453316243489583,0.0075,0.305601241980095
24.9666666666667,0.453316243489583,0.0075,0.305611295073062
25,0.453316243489583,0.0075,0.305621025587324
25.0333333333333,0.453316243489583,0.0075,0.30563040066853
25.0666666666667,0.453202438354492,0.0075,0.305639397497544
25.1,0.453202438354492,0.0075,0.305844954091258
25.1333333333333,0.453202438354492,0.0075,0.306012105805091
25.1666666666667,0.453202438354492,0.0075,0.306146792982577
25.2,0.453202438354492,0.0075,0.306254102825147
25.2333333333333,0.453202438354492,0.0075,0.306338387698254
25.2666666666667,0.453202438354492,0.0075,0.306403367323935
25.3,0.453202438354492,0.0075,0.306452217033561
25.3333333333333,0.45337028503418,0.0075,0.306487643962855
25.3666666666667,0.45337028503418,0.0075,0.306221475299385
25.4,0.45337028503418,0.0075,0.306002198657378
25.4333333333333,0.45337028503418,0.0075,0.305822711847832
25.4666666666667,0.45337028503418,0.0075,0.305676922989533
25.5,0.45337028503418,0.0075,0.305559611079579
25.5333333333333,0.45337028503418,0.0075,0.305466305506437
25.5666666666667,0.45337028503418,0.0075,0.305393181953633
25.6,0.453324508666992,0.0075,0.305336972484383
25.6333333333333,0.453324508666992,0.0075,0.305374109035485
25.6666666666667,0.453324508666992,0.0075,0.305407706300994
25.7,0.453324508666992,0.0075,0.305438130922418
25.7333333333333,0.453324508666992,0.0075,0.305465708501585
25.7666666666667,0.453324508666992,0.0075,0.305490728487813
25.8,0.453324508666992,0.0075,0.305513448457031
25.8333333333333,0.453324508666992,0.0075,0.305534097860697
25.8666666666667,0.45321839650472,0.0075,0.305552881312192
25.9,0.45321839650472,0.0075,0.305753620476941
25.9333333333333,0.45321839650472,0.0075,0.305917404264941
25.9666666666667,0.45321839650472,0.0075,0.306049919589051
26,0.45321839650472,0.0075,0.306156038495113
26.0333333333333,0.45321839650472,0.0075,0.306239931030491
26.0666666666667,0.45321839650472,0.0075,0.306305162748967
26.1,0.45321839650472,0.0075,0.306354778923912
26.1333333333333,0.453202438354492,0.0075,0.306391377263661
26.1666666666667,0.453202438354492,0.0075,0.306444788052401
26.2,0.453202438354492,0.0075,0.306483947112337
26.2333333333333,0.453202438354492,0.0075,0.306511286134439
26.2666666666667,0.453202438354492,0.0075,0.306528872971487
26.3,0.453202438354492,0.0075,0.306538463102392
26.3333333333333,0.453202438354492,0.0075,0.306541544014533
26.3666666666667,0.453202438354492,0.0075,0.30653937346478
26.4,0.453220049540202,0.0075,0.306533012450559
26.4333333333333,0.453220049540202,0.0075,0.306492875476707
26.4666666666667,0.453220049540202,0.0075,0.306456070524613
26.5,0.453220049540202,0.0075,0.306422303854923
26.5333333333333,0.453220049540202,0.0075,0.306391309673672
26.5666666666667,0.453220049540202,0.0075,0.306362847242509
26.6,0.453220049540202,0.0075,0.306336698311895
26.6333333333333,0.453220049540202,0.0075,0.306312664838856
26.6666666666667,0.453220049540202,0.0075,0.306290566955645
26.7,0.453131294250488,0.0075,0.306270241159846
26.7333333333333,0.453131294250488,0.0075,0.306405139691247
26.7666666666667,0.453131294250488,0.0075,0.306511886991232
26.8,0.453131294250488,0.0075,0.306594994193842
26.8333333333333,0.453131294250488,0.0075,0.306658314477689
26.8666666666667,0.453131294250488,0.0075,0.306705135002435
26.9,0.453131294250488,0.0075,0.306738256273352
26.9333333333333,0.453206507364909,0.0075,0.306760060633595
26.9666666666667,0.453206507364909,0.0075,0.306642406618676
27,0.453206507364909,0.0075,0.306542290954167
27.0333333333333,0.453206507364909,0.0075,0.30645723721689
27.0666666666667,0.453206507364909,0.0075,0.306385109457582
27.1,0.453206507364909,0.0075,0.306324066037835
27.1333333333333,0.453206507364909,0.0075,0.306272519679254
27.1666666666667,0.453206507364909,0.0075,0.306229102892252
27.2,0.453201293945312,0.0075,0.306192638063294
27.2333333333333,0.453201293945312,0.0075,0.306171133983571
27.2666666666667,0.453201293945312,0.0075,0.306152955258816
27.3,0.453201293945312,0.0075,0.306137624360304
27.3333333333333,0.453201293945312,0.0075,0.306124729975052
27.3666666666667,0.453201293945312,0.0075,0.306113917987344
27.4,0.453201293945312,0.0075,0.306104883676857
27.4333333333333,0.453201293945312,0.0075,0.306097364970121
27.4666666666667,0.453238296508789,0.0075,0.306091136603903
27.5,0.453238296508789,0.0075,0.306021967988558
27.5333333333333,0.453238296508789,0.0075,0.30596608682537
27.5666666666667,0.453238296508789,0.0075,0.305921418469067
27.6,0.453238296508789,0.0075,0.305886187476915
27.6333333333333,0.453238296508789,0.0075,0.305858876031795
27.6666666666667,0.453238296508789,0.0075,0.305838188034336
27.7,0.453294690450033,0.0075,0.305823018098864
27.7333333333333,0.453294690450033,0.0075,0.305714828745443
27.7666666666667,0.453294690450033,0.0075,0.305629247750533
27.8,0.453294690450033,0.0075,0.305562650733221
27.8333333333333,0.453294690450033,0.0075,0.305511942025112
27.8666666666667,0.453294690450033,0.0075,0.305474480786812
27.9,0.453294690450033,0.0075,0.305448017228105
27.9333333333333,0.453294690450033,0.0075,0.305430637565852
27.9666666666667,0.453247197469076,0.0075,0.305420716537154
28,0.453247197469076,0.0075,0.305499068378679
28.0333333333333,0.453247197469076,0.0075,0.30556647580972
28.0666666666667,0.453247197469076,0.0075,0.305624435166339
28.1,0.453247197469076,0.0075,0.305674240509246
28.1333333333333,0.453247197469076,0.0075,0.305717010799852
28.1666666666667,0.453247197469076,0.0075,0.30575371343749
28.2,0.453247197469076,0.0075,0.305785184644142
28.2333333333333,0.45328426361084,0.0075,0.305812147118037
28.2666666666667,0.45328426361084,0.0075,0.305771078202466
28.3,0.45328426361084,0.0075,0.30573904242454
28.3333333333333,0.45328426361084,0.0075,0.305714570221742
28.3666666666667,0.45328426361084,0.0075,0.305696407735906
28.4,0.45328426361084,0.0075,0.305683486579608
28.4333333333333,0.45328426361084,0.0075,0.305674897743508
28.4666666666667,0.45328426361084,0.0075,0.305669869084313
28.5,0.453313382466634,0.0075,0.30566774590839
28.5333333333333,0.453313382466634,0.0075,0.305617580782855
28.5666666666667,0.453313382466634,0.0075,0.305579023464005
28.6,0.453313382466634,0.0075,0.30555015959448
28.6333333333333,0.453313382466634,0.0075,0.305529357393032
28.6666666666667,0.453313382466634,0.0075,0.305515227940764
28.7,0.453313382466634,0.0075,0.305506590914366
28.7333333333333,0.453313382466634,0.0075,0.305502445028762
28.7666666666667,0.453270657857259,0.0075,0.305501942550767
28.8,0.453270657857259,0.0075,0.305578307063415
28.8333333333333,0.453270657857259,0.0075,0.305642727797383
28.8666666666667,0.453270657857259,0.0075,0.305696928576569
28.9,0.453270657857259,0.0075,0.305742393593661
28.9333333333333,0.453270657857259,0.0075,0.305780400090528
28.9666666666667,0.453270657857259,0.0075,0.305812046626836
29,0.453270657857259,0.0075,0.305838277529193
29.0333333333333,0.453353500366211,0.0075,0.305859904033843
29.0666666666667,0.453353500366211,0.0075,0.305734254306829
29.1,0.453353500366211,0.0075,0.305632958627839
29.1333333333333,0.453353500366211,0.0075,0.305552203263934
29.1666666666667,0.453353500366211,0.0075,0.305488725206293
29.2,0.453353500366211,0.0075,0.305439735592965
29.2333333333333,0.453353500366211,0.0075,0.305402853576503
29.2666666666667,0.453353500366211,0.0075,0.305376049226362
29.3,0.453220049540202,0.0075,0.305357594245229
29.3333333333333,0.453220049540202,0.0075,0.305576971076035
29.3666666666667,0.453220049540202,0.0075,0.305757416471074
29.4,0.453220049540202,0.0075,0.305904842881871
29.4333333333333,0.453220049540202,0.0075,0.306024320648681
29.4666666666667,0.453220049540202,0.0075,0.306120194290847
29.5,0.453220049540202,0.0075,0.30619618299297
29.5333333333333,0.453220049540202,0.0075,0.306255467416396
29.5666666666667,0.453202438354492,0.0075,0.306300764679913
29.6,0.453202438354492,0.0075,0.306364871239822
29.6333333333333,0.453202438354492,0.0075,0.306413403267489
29.6666666666667,0.453202438354492,0.0075,0.306448961128192
29.7,0.453202438354492,0.0075,0.306473759433001
29.7333333333333,0.453202438354492,0.0075,0.306489681382453
29.7666666666667,0.453202438354492,0.0075,0.306498325647528
29.8,0.453202438354492,0.0075,0.306501046799102
29.8333333333333,0.453205172220866,0.0075,0.30649899016106
29.8666666666667,0.453205172220866,0.0075,0.306488390581785
29.9,0.453205172220866,0.0075,0.306475705045509
29.9333333333333,0.453205172220866,0.0075,0.306461472497354
29.9666666666667,0.453205172220866,0.0075,0.306446140582899
30,0.453205172220866,0.0075,0.306430079270445
30.0333333333333,0.453205172220866,0.0075,0.306413592548966
30.0666666666667,0.453205172220866,0.0075,0.306396928466389
30.1,0.453262074788411,0.0075,0.306380287736932
30.1333333333333,0.453262074788411,0.0075,0.306265354835029
30.1666666666667,0.453262074788411,0.0075,0.306169735308997
30.2,0.453262074788411,0.0075,0.306090556720372
30.2333333333333,0.453262074788411,0.0075,0.306025351783533
30.2666666666667,0.453262074788411,0.0075,0.305972002693541
30.3,0.453262074788411,0.0075,0.305928693000037
30.3333333333333,0.453262074788411,0.0075,0.305893866011909
30.3666666666667,0.453343900044759,0.0075,0.30586618885344
30.4,0.453343900044759,0.0075,0.305702913619984
30.4333333333333,0.453343900044759,0.0075,0.305571998822732
30.4666666666667,0.453343900044759,0.0075,0.305468340374669
30.5,0.453343900044759,0.0075,0.305387573569298
30.5333333333333,0.453343900044759,0.0075,0.305325970111226
30.5666666666667,0.453343900044759,0.0075,0.30528034920287
30.6,0.453343900044759,0.0075,0.305248000788771
30.6333333333333,0.45320561726888,0.0075,0.305226619313945
30.6666666666667,0.45320561726888,0.0075,0.305453560438752
30.7,0.45320561726888,0.0075,0.305641671715549
30.7333333333333,0.45320561726888,0.0075,0.305796769304365
30.7666666666667,0.45320561726888,0.0075,0.305923846260382
30.8,0.45320561726888,0.0075,0.306027185830399
30.8333333333333,0.45320561726888,0.0075,0.306110459378565
30.8666666666667,0.45320561726888,0.0075,0.30617681101052
30.9,0.453047307332357,0.0075,0.306228930687748
30.9333333333333,0.453047307332357,0.0075,0.306543090498304
30.9666666666667,0.453047307332357,0.0075,0.30679441350528
31,0.453047307332357,0.0075,0.306992839382667
31.0333333333333,0.453047307332357,0.0075,0.307146866132203
31.0666666666667,0.453047307332357,0.0075,0.307263750980979
31.1,0.453047307332357,0.0075,0.307349683846117
31.1333333333333,0.453047307332357,0.0075,0.307409937072451
31.1666666666667,0.453354454040527,0.0075,0.307448994651408
31.2,0.453354454040527,0.0075,0.306939111844066
31.2333333333333,0.453354454040527,0.0075,0.306517636092181
31.2666666666667,0.453354454040527,0.0075,0.306171257571581
31.3,0.453354454040527,0.0075,0.305888554560657
31.3333333333333,0.453354454040527,0.0075,0.305659733236594
31.3666666666667,0.453354454040527,0.0075,0.305476402795769
31.4,0.453354454040527,0.0075,0.305331381141443
31.4333333333333,0.453354454040527,0.0075,0.305218527019626
31.4666666666667,0.453268496195475,0.0075,0.30513259503646
31.5,0.453268496195475,0.0075,0.305217870168193
31.5333333333333,0.453268496195475,0.0075,0.305293075652987
31.5666666666667,0.453268496195475,0.0075,0.305359457186529
31.6,0.453268496195475,0.0075,0.305418101596032
31.6333333333333,0.453268496195475,0.0075,0.305469957484226
31.6666666666667,0.453268496195475,0.0075,0.305515853160963
31.7,0.453268496195475,0.0075,0.305556512221075
31.7333333333333,0.453247261047363,0.0075,0.305592567079568
31.7666666666667,0.453247261047363,0.0075,0.305661320541275
31.8,0.453247261047363,0.0075,0.305719415292822
31.8333333333333,0.453247261047363,0.0075,0.305768383671517
31.8666666666667,0.453247261047363,0.0075,0.305809545416461
31.9,0.453247261047363,0.0075,0.305844036632618
31.9333333333333,0.453247261047363,0.0075,0.305872834846977
31.9666666666667,0.453247261047363,0.0075,0.305896780681283
32,0.453179041544596,0.0075,0.305916596595643
32.0333333333333,0.453179041544596,0.0075,0.306050964603322
32.0666666666667,0.453179041544596,0.0075,0.306159574401019
32.1,0.453179041544596,0.0075,0.306246444960352
32.1333333333333,0.453179041544596,0.0075,0.306315015820748
32.1666666666667,0.453179041544596,0.0075,0.306368227594532
32.2,0.453179041544596,0.0075,0.306408591495953
32.2333333333333,0.453179041544596,0.0075,0.306438249375667
32.2666666666667,0.453125,0.0075,0.3064590255433
32.3,0.453125,0.0075,0.306565996447296
32.3333333333333,0.453125,0.0075,0.306648907633557
32.3666666666667,0.453125,0.0075,0.306711697284535
32.4,0.453125,0.0075,0.306757724064299
32.4333333333333,0.453125,0.0075,0.306789848444426
32.4666666666667,0.453125,0.0075,0.306810502884074
32.5,0.453199195861816,0.0075,0.306821752372872
32.5333333333333,0.453199195861816,0.0075,0.306696942375461
32.5666666666667,0.453199195861816,0.0075,0.306590733762872
32.6,0.453199195861816,0.0075,0.306500500256825
32.6333333333333,0.453199195861816,0.0075,0.306423976638652
32.6666666666667,0.453199195861816,0.0075,0.306359209796388
32.7,0.453199195861816,0.0075,0.306304516359406
32.7333333333333,0.453199195861816,0.0075,0.306258446037756
32.7666666666667,0.453154182434082,0.0075,0.306219749901404
32.8,0.453154182434082,0.0075,0.306265253726085
32.8333333333333,0.453154182434082,0.0075,0.306301100008248
32.8666666666667,0.453154182434082,0.0075,0.306328844030302
32.9,0.453154182434082,0.0075,0.306349813757193
32.9333333333333,0.453154182434082,0.0075,0.306365141632116
32.9666666666667,0.453154182434082,0.0075,0.306375792021996
33,0.453154182434082,0.0075,0.306382584901012
33.0333333333333,0.453288714090983,0.0075,0.306386216281402
33.0666666666667,0.453288714090983,0.0075,0.306154453699578
33.1,0.453288714090983,0.0075,0.305965543583577
33.1333333333333,0.453288714090983,0.0075,0.305812881512124
33.1666666666667,0.453288714090983,0.0075,0.305690810046719
33.2,0.453288714090983,0.0075,0.305594487518598
33.2333333333333,0.453288714090983,0.0075,0.305519774679631
33.2666666666667,0.453288714090983,0.0075,0.305463136807779
33.3,0.45326468149821,0.0075,0.305421559181086
33.3333333333333,0.45326468149821,0.0075,0.305434065213491
33.3666666666667,0.45326468149821,0.0075,0.305448854698457
33.4,0.45326468149821,0.0075,0.305465328691187
33.4333333333333,0.45326468149821,0.0075,0.305482990055768
33.4666666666667,0.45326468149821,0.0075,0.305501428254624
33.5,0.45326468149821,0.0075,0.305520306287991
33.5333333333333,0.45326468149821,0.0075,0.305539349487645
33.5666666666667,0.45326468149821,0.0075,0.305558335909243
33.6,0.453231493631999,0.0075,0.305577088102339
33.6333333333333,0.453231493631999,0.0075,0.305652901394833
33.6666666666667,0.453231493631999,0.0075,0.305717149063775
33.7,0.453231493631999,0.0075,0.305771481804428
33.7333333333333,0.453231493631999,0.0075,0.305817322123885
33.7666666666667,0.453231493631999,0.0075,0.305855895369558
33.8,0.453231493631999,0.0075,0.30588825657556
33.8333333333333,0.453231493631999,0.0075,0.305915313687948
33.8666666666667,0.453409067789714,0.0075,0.30593784765475
33.9,0.453409067789714,0.0075,0.305649217789947
33.9333333333333,0.453409067789714,0.0075,0.305416612317439
33.9666666666667,0.453409067789714,0.0075,0.30523125393326
34,0.453409067789714,0.0075,0.305085633087361
34.0333333333333,0.453409067789714,0.0075,0.30497333168651
34.0666666666667,0.453409067789714,0.0075,0.304888870844831
34.1,0.453409067789714,0.0075,0.304827579435301
34.1333333333333,0.453252665201823,0.0075,0.304785480631384
34.1666666666667,0.453252665201823,0.0075,0.3050298662393
34.2,0.453252665201823,0.0075,0.305234966141128
34.2333333333333,0.453252665201823,0.0075,0.30540651789096
34.2666666666667,0.453252665201823,0.0075,0.305549456808129
34.3,0.453252665201823,0.0075,0.305668025716623
34.3333333333333,0.453252665201823,0.0075,0.305765869845753
34.3666666666667,0.453252665201823,0.0075,0.305846118885996
34.4,0.453295516967773,0.0075,0.305911457926926
34.4333333333333,0.453295516967773,0.0075,0.305890028981941
34.4666666666667,0.453295516967773,0.0075,0.305872273357024
34.5,0.453295516967773,0.0075,0.305857640445623
34.5333333333333,0.453295516967773,0.0075,0.30584565758943
34.5666666666667,0.453295516967773,0.0075,0.305835919347341
34.6,0.453295516967773,0.0075,0.305828078220401
34.6333333333333,0.453295516967773,0.0075,0.305821836636736
34.6666666666667,0.453177897135417,0.0075,0.305816940026739
34.7,0.453177897135417,0.0075,0.306016725163647
34.7333333333333,0.453177897135417,0.0075,0.306178173820668
34.7666666666667,0.453177897135417,0.0075,0.306307269480302
34.8,0.453177897135417,0.0075,0.306409132835928
34.8333333333333,0.453177897135417,0.0075,0.306488141674533
34.8666666666667,0.453177897135417,0.0075,0.306548034414007
34.9,0.453177897135417,0.0075,0.306591999501321
34.9333333333333,0.453337796529134,0.0075,0.306622752581697
34.9666666666667,0.453337796529134,0.0075,0.306365879243646
35,0.453337796529134,0.0075,0.306153461150319
35.0333333333333,0.453337796529134,0.0075,0.305978810265206
35.0666666666667,0.453337796529134,0.0075,0.305836186987032
35.1,0.453337796529134,0.0075,0.305720669465781
35.1333333333333,0.453337796529134,0.0075,0.305628040658228
35.1666666666667,0.453337796529134,0.0075,0.305554690734244
35.2,0.453293991088867,0.0075,0.305497532765372
35.2333333333333,0.453293991088867,0.0075,0.30552974013591
35.2666666666667,0.453293991088867,0.0075,0.305558624489491
35.3,0.453293991088867,0.0075,0.305584556498682
35.3333333333333,0.453293991088867,0.0075,0.305607862809145
35.3666666666667,0.453293991088867,0.0075,0.305628831507694
35.4,0.453293991088867,0.0075,0.305647716891246
35.4333333333333,0.453293991088867,0.0075,0.305664743627664
35.4666666666667,0.453174336751302,0.0075,0.305680110387494
35.5,0.453174336751302,0.0075,0.305901068276974
35.5333333333333,0.453174336751302,0.0075,0.30608074020535
35.5666666666667,0.453174336751302,0.0075,0.306225512344125
35.6,0.453174336751302,0.0075,0.306340853681332
35.6333333333333,0.453174336751302,0.0075,0.306431443209195
35.6666666666667,0.453174336751302,0.0075,0.306501279788477
35.7,0.453239631652832,0.0075,0.306553777026481
35.7333333333333,0.453239631652832,0.0075,0.30647884503595
35.7666666666667,0.453239631652832,0.0075,0.306413766322098
35.8,0.453239631652832,0.0075,0.30635723737493
35.8333333333333,0.453239631652832,0.0075,0.30630812772103
35.8666666666667,0.453239631652832,0.0075,0.306265456909018
35.9,0.453239631652832,0.0075,0.306228374559368
35.9333333333333,0.453239631652832,0.0075,0.306196143070314
35.9666666666667,0.453239631652832,0.0075,0.306168122625996
36,0.453139559427897,0.0075,0.306143758200152
36.0333333333333,0.453139559427897,0.0075,0.306295754507386
36.0666666666667,0.453139559427897,0.0075,0.306417089255833
36.1,0.453139559427897,0.0075,0.306512625479544
36.1333333333333,0.453139559427897,0.0075,0.306586520055893
36.1666666666667,0.453139559427897,0.0075,0.306642322164392
36.2,0.453139559427897,0.0075,0.306683058296817
36.2333333333333,0.453139559427897,0.0075,0.306711305635721
36.2666666666667,0.453158887227376,0.0075,0.306729255374341
36.3,0.453158887227376,0.0075,0.306705318413102
36.3333333333333,0.453158887227376,0.0075,0.306680973608946
36.3666666666667,0.453158887227376,0.0075,0.306656543627178
36.4,0.453158887227376,0.0075,0.306632288114187
36.4333333333333,0.453158887227376,0.0075,0.306608413590444
36.4666666666667,0.453158887227376,0.0075,0.306585081913347
36.5,0.453158887227376,0.0075,0.306562417508868
36.5333333333333,0.453327878316243,0.0075,0.306540513543832
36.5666666666667,0.453327878316243,0.0075,0.306226979139493
36.6,0.453327878316243,0.0075,0.305970751227838
36.6333333333333,0.453327878316243,0.0075,0.305763033499363
36.6666666666667,0.453327878316243,0.0075,0.305596288607531
36.7,0.453327878316243,0.0075,0.305464063887905
36.7333333333333,0.453327878316243,0.0075,0.305360840793195
36.7666666666667,0.453327878316243,0.0075,0.305281904846414
36.8,0.453206825256348,0.0075,0.30522323334341
36.8333333333333,0.453206825256348,0.0075,0.30539089431537
36.8666666666667,0.453206825256348,0.0075,0.305532050427265
36.9,0.453206825256348,0.0075,0.30565054498793
36.9333333333333,0.453206825256348,0.0075,0.305749685809111
36.9666666666667,0.453206825256348,0.0075,0.305832318323565
37,0.453206825256348,0.0075,0.305900888825987
37.0333333333333,0.453206825256348,0.0075,0.305957499163278
37.0666666666667,0.453320058186849,0.0075,0.306003954023065
37.1,0.453320058186849,0.0075,0.30584583951951
37.1333333333333,0.453320058186849,0.0075,0.30571825865832
37.1666666666667,0.453320058186849,0.0075,0.305616435798419
37.2,0.453320058186849,0.0075,0.305536284560365
37.2333333333333,0.453320058186849,0.0075,0.305474312010975
37.2666666666667,0.453320058186849,0.0075,0.305427535915048
37.3,0.453320058186849,0.0075,0.305393413290172
37.3333333333333,0.45321839650472,0.0075,0.305369778737404
37.3666666666667,0.45321839650472,0.0075,0.305530728177692
37.4,0.45321839650472,0.0075,0.3056648129768
37.4333333333333,0.45321839650472,0.0075,0.305776017930618
37.4666666666667,0.45321839650472,0.0075,0.305867766502716
37.5,0.45321839650472,0.0075,0.305942997906679
37.5333333333333,0.45321839650472,0.0075,0.306004233743976
37.5666666666667,0.45321839650472,0.0075,0.306053635602406
37.6,0.453169631958008,0.0075,0.306093054831882
37.6333333333333,0.453169631958008,0.0075,0.306208468072869
37.6666666666667,0.453169631958008,0.0075,0.306300552307637
37.7,0.453169631958008,0.0075,0.306373009925797
37.7333333333333,0.453169631958008,0.0075,0.306429005550711
37.7666666666667,0.453169631958008,0.0075,0.306471241029744
37.8,0.453169631958008,0.0075,0.306502020180738
37.8333333333333,0.453169631958008,0.0075,0.306523304678809
37.8666666666667,0.453302192687988,0.0075,0.306536762281663
37.9,0.453302192687988,0.0075,0.306314397208116
37.9333333333333,0.453302192687988,0.0075,0.306131087285365
37.9666666666667,0.453302192687988,0.0075,0.30598092404277
38,0.453302192687988,0.0075,0.305858839063968
38.0333333333333,0.453302192687988,0.0075,0.305760488084538
38.0666666666667,0.453302192687988,0.0075,0.305682150833638
38.1,0.453302192687988,0.0075,0.305620644498774
38.1333333333333,0.453355344136556,0.0075,0.305573248977254
38.1666666666667,0.453355344136556,0.0075,0.305445657776514
38.2,0.453355344136556,0.0075,0.305345625430321
38.2333333333333,0.453355344136556,0.0075,0.305268691320542
38.2666666666667,0.453355344136556,0.0075,0.305211048170881
38.3,0.453355344136556,0.0075,0.305169450567377
38.3333333333333,0.453355344136556,0.0075,0.305141136001707
38.3666666666667,0.453355344136556,0.0075,0.30512375674328
38.4,0.453348859151204,0.0075,0.30511532107387
38.4333333333333,0.453348859151204,0.0075,0.30512536561069
38.4666666666667,0.453348859151204,0.0075,0.305139077034828
38.5,0.453348859151204,0.0075,0.305155593290923
38.5333333333333,0.453348859151204,0.0075,0.305174195076321
38.5666666666667,0.453348859151204,0.0075,0.305194284734398
38.6,0.453348859151204,0.0075,0.305215368116621
38.6333333333333,0.453348859151204,0.0075,0.305237039005984
38.6666666666667,0.453304100036621,0.0075,0.305258965749667
38.7,0.453304100036621,0.0075,0.305358340468246
38.7333333333333,0.453304100036621,0.0075,0.305442540267867
38.7666666666667,0.453304100036621,0.0075,0.305513731948841
38.8,0.453304100036621,0.0075,0.305573782710571
38.8333333333333,0.453304100036621,0.0075,0.305624300895434
38.8666666666667,0.453304100036621,0.0075,0.305666671240741
38.9,0.453304100036621,0.0075,0.305702085375444
38.9333333333333,0.453199005126953,0.0075,0.305731568199741
38.9666666666667,0.453199005126953,0.0075,0.305937879237841
39,0.453199005126953,0.0075,0.306104801142637
39.0333333333333,0.453199005126953,0.0075,0.306238471355643
39.0666666666667,0.453199005126953,0.0075,0.306344142987311
39.1,0.453199005126953,0.0075,0.306426307647601
39.1333333333333,0.453199005126953,0.0075,0.306488801532442
39.1666666666667,0.453199005126953,0.0075,0.306534897025972
39.2,0.453315353393555,0.0075,0.306567381775067
39.2333333333333,0.453315353393555,0.0075,0.306387273195093
39.2666666666667,0.453315353393555,0.0075,0.306236792129003
39.3,0.453315353393555,0.0075,0.306111569870568
39.3333333333333,0.453315353393555,0.0075,0.306007851391262
39.3666666666667,0.453315353393555,0.0075,0.305922411192279
39.4,0.453315353393555,0.0075,0.305852480549534
39.4333333333333,0.453315353393555,0.0075,0.305795684619651
39.4666666666667,0.453259658813477,0.0075,0.305749988080203
39.5,0.453259658813477,0.0075,0.305810033877494
39.5333333333333,0.453259658813477,0.0075,0.305859346711974
39.5666666666667,0.453259658813477,0.0075,0.305899560893235
39.6,0.453259658813477,0.0075,0.30593207767372
39.6333333333333,0.453259658813477,0.0075,0.305958097452165
39.6666666666667,0.453259658813477,0.0075,0.305978647599087
39.7,0.45324223836263,0.0075,0.305994606494315
39.7333333333333,0.45324223836263,0.0075,0.306036872332983
39.7666666666667,0.45324223836263,0.0075,0.306070119493043
39.8,0.45324223836263,0.0075,0.30609580263631
39.8333333333333,0.45324223836263,0.0075,0.306115163673948
39.8666666666667,0.45324223836263,0.0075,0.306129261534174
39.9,0.45324223836263,0.0075,0.306138997856522
39.9333333333333,0.45324223836263,0.0075,0.306145139163552
39.9666666666667,0.45324223836263,0.0075,0.306148335986912
40,0.453253491719564,0.0075,0.30614913936048
40.0333333333333,0.453253491719564,0.0075,0.306128539840517
40.0666666666667,0.453253491719564,0.0075,0.306110163317871
40.1,0.453253491719564,0.0075,0.306093752420137
40.1333333333333,0.453253491719564,0.0075,0.306079081182313
40.1666666666667,0.453253491719564,0.0075,0.306065951075964
40.2,0.453253491719564,0.0075,0.306054187551669
40.2333333333333,0.453253491719564,0.0075,0.306043637027521
40.2666666666667,0.453344345092773,0.0075,0.306034164265318
40.3,0.453344345092773,0.0075,0.305868418123621
40.3333333333333,0.453344345092773,0.0075,0.305733865208576
40.3666666666667,0.453344345092773,0.0075,0.305625668615854
40.4,0.453344345092773,0.0075,0.305539686882489
40.4333333333333,0.453344345092773,0.0075,0.30547237749576
40.4666666666667,0.453344345092773,0.0075,0.305420713548241
40.5,0.453344345092773,0.0075,0.305382111765246
40.5333333333333,0.453282483418783,0.0075,0.305354370369017
40.5666666666667,0.453282483418783,0.0075,0.305442674020651
40.6,0.453282483418783,0.0075,0.305517713620573
40.6333333333333,0.453282483418783,0.0075,0.305581368784309
40.6666666666667,0.453282483418783,0.0075,0.305635260232916
40.7,0.453282483418783,0.0075,0.305680784929334
40.7333333333333,0.453282483418783,0.0075,0.305719146483887
40.7666666666667,0.453282483418783,0.0075,0.305751381463158
40.8,0.453253364562988,0.0075,0.305778382151617
40.8333333333333,0.453253364562988,0.0075,0.305851309690304
40.8666666666667,0.453253364562988,0.0075,0.305910706751664
40.9,0.453253364562988,0.0075,0.305958661141872
40.9333333333333,0.453253364562988,0.0075,0.305996961144024
40.9666666666667,0.453253364562988,0.0075,0.306027137030898
41,0.453253364562988,0.0075,0.306050496925184
41.0333333333333,0.453253364562988,0.0075,0.30606815776961
41.0666666666667,0.453265953063965,0.0075,0.306081072067093
41.1,0.453265953063965,0.0075,0.30606826514846
41.1333333333333,0.453265953063965,0.0075,0.306056416362326
41.1666666666667,0.453265953063965,0.0075,0.306045453818891
41.2,0.453265953063965,0.0075,0.306035311050015
41.2333333333333,0.453265953063965,0.0075,0.306025926596668
41.2666666666667,0.453265953063965,0.0075,0.306017243628258
41.3,0.453265953063965,0.0075,0.306009209591307
41.3333333333333,0.453203837076823,0.0075,0.306001775885159
41.3666666666667,0.453203837076823,0.0075,0.306102396250544
41.4,0.453203837076823,0.0075,0.306182787287589
41.4333333333333,0.453203837076823,0.0075,0.306246154071954
41.4666666666667,0.453203837076823,0.0075,0.306295236484321
41.5,0.453203837076823,0.0075,0.306332374057683
41.5333333333333,0.453203837076823,0.0075,0.30635956196804
41.5666666666667,0.453203837076823,0.0075,0.306378499365048
41.6,0.453315353393555,0.0075,0.306390631078485
41.6333333333333,0.453315353393555,0.0075,0.306204192093924
41.6666666666667,0.453315353393555,0.0075,0.306050453080235
41.7,0.453315353393555,0.0075,0.305924469574903
41.7333333333333,0.453315353393555,0.0075,0.305821999940635
41.7666666666667,0.453315353393555,0.0075,0.305739408408293
41.8,0.453315353393555,0.0075,0.30567358128946
41.8333333333333,0.453315353393555,0.0075,0.305621854584644
41.8666666666667,0.453397051493327,0.0075,0.305581951450999
41.9,0.453397051493327,0.0075,0.305410540467682
41.9333333333333,0.453397051493327,0.0075,0.305274634639547
41.9666666666667,0.453397051493327,0.0075,0.305168557043934
42,0.453397051493327,0.0075,0.305087457960966
42.0333333333333,0.453397051493327,0.0075,0.305027199341504
42.0666666666667,0.453397051493327,0.0075,0.304984255069809
42.1,0.453397051493327,0.0075,0.304955624885868
42.1333333333333,0.453205553690592,0.0075,0.304938760119142
42.1666666666667,0.453205553690592,0.0075,0.305262908076252
42.2,0.453205553690592,0.0075,0.305530882312781
42.2333333333333,0.453205553690592,0.0075,0.305751138191769
42.2666666666667,0.453205553690592,0.0075,0.305930931727888
42.3,0.453205553690592,0.0075,0.306076484864637
42.3333333333333,0.453205553690592,0.0075,0.306193128314756
42.3666666666667,0.453205553690592,0.0075,0.306285424985244
42.4,0.45336176554362,0.0075,0.306357276603267
42.4333333333333,0.45336176554362,0.0075,0.306141673662725
42.4666666666667,0.45336176554362,0.0075,0.305963967091633
42.5,0.45336176554362,0.0075,0.305818422091376
42.5333333333333,0.45336176554362,0.0075,0.305700119332655
42.5666666666667,0.45336176554362,0.0075,0.305604842437644
42.6,0.45336176554362,0.0075,0.305528980746898
42.6333333333333,0.45336176554362,0.0075,0.305469445312028
42.6666666666667,0.453282483418783,0.0075,0.305423596331195
42.7,0.453282483418783,0.0075,0.305526387099761
42.7333333333333,0.453282483418783,0.0075,0.305612214421939
42.7666666666667,0.453282483418783,0.0075,0.305683582928351
42.8,0.453282483418783,0.0075,0.305742645198812
42.8333333333333,0.453282483418783,0.0075,0.305791250051533
42.8666666666667,0.453282483418783,0.0075,0.305830984293215
42.9,0.453353373209635,0.0075,0.305863208809397
42.9333333333333,0.453353373209635,0.0075,0.305766407016544
42.9666666666667,0.453353373209635,0.0075,0.305687933119754
43,0.453353373209635,0.0075,0.305624939342786
43.0333333333333,0.453353373209635,0.0075,0.305574987729513
43.0666666666667,0.453353373209635,0.0075,0.305535993256479
43.1,0.453353373209635,0.0075,0.305506174697761
43.1333333333333,0.453353373209635,0.0075,0.305484012196034
43.1666666666667,0.453285026550293,0.0075,0.305468210634122
43.2,0.453285026550293,0.0075,0.305575949588525
43.2333333333333,0.453285026550293,0.0075,0.305665187533088
43.2666666666667,0.453285026550293,0.0075,0.305738699534641
43.3,0.453285026550293,0.0075,0.305798867674348
43.3333333333333,0.453285026550293,0.0075,0.305847735158383
43.3666666666667,0.453285026550293,0.0075,0.305887053086197
43.4,0.453285026550293,0.0075,0.305918320864889
43.4333333333333,0.453285026550293,0.0075,0.305942821125655
43.4666666666667,0.453348286946615,0.0075,0.30596164988354
43.5,0.453348286946615,0.0075,0.305866263365754
43.5333333333333,0.453348286946615,0.0075,0.305788063454724
43.5666666666667,0.453348286946615,0.0075,0.305724425547685
43.6,0.453348286946615,0.0075,0.305673099813374
43.6333333333333,0.453348286946615,0.0075,0.305632159372195
43.6666666666667,0.453348286946615,0.0075,0.305599955523597
43.7,0.453348286946615,0.0075,0.305575079070781
43.7333333333333,0.453280957539876,0.0075,0.305556326920229
43.7666666666667,0.453280957539876,0.0075,0.305659194339685
43.8,0.453280957539876,0.0075,0.305743802657517
43.8333333333333,0.453280957539876,0.0075,0.305812925069055
43.8666666666667,0.453280957539876,0.0075,0.305868939768889
43.9,0.453280957539876,0.0075,0.305913884499009
43.9333333333333,0.453280957539876,0.0075,0.305949503683642
43.9666666666667,0.453280957539876,0.0075,0.305977289149654
44,0.453295516967773,0.0075,0.305998515297472
44.0333333333333,0.453295516967773,0.0075,0.305989072747187
44.0666666666667,0.453295516967773,0.0075,0.305979946734794
44.1,0.453295516967773,0.0075,0.30597116530272
44.1333333333333,0.453295516967773,0.0075,0.305962747518462
44.1666666666667,0.453295516967773,0.0075,0.305954705061509
44.2,0.453295516967773,0.0075,0.305947043569589
44.2333333333333,0.453295516967773,0.0075,0.305939763778486
44.2666666666667,0.453423436482747,0.0075,0.305932862484977
44.3,0.453423436482747,0.0075,0.305704954279342
44.3333333333333,0.453423436482747,0.0075,0.305520127172618
44.3666666666667,0.453423436482747,0.0075,0.305371690912716
44.4,0.453423436482747,0.0075,0.305253917799707
44.4333333333333,0.453423436482747,0.0075,0.305161909089386
44.4666666666667,0.453423436482747,0.0075,0.305091479601476
44.5,0.453423436482747,0.0075,0.305039058075963
44.5333333333333,0.453265571594238,0.0075,0.305001601150803
44.5666666666667,0.453265571594238,0.0075,0.305249722028897
44.6,0.453265571594238,0.0075,0.305455299966444
44.6333333333333,0.453265571594238,0.0075,0.305624712473973
44.6666666666667,0.453265571594238,0.0075,0.30576343417085
44.7,0.453265571594238,0.0075,0.305876161088088
44.7333333333333,0.453265571594238,0.0075,0.305966918105477
44.7666666666667,0.453265571594238,0.0075,0.306039151793536
44.8,0.453354708353678,0.0075,0.306095810626472
44.8333333333333,0.453354708353678,0.0075,0.305985153101273
44.8666666666667,0.453354708353678,0.0075,0.305893357588347
44.9,0.453354708353678,0.0075,0.305817602984663
44.9333333333333,0.453354708353678,0.0075,0.305755467154681
44.9666666666667,0.453354708353678,0.0075,0.305704872033754
45,0.453354708353678,0.0075,0.305664036177851
45.0333333333333,0.453354708353678,0.0075,0.305631433757323
45.0666666666667,0.453466796875,0.0075,0.305605759126747
45.1,0.453466796875,0.0075,0.305391914451768
45.1333333333333,0.453466796875,0.0075,0.305220359653246
45.1666666666667,0.453466796875,0.0075,0.305084429185168
45.2,0.453466796875,0.0075,0.304978422781286
45.2333333333333,0.453466796875,0.0075,0.304897471046169
45.2666666666667,0.453466796875,0.0075,0.304837419392677
45.3,0.453466796875,0.0075,0.304794727847963
45.3333333333333,0.453265126546224,0.0075,0.304766384582876
45.3666666666667,0.453265126546224,0.0075,0.305098844448241
45.4,0.453265126546224,0.0075,0.305373579000392
45.4333333333333,0.453265126546224,0.0075,0.305599283525864
45.4666666666667,0.453265126546224,0.0075,0.305783419510038
45.5,0.453265126546224,0.0075,0.305932384691613
45.5333333333333,0.453265126546224,0.0075,0.306051660029661
45.5666666666667,0.453265126546224,0.0075,0.306145936692387
45.6,0.453125,0.0075,0.306219225759908
45.6333333333333,0.453125,0.0075,0.306517457688959
45.6666666666667,0.453125,0.0075,0.30675425582456
45.7,0.453125,0.0075,0.306939426491039
45.7333333333333,0.453125,0.0075,0.307081348116503
45.7666666666667,0.453125,0.0075,0.307187170592065
45.8,0.453125,0.0075,0.307262987381028
45.8333333333333,0.453125,0.0075,0.30731398406122
45.8666666666667,0.453261502583822,0.0075,0.307344566488852
45.9,0.453261502583822,0.0075,0.307122238300707
45.9333333333333,0.453261502583822,0.0075,0.306931979314655
45.9666666666667,0.453261502583822,0.0075,0.306769332855186
46,0.453261502583822,0.0075,0.306630449944877
46.0333333333333,0.453261502583822,0.0075,0.30651200727364
46.0666666666667,0.453261502583822,0.0075,0.306411136180257
46.1,0.453261502583822,0.0075,0.306325361172325
46.1333333333333,0.453385416666667,0.0075,0.306252546707663
46.1666666666667,0.453385416666667,0.0075,0.305976403901768
46.2,0.453385416666667,0.0075,0.305751172474408
46.2333333333333,0.453385416666667,0.0075,0.305569013860938
46.2666666666667,0.453385416666667,0.0075,0.305423212929432
46.3,0.453385416666667,0.0075,0.305308022354205
46.3333333333333,0.453385416666667,0.0075,0.305218528174478
46.3666666666667,0.453385416666667,0.0075,0.305150533681087
46.4,0.453232638041178,0.0075,0.305100459157492
46.4333333333333,0.453232638041178,0.0075,0.305329655893435
46.4666666666667,0.453232638041178,0.0075,0.30552011060572
46.5,0.453232638041178,0.0075,0.305677598781976
46.5333333333333,0.453232638041178,0.0075,0.305807080386711
46.5666666666667,0.453232638041178,0.0075,0.305912811985973
46.6,0.453232638041178,0.0075,0.305998443669515
46.6333333333333,0.453232638041178,0.0075,0.306067102816281
46.6666666666667,0.453204027811686,0.0075,0.306121466474862
46.7,0.453204027811686,0.0075,0.306213337106528
46.7333333333333,0.453204027811686,0.0075,0.306285602792358
46.7666666666667,0.453204027811686,0.0075,0.306341425773837
46.8,0.453204027811686,0.0075,0.306383505796207
46.8333333333333,0.453204027811686,0.0075,0.30641414482046
46.8666666666667,0.453204027811686,0.0075,0.306435302880036
46.9,0.453295516967773,0.0075,0.306448646279872
46.9333333333333,0.453295516967773,0.0075,0.30629725692066
46.9666666666667,0.453295516967773,0.0075,0.306171216993328
47,0.453295516967773,0.0075,0.306066761658077
47.0333333333333,0.453295516967773,0.0075,0.305980656743659
47.0666666666667,0.453295516967773,0.0075,0.305910125853151
47.1,0.453295516967773,0.0075,0.305852787348346
47.1333333333333,0.453295516967773,0.0075,0.305806599883735
47.1666666666667,0.453588358561198,0.0075,0.305769815339138
47.2,0.453588358561198,0.0075,0.305234142906926
47.2333333333333,0.453588358561198,0.0075,0.304802891837424
47.2666666666667,0.453588358561198,0.0075,0.304459679728856
47.3,0.453588358561198,0.0075,0.304190491823975
47.3333333333333,0.453588358561198,0.0075,0.303983351659931
47.3666666666667,0.453588358561198,0.0075,0.303828036649975
47.4,0.453588358561198,0.0075,0.303715832530146
47.4333333333333,0.453326098124186,0.0075,0.30363932141871
47.4666666666667,0.453326098124186,0.0075,0.304046070065263
47.5,0.453326098124186,0.0075,0.304389278940883
47.5333333333333,0.453326098124186,0.0075,0.304678113689381
47.5666666666667,0.453326098124186,0.0075,0.304920466165294
47.6,0.453326098124186,0.0075,0.3051231281262
47.6333333333333,0.453326098124186,0.0075,0.305291941478818
47.6666666666667,0.453326098124186,0.0075,0.305431928226461
47.7,0.453326098124186,0.0075,0.30554740284415
47.7333333333333,0.453418413798014,0.0075,0.30564206944269
47.7666666666667,0.453418413798014,0.0075,0.30555934313131
47.8,0.453418413798014,0.0075,0.305492538615392
47.8333333333333,0.453418413798014,0.0075,0.305439168389
47.8666666666667,0.453418413798014,0.0075,0.305397103789327
47.9,0.453418413798014,0.0075,0.305364525125389
47.9333333333333,0.453418413798014,0.0075,0.305339878607202
47.9666666666667,0.453418413798014,0.0075,0.305321839157463
48,0.453461329142253,0.0075,0.305309278310971
48.0333333333333,0.453461329142253,0.0075,0.305226966693578
48.0666666666667,0.453461329142253,0.0075,0.305162690825396
48.1,0.453461329142253,0.0075,0.305113519653918
48.1333333333333,0.453461329142253,0.0075,0.305076952160676
48.1666666666667,0.453461329142253,0.0075,0.305050857099561
48.2,0.453461329142253,0.0075,0.305033420987953
48.2333333333333,0.453461329142253,0.0075,0.305023103234064
48.2666666666667,0.453244082132975,0.0075,0.305018597433944
48.3,0.453244082132975,0.0075,0.305394768336051
48.3333333333333,0.453244082132975,0.0075,0.305702164160049
48.3666666666667,0.453244082132975,0.0075,0.305951342691531
48.4,0.453244082132975,0.0075,0.30615135057269
48.4333333333333,0.453244082132975,0.0075,0.306309932497969
48.4666666666667,0.453244082132975,0.0075,0.306433711942293
48.5,0.453244082132975,0.0075,0.306528347260387
48.5333333333333,0.453319994608561,0.0075,0.306598666480652
48.5666666666667,0.453319994608561,0.0075,0.306517408611247
48.6,0.453319994608561,0.0075,0.306444799618004
48.6333333333333,0.453319994608561,0.0075,0.306379849215466
48.6666666666667,0.453319994608561,0.0075,0.306321687014535
48.7,0.453319994608561,0.0075,0.306269547441278
48.7333333333333,0.453319994608561,0.0075,0.306222756599109
48.7666666666667,0.453319994608561,0.0075,0.306180720820251
48.8,0.453367614746094,0.0075,0.306142916685898
48.8333333333333,0.453367614746094,0.0075,0.306026470330435
48.8666666666667,0.453367614746094,0.0075,0.305929288196586
48.9,0.453367614746094,0.0075,0.305848523104352
48.9333333333333,0.453367614746094,0.0075,0.305781728264628
48.9666666666667,0.453367614746094,0.0075,0.305726802345876
49,0.453367614746094,0.0075,0.305681941980617
49.0333333333333,0.453367614746094,0.0075,0.305645600711159
49.0666666666667,0.453275934855143,0.0075,0.305616453508047
49.1,0.453275934855143,0.0075,0.305752028452717
49.1333333333333,0.453275934855143,0.0075,0.305862077452026
49.1666666666667,0.453275934855143,0.0075,0.305950559202358
49.2,0.453275934855143,0.0075,0.306020863188988
49.2333333333333,0.453275934855143,0.0075,0.30607588866555
49.2666666666667,0.453275934855143,0.0075,0.306118112872985
49.3,0.453365707397461,0.0075,0.306149649949861
49.3333333333333,0.453365707397461,0.0075,0.306016940330061
49.3666666666667,0.453365707397461,0.0075,0.305906857850186
49.4,0.453365707397461,0.0075,0.305816017909616
49.4333333333333,0.453365707397461,0.0075,0.305741514590728
49.4666666666667,0.453365707397461,0.0075,0.305680854791997
49.5,0.453365707397461,0.0075,0.305631901295601
49.5333333333333,0.453365707397461,0.0075,0.305592823566896
49.5666666666667,0.453250567118327,0.0075,0.305562055244352
49.6,0.453250567118327,0.0075,0.30573752059512
49.6333333333333,0.453250567118327,0.0075,0.305880363086825
49.6666666666667,0.453250567118327,0.0075,0.305995620209681
49.7,0.453250567118327,0.0075,0.306087606524772
49.7333333333333,0.453250567118327,0.0075,0.306160013875571
49.7666666666667,0.453250567118327,0.0075,0.306215997953137
49.8,0.453250567118327,0.0075,0.30625825305571
49.8333333333333,0.453379376729329,0.0075,0.306289076636431
49.8666666666667,0.453379376729329,0.0075,0.306087505528897
49.9,0.453379376729329,0.0075,0.305921137444194
49.9333333333333,0.453379376729329,0.0075,0.305784657997312
49.9666666666667,0.453379376729329,0.0075,0.305673507648332
50,0.453379376729329,0.0075,0.305583777608356
50.0333333333333,0.453379376729329,0.0075,0.305512119881665
50.0666666666667,0.453379376729329,0.0075,0.305455669540094
50.1,0.453322792053223,0.0075,0.305411977580944
50.1333333333333,0.453322792053223,0.0075,0.305476879074229
50.1666666666667,0.453322792053223,0.0075,0.305531768692349
50.2,0.453322792053223,0.0075,0.305578082596881
50.2333333333333,0.453322792053223,0.0075,0.305617057914845
50.2666666666667,0.453322792053223,0.0075,0.305649759839113
50.3,0.453322792053223,0.0075,0.305677105073513
50.3333333333333,0.453322792053223,0.0075,0.305699882113113
50.3666666666667,0.453376770019531,0.0075,0.305718768784566
50.4,0.453376770019531,0.0075,0.305640932485059
50.4333333333333,0.453376770019531,0.0075,0.30557831359997
50.4666666666667,0.453376770019531,0.0075,0.305528522444971
50.5,0.453376770019531,0.0075,0.305489514844984
50.5333333333333,0.453376770019531,0.0075,0.305459544062417
50.5666666666667,0.453376770019531,0.0075,0.305437119284323
50.6,0.453376770019531,0.0075,0.305420969782839
50.6333333333333,0.453376770019531,0.0075,0.305410013982152
50.6666666666667,0.453385416666667,0.0075,0.305403332768255
50.7,0.453385416666667,0.0075,0.30538518247357
50.7333333333333,0.453385416666667,0.0075,0.305372754485481
50.7666666666667,0.453385416666667,0.0075,0.305365039693302
50.8,0.453385416666667,0.0075,0.30536118188037
50.8333333333333,0.453385416666667,0.0075,0.305360455970747
50.8666666666667,0.453385416666667,0.0075,0.305362249278288
50.9,0.453385416666667,0.0075,0.305366045350158
50.9333333333333,0.453364753723145,0.0075,0.30537141005184
50.9666666666667,0.453364753723145,0.0075,0.305413739131338
51,0.453364753723145,0.0075,0.305450069056779
51.0333333333333,0.453364753723145,0.0075,0.305481226196138
51.0666666666667,0.453364753723145,0.0075,0.305507924761235
51.1,0.453364753723145,0.0075,0.305530781909002
51.1333333333333,0.453364753723145,0.0075,0.305550330818286
51.1666666666667,0.453364753723145,0.0075,0.305567032012928
51.2,0.453385416666667,0.0075,0.305581283165709
51.2333333333333,0.453385416666667,0.0075,0.305557668043334
51.2666666666667,0.453385416666667,0.0075,0.305539142710185
51.3,0.453385416666667,0.0075,0.305524883846182
51.3333333333333,0.453385416666667,0.0075,0.305514188691179
51.3666666666667,0.453385416666667,0.0075,0.30550645816652
51.4,0.453385416666667,0.0075,0.305501182306965
51.4333333333333,0.453385416666667,0.0075,0.30549792769047
51.4666666666667,0.453385416666667,0.0075,0.305496326595312
51.5,0.453385416666667,0.0075,0.305496067650414
51.5333333333333,0.453385416666667,0.0075,0.305496887776246
51.5666666666667,0.453385416666667,0.0075,0.305498565240942
51.6,0.453385416666667,0.0075,0.305500913679912
51.6333333333333,0.453385416666667,0.0075,0.305503776947671
51.6666666666667,0.453385416666667,0.0075,0.305507024688334
51.7,0.453341420491536,0.0075,0.305510548526546
51.7333333333333,0.453341420491536,0.0075,0.305590399113306
51.7666666666667,0.453341420491536,0.0075,0.305655670182139
51.8,0.453341420491536,0.0075,0.305708598800361
51.8333333333333,0.453341420491536,0.0075,0.305751101910911
51.8666666666667,0.453341420491536,0.0075,0.305784820644102
51.9,0.453341420491536,0.0075,0.30581115859977
51.9333333333333,0.453341420491536,0.0075,0.305831314912797
51.9666666666667,0.453341420491536,0.0075,0.305846312805933
52,0.453298632303874,0.0075,0.305857024239363
52.0333333333333,0.453298632303874,0.0075,0.305938240946139
52.0666666666667,0.453298632303874,0.0075,0.306002254726429
52.1,0.453298632303874,0.0075,0.306051834396079
52.1333333333333,0.453298632303874,0.0075,0.306089344184198
52.1666666666667,0.453298632303874,0.0075,0.306116800317456
52.2,0.453298632303874,0.0075,0.306135919863088
52.2333333333333,0.453298632303874,0.0075,0.306148162877418
52.2666666666667,0.453318913777669,0.0075,0.306154768766096
52.3,0.453318913777669,0.0075,0.306121688273464
52.3333333333333,0.453318913777669,0.0075,0.30609168145182
52.3666666666667,0.453318913777669,0.0075,0.306064438137035
52.4,0.453318913777669,0.0075,0.30603968209208
52.4333333333333,0.453318913777669,0.0075,0.306017167037068
52.4666666666667,0.453318913777669,0.0075,0.305996673167366
52.5,0.453390248616536,0.0075,0.305978004097756
52.5333333333333,0.453390248616536,0.0075,0.305837531233074
52.5666666666667,0.453390248616536,0.0075,0.305722371950666
52.6,0.453390248616536,0.0075,0.305628660373759
52.6333333333333,0.453390248616536,0.0075,0.305553082652853
52.6666666666667,0.453390248616536,0.0075,0.305492800635796
52.7,0.453390248616536,0.0075,0.305445385918386
52.7333333333333,0.453390248616536,0.0075,0.305408762876282
52.7666666666667,0.453346316019694,0.0075,0.305381159466707
52.8,0.453346316019694,0.0075,0.305437095041039
52.8333333333333,0.453346316019694,0.0075,0.305484581867355
52.8666666666667,0.453346316019694,0.0075,0.305524820285679
52.9,0.453346316019694,0.0075,0.30555884508697
52.9333333333333,0.453346316019694,0.0075,0.305587547996551
52.9666666666667,0.453346316019694,0.0075,0.305611697129177
53,0.453346316019694,0.0075,0.305631953821795
53.0333333333333,0.453346316019694,0.0075,0.305648887195745
53.0666666666667,0.453385416666667,0.0075,0.3056629867531
53.1,0.453385416666667,0.0075,0.305607005212635
53.1333333333333,0.453385416666667,0.0075,0.305562029457397
53.1666666666667,0.453385416666667,0.0075,0.30552632807558
53.2,0.453385416666667,0.0075,0.305498420185731
53.2333333333333,0.453385416666667,0.0075,0.305477040566178
53.2666666666667,0.453385416666667,0.0075,0.305461109543181
53.3,0.453385416666667,0.0075,0.305449706995159
53.3333333333333,0.453359985351563,0.0075,0.305442049916631
53.3666666666667,0.453359985351563,0.0075,0.305481484805608
53.4,0.453359985351563,0.0075,0.305514943144769
53.4333333333333,0.453359985351563,0.0075,0.305543275366068
53.4666666666667,0.453359985351563,0.0075,0.305567214518504
53.5,0.453359985351563,0.0075,0.305587392216734
53.5333333333333,0.453359985351563,0.0075,0.305604352441019
53.5666666666667,0.453359985351563,0.0075,0.305618563476656
53.6,0.453308041890462,0.0075,0.305630428242491
53.6333333333333,0.453308041890462,0.0075,0.305730187214539
53.6666666666667,0.453308041890462,0.0075,0.305810898075639
53.7,0.453308041890462,0.0075,0.305875528923649
53.7333333333333,0.453308041890462,0.0075,0.305926620182737
53.7666666666667,0.453308041890462,0.0075,0.30596634400627
53.8,0.453308041890462,0.0075,0.305996555581928
53.8333333333333,0.453308041890462,0.0075,0.30601883743199
53.8666666666667,0.453325462341309,0.0075,0.306034537655
53.9,0.453325462341309,0.0075,0.306014654882394
53.9333333333333,0.453325462341309,0.0075,0.305996128308436
53.9666666666667,0.453325462341309,0.0075,0.305978873618145
54,0.453325462341309,0.0075,0.305962810544992
54.0333333333333,0.453325462341309,0.0075,0.305947862867286
54.0666666666667,0.453325462341309,0.0075,0.305933958365069
54.1,0.453325462341309,0.0075,0.305921028745783
54.1333333333333,0.45335807800293,0.0075,0.305909009545606
54.1666666666667,0.45335807800293,0.0075,0.305841394948903
54.2,0.45335807800293,0.0075,0.30578546458923
54.2333333333333,0.45335807800293,0.0075,0.305739461635972
54.2666666666667,0.45335807800293,0.0075,0.305701878330138
54.3,0.45335807800293,0.0075,0.30567142166963
54.3333333333333,0.45335807800293,0.0075,0.305646983752188
54.3666666666667,0.45335807800293,0.0075,0.305627616148839
54.4,0.453223355611165,0.0075,0.305612507764783
54.4333333333333,0.453223355611165,0.0075,0.30583411793829
54.4666666666667,0.453223355611165,0.0075,0.306013713791055
54.5,0.453223355611165,0.0075,0.306157826415472
54.5333333333333,0.453223355611165,0.0075,0.306272046834409
54.5666666666667,0.453223355611165,0.0075,0.306361156505935
54.6,0.453223355611165,0.0075,0.306429240042661
54.6333333333333,0.453223355611165,0.0075,0.306479782545749
54.6666666666667,0.453455479939779,0.0075,0.30651575363151
54.7,0.453455479939779,0.0075,0.306137962744039
54.7333333333333,0.453455479939779,0.0075,0.305827789418441
54.7666666666667,0.453455479939779,0.0075,0.305574932580329
54.8,0.453455479939779,0.0075,0.305370560439925
54.8333333333333,0.453455479939779,0.0075,0.305207107446328
54.8666666666667,0.453455479939779,0.0075,0.305078098846831
54.9,0.453455479939779,0.0075,0.304977999130909
54.9333333333333,0.453311920166016,0.0075,0.30490208113756
54.9666666666667,0.453311920166016,0.0075,0.30509475933925
55,0.453311920166016,0.0075,0.305256212727159
55.0333333333333,0.453311920166016,0.0075,0.305391017118635
55.0666666666667,0.453311920166016,0.0075,0.305503107475451
55.1,0.453311920166016,0.0075,0.305595865642934
55.1333333333333,0.453311920166016,0.0075,0.305672196219723
55.1666666666667,0.453311920166016,0.0075,0.305734592153481
55.2,0.45336233774821,0.0075,0.305785191444209
55.2333333333333,0.45336233774821,0.0075,0.305738572866624
55.2666666666667,0.45336233774821,0.0075,0.30570039472537
55.3,0.45336233774821,0.0075,0.305669365815107
55.3333333333333,0.45336233774821,0.0075,0.305644379450236
55.3666666666667,0.45336233774821,0.0075,0.305624487941088
55.4,0.45336233774821,0.0075,0.305608880541931
55.4333333333333,0.45336233774821,0.0075,0.305596864402802
55.4666666666667,0.453353309631348,0.0075,0.305587848119892
55.5,0.453353309631348,0.0075,0.305596951703232
55.5333333333333,0.453353309631348,0.0075,0.305605106941884
55.5666666666667,0.453353309631348,0.0075,0.305612420495108
55.6,0.453353309631348,0.0075,0.305618986275741
55.6333333333333,0.453353309631348,0.0075,0.305624887039799
55.6666666666667,0.453353309631348,0.0075,0.305630195772314
55.7,0.453353309631348,0.0075,0.305634976895986
55.7333333333333,0.453230412801107,0.0075,0.305639287325694
55.7666666666667,0.453230412801107,0.0075,0.305855864148176
55.8,0.453230412801107,0.0075,0.306031024725284
55.8333333333333,0.453230412801107,0.0075,0.306171225849969
55.8666666666667,0.453230412801107,0.0075,0.30628199374648
55.9,0.453230412801107,0.0075,0.30636805333856
55.9333333333333,0.453230412801107,0.0075,0.306433439894871
55.9666666666667,0.453230412801107,0.0075,0.306481595430191
56,0.453474553426107,0.0075,0.306515451921637
56.0333333333333,0.453474553426107,0.0075,0.306114990367539
56.0666666666667,0.453474553426107,0.0075,0.305786369834731
56.1,0.453474553426107,0.0075,0.305518636625723
56.1333333333333,0.453474553426107,0.0075,0.305302400014622
56.1666666666667,0.453474553426107,0.0075,0.305129616212611
56.2,0.453474553426107,0.0075,0.304993401707366
56.2333333333333,0.453474553426107,0.0075,0.304887872017432
56.2666666666667,0.453474553426107,0.0075,0.304808002433641
56.3,0.45335807800293,0.0075,0.30474950777961
56.3333333333333,0.45335807800293,0.0075,0.30491031241539
56.3666666666667,0.45335807800293,0.0075,0.305046843247357
56.4,0.45335807800293,0.0075,0.305162547955881
56.4333333333333,0.45335807800293,0.0075,0.305260398790694
56.4666666666667,0.45335807800293,0.0075,0.30534295713483
56.5,0.45335807800293,0.0075,0.305412429372588
56.5333333333333,0.453376134236654,0.0075,0.305470715227511
56.5666666666667,0.453376134236654,0.0075,0.30548820124123
56.6,0.453376134236654,0.0075,0.305503571700144
56.6333333333333,0.453376134236654,0.0075,0.305517092584971
56.6666666666667,0.453376134236654,0.0075,0.305528995611853
56.7,0.453376134236654,0.0075,0.305539482711561
56.7333333333333,0.453376134236654,0.0075,0.305548729918133
56.7666666666667,0.453376134236654,0.0075,0.305556890745197
56.8,0.453376134236654,0.0075,0.305564099117823
56.8333333333333,0.45332457224528,0.0075,0.305570471918748
56.8666666666667,0.45332457224528,0.0075,0.305665345013628
56.9,0.45332457224528,0.0075,0.305742355012934
56.9333333333333,0.45332457224528,0.0075,0.305804272242877
56.9666666666667,0.45332457224528,0.0075,0.305853468689788
57,0.45332457224528,0.0075,0.30589197327088
57.0333333333333,0.45332457224528,0.0075,0.305921519574668
57.0666666666667,0.45332457224528,0.0075,0.305943587087089
57.1,0.453281784057617,0.0075,0.305959436782993
57.1333333333333,0.453281784057617,0.0075,0.306044191606068
57.1666666666667,0.453281784057617,0.0075,0.306110424912699
57.2,0.453281784057617,0.0075,0.306161144450534
57.2333333333333,0.453281784057617,0.0075,0.306198916818241
57.2666666666667,0.453281784057617,0.0075,0.306225929275434
57.3,0.453281784057617,0.0075,0.306244043088418
57.3333333333333,0.453281784057617,0.0075,0.306254839556909
57.3666666666667,0.453403727213542,0.0075,0.306259659712975
57.4,0.453403727213542,0.0075,0.306048602231309
57.4333333333333,0.453403727213542,0.0075,0.305874383838067
57.4666666666667,0.453403727213542,0.0075,0.305731444337377
57.5,0.453403727213542,0.0075,0.305615013215543
57.5333333333333,0.453403727213542,0.0075,0.305521000748327
57.5666666666667,0.453403727213542,0.0075,0.305445903895716
57.6,0.453403727213542,0.0075,0.305386724992503
57.6333333333333,0.453175671895345,0.0075,0.305340901510059
57.6666666666667,0.453175671895345,0.0075,0.305700920722178
57.7,0.453175671895345,0.0075,0.305994084084779
57.7333333333333,0.453175671895345,0.0075,0.306230710952242
57.7666666666667,0.453175671895345,0.0075,0.306419640024543
57.8,0.453175671895345,0.0075,0.306568434574733
57.8333333333333,0.453175671895345,0.0075,0.306683559730868
57.8666666666667,0.453175671895345,0.0075,0.306770535581821
57.9,0.453268496195475,0.0075,0.306834069370613
57.9333333333333,0.453268496195475,0.0075,0.306717526730299
57.9666666666667,0.453268496195475,0.0075,0.306615956700016
58,0.453268496195475,0.0075,0.306527405149372
58.0333333333333,0.453268496195475,0.0075,0.306450175351976
58.0666666666667,0.453268496195475,0.0075,0.306382793899451
58.1,0.453268496195475,0.0075,0.306323981142758
58.1333333333333,0.4533478418986,0.0075,0.306272625558501
58.1666666666667,0.4533478418986,0.0075,0.306090444872671
58.2,0.4533478418986,0.0075,0.305940413585105
58.2333333333333,0.4533478418986,0.0075,0.305817659360915
58.2666666666667,0.4533478418986,0.0075,0.305718003168975
58.3,0.4533478418986,0.0075,0.305637863587267
58.3333333333333,0.4533478418986,0.0075,0.30557417411005
58.3666666666667,0.4533478418986,0.0075,0.30552431170523
58.4,0.4533478418986,0.0075,0.305486035105141
58.4333333333333,0.453279240926107,0.0075,0.305457431517482
58.4666666666667,0.453279240926107,0.0075,0.305555592302404
58.5,0.453279240926107,0.0075,0.305637499465178
58.5333333333333,0.453279240926107,0.0075,0.305705556099165
58.5666666666667,0.453279240926107,0.0075,0.305761827299073
58.6,0.453279240926107,0.0075,0.305808086538237
58.6333333333333,0.453279240926107,0.0075,0.30584585576457
58.6666666666667,0.453279240926107,0.0075,0.305876440059961
58.7,0.453474553426107,0.0075,0.305900957594747
58.7333333333333,0.453474553426107,0.0075,0.305582355306727
58.7666666666667,0.453474553426107,0.0075,0.305324684935453
58.8,0.453474553426107,0.0075,0.305118446923427
58.8333333333333,0.453474553426107,0.0075,0.30495551082977
58.8666666666667,0.453474553426107,0.0075,0.304828925140772
58.9,0.453474553426107,0.0075,0.304732753008536
58.9333333333333,0.453244845072428,0.0075,0.304661930418174
58.9666666666667,0.453244845072428,0.0075,0.305009679843439
59,0.453244845072428,0.0075,0.305298087035298
59.0333333333333,0.453244845072428,0.0075,0.305536031438892
59.0666666666667,0.453244845072428,0.0075,0.305731136486436
59.1,0.453244845072428,0.0075,0.305889942438652
59.1333333333333,0.453244845072428,0.0075,0.306018055780186
59.1666666666667,0.453244845072428,0.0075,0.306120278325018
59.2,0.453244845072428,0.0075,0.306200718764798
59.2333333333333,0.453290621439616,0.0075,0.306262889026633
59.2666666666667,0.453290621439616,0.0075,0.306230566347813
59.3,0.453290621439616,0.0075,0.306200815204548
59.3333333333333,0.453290621439616,0.0075,0.306173422279851
59.3666666666667,0.453290621439616,0.0075,0.306148193042585
59.4,0.453290621439616,0.0075,0.306124949962428
59.4333333333333,0.453290621439616,0.0075,0.306103530909196
59.4666666666667,0.453290621439616,0.0075,0.306083787715949
59.5,0.453306198120117,0.0075,0.306065584887721
59.5333333333333,0.453306198120117,0.0075,0.306021841245903
59.5666666666667,0.453306198120117,0.0075,0.305984602173202
59.6,0.453306198120117,0.0075,0.305952950299587
59.6333333333333,0.453306198120117,0.0075,0.305926094304827
59.6666666666667,0.453306198120117,0.0075,0.305903351833553
59.7,0.453306198120117,0.0075,0.305884134709051
59.7333333333333,0.453306198120117,0.0075,0.305867936137746
59.7666666666667,0.453399467468262,0.0075,0.305854319637526
59.8,0.453399467468262,0.0075,0.305681496382755
59.8333333333333,0.453399467468262,0.0075,0.305541702705332
59.8666666666667,0.453399467468262,0.0075,0.305429790313584
59.9,0.453399467468262,0.0075,0.305341352835155
59.9333333333333,0.453399467468262,0.0075,0.305272622759161
59.9666666666667,0.453399467468262,0.0075,0.305220382427622
60,0.453399467468262,0.0075,0.305181887179945
60.0333333333333,0.453298632303874,0.0075,0.305154799008809
60.0666666666667,0.453298632303874,0.0075,0.305311635876443
60.1,0.453298632303874,0.0075,0.305442529505921
60.1333333333333,0.453298632303874,0.0075,0.305551314033146
60.1666666666667,0.453298632303874,0.0075,0.305641284422255
60.2,0.453298632303874,0.0075,0.305715270438731
60.2333333333333,0.453298632303874,0.0075,0.305775700604137
60.2666666666667,0.453298632303874,0.0075,0.305824657479822
60.3,0.453391647338867,0.0075,0.30586392544646
60.3333333333333,0.453391647338867,0.0075,0.305734059031373
60.3666666666667,0.453391647338867,0.0075,0.305628399085095
60.4,0.453391647338867,0.0075,0.305543204457605
60.4333333333333,0.453391647338867,0.0075,0.305475271101918
60.4666666666667,0.453391647338867,0.0075,0.305421857606905
60.5,0.453391647338867,0.0075,0.305380620871744
60.5333333333333,0.453391647338867,0.0075,0.305349560553942
60.5666666666667,0.453431638081868,0.0075,0.305326971106454
60.6,0.453431638081868,0.0075,0.30524219190891
60.6333333333333,0.453431638081868,0.0075,0.305176551544577
60.6666666666667,0.453431638081868,0.0075,0.305126914187062
60.7,0.453431638081868,0.0075,0.305090605647607
60.7333333333333,0.453431638081868,0.0075,0.305065348579052
60.7666666666667,0.453431638081868,0.0075,0.305049206561106
60.8,0.453431638081868,0.0075,0.305040535864692
60.8333333333333,0.453377723693848,0.0075,0.305037943854843
60.8666666666667,0.453377723693848,0.0075,0.30513355803163
60.9,0.453377723693848,0.0075,0.305215076146708
60.9333333333333,0.453377723693848,0.0075,0.30528447811205
60.9666666666667,0.453377723693848,0.0075,0.305343472365227
61,0.453377723693848,0.0075,0.305393532623981
61.0333333333333,0.453377723693848,0.0075,0.305435929698595
61.0666666666667,0.453377723693848,0.0075,0.305471759024124
61.1,0.453326924641927,0.0075,0.305501964486045
61.1333333333333,0.453326924641927,0.0075,0.305615272497468
61.1666666666667,0.453326924641927,0.0075,0.305707505511057
61.2,0.453326924641927,0.0075,0.305781918300048
61.2333333333333,0.453326924641927,0.0075,0.305841298516446
61.2666666666667,0.453326924641927,0.0075,0.305888031444828
61.3,0.453326924641927,0.0075,0.305924155938119
61.3333333333333,0.453326924641927,0.0075,0.305951412724822
61.3666666666667,0.453326924641927,0.0075,0.305971286117539
61.4,0.453413581848145,0.0075,0.305985040014372
61.4333333333333,0.453413581848145,0.0075,0.305843778942845
61.4666666666667,0.453413581848145,0.0075,0.305727323412735
61.5,0.453413581848145,0.0075,0.30563192098644
61.5333333333333,0.453413581848145,0.0075,0.305554352722105
61.5666666666667,0.453413581848145,0.0075,0.305491859568456
61.6,0.453413581848145,0.0075,0.305442078757935
61.6333333333333,0.453413581848145,0.0075,0.305402988851299
61.6666666666667,0.453425725301107,0.0075,0.305372862267441
61.7,0.453425725301107,0.0075,0.305329208680247
61.7333333333333,0.453425725301107,0.0075,0.305295841660058
61.7666666666667,0.453425725301107,0.0075,0.305271056782008
61.8,0.453425725301107,0.0075,0.305253401689484
61.8333333333333,0.453425725301107,0.0075,0.305241640635677
61.8666666666667,0.453425725301107,0.0075,0.30523472389077
61.9,0.453425725301107,0.0075,0.305231761355737
61.9333333333333,0.453446578979492,0.0075,0.305231999812355
61.9666666666667,0.453446578979492,0.0075,0.305198713684651
62,0.453446578979492,0.0075,0.30517442096109
62.0333333333333,0.453446578979492,0.0075,0.30515758299255
62.0666666666667,0.453446578979492,0.0075,0.305146891590089
62.1,0.453446578979492,0.0075,0.305141236410654
62.1333333333333,0.453446578979492,0.0075,0.305139676831953
62.1666666666667,0.453446578979492,0.0075,0.305141417707457
62.2,0.453326924641927,0.0075,0.305145788474492
62.2333333333333,0.453326924641927,0.0075,0.305359300421098
62.2666666666667,0.453326924641927,0.0075,0.305534447790485
62.3,0.453326924641927,0.0075,0.305677083487585
62.3333333333333,0.453326924641927,0.0075,0.305792225050461
62.3666666666667,0.453326924641927,0.0075,0.305884170130491
62.4,0.453326924641927,0.0075,0.305956596269754
62.4333333333333,0.453326924641927,0.0075,0.306012647092079
62.4666666666667,0.453291257222493,0.0075,0.30605500674036
62.5,0.453291257222493,0.0075,0.306147690619598
62.5333333333333,0.453291257222493,0.0075,0.306219010603162
62.5666666666667,0.453291257222493,0.0075,0.306272486481446
62.6,0.453291257222493,0.0075,0.306311118705871
62.6333333333333,0.453291257222493,0.0075,0.30633746136337
62.6666666666667,0.453291257222493,0.0075,0.306353685142969
62.7,0.453291257222493,0.0075,0.30636163164958
62.7333333333333,0.453418223063151,0.0075,0.306362860237887
62.7666666666667,0.453418223063151,0.0075,0.306138959742853
62.8,0.453418223063151,0.0075,0.305953168414293
62.8333333333333,0.453418223063151,0.0075,0.30579978968146
62.8666666666667,0.453418223063151,0.0075,0.305673932381747
62.9,0.453418223063151,0.0075,0.305571399954329
62.9333333333333,0.453418223063151,0.0075,0.3054885946628
62.9666666666667,0.453418223063151,0.0075,0.305422434823937
63,0.453353182474772,0.0075,0.305370283290863
63.0333333333333,0.453353182474772,0.0075,0.305442445712437
63.0666666666667,0.453353182474772,0.0075,0.305502717273026
63.1,0.453353182474772,0.0075,0.305552852557299
63.1333333333333,0.453353182474772,0.0075,0.305594359598609
63.1666666666667,0.453353182474772,0.0075,0.305628533692151
63.2,0.453353182474772,0.0075,0.305656486629656
63.2333333333333,0.453353182474772,0.0075,0.305679171971317
63.2666666666667,0.453362464904785,0.0075,0.305697406888133
63.3,0.453362464904785,0.0075,0.305695826749385
63.3333333333333,0.453362464904785,0.0075,0.305694194084254
63.3666666666667,0.453362464904785,0.0075,0.305692535514886
63.4,0.453362464904785,0.0075,0.305690872651526
63.4333333333333,0.453362464904785,0.0075,0.305689222869754
63.4666666666667,0.453362464904785,0.0075,0.305687599975985
63.5,0.453362464904785,0.0075,0.305686014776701
63.5333333333333,0.45338986714681,0.0075,0.305684475564838
63.5666666666667,0.45338986714681,0.0075,0.305635565879291
63.6,0.45338986714681,0.0075,0.305595863587046
63.6333333333333,0.45338986714681,0.0075,0.305563940825448
63.6666666666667,0.45338986714681,0.0075,0.305538575036319
63.7,0.45338986714681,0.0075,0.305518720479746
63.7333333333333,0.45338986714681,0.0075,0.30550348362894
63.7666666666667,0.45338986714681,0.0075,0.3054921019225
63.8,0.453328959147135,0.0075,0.305483925420724
63.8333333333333,0.453328959147135,0.0075,0.305583809103497
63.8666666666667,0.453328959147135,0.0075,0.305665535075907
63.9,0.453328959147135,0.0075,0.305731885109807
63.9333333333333,0.453328959147135,0.0075,0.305785243185878
63.9666666666667,0.453328959147135,0.0075,0.305827650536588
64,0.453328959147135,0.0075,0.305860853200706
64.0333333333333,0.453328959147135,0.0075,0.305886343098968
64.0666666666667,0.453385416666667,0.0075,0.305905393505051
64.1,0.453385416666667,0.0075,0.305821383594058
64.1333333333333,0.453385416666667,0.0075,0.305751796638087
64.1666666666667,0.453385416666667,0.0075,0.30569446945008
64.2,0.453385416666667,0.0075,0.305647545165885
64.2333333333333,0.453385416666667,0.0075,0.305609431067166
64.2666666666667,0.453385416666667,0.0075,0.305578762127358
64.3,0.453385416666667,0.0075,0.305554369510184
64.3333333333333,0.453258450826009,0.0075,0.30553525335353
64.3666666666667,0.453258450826009,0.0075,0.305740287899486
64.4,0.453258450826009,0.0075,0.305906616041277
64.4333333333333,0.453258450826009,0.0075,0.306040245988121
64.4666666666667,0.453258450826009,0.0075,0.306146321696537
64.5,0.453258450826009,0.0075,0.306229242811566
64.5333333333333,0.453258450826009,0.0075,0.306292768264954
64.5666666666667,0.453258450826009,0.0075,0.306340105735516
64.6,0.453338559468587,0.0075,0.306373988880932
64.6333333333333,0.453338559468587,0.0075,0.306258106996077
64.6666666666667,0.453338559468587,0.0075,0.30615982516395
64.7,0.453338559468587,0.0075,0.306076636523808
64.7333333333333,0.453338559468587,0.0075,0.306006380402646
64.7666666666667,0.453338559468587,0.0075,0.305947195266898
64.8,0.453338559468587,0.0075,0.305897478013591
64.8333333333333,0.453338559468587,0.0075,0.305855848750715
64.8666666666667,0.453395716349284,0.0075,0.305821120330368
64.9,0.453395716349284,0.0075,0.305693355599107
64.9333333333333,0.453395716349284,0.0075,0.305589680888409
64.9666666666667,0.453395716349284,0.0075,0.305506358367521
65,0.453395716349284,0.0075,0.305440187776029
65.0333333333333,0.453395716349284,0.0075,0.30538843182655
65.0666666666667,0.453395716349284,0.0075,0.305348751771458
65.1,0.453395716349284,0.0075,0.30531915176224
65.1333333333333,0.453405316670736,0.0075,0.305297930814077
65.1666666666667,0.453405316670736,0.0075,0.305267026913888
65.2,0.453405316670736,0.0075,0.305245030502557
65.2333333333333,0.453405316670736,0.0075,0.305230397115311
65.2666666666667,0.453405316670736,0.0075,0.305221814810288
65.3,0.453405316670736,0.0075,0.305218171183256
65.3333333333333,0.453405316670736,0.0075,0.305218524928125
65.3666666666667,0.453405316670736,0.0075,0.305222081326123
65.4,0.453433036804199,0.0075,0.305228171129617
65.4333333333333,0.453433036804199,0.0075,0.30518825957614
65.4666666666667,0.453433036804199,0.0075,0.305159106063799
65.5,0.453433036804199,0.0075,0.305138870974271
65.5333333333333,0.453433036804199,0.0075,0.305125990174463
65.5666666666667,0.453433036804199,0.0075,0.305119136033956
65.6,0.453433036804199,0.0075,0.305117183807932
65.6333333333333,0.453433036804199,0.0075,0.305119182657656
65.6666666666667,0.453547668457031,0.0075,0.305124330678608
65.7,0.453547668457031,0.0075,0.304933570449154
65.7333333333333,0.453547668457031,0.0075,0.304782999670497
65.7666666666667,0.453547668457031,0.0075,0.304666159994801
65.8,0.453547668457031,0.0075,0.304577536158128
65.8333333333333,0.453547668457031,0.0075,0.30451242412617
65.8666666666667,0.453547668457031,0.0075,0.304466817275948
65.9,0.453547668457031,0.0075,0.304437308174732
65.9333333333333,0.453388977050781,0.0075,0.304421003845138
65.9666666666667,0.453388977050781,0.0075,0.304690085980009
66,0.453388977050781,0.0075,0.304914854333895
66.0333333333333,0.453388977050781,0.0075,0.305101846205394
66.0666666666667,0.453388977050781,0.0075,0.305256680385716
66.1,0.453388977050781,0.0075,0.305384183119641
66.1333333333333,0.453388977050781,0.0075,0.305488497011301
66.1666666666667,0.453388977050781,0.0075,0.30557317516823
66.2,0.453327051798503,0.0075,0.305641262569856
66.2333333333333,0.453327051798503,0.0075,0.305802534980347
66.2666666666667,0.453327051798503,0.0075,0.30593137444864
66.3,0.453327051798503,0.0075,0.306032920037711
66.3333333333333,0.453327051798503,0.0075,0.306111564880168
66.3666666666667,0.453327051798503,0.0075,0.306171060161588
66.4,0.453327051798503,0.0075,0.306214604902054
66.4333333333333,0.453327051798503,0.0075,0.30624492345463
66.4666666666667,0.453316688537598,0.0075,0.306264332381763
66.5,0.453316688537598,0.0075,0.306292732933671
66.5333333333333,0.453316688537598,0.0075,0.306310395713229
66.5666666666667,0.453316688537598,0.0075,0.30631927052276
66.6,0.453316688537598,0.0075,0.306321008574098
66.6333333333333,0.453316688537598,0.0075,0.306317005178986
66.6666666666667,0.453316688537598,0.0075,0.306308436532874
66.7,0.453316688537598,0.0075,0.306296291395676
66.7333333333333,0.453316688537598,0.0075,0.306281398364666
66.7666666666667,0.453293228149414,0.0075,0.306264449340942
66.8,0.453293228149414,0.0075,0.306286620544706
66.8333333333333,0.453293228149414,0.0075,0.306299952943235
66.8666666666667,0.453293228149414,0.0075,0.306306063510343
66.9,0.453293228149414,0.0075,0.306306320941977
66.9333333333333,0.453293228149414,0.0075,0.306301881195856
66.9666666666667,0.453293228149414,0.0075,0.306293718110931
67,0.453293228149414,0.0075,0.306282649776215
67.0333333333333,0.453412628173828,0.0075,0.306269361228273
67.0666666666667,0.453412628173828,0.0075,0.306047788834159
67.1,0.453412628173828,0.0075,0.305864915206735
67.1333333333333,0.453412628173828,0.0075,0.305714898078832
67.1666666666667,0.453412628173828,0.0075,0.305592725017688
67.2,0.453412628173828,0.0075,0.30549409898907
67.2333333333333,0.453412628173828,0.0075,0.305415339462104
67.2666666666667,0.453412628173828,0.0075,0.305353296961651
67.3,0.453385416666667,0.0075,0.305305279255725
67.3333333333333,0.453385416666667,0.0075,0.305316080176082
67.3666666666667,0.453385416666667,0.0075,0.305327559808508
67.4,0.453385416666667,0.0075,0.305339469729442
67.4333333333333,0.453385416666667,0.0075,0.305351606409766
67.4666666666667,0.453385416666667,0.0075,0.305363804351503
67.5,0.453385416666667,0.0075,0.305375930205008
67.5333333333333,0.453385416666667,0.0075,0.305387877731067
67.5666666666667,0.453383255004883,0.0075,0.305399563490714
67.6,0.453383255004883,0.0075,0.305414664159937
67.6333333333333,0.453383255004883,0.0075,0.305428668520273
67.6666666666667,0.453383255004883,0.0075,0.305441654388624
67.7,0.453383255004883,0.0075,0.305453694301378
67.7333333333333,0.453383255004883,0.0075,0.30546485583872
67.7666666666667,0.453383255004883,0.0075,0.305475201933993
67.8,0.453383255004883,0.0075,0.305484791168019
67.8333333333333,0.453398195902507,0.0075,0.305493678048418
67.8666666666667,0.453398195902507,0.0075,0.305476056373736
67.9,0.453398195902507,0.0075,0.30546281957896
67.9333333333333,0.453398195902507,0.0075,0.305453231309394
67.9666666666667,0.453398195902507,0.0075,0.305446664698322
68,0.453398195902507,0.0075,0.305442586925808
68.0333333333333,0.453398195902507,0.0075,0.305440545899142
68.0666666666667,0.453398195902507,0.0075,0.305440158767368
68.1,0.453449058532715,0.0075,0.305441102021006
68.1333333333333,0.453449058532715,0.0075,0.305355079470961
68.1666666666667,0.453449058532715,0.0075,0.305286870545808
68.2,0.453449058532715,0.0075,0.30523362724533
68.2333333333333,0.453449058532715,0.0075,0.305192916546849
68.2666666666667,0.453449058532715,0.0075,0.305162662447939
68.3,0.453449058532715,0.0075,0.305141095932584
68.3333333333333,0.453449058532715,0.0075,0.305126711789715
68.3666666666667,0.453515625,0.0075,0.305118231356983
68.4,0.453515625,0.0075,0.304999369643841
68.4333333333333,0.453515625,0.0075,0.304906639200539
68.4666666666667,0.453515625,0.0075,0.30483578940511
68.5,0.453515625,0.0075,0.304783193513191
68.5333333333333,0.453515625,0.0075,0.304745761216271
68.5666666666667,0.453515625,0.0075,0.304720863176222
68.6,0.453351847330729,0.0075,0.304706265915602
68.6333333333333,0.453351847330729,0.0075,0.304983511300981
68.6666666666667,0.453351847330729,0.0075,0.305212868950968
68.7,0.453351847330729,0.0075,0.305401537951209
68.7333333333333,0.453351847330729,0.0075,0.305555696833245
68.7666666666667,0.453351847330729,0.0075,0.305680644170911
68.8,0.453351847330729,0.0075,0.305780920093468
68.8333333333333,0.453351847330729,0.0075,0.305860411285015
68.8666666666667,0.453351847330729,0.0075,0.305922441695269
68.9,0.453578313191732,0.0075,0.305969850888389
68.9333333333333,0.453578313191732,0.0075,0.305613137105896
68.9666666666667,0.453578313191732,0.0075,0.305321915928251
69,0.453578313191732,0.0075,0.305086118527663
69.0333333333333,0.453578313191732,0.0075,0.304897118202088
69.0666666666667,0.453578313191732,0.0075,0.304747530666902
69.1,0.453578313191732,0.0075,0.304631041527774
69.1333333333333,0.453578313191732,0.0075,0.304542257269321
69.1666666666667,0.453297805786133,0.0075,0.304476576585942
69.2,0.453297805786133,0.0075,0.304915528858117
69.2333333333333,0.453297805786133,0.0075,0.305276656415629
69.2666666666667,0.453297805786133,0.0075,0.305571774256092
69.3,0.453297805786133,0.0075,0.305811014834407
69.3333333333333,0.453297805786133,0.0075,0.306003060392735
69.3666666666667,0.453297805786133,0.0075,0.30615534371752
69.4,0.4533904393514,0.0075,0.306274221577704
69.4333333333333,0.4533904393514,0.0075,0.306204811745367
69.4666666666667,0.4533904393514,0.0075,0.306142994944979
69.5,0.4533904393514,0.0075,0.306087882621552
69.5333333333333,0.4533904393514,0.0075,0.30603869546292
69.5666666666667,0.4533904393514,0.0075,0.305994749522074
69.6,0.4533904393514,0.0075,0.30595544413858
69.6333333333333,0.4533904393514,0.0075,0.305920251423007
69.6666666666667,0.453495407104492,0.0075,0.305888707099504
69.7,0.453495407104492,0.0075,0.305678744049906
69.7333333333333,0.453495407104492,0.0075,0.305506713948471
69.7666666666667,0.453495407104492,0.0075,0.305366818343318
69.8,0.453495407104492,0.0075,0.305254087119898
69.8333333333333,0.453495407104492,0.0075,0.305164263940879
69.8666666666667,0.453495407104492,0.0075,0.305093707267429
69.9,0.453495407104492,0.0075,0.30503930486153
69.9333333333333,0.453495407104492,0.0075,0.304998399950688
69.9666666666667,0.453424135843913,0.0075,0.30496872748047
70,0.453424135843913,0.0075,0.305071702007974
70.0333333333333,0.453424135843913,0.0075,0.305158541002119
70.0666666666667,0.453424135843913,0.0075,0.30523157516992
70.1,0.453424135843913,0.0075,0.30529281109303
70.1333333333333,0.453424135843913,0.0075,0.305343975440586
70.1666666666667,0.453424135843913,0.0075,0.305386553212751
70.2,0.453585624694824,0.0075,0.305421820816411
70.2333333333333,0.453585624694824,0.0075,0.305171400084387
70.2666666666667,0.453585624694824,0.0075,0.304969634675507
70.3,0.453585624694824,0.0075,0.304808899360928
70.3333333333333,0.453585624694824,0.0075,0.304682670419499
70.3666666666667,0.453585624694824,0.0075,0.304585372448665
70.4,0.453585624694824,0.0075,0.304512246071754
70.4333333333333,0.453585624694824,0.0075,0.304459233720348
70.4666666666667,0.453511110941569,0.0075,0.304422881049212
70.5,0.453511110941569,0.0075,0.304529206283171
70.5333333333333,0.453511110941569,0.0075,0.304621880319245
70.5666666666667,0.453511110941569,0.0075,0.304702684148697
70.6,0.453511110941569,0.0075,0.304773164216731
70.6333333333333,0.453511110941569,0.0075,0.304834663477701
70.6666666666667,0.453511110941569,0.0075,0.304888348325836
70.7,0.453511110941569,0.0075,0.304935231950223
70.7333333333333,0.453425788879395,0.0075,0.304976194589672
70.7666666666667,0.453425788879395,0.0075,0.305159660505356
70.8,0.453425788879395,0.0075,0.305310142374267
70.8333333333333,0.453425788879395,0.0075,0.305432673256071
70.8666666666667,0.453425788879395,0.0075,0.305531567791786
70.9,0.453425788879395,0.0075,0.30561052152175
70.9333333333333,0.453425788879395,0.0075,0.305672696698172
70.9666666666667,0.453425788879395,0.0075,0.30572079641259
71,0.453453572591146,0.0075,0.305757128614395
71.0333333333333,0.453453572591146,0.0075,0.305735578553303
71.0666666666667,0.453453572591146,0.0075,0.305715183136423
71.1,0.453453572591146,0.0075,0.305695916515324
71.1333333333333,0.453453572591146,0.0075,0.305677746739714
71.1666666666667,0.453453572591146,0.0075,0.305660637282713
71.2,0.453453572591146,0.0075,0.305644548309704
71.2333333333333,0.453453572591146,0.0075,0.30562943772892
71.2666666666667,0.453385416666667,0.0075,0.305615262056514
71.3,0.453385416666667,0.0075,0.305719928601703
71.3333333333333,0.453385416666667,0.0075,0.305802681477881
71.3666666666667,0.453385416666667,0.0075,0.305867035671544
71.4,0.453385416666667,0.0075,0.305915993292493
71.4333333333333,0.453385416666667,0.0075,0.305952115252744
71.4666666666667,0.453385416666667,0.0075,0.305977583142638
71.5,0.453385416666667,0.0075,0.30599425262948
71.5333333333333,0.453476015726725,0.0075,0.306003699525995
71.5666666666667,0.453476015726725,0.0075,0.305850467678921
71.6,0.453476015726725,0.0075,0.305722733588951
71.6333333333333,0.453476015726725,0.0075,0.305616719894873
71.6666666666667,0.453476015726725,0.0075,0.305529181032768
71.7,0.453476015726725,0.0075,0.305457330231598
71.7333333333333,0.453476015726725,0.0075,0.305398776399087
71.7666666666667,0.453476015726725,0.0075,0.305351469567557
71.8,0.453538195292155,0.0075,0.305313653747585
71.8333333333333,0.453538195292155,0.0075,0.305176217474485
71.8666666666667,0.453538195292155,0.0075,0.305066249143423
71.9,0.453538195292155,0.0075,0.30497940487527
71.9333333333333,0.453538195292155,0.0075,0.304911970769813
71.9666666666667,0.453538195292155,0.0075,0.304860775122526
72,0.453538195292155,0.0075,0.304823112627971
72.0333333333333,0.453538195292155,0.0075,0.304796678950568
72.0666666666667,0.453470802307129,0.0075,0.304779514260962
72.1,0.453470802307129,0.0075,0.304886585649658
72.1333333333333,0.453470802307129,0.0075,0.304977346388781
72.1666666666667,0.453470802307129,0.0075,0.305054122871632
72.2,0.453470802307129,0.0075,0.305118920003159
72.2333333333333,0.453470802307129,0.0075,0.305173464907512
72.2666666666667,0.453470802307129,0.0075,0.305219244745141
72.3,0.453470802307129,0.0075,0.305257539429492
72.3333333333333,0.45336176554362,0.0075,0.305289449927703
72.3666666666667,0.45336176554362,0.0075,0.305504623096172
72.4,0.45336176554362,0.0075,0.305678759810951
72.4333333333333,0.45336176554362,0.0075,0.305818251867724
72.4666666666667,0.45336176554362,0.0075,0.305928570229985
72.5,0.45336176554362,0.0075,0.306014392919267
72.5333333333333,0.45336176554362,0.0075,0.306079715472267
72.5666666666667,0.45336176554362,0.0075,0.306127946317687
72.6,0.453421974182129,0.0075,0.306161989109787
72.6333333333333,0.453421974182129,0.0075,0.306080115975019
72.6666666666667,0.453421974182129,0.0075,0.306008728431237
72.7,0.453421974182129,0.0075,0.305946460511589
72.7333333333333,0.453421974182129,0.0075,0.305892125984656
72.7666666666667,0.453421974182129,0.0075,0.305844694568123
72.8,0.453421974182129,0.0075,0.305803271300669
72.8333333333333,0.453421974182129,0.0075,0.305767078651966
72.8666666666667,0.453476842244466,0.0075,0.30573544100662
72.9,0.453476842244466,0.0075,0.305612815865843
72.9333333333333,0.453476842244466,0.0075,0.305511970950531
72.9666666666667,0.453476842244466,0.0075,0.30542959748691
73,0.453476842244466,0.0075,0.305362858038862
73.0333333333333,0.453476842244466,0.0075,0.305309321414319
73.0666666666667,0.453476842244466,0.0075,0.30526690641842
73.1,0.453476842244466,0.0075,0.305233833261342
73.1333333333333,0.453476842244466,0.0075,0.305208581588639
73.1666666666667,0.45347359975179,0.0075,0.305189854240381
73.2,0.45347359975179,0.0075,0.305182157462879
73.2333333333333,0.45347359975179,0.0075,0.305177856610785
73.2666666666667,0.45347359975179,0.0075,0.3051763222679
73.3,0.45347359975179,0.0075,0.305177022105118
73.3333333333333,0.45347359975179,0.0075,0.305179506954229
73.3666666666667,0.45347359975179,0.0075,0.305183398811677
73.4,0.453421910603841,0.0075,0.305188380509513
73.4333333333333,0.453421910603841,0.0075,0.305283640698557
73.4666666666667,0.453421910603841,0.0075,0.305362243403922
73.5,0.453421910603841,0.0075,0.305426704495592
73.5333333333333,0.453421910603841,0.0075,0.305479182415742
73.5666666666667,0.453421910603841,0.0075,0.305521527473967
73.6,0.453421910603841,0.0075,0.305555324447695
73.6333333333333,0.453421910603841,0.0075,0.305581929389555
73.6666666666667,0.453473409016927,0.0075,0.305602501422508
73.7,0.453473409016927,0.0075,0.305528906414572
73.7333333333333,0.453473409016927,0.0075,0.30546830952686
73.7666666666667,0.453473409016927,0.0075,0.305418740247065
73.8,0.453473409016927,0.0075,0.305378508494811
73.8333333333333,0.453473409016927,0.0075,0.305346165911678
73.8666666666667,0.453473409016927,0.0075,0.305320472410872
73.9,0.453473409016927,0.0075,0.305300367277921
73.9333333333333,0.453372128804525,0.0075,0.305284944208828
73.9666666666667,0.453372128804525,0.0075,0.305448706530144
74,0.453372128804525,0.0075,0.305581896537877
74.0333333333333,0.453372128804525,0.0075,0.305689241783183
74.0666666666667,0.453372128804525,0.0075,0.305774790936304
74.1,0.453372128804525,0.0075,0.30584200792203
74.1333333333333,0.453372128804525,0.0075,0.305893853234112
74.1666666666667,0.453372128804525,0.0075,0.305932854158167
74.2,0.453514671325684,0.0075,0.30596116540057
74.2333333333333,0.453514671325684,0.0075,0.305733935587199
74.2666666666667,0.453514671325684,0.0075,0.305547010862427
74.3,0.453514671325684,0.0075,0.305394271278549
74.3333333333333,0.453514671325684,0.0075,0.305270468479667
74.3666666666667,0.453514671325684,0.0075,0.305171105345361
74.4,0.453514671325684,0.0075,0.305092331990749
74.4333333333333,0.453514671325684,0.0075,0.305030855919072
74.4666666666667,0.453462028503418,0.0075,0.304983864418482
74.5,0.453462028503418,0.0075,0.30504006186358
74.5333333333333,0.453462028503418,0.0075,0.305088719273749
74.5666666666667,0.453462028503418,0.0075,0.305130845493302
74.6,0.453462028503418,0.0075,0.305167314592632
74.6333333333333,0.453462028503418,0.0075,0.305198883857544
74.6666666666667,0.453462028503418,0.0075,0.305226209378565
74.7,0.453462028503418,0.0075,0.305249859560333
74.7333333333333,0.453350575764974,0.0075,0.305270326828482
74.7666666666667,0.453350575764974,0.0075,0.305480919248351
74.8,0.453350575764974,0.0075,0.30565190613562
74.8333333333333,0.453350575764974,0.0075,0.305789427365777
74.8666666666667,0.453350575764974,0.0075,0.305898740127899
74.9,0.453350575764974,0.0075,0.305984341389152
74.9333333333333,0.453350575764974,0.0075,0.306050073674948
74.9666666666667,0.453568267822266,0.0075,0.306099216415832
75,0.453568267822266,0.0075,0.305757824270123
75.0333333333333,0.453568267822266,0.0075,0.305477713346934
75.0666666666667,0.453568267822266,0.0075,0.305249537966371
75.1,0.453568267822266,0.0075,0.305065286107363
75.1333333333333,0.453568267822266,0.0075,0.304918095059531
75.1666666666667,0.453568267822266,0.0075,0.304802092141312
75.2,0.453568267822266,0.0075,0.304712257105889
75.2333333333333,0.45347220102946,0.0075,0.304644303309666
75.2666666666667,0.45347220102946,0.0075,0.304760829478525
75.3,0.45347220102946,0.0075,0.304860387295128
75.3333333333333,0.45347220102946,0.0075,0.304945345906371
75.3666666666667,0.45347220102946,0.0075,0.305017750619952
75.4,0.45347220102946,0.0075,0.30507936667571
75.4333333333333,0.45347220102946,0.0075,0.305131717136603
75.4666666666667,0.45347220102946,0.0075,0.30517611568666
75.5,0.453447151184082,0.0075,0.305213695018036
75.5333333333333,0.453447151184082,0.0075,0.305288782967243
75.5666666666667,0.453447151184082,0.0075,0.305350503869427
75.6,0.453447151184082,0.0075,0.305400890088345
75.6333333333333,0.453447151184082,0.0075,0.305441684365251
75.6666666666667,0.453447151184082,0.0075,0.305474379824624
75.7,0.453447151184082,0.0075,0.305500254542236
75.7333333333333,0.453447151184082,0.0075,0.305520401408308
75.7666666666667,0.453481356302897,0.0075,0.305535753920215
75.8,0.453481356302897,0.0075,0.305487912656616
75.8333333333333,0.453481356302897,0.0075,0.305448174424293
75.8666666666667,0.453481356302897,0.0075,0.305415330305084
75.9,0.453481356302897,0.0075,0.305388342148783
75.9333333333333,0.453481356302897,0.0075,0.305366319090112
75.9666666666667,0.453481356302897,0.0075,0.305348497249981
76,0.453481356302897,0.0075,0.305334222192491
76.0333333333333,0.453481356302897,0.0075,0.305322933766594
76.0666666666667,0.453424072265625,0.0075,0.305314153011029
76.1,0.453424072265625,0.0075,0.305406607300661
76.1333333333333,0.453424072265625,0.0075,0.30548168166125
76.1666666666667,0.453424072265625,0.0075,0.305542070021977
76.2,0.453424072265625,0.0075,0.305590079050964
76.2333333333333,0.453424072265625,0.0075,0.305627681882331
76.2666666666667,0.453424072265625,0.0075,0.305656564523705
76.3,0.453424072265625,0.0075,0.305678165931728
76.3333333333333,0.453565279642741,0.0075,0.305693712610607
76.3666666666667,0.453565279642741,0.0075,0.305459873258001
76.4,0.453565279642741,0.0075,0.305269065263214
76.4333333333333,0.453565279642741,0.0075,0.305114667657998
76.4666666666667,0.453565279642741,0.0075,0.304991008118636
76.5,0.453565279642741,0.0075,0.304893231571926
76.5333333333333,0.453565279642741,0.0075,0.304817186686196
76.5666666666667,0.453349494934082,0.0075,0.304759327835409
76.6,0.453349494934082,0.0075,0.30509007010711
76.6333333333333,0.453349494934082,0.0075,0.305361337657337
76.6666666666667,0.453349494934082,0.0075,0.305582206489835
76.7,0.453349494934082,0.0075,0.305760457053674
76.7333333333333,0.453349494934082,0.0075,0.305902753350765
76.7666666666667,0.453349494934082,0.0075,0.306014797687811
76.8,0.453349494934082,0.0075,0.306101464355487
76.8333333333333,0.453385416666667,0.0075,0.306166915077261
76.8666666666667,0.453385416666667,0.0075,0.306152532098626
76.9,0.453385416666667,0.0075,0.306135499776624
76.9333333333333,0.453385416666667,0.0075,0.306116511766623
76.9666666666667,0.453385416666667,0.0075,0.306096143863977
77,0.453385416666667,0.0075,0.306074871609859
77.0333333333333,0.453385416666667,0.0075,0.306053085408687
77.0666666666667,0.453385416666667,0.0075,0.306031103499447
77.1,0.453325398763021,0.0075,0.306009183076775
77.1333333333333,0.453325398763021,0.0075,0.306091397536457
77.1666666666667,0.453325398763021,0.0075,0.306153998968137
77.2,0.453325398763021,0.0075,0.306200247257142
77.2333333333333,0.453325398763021,0.0075,0.306232919575754
77.2666666666667,0.453325398763021,0.0075,0.306254378327256
77.3,0.453325398763021,0.0075,0.306266629763761
77.3333333333333,0.453325398763021,0.0075,0.306271374541222
77.3666666666667,0.453481356302897,0.0075,0.306270051305087
77.4,0.453481356302897,0.0075,0.305993972224694
77.4333333333333,0.453481356302897,0.0075,0.305766142220847
77.4666666666667,0.453481356302897,0.0075,0.305579275505468
77.5,0.453481356302897,0.0075,0.305427121276288
77.5333333333333,0.453481356302897,0.0075,0.305304320982203
77.5666666666667,0.453481356302897,0.0075,0.305206284972943
77.6,0.453481356302897,0.0075,0.305129085922191
77.6333333333333,0.453437741597494,0.0075,0.305069366763316
77.6666666666667,0.453437741597494,0.0075,0.305099741323416
77.7,0.453437741597494,0.0075,0.305127720459379
77.7333333333333,0.453437741597494,0.0075,0.305153500240659
77.7666666666667,0.453437741597494,0.0075,0.305177259785878
77.8,0.453437741597494,0.0075,0.305199162837822
77.8333333333333,0.453437741597494,0.0075,0.305219359179509
77.8666666666667,0.453437741597494,0.0075,0.305237985908698
77.9,0.453594843546549,0.0075,0.305255168586205
77.9333333333333,0.453594843546549,0.0075,0.304999139714857
77.9666666666667,0.453594843546549,0.0075,0.304794350295735
78,0.453594843546549,0.0075,0.304632693673981
78.0333333333333,0.453594843546549,0.0075,0.304507239094655
78.0666666666667,0.453594843546549,0.0075,0.304412067834264
78.1,0.453594843546549,0.0075,0.30434213170926
78.1333333333333,0.453594843546549,0.0075,0.304293130938575
78.1666666666667,0.453385416666667,0.0075,0.304261408743252
78.2,0.453385416666667,0.0075,0.304606297140585
78.2333333333333,0.453385416666667,0.0075,0.304892791911318
78.2666666666667,0.453385416666667,0.0075,0.305129603747833
78.3,0.453385416666667,0.0075,0.305324212980711
78.3333333333333,0.453385416666667,0.0075,0.305483038765169
78.3666666666667,0.453385416666667,0.0075,0.305611585326329
78.4,0.453385416666667,0.0075,0.305714568350682
78.4333333333333,0.453385416666667,0.0075,0.305796024197341
78.4666666666667,0.453385416666667,0.0075,0.30585940424423
78.5,0.453385416666667,0.0075,0.305907656373841
78.5333333333333,0.453385416666667,0.0075,0.30594329533422
78.5666666666667,0.453385416666667,0.0075,0.305968463477873
78.6,0.453385416666667,0.0075,0.30598498317946
78.6333333333333,0.453385416666667,0.0075,0.305994402058379
78.6666666666667,0.453385416666667,0.0075,0.305998031980945
78.7,0.453549893697103,0.0075,0.305996982685763
78.7333333333333,0.453549893697103,0.0075,0.305707544799496
78.7666666666667,0.453549893697103,0.0075,0.305470078490113
78.8,0.453549893697103,0.0075,0.305276656938244
78.8333333333333,0.453549893697103,0.0075,0.305120484566314
78.8666666666667,0.453549893697103,0.0075,0.304995740665887
78.9,0.453549893697103,0.0075,0.304897444287648
78.9333333333333,0.453549893697103,0.0075,0.304821337528242
78.9666666666667,0.453385416666667,0.0075,0.304763784732546
79,0.453385416666667,0.0075,0.305006331425864
79.0333333333333,0.453385416666667,0.0075,0.305206765500633
79.0666666666667,0.453385416666667,0.0075,0.305371430413501
79.1,0.453385416666667,0.0075,0.305505769532122
79.1333333333333,0.453385416666667,0.0075,0.305614450193916
79.1666666666667,0.453385416666667,0.0075,0.30570147092202
79.2,0.453385416666667,0.0075,0.30577025406663
79.2333333333333,0.453504371643066,0.0075,0.305823725835811
79.2666666666667,0.453504371643066,0.0075,0.305658520477693
79.3,0.453504371643066,0.0075,0.305522358852029
79.3333333333333,0.453504371643066,0.0075,0.305410845493203
79.3666666666667,0.453504371643066,0.0075,0.305320209977414
79.4,0.453504371643066,0.0075,0.305247220678384
79.4333333333333,0.453504371643066,0.0075,0.305189110238869
79.4666666666667,0.453504371643066,0.0075,0.30514351117971
79.5,0.453291829427083,0.0075,0.305108400279817
79.5333333333333,0.453291829427083,0.0075,0.305449878705351
79.5666666666667,0.453291829427083,0.0075,0.305727669267091
79.6,0.453291829427083,0.0075,0.305951617053426
79.6333333333333,0.453291829427083,0.0075,0.306130153599809
79.6666666666667,0.453291829427083,0.0075,0.306270492881221
79.7,0.453291829427083,0.0075,0.306378800611897
79.7333333333333,0.453566869099935,0.0075,0.306460340453105
79.7666666666667,0.453566869099935,0.0075,0.306043613220906
79.8,0.453566869099935,0.0075,0.305700274240564
79.8333333333333,0.453566869099935,0.0075,0.305419209843032
79.8666666666667,0.453566869099935,0.0075,0.305190887207473
79.9,0.453566869099935,0.0075,0.305007136200564
79.9333333333333,0.453566869099935,0.0075,0.304860960854027
79.9666666666667,0.453566869099935,0.0075,0.30474637648764
80,0.453492673238118,0.0075,0.304658269020352
80.0333333333333,0.453492673238118,0.0075,0.304720677742978
80.0666666666667,0.453492673238118,0.0075,0.304776700505651
80.1,0.453492673238118,0.0075,0.304827044528178
80.1333333333333,0.453492673238118,0.0075,0.304872333485519
80.1666666666667,0.453492673238118,0.0075,0.304913117845761
80.2,0.453492673238118,0.0075,0.304949883889418
80.2333333333333,0.453492673238118,0.0075,0.304983061581438
80.2666666666667,0.453492673238118,0.0075,0.305013031444767
80.3,0.453385416666667,0.0075,0.305040130564776
80.3333333333333,0.453385416666667,0.0075,0.305250277372818
80.3666666666667,0.453385416666667,0.0075,0.305422300144919
80.4,0.453385416666667,0.0075,0.305562035227966
80.4333333333333,0.453385416666667,0.0075,0.305674484653365
80.4666666666667,0.453385416666667,0.0075,0.305763931563225
80.5,0.453385416666667,0.0075,0.305834039934524
80.5333333333333,0.453385416666667,0.0075,0.305887940718094
80.5666666666667,0.453404172261556,0.0075,0.3059283062253
80.6,0.453404172261556,0.0075,0.305924955687122
80.6333333333333,0.453404172261556,0.0075,0.305918549952624
80.6666666666667,0.453404172261556,0.0075,0.305909757400119
80.7,0.453404172261556,0.0075,0.305899137835621
80.7333333333333,0.453404172261556,0.0075,0.305887158419252
80.7666666666667,0.453404172261556,0.0075,0.305874207360048
80.8,0.453404172261556,0.0075,0.305860605684767
80.8333333333333,0.453539657592773,0.0075,0.305846617344938
80.8666666666667,0.453539657592773,0.0075,0.305597985317435
80.9,0.453539657592773,0.0075,0.30539460101485
80.9333333333333,0.453539657592773,0.0075,0.305229529765857
80.9666666666667,0.453539657592773,0.0075,0.305096828726352
81,0.453539657592773,0.0075,0.304991409626703
81.0333333333333,0.453539657592773,0.0075,0.304908920192725
81.0666666666667,0.453539657592773,0.0075,0.304845641722728
81.1,0.453487396240234,0.0075,0.304798400640721
81.1333333333333,0.453487396240234,0.0075,0.304854936275109
81.1666666666667,0.453487396240234,0.0075,0.304905050281222
81.2,0.453487396240234,0.0075,0.304949515660424
81.2333333333333,0.453487396240234,0.0075,0.304989008549764
81.2666666666667,0.453487396240234,0.0075,0.305024120674911
81.3,0.453487396240234,0.0075,0.305055370177152
81.3333333333333,0.453498713175456,0.0075,0.305083211028681
81.3666666666667,0.453498713175456,0.0075,0.305088455995366
81.4,0.453498713175456,0.0075,0.30509481864241
81.4333333333333,0.453498713175456,0.0075,0.305102014513892
81.4666666666667,0.453498713175456,0.0075,0.305109807175842
81.5,0.453498713175456,0.0075,0.305118001060917
81.5333333333333,0.453498713175456,0.0075,0.305126435323198
81.5666666666667,0.453498713175456,0.0075,0.305134978564247
81.6,0.453498713175456,0.0075,0.305143524310391
81.6333333333333,0.453567695617676,0.0075,0.305151987137486
81.6666666666667,0.453567695617676,0.0075,0.30504091749433
81.7,0.453567695617676,0.0075,0.304952680583177
81.7333333333333,0.453567695617676,0.0075,0.304883634007386
81.7666666666667,0.453567695617676,0.0075,0.304830665597902
81.8,0.453567695617676,0.0075,0.304791119393845
81.8333333333333,0.453567695617676,0.0075,0.304762731739984
81.8666666666667,0.453567695617676,0.0075,0.304743576133738
81.9,0.45346851348877,0.0075,0.304732015637995
81.9333333333333,0.45346851348877,0.0075,0.304898307641947
81.9666666666667,0.45346851348877,0.0075,0.30503650996331
82,0.45346851348877,0.0075,0.305150808951197
82.0333333333333,0.45346851348877,0.0075,0.305244799900311
82.0666666666667,0.45346851348877,0.0075,0.305321568308521
82.1,0.45346851348877,0.0075,0.305383760117458
82.1333333333333,0.45346851348877,0.0075,0.30543364241868
82.1666666666667,0.453492673238118,0.0075,0.305473155909249
82.2,0.453492673238118,0.0075,0.305462149050417
82.2333333333333,0.453492673238118,0.0075,0.305451918639173
82.2666666666667,0.453492673238118,0.0075,0.305442412663228
82.3,0.453492673238118,0.0075,0.305433582205634
82.3333333333333,0.453492673238118,0.0075,0.305425381318262
82.3666666666667,0.453492673238118,0.0075,0.305417766890814
82.4,0.453492673238118,0.0075,0.305410698517566
82.4333333333333,0.453473218282064,0.0075,0.305404138363602
82.4666666666667,0.453473218282064,0.0075,0.305431720017154
82.5,0.453473218282064,0.0075,0.305453244574894
82.5333333333333,0.453473218282064,0.0075,0.305469697010188
82.5666666666667,0.453473218282064,0.0075,0.30548191774694
82.6,0.453473218282064,0.0075,0.305490622918191
82.6333333333333,0.453473218282064,0.0075,0.305496421850133
82.6666666666667,0.453473218282064,0.0075,0.30549983214694
82.7,0.453385416666667,0.0075,0.305501292701399
82.7333333333333,0.453385416666667,0.0075,0.305653125463297
82.7666666666667,0.453385416666667,0.0075,0.30577437280162
82.8,0.453385416666667,0.0075,0.305869883549599
82.8333333333333,0.453385416666667,0.0075,0.305943802579061
82.8666666666667,0.453385416666667,0.0075,0.305999668944043
82.9,0.453385416666667,0.0075,0.30604050061942
82.9333333333333,0.45347417195638,0.0075,0.306068867645672
82.9666666666667,0.45347417195638,0.0075,0.305933354256477
83,0.45347417195638,0.0075,0.305819055427887
83.0333333333333,0.45347417195638,0.0075,0.305722908054722
83.0666666666667,0.45347417195638,0.0075,0.305642274924209
83.1,0.45347417195638,0.0075,0.305574886627565
83.1333333333333,0.45347417195638,0.0075,0.305518791313805
83.1666666666667,0.45347417195638,0.0075,0.305472311232907
83.2,0.453548177083333,0.0075,0.305434005156391
83.2333333333333,0.453548177083333,0.0075,0.305274561706557
83.2666666666667,0.453548177083333,0.0075,0.305145707230499
83.3,0.453548177083333,0.0075,0.305042667792632
83.3333333333333,0.453548177083333,0.0075,0.304961357814602
83.3666666666667,0.453548177083333,0.0075,0.304898284430954
83.4,0.453548177083333,0.0075,0.304850464885337
83.4333333333333,0.453548177083333,0.0075,0.304815355207048
83.4666666666667,0.453466796875,0.0075,0.304790788643998
83.5,0.453466796875,0.0075,0.304915760117898
83.5333333333333,0.453466796875,0.0075,0.305020691358818
83.5666666666667,0.453466796875,0.0075,0.305108506132105
83.6,0.453466796875,0.0075,0.305181719604557
83.6333333333333,0.453466796875,0.0075,0.305242494222762
83.6666666666667,0.453466796875,0.0075,0.305292688036734
83.7,0.453466796875,0.0075,0.305333896483944
83.7333333333333,0.453545888264974,0.0075,0.305367488512856
83.7666666666667,0.453545888264974,0.0075,0.305257761279415
83.8,0.453545888264974,0.0075,0.305169008658587
83.8333333333333,0.453545888264974,0.0075,0.305097961158049
83.8666666666667,0.453545888264974,0.0075,0.305041820463982
83.9,0.453545888264974,0.0075,0.304998193990175
83.9333333333333,0.453545888264974,0.0075,0.304965038349722
83.9666666666667,0.453545888264974,0.0075,0.304940610545054
84,0.45350513458252,0.0075,0.304923425833667
84.0333333333333,0.45350513458252,0.0075,0.304982750188845
84.0666666666667,0.45350513458252,0.0075,0.305033373095346
84.1,0.45350513458252,0.0075,0.305076513743834
84.1333333333333,0.45350513458252,0.0075,0.305113224368808
84.1666666666667,0.45350513458252,0.0075,0.305144412837179
84.2,0.45350513458252,0.0075,0.305170862200623
84.2333333333333,0.45350513458252,0.0075,0.305193247618331
84.2666666666667,0.453425661722819,0.0075,0.305212151002479
84.3,0.453425661722819,0.0075,0.30536561039573
84.3333333333333,0.453425661722819,0.0075,0.305489981492755
84.3666666666667,0.453425661722819,0.0075,0.30558978575493
84.4,0.453425661722819,0.0075,0.305668893854093
84.4333333333333,0.453425661722819,0.0075,0.305730616016825
84.4666666666667,0.453425661722819,0.0075,0.305777780056564
84.5,0.453425661722819,0.0075,0.305812798755013
84.5333333333333,0.453476206461589,0.0075,0.305837728031306
84.5666666666667,0.453476206461589,0.0075,0.305766843800403
84.6,0.453476206461589,0.0075,0.305705984332844
84.6333333333333,0.453476206461589,0.0075,0.305653770244921
84.6666666666667,0.453476206461589,0.0075,0.305609009257051
84.7,0.453476206461589,0.0075,0.305570671009058
84.7333333333333,0.453476206461589,0.0075,0.305537865251133
84.7666666666667,0.453476206461589,0.0075,0.305509822959044
84.8,0.453584543863932,0.0075,0.305485879982475
84.8333333333333,0.453584543863932,0.0075,0.305277972852547
84.8666666666667,0.453584543863932,0.0075,0.30510927504732
84.9,0.453584543863932,0.0075,0.30497370236399
84.9333333333333,0.453584543863932,0.0075,0.304866045651094
84.9666666666667,0.453584543863932,0.0075,0.304781849377815
85,0.453584543863932,0.0075,0.304717306748626
85.0333333333333,0.453584543863932,0.0075,0.3046691691308
85.0666666666667,0.453385416666667,0.0075,0.304634667861943
85.1,0.453385416666667,0.0075,0.30495605873012
85.1333333333333,0.453385416666667,0.0075,0.305220230899057
85.1666666666667,0.453385416666667,0.0075,0.305435884350561
85.2,0.453385416666667,0.0075,0.305610479254513
85.2333333333333,0.453385416666667,0.0075,0.305750407226134
85.2666666666667,0.453385416666667,0.0075,0.305861139305537
85.3,0.453385416666667,0.0075,0.305947353796313
85.3333333333333,0.453515307108561,0.0075,0.306013046679185
85.3666666666667,0.453515307108561,0.0075,0.305836836963149
85.4,0.453515307108561,0.0075,0.305689794840036
85.4333333333333,0.453515307108561,0.0075,0.305567608459676
85.4666666666667,0.453515307108561,0.0075,0.305466572401724
85.5,0.453515307108561,0.0075,0.305383504469247
85.5333333333333,0.453515307108561,0.0075,0.305315673751598
85.5666666666667,0.453515307108561,0.0075,0.305260738440947
85.6,0.453492228190104,0.0075,0.305216692089897
85.6333333333333,0.453492228190104,0.0075,0.305221757832426
85.6666666666667,0.453492228190104,0.0075,0.305226819267528
85.7,0.453492228190104,0.0075,0.305231826946831
85.7333333333333,0.453492228190104,0.0075,0.305236741743548
85.7666666666667,0.453492228190104,0.0075,0.305241533198366
85.8,0.453492228190104,0.0075,0.305246178106592
85.8333333333333,0.453492228190104,0.0075,0.305250659312849
85.8666666666667,0.453512318929036,0.0075,0.30525496468422
85.9,0.453512318929036,0.0075,0.305224316957925
85.9333333333333,0.453512318929036,0.0075,0.305200189978941
85.9666666666667,0.453512318929036,0.0075,0.305181532866037
86,0.453512318929036,0.0075,0.305167448379834
86.0333333333333,0.453512318929036,0.0075,0.305157171429181
86.0666666666667,0.453512318929036,0.0075,0.305150050518474
86.1,0.453512318929036,0.0075,0.305145531738218
86.1333333333333,0.453529739379883,0.0075,0.305143144954511
86.1666666666667,0.453529739379883,0.0075,0.30511234385396
86.2,0.453529739379883,0.0075,0.305088757235342
86.2333333333333,0.453529739379883,0.0075,0.305071191535798
86.2666666666667,0.453529739379883,0.0075,0.305058629599006
86.3,0.453529739379883,0.0075,0.30505020586747
86.3333333333333,0.453529739379883,0.0075,0.305045184978412
86.3666666666667,0.453529739379883,0.0075,0.305042943302316
86.4,0.453529739379883,0.0075,0.305042953025146
86.4333333333333,0.453542264302572,0.0075,0.305044768428967
86.4666666666667,0.453542264302572,0.0075,0.305026338287601
86.5,0.453542264302572,0.0075,0.30501320564034
86.5333333333333,0.453542264302572,0.0075,0.305004452462957
86.5666666666667,0.453542264302572,0.0075,0.304999298913021
86.6,0.453542264302572,0.0075,0.304997083729593
86.6333333333333,0.453542264302572,0.0075,0.304997247333954
86.6666666666667,0.453542264302572,0.0075,0.304999317264696
86.7,0.453513145446777,0.0075,0.305002895629875
86.7333333333333,0.453513145446777,0.0075,0.305058041750094
86.7666666666667,0.453513145446777,0.0075,0.305104358501857
86.8,0.453513145446777,0.0075,0.305143133190011
86.8333333333333,0.453513145446777,0.0075,0.305175473275689
86.8666666666667,0.453513145446777,0.0075,0.30520233096689
86.9,0.453303718566895,0.0075,0.305224524484747
86.9333333333333,0.453303718566895,0.0075,0.305605193174848
86.9666666666667,0.453303718566895,0.0075,0.305912566789756
87,0.453303718566895,0.0075,0.306158097982658
87.0333333333333,0.453303718566895,0.0075,0.306351587168259
87.0666666666667,0.453303718566895,0.0075,0.306501412154455
87.1,0.453303718566895,0.0075,0.306614726460781
87.1333333333333,0.453303718566895,0.0075,0.306697630550606
87.1666666666667,0.453303718566895,0.0075,0.306755319636543
87.2,0.453455416361491,0.0075,0.306792211227067
87.2333333333333,0.453455416361491,0.0075,0.306549525095753
87.2666666666667,0.453455416361491,0.0075,0.306343626627409
87.3,0.453455416361491,0.0075,0.306169280643965
87.3333333333333,0.453455416361491,0.0075,0.306021974599495
87.3666666666667,0.453455416361491,0.0075,0.30589782039506
87.4,0.453455416361491,0.0075,0.305793469421625
87.4333333333333,0.453455416361491,0.0075,0.305706039057104
87.4666666666667,0.453357124328613,0.0075,0.305633049080895
87.5,0.453357124328613,0.0075,0.305742472070515
87.5333333333333,0.453357124328613,0.0075,0.30582954580353
87.5666666666667,0.453357124328613,0.0075,0.305897828541641
87.6,0.453357124328613,0.0075,0.305950361003185
87.6333333333333,0.453357124328613,0.0075,0.305989738582033
87.6666666666667,0.453357124328613,0.0075,0.306018173697809
87.7,0.453357124328613,0.0075,0.306037549611106
87.7333333333333,0.45319881439209,0.0075,0.306049466858222
87.7666666666667,0.45319881439209,0.0075,0.306329256419396
87.8,0.45319881439209,0.0075,0.306551228563501
87.8333333333333,0.45319881439209,0.0075,0.306724621164293
87.8666666666667,0.45319881439209,0.0075,0.306857326422684
87.9,0.45319881439209,0.0075,0.306956078783587
87.9333333333333,0.45319881439209,0.0075,0.307026617164099
87.9666666666667,0.45319881439209,0.0075,0.307073824965356
88,0.453324890136719,0.0075,0.307101850873902
88.0333333333333,0.453324890136719,0.0075,0.30689602482696
88.0666666666667,0.453324890136719,0.0075,0.306719614526565
88.1,0.453324890136719,0.0075,0.30656855086858
88.1333333333333,0.453324890136719,0.0075,0.306439318253164
88.1666666666667,0.453324890136719,0.0075,0.306328879967503
88.2,0.453324890136719,0.0075,0.306234613578391
88.2333333333333,0.453324890136719,0.0075,0.306154254995462
88.2666666666667,0.453404998779297,0.0075,0.306085850044795
88.3,0.453404998779297,0.0075,0.305889075549863
88.3333333333333,0.453404998779297,0.0075,0.305727865684099
88.3666666666667,0.453404998779297,0.0075,0.305596783226654
88.4,0.453404998779297,0.0075,0.305491167741845
88.4333333333333,0.453404998779297,0.0075,0.305407028145191
88.4666666666667,0.453404998779297,0.0075,0.30534094988187
88.5,0.453404998779297,0.0075,0.305290014747836
88.5333333333333,0.453433609008789,0.0075,0.30525173164803
88.5666666666667,0.453433609008789,0.0075,0.305174463601543
88.6,0.453433609008789,0.0075,0.305115469942215
88.6333333333333,0.453433609008789,0.0075,0.305071719888714
88.6666666666667,0.453433609008789,0.0075,0.305040631052667
88.7,0.453433609008789,0.0075,0.305020006351844
88.7333333333333,0.453433609008789,0.0075,0.305007979580963
88.7666666666667,0.453433609008789,0.0075,0.305002968467428
88.8,0.453379503885905,0.0075,0.305003634197047
88.8333333333333,0.453379503885905,0.0075,0.305102481519513
88.8666666666667,0.453379503885905,0.0075,0.305186855755664
88.9,0.453379503885905,0.0075,0.305258783057915
88.9333333333333,0.453379503885905,0.0075,0.305320012239229
88.9666666666667,0.453379503885905,0.0075,0.305372052287309
89,0.453379503885905,0.0075,0.305416204836977
89.0333333333333,0.453379503885905,0.0075,0.305453592275951
89.0666666666667,0.453346188863119,0.0075,0.305485182069004
89.1,0.453346188863119,0.0075,0.305569463193623
89.1333333333333,0.453346188863119,0.0075,0.305638372906452
89.1666666666667,0.453346188863119,0.0075,0.305694268853903
89.2,0.453346188863119,0.0075,0.305739171363261
89.2333333333333,0.453346188863119,0.0075,0.305774810130376
89.2666666666667,0.453346188863119,0.0075,0.305802664554735
89.3,0.453346188863119,0.0075,0.305823998578441
89.3333333333333,0.453395334879557,0.0075,0.305839890770724
89.3666666666667,0.453395334879557,0.0075,0.305766207602204
89.4,0.453395334879557,0.0075,0.305705195876716
89.4333333333333,0.453395334879557,0.0075,0.30565495386414
89.4666666666667,0.453395334879557,0.0075,0.305613849215151
89.5,0.453395334879557,0.0075,0.305580481864868
89.5333333333333,0.453395334879557,0.0075,0.305553651970555
89.5666666666667,0.453395334879557,0.0075,0.30553233220561
89.6,0.453463745117188,0.0075,0.305515643822956
89.6333333333333,0.453463745117188,0.0075,0.30538444438471
89.6666666666667,0.453463745117188,0.0075,0.30527932974947
89.7,0.453463745117188,0.0075,0.305196181567578
89.7333333333333,0.453463745117188,0.0075,0.30513147833347
89.7666666666667,0.453463745117188,0.0075,0.305082212248811
89.8,0.453463745117188,0.0075,0.305045817435735
89.8333333333333,0.453463745117188,0.0075,0.305020107967042
89.8666666666667,0.453381729125977,0.0075,0.305003224386162
89.9,0.453381729125977,0.0075,0.305135525446637
89.9333333333333,0.453381729125977,0.0075,0.305246346092987
89.9666666666667,0.453381729125977,0.0075,0.305338836617459
90,0.453381729125977,0.0075,0.305415705938483
90.0333333333333,0.453381729125977,0.0075,0.305479282040723
90.0666666666667,0.453381729125977,0.0075,0.305531564237926
90.1,0.453381729125977,0.0075,0.305574268357691
90.1333333333333,0.453361066182454,0.0075,0.305608865800098
90.1666666666667,0.453361066182454,0.0075,0.305672376837638
90.2,0.453361066182454,0.0075,0.305723220928726
90.2333333333333,0.453361066182454,0.0075,0.305763399960234
90.2666666666667,0.453361066182454,0.0075,0.305794625574073
90.3,0.453361066182454,0.0075,0.305818359605191
90.3333333333333,0.453361066182454,0.0075,0.305835848998248
90.3666666666667,0.453361066182454,0.0075,0.305848155948793
90.4,0.453294563293457,0.0075,0.305856183914634
90.4333333333333,0.453294563293457,0.0075,0.305975790770315
90.4666666666667,0.453294563293457,0.0075,0.30607032790559
90.5,0.453294563293457,0.0075,0.30614381787399
90.5333333333333,0.453294563293457,0.0075,0.306199696210024
90.5666666666667,0.453294563293457,0.0075,0.306240893475734
90.6,0.453294563293457,0.0075,0.306269906086171
90.6333333333333,0.453294563293457,0.0075,0.306288857430901
90.6666666666667,0.453245226542155,0.0075,0.306299550604846
90.7,0.453245226542155,0.0075,0.306388896671102
90.7333333333333,0.453245226542155,0.0075,0.306456329892778
90.7666666666667,0.453245226542155,0.0075,0.306505517341142
90.8,0.453245226542155,0.0075,0.306539581588872
90.8333333333333,0.453245226542155,0.0075,0.306561177450747
90.8666666666667,0.453245226542155,0.0075,0.306572558183613
90.9,0.453245226542155,0.0075,0.30657563257403
90.9333333333333,0.453321329752604,0.0075,0.306572014149905
90.9666666666667,0.453321329752604,0.0075,0.306431358438036
91,0.453321329752604,0.0075,0.306311928996794
91.0333333333333,0.453321329752604,0.0075,0.306210711391663
91.0666666666667,0.453321329752604,0.0075,0.30612510684704
91.1,0.453321329752604,0.0075,0.30605287580135
91.1333333333333,0.453321329752604,0.0075,0.305992089064449
91.1666666666667,0.453321329752604,0.0075,0.305941085557989
91.2,0.453321329752604,0.0075,0.305898435755748
91.2333333333333,0.453385416666667,0.0075,0.305862910059071
91.2666666666667,0.453385416666667,0.0075,0.305722541846665
91.3,0.453385416666667,0.0075,0.305608733933118
91.3333333333333,0.453385416666667,0.0075,0.305517360247967
91.3666666666667,0.453385416666667,0.0075,0.305444888444241
91.4,0.453385416666667,0.0075,0.305388297487007
91.4333333333333,0.453385416666667,0.0075,0.305345006472233
91.4666666666667,0.453385416666667,0.0075,0.305312813160531
91.5,0.453377723693848,0.0075,0.305289840913773
91.5333333333333,0.453377723693848,0.0075,0.305287806451695
91.5666666666667,0.453377723693848,0.0075,0.305289470673139
91.6,0.453377723693848,0.0075,0.305294084955356
91.6333333333333,0.453377723693848,0.0075,0.305301019533196
91.6666666666667,0.453377723693848,0.0075,0.30530974623218
91.7,0.453377723693848,0.0075,0.305319823609609
91.7333333333333,0.453463617960612,0.0075,0.305330884174766
91.7666666666667,0.453463617960612,0.0075,0.305193973733855
91.8,0.453463617960612,0.0075,0.305086174672566
91.8333333333333,0.453463617960612,0.0075,0.305002796266392
91.8666666666667,0.453463617960612,0.0075,0.304939833535506
91.9,0.453463617960612,0.0075,0.304893871316539
91.9333333333333,0.453463617960612,0.0075,0.304862001459877
91.9666666666667,0.453463617960612,0.0075,0.304841751377413
92,0.453463617960612,0.0075,0.304831022404271
92.0333333333333,0.453535334269206,0.0075,0.304828036644555
92.0666666666667,0.453535334269206,0.0075,0.304707178028338
92.1,0.453535334269206,0.0075,0.304615241285829
92.1333333333333,0.453535334269206,0.0075,0.304547415560596
92.1666666666667,0.453535334269206,0.0075,0.304499602595908
92.2,0.453535334269206,0.0075,0.304468316418068
92.2333333333333,0.453535334269206,0.0075,0.3044505967906
92.2666666666667,0.453535334269206,0.0075,0.304443934573693
92.3,0.453603871663411,0.0075,0.30444620737429
92.3333333333333,0.453603871663411,0.0075,0.304337012435839
92.3666666666667,0.453603871663411,0.0075,0.304256341346508
92.4,0.453603871663411,0.0075,0.30419935007225
92.4333333333333,0.453603871663411,0.0075,0.304161918030914
92.4666666666667,0.453603871663411,0.0075,0.304140545849468
92.5,0.453603871663411,0.0075,0.304132267184596
92.5333333333333,0.45357837677002,0.0075,0.304134572699431
92.5666666666667,0.45357837677002,0.0075,0.304189466320555
92.6,0.45357837677002,0.0075,0.304242529655952
92.6333333333333,0.45357837677002,0.0075,0.304293597627971
92.6666666666667,0.45357837677002,0.0075,0.304342557663
92.7,0.45357837677002,0.0075,0.304389340418065
92.7333333333333,0.45357837677002,0.0075,0.304433911913288
92.7666666666667,0.45357837677002,0.0075,0.304476266870133
92.8,0.453458213806152,0.0075,0.304516423082988
92.8333333333333,0.453458213806152,0.0075,0.304762372172125
92.8666666666667,0.453458213806152,0.0075,0.304966081637226
92.9,0.453458213806152,0.0075,0.305133887522153
92.9333333333333,0.453458213806152,0.0075,0.305271228584852
92.9666666666667,0.453458213806152,0.0075,0.305382769847109
93,0.453458213806152,0.0075,0.305472509379448
93.0333333333333,0.453458213806152,0.0075,0.30554387057822
93.0666666666667,0.453519439697266,0.0075,0.305599781889362
93.1,0.453519439697266,0.0075,0.305536787394365
93.1333333333333,0.453519439697266,0.0075,0.305483427009284
93.1666666666667,0.453519439697266,0.0075,0.305438324146299
93.2,0.453519439697266,0.0075,0.305400292622876
93.2333333333333,0.453519439697266,0.0075,0.305368310763066
93.2666666666667,0.453519439697266,0.0075,0.305341498990068
93.3,0.453519439697266,0.0075,0.305319100441734
93.3333333333333,0.453535588582357,0.0075,0.305300464203306
93.3666666666667,0.453535588582357,0.0075,0.305257083347723
93.4,0.453535588582357,0.0075,0.305221817562737
93.4333333333333,0.453535588582357,0.0075,0.305193411099693
93.4666666666667,0.453535588582357,0.0075,0.30517078859285
93.5,0.453535588582357,0.0075,0.305153030043106
93.5333333333333,0.453535588582357,0.0075,0.305139349209172
93.5666666666667,0.453535588582357,0.0075,0.3051290749465
93.6,0.453375180562337,0.0075,0.305121635095979
93.6333333333333,0.453375180562337,0.0075,0.305394146661451
93.6666666666667,0.453375180562337,0.0075,0.305615024572445
93.7,0.453375180562337,0.0075,0.305792293619894
93.7333333333333,0.453375180562337,0.0075,0.305932823629384
93.7666666666667,0.453375180562337,0.0075,0.306042489791564
93.8,0.453375180562337,0.0075,0.306126311142967
93.8333333333333,0.453375180562337,0.0075,0.306188570145739
93.8666666666667,0.453421719868978,0.0075,0.306232915918987
93.9,0.453421719868978,0.0075,0.306181911837726
93.9333333333333,0.453421719868978,0.0075,0.306134278314835
93.9666666666667,0.453421719868978,0.0075,0.306089821598578
94,0.453421719868978,0.0075,0.306048354715308
94.0333333333333,0.453421719868978,0.0075,0.306009697986031
94.0666666666667,0.453421719868978,0.0075,0.305973679368236
94.1,0.453421719868978,0.0075,0.305940134654169
94.1333333333333,0.453421719868978,0.0075,0.305908907552004
94.1666666666667,0.453461265563965,0.0075,0.305879849672277
94.2,0.453461265563965,0.0075,0.305784382174496
94.2333333333333,0.453461265563965,0.0075,0.305704016381182
94.2666666666667,0.453461265563965,0.0075,0.305636561880768
94.3,0.453461265563965,0.0075,0.305580133498257
94.3333333333333,0.453461265563965,0.0075,0.305533109614504
94.3666666666667,0.453461265563965,0.0075,0.305494096116164
94.4,0.453461265563965,0.0075,0.305461895220087
94.4333333333333,0.453412946065267,0.0075,0.305435478517175
94.4666666666667,0.453412946065267,0.0075,0.305497585984561
94.5,0.453412946065267,0.0075,0.305547702980537
94.5333333333333,0.453412946065267,0.0075,0.305587704722622
94.5666666666667,0.453412946065267,0.0075,0.305619195791136
94.6,0.453412946065267,0.0075,0.305643547750199
94.6333333333333,0.453412946065267,0.0075,0.305661931638118
94.6666666666667,0.453412946065267,0.0075,0.305675346019757
94.7,0.453555488586426,0.0075,0.305684641200534
94.7333333333333,0.453555488586426,0.0075,0.305443854288603
94.7666666666667,0.453555488586426,0.0075,0.305247885662649
94.8,0.453555488586426,0.0075,0.305089811952976
94.8333333333333,0.453555488586426,0.0075,0.304963703535649
94.8666666666667,0.453555488586426,0.0075,0.304864486768624
94.9,0.453555488586426,0.0075,0.304787824988786
94.9333333333333,0.453555488586426,0.0075,0.304730015739182
94.9666666666667,0.453527450561523,0.0075,0.304687902035368
95,0.453527450561523,0.0075,0.304707318723156
95.0333333333333,0.453527450561523,0.0075,0.304728094463276
95.0666666666667,0.453527450561523,0.0075,0.304749753786375
95.1,0.453527450561523,0.0075,0.304771906552038
95.1333333333333,0.453527450561523,0.0075,0.304794234936802
95.1666666666667,0.453527450561523,0.0075,0.304816482278956
95.2,0.453527450561523,0.0075,0.304838443523471
95.2333333333333,0.453480084737142,0.0075,0.304859957045292
95.2666666666667,0.453480084737142,0.0075,0.304962869535119
95.3,0.453480084737142,0.0075,0.305049296962173
95.3333333333333,0.453480084737142,0.0075,0.305121643306308
95.3666666666667,0.453480084737142,0.0075,0.305181976664524
95.4,0.453480084737142,0.0075,0.305232075179634
95.4333333333333,0.453480084737142,0.0075,0.305273466759814
95.4666666666667,0.453480084737142,0.0075,0.305307463423289
95.5,0.453642781575521,0.0075,0.305335190990669
95.5333333333333,0.453642781575521,0.0075,0.305076049610005
95.5666666666667,0.453642781575521,0.0075,0.304866762679945
95.6,0.453642781575521,0.0075,0.304699542376803
95.6333333333333,0.453642781575521,0.0075,0.304567724265979
95.6666666666667,0.453642781575521,0.0075,0.304465611180277
95.7,0.453642781575521,0.0075,0.30438833838675
95.7333333333333,0.453642781575521,0.0075,0.304331757168384
95.7666666666667,0.453584861755371,0.0075,0.304292334332732
95.8,0.453584861755371,0.0075,0.304367302243738
95.8333333333333,0.453584861755371,0.0075,0.304434531897558
95.8666666666667,0.453584861755371,0.0075,0.304494886800364
95.9,0.453584861755371,0.0075,0.30454912786564
95.9333333333333,0.453584861755371,0.0075,0.304597926158421
95.9666666666667,0.453584861755371,0.0075,0.304641874009975
96,0.453584861755371,0.0075,0.304681494715009
96.0333333333333,0.453592109680176,0.0075,0.304717250995593
96.0666666666667,0.453592109680176,0.0075,0.304737009044362
96.1,0.453592109680176,0.0075,0.304756095410147
96.1333333333333,0.453592109680176,0.0075,0.304774453357905
96.1666666666667,0.453592109680176,0.0075,0.304792044621287
96.2,0.453592109680176,0.0075,0.304808846127403
96.2333333333333,0.453592109680176,0.0075,0.304824847218872
96.2666666666667,0.453592109680176,0.0075,0.304840047302323
96.3,0.453592109680176,0.0075,0.304854453862312
96.3333333333333,0.45346253712972,0.0075,0.304868080788069
96.3666666666667,0.45346253712972,0.0075,0.305105186810207
96.4,0.45346253712972,0.0075,0.305298285069816
96.4333333333333,0.45346253712972,0.0075,0.305454167034924
96.4666666666667,0.45346253712972,0.0075,0.305578649791011
96.5,0.45346253712972,0.0075,0.305676711090717
96.5333333333333,0.45346253712972,0.0075,0.3057526060144
96.5666666666667,0.453430620829264,0.0075,0.305809967721952
96.6,0.453430620829264,0.0075,0.305907129183793
96.6333333333333,0.453430620829264,0.0075,0.305980835852763
96.6666666666667,0.453430620829264,0.0075,0.306034997653248
96.7,0.453430620829264,0.0075,0.306072944853433
96.7333333333333,0.453430620829264,0.0075,0.306097509700674
96.7666666666667,0.453430620829264,0.0075,0.306111096848085
96.8,0.453430620829264,0.0075,0.306115744090998
96.8333333333333,0.453509966532389,0.0075,0.306113174727661
96.8666666666667,0.453509966532389,0.0075,0.305967526036233
96.9,0.453509966532389,0.0075,0.305843834948174
96.9333333333333,0.453509966532389,0.0075,0.305738984628244
96.9666666666667,0.453509966532389,0.0075,0.305650287917997
97,0.453509966532389,0.0075,0.305575428994689
97.0333333333333,0.453509966532389,0.0075,0.305512412887313
97.0666666666667,0.453509966532389,0.0075,0.305459521796324
97.1,0.453533999125163,0.0075,0.305415277304482
97.1333333333333,0.453533999125163,0.0075,0.305336816589011
97.1666666666667,0.453533999125163,0.0075,0.305272662940915
97.2,0.453533999125163,0.0075,0.305220622114232
97.2333333333333,0.453533999125163,0.0075,0.305178813793784
97.2666666666667,0.453533999125163,0.0075,0.305145628145315
97.3,0.453533999125163,0.0075,0.305119688277635
97.3333333333333,0.453533999125163,0.0075,0.305099817819651
97.3666666666667,0.453439776102702,0.0075,0.305085012922126
97.4,0.453439776102702,0.0075,0.305237481603036
97.4333333333333,0.453439776102702,0.0075,0.305361967305397
97.4666666666667,0.453439776102702,0.0075,0.305462771575156
97.5,0.453439776102702,0.0075,0.305543579897576
97.5333333333333,0.453439776102702,0.0075,0.305607547007997
97.5666666666667,0.453439776102702,0.0075,0.305657370591617
97.6,0.453439776102702,0.0075,0.305695354938001
97.6333333333333,0.453645833333333,0.0075,0.305723465906
97.6666666666667,0.453645833333333,0.0075,0.305386773206291
97.7,0.453645833333333,0.0075,0.30511211802936
97.7333333333333,0.453645833333333,0.0075,0.30488995078052
97.7666666666667,0.453645833333333,0.0075,0.304712090395278
97.8,0.453645833333333,0.0075,0.304571534769062
97.8333333333333,0.453645833333333,0.0075,0.304462296992153
97.8666666666667,0.453645833333333,0.0075,0.304379263909688
97.9,0.45349292755127,0.0075,0.304318073993559
97.9333333333333,0.45349292755127,0.0075,0.304539632536259
97.9666666666667,0.45349292755127,0.0075,0.30472509714026
98,0.45349292755127,0.0075,0.304879768747573
98.0333333333333,0.45349292755127,0.0075,0.305008205103497
98.0666666666667,0.45349292755127,0.0075,0.305114322562943
98.1,0.45349292755127,0.0075,0.30520148412033
98.1333333333333,0.45349292755127,0.0075,0.305272575514995
98.1666666666667,0.45349292755127,0.0075,0.305330071015988
98.2,0.453575706481934,0.0075,0.305376090275254
98.2333333333333,0.453575706481934,0.0075,0.305269189221001
98.2666666666667,0.453575706481934,0.0075,0.305181820555903
98.3,0.453575706481934,0.0075,0.305110986494293
98.3333333333333,0.453575706481934,0.0075,0.305054118282568
98.3666666666667,0.453575706481934,0.0075,0.305009016808984
98.4,0.453575706481934,0.0075,0.304973801295076
98.4333333333333,0.453575706481934,0.0075,0.304946864979006
98.4666666666667,0.453385416666667,0.0075,0.304926836847347
98.5,0.453385416666667,0.0075,0.305241866482823
98.5333333333333,0.453385416666667,0.0075,0.305498096122988
98.5666666666667,0.453385416666667,0.0075,0.305704617670415
98.6,0.453385416666667,0.0075,0.305869217462646
98.6333333333333,0.453385416666667,0.0075,0.305998557302547
98.6666666666667,0.453385416666667,0.0075,0.306098330832883
98.7,0.45349858601888,0.0075,0.306173398581202
98.7333333333333,0.45349858601888,0.0075,0.306032052288036
98.7666666666667,0.45349858601888,0.0075,0.305911464353378
98.8,0.45349858601888,0.0075,0.30580872447016
98.8333333333333,0.45349858601888,0.0075,0.305721320995509
98.8666666666667,0.45349858601888,0.0075,0.305647087003715
98.9,0.45349858601888,0.0075,0.305584153591148
98.9333333333333,0.45349858601888,0.0075,0.305530909461808
98.9666666666667,0.45349858601888,0.0075,0.305485965952017
99,0.453494008382161,0.0075,0.30544812676526
99.0333333333333,0.453494008382161,0.0075,0.305424283899841
99.0666666666667,0.453494008382161,0.0075,0.305404099985992
99.1,0.453494008382161,0.0075,0.305387051393657
99.1333333333333,0.453494008382161,0.0075,0.305372686976249
99.1666666666667,0.453494008382161,0.0075,0.305360618207462
99.2,0.453494008382161,0.0075,0.305350510647997
99.2333333333333,0.453494008382161,0.0075,0.305342076563754
99.2666666666667,0.453640111287435,0.0075,0.305335068540958
99.3,0.453640111287435,0.0075,0.30507642648746
99.3333333333333,0.453640111287435,0.0075,0.304867605196154
99.3666666666667,0.453640111287435,0.0075,0.304700818883776
99.4,0.453640111287435,0.0075,0.304569405066802
99.4333333333333,0.453640111287435,0.0075,0.30446766843807
99.4666666666667,0.453640111287435,0.0075,0.30439074603315
99.5,0.453640111287435,0.0075,0.30433449081257
99.5333333333333,0.453611310323079,0.0075,0.304295371171788
99.5666666666667,0.453611310323079,0.0075,0.304320227526579
99.6,0.453611310323079,0.0075,0.304347049747638
99.6333333333333,0.453611310323079,0.0075,0.304375182168003
99.6666666666667,0.453611310323079,0.0075,0.304404085876568
99.7,0.453611310323079,0.0075,0.304433320964235
99.7333333333333,0.453611310323079,0.0075,0.30446253130022
99.7666666666667,0.453611310323079,0.0075,0.304491431488991
99.8,0.453393427530924,0.0075,0.304519795705865
99.8333333333333,0.453393427530924,0.0075,0.30492451877842
99.8666666666667,0.453393427530924,0.0075,0.305255635916191
99.9,0.453393427530924,0.0075,0.305524425336042
99.9333333333333,0.453393427530924,0.0075,0.305740552365595
99.9666666666667,0.453393427530924,0.0075,0.305912292628978
100,0.453393427530924,0.0075,0.306046724868208
