0,0.628596496582031,0,0
0.0333333333333333,0.628596496582031,0,-0.0494894471460459
0.0666666666666667,0.628596496582031,0,-0.0897592505072609
0.1,0.628596496582031,0,-0.122238975816851
0.133333333333333,0.628596496582031,-0.0015,-0.133152652061588
0.166666666666667,0.628596496582031,-0.003,-0.138547289047414
0.2,0.628596496582031,-0.006,-0.124317509689742
0.233333333333333,0.628596496582031,-0.009,-0.106226821246618
0.266666666666667,0.188177680969238,-0.0105,-0.0999259793564515
0.3,0.188177680969238,-0.0135,0.686225357382255
0.333333333333333,0.188177680969238,-0.009,1.25756928731523
0.366666666666667,0.188177680969238,0.0105,1.56072356362873
0.4,0.188177680969238,0.045,1.61420169740879
0.433333333333333,0.188177680969238,0.0825,1.55384339417463
0.466666666666667,0.188020833333333,0.12,1.42318636623541
0.5,0.188020833333333,0.162,1.18905887174178
0.533333333333333,0.188020833333333,0.21,0.845992046953985
0.566666666666667,0.188020833333333,0.2565,0.47738249855416
0.6,0.188448270161947,0.2955,0.150367802530816
0.633333333333333,0.188448270161947,0.318,-0.0397349560123994
0.666666666666667,0.188448270161947,0.3285,-0.131918469652809
0.7,0.187357012430827,0.3285,-0.136868864342837
0.733333333333333,0.187357012430827,0.3285,-0.15406100212825
0.766666666666667,0.187357012430827,0.321,-0.107678025839018
0.8,0.185416666666667,0.312,-0.0551032294801995
0.833333333333333,0.185416666666667,0.3,0.0242076886290582
0.866666666666667,0.184375,0.291,0.0680905506917129
0.9,0.184375,0.2895,0.034952077392631
0.933333333333333,0.184375,0.2895,-0.0160217681779617
0.966666666666667,0.184375,0.2895,-0.0686917130296044
1,0.184375,0.2895,-0.122127125476105
1.03333333333333,0.184375,0.2895,-0.175573967276332
1.06666666666667,0.184375,0.288,-0.213427334035351
1.1,0.184375,0.2865,-0.250207948603283
1.13333333333333,0.184375,0.276,-0.195542058662186
1.16666666666667,0.184375,0.27,-0.184144264486486
1.2,0.188941891988118,0.261,-0.140802867564311
1.23333333333333,0.188941891988118,0.255,-0.133270905925909
1.26666666666667,0.188941891988118,0.249,-0.122072587985619
1.3,0.188941891988118,0.243,-0.10737790602601
1.33333333333333,0.188941891988118,0.24,-0.119357952757195
1.36666666666667,0.188941891988118,0.2355,-0.113183003175244
1.4,0.188941891988118,0.234,-0.134020984206512
1.43333333333333,0.188941891988118,0.231,-0.137036270591862
1.46666666666667,0.204427083333333,0.2295,-0.152388754404464
1.5,0.23359375,0.2265,-0.177032005044451
1.53333333333333,0.237661552429199,0.2235,-0.244799865241549
1.56666666666667,0.237661552429199,0.219,-0.288769545784659
1.6,0.241502507527669,0.2115,-0.287847358210937
1.63333333333333,0.241502507527669,0.2025,-0.265829556926918
1.66666666666667,0.241502507527669,0.1935,-0.231680922407515
1.7,0.241502507527669,0.1845,-0.18718580763585
1.73333333333333,0.241502507527669,0.174,-0.118878211235038
1.76666666666667,0.24565970102946,0.1665,-0.0730760853192555
1.8,0.26796875,0.1605,-0.0431054898286631
1.83333333333333,0.26796875,0.156,-0.0600107824982923
1.86666666666667,0.26796875,0.1515,-0.0640311931925833
1.9,0.26796875,0.1485,-0.0721727628983707
1.93333333333333,0.26796875,0.147,-0.0861525899904084
1.96666666666667,0.273219744364421,0.1455,-0.0924389562281155
2,0.273219744364421,0.1455,-0.116373418483922
2.03333333333333,0.273219744364421,0.144,-0.118245483566504
2.06666666666667,0.3046875,0.1425,-0.114229139024985
2.1,0.31511402130127,0.138,-0.12978300675957
2.13333333333333,0.31511402130127,0.1335,-0.149198278300799
2.16666666666667,0.31511402130127,0.1305,-0.168364725593088
2.2,0.31511402130127,0.1245,-0.144762943907456
2.23333333333333,0.31511402130127,0.117,-0.0955094338575328
2.26666666666667,0.319956143697103,0.1125,-0.0674076330133438
2.3,0.344755045572917,0.1095,-0.0553717943393343
2.33333333333333,0.349900817871094,0.108,-0.0936816360666061
2.36666666666667,0.349900817871094,0.105,-0.111677137038552
2.4,0.3546875,0.1005,-0.10117607192503
2.43333333333333,0.3546875,0.0975,-0.102747850627774
2.46666666666667,0.3546875,0.0975,-0.123509894526495
2.5,0.3546875,0.0975,-0.135353257591546
2.53333333333333,0.36492862701416,0.096,-0.124883330431186
2.56666666666667,0.385241254170736,0.0945,-0.126183847196545
2.6,0.390413602193197,0.0885,-0.109533109587714
2.63333333333333,0.390413602193197,0.0855,-0.118662534972893
2.66666666666667,0.390413602193197,0.084,-0.130223336890724
2.7,0.390413602193197,0.081,-0.116403223642968
2.73333333333333,0.390413602193197,0.075,-0.0640600549261457
2.76666666666667,0.390413602193197,0.072,-0.0347686654891217
2.8,0.390413602193197,0.0705,-0.0148612336687647
2.83333333333333,0.395439084370931,0.0705,-0.00546207128572659
2.86666666666667,0.427373059590658,0.0705,-0.00121475433384172
2.9,0.427373059590658,0.0705,-0.0478615353875302
2.93333333333333,0.427373059590658,0.0705,-0.0807570942953433
2.96666666666667,0.427373059590658,0.0705,-0.102266613446066
3,0.442005475362142,0.0705,-0.114400288034372
3.03333333333333,0.459820938110352,0.069,-0.12918664940495
3.06666666666667,0.459820938110352,0.0675,-0.163860910816154
3.1,0.464453125,0.063,-0.153799300683173
3.13333333333333,0.464453125,0.0585,-0.139563692122925
3.16666666666667,0.4686066309611,0.0525,-0.0988068272035784
3.2,0.4686066309611,0.0465,-0.0557826738252896
3.23333333333333,0.4686066309611,0.0435,-0.0337149447872167
3.26666666666667,0.47297633488973,0.0405,-0.00429221289178092
3.3,0.47297633488973,0.039,0.00849581198167068
3.33333333333333,0.47297633488973,0.0375,0.0274163863452625
3.36666666666667,0.493909549713135,0.0375,0.036238573220875
3.4,0.493909549713135,0.0375,0.01269908552082
3.43333333333333,0.506024297078451,0.0375,-0.00109520051044351
3.46666666666667,0.506024297078451,0.0375,-0.027883755909266
3.5,0.506024297078451,0.0375,-0.0442965249653068
3.53333333333333,0.52261864344279,0.0375,-0.0522079216602396
3.56666666666667,0.52261864344279,0.0375,-0.0819242219500511
3.6,0.52261864344279,0.0375,-0.100719262024516
3.63333333333333,0.52261864344279,0.0345,-0.0805546008297494
3.66666666666667,0.52261864344279,0.0315,-0.0530925865041654
3.7,0.52261864344279,0.0315,-0.0497390588801594
3.73333333333333,0.52261864344279,0.0315,-0.0416801490432553
3.76666666666667,0.52261864344279,0.0315,-0.0299139786062172
3.8,0.52261864344279,0.0315,-0.0152779531719674
3.83333333333333,0.52261864344279,0.03,0.0165277492133365
3.86666666666667,0.52261864344279,0.03,0.034919974918346
3.9,0.52261864344279,0.03,0.0544152274116965
3.93333333333333,0.52261864344279,0.03,0.0746147470743914
3.96666666666667,0.538368447621663,0.03,0.095191702055438
4,0.538368447621663,0.03,0.0886233956617399
4.03333333333333,0.538368447621663,0.03,0.0870300692647617
4.06666666666667,0.538368447621663,0.03,0.0894534554244556
4.1,0.538368447621663,0.03,0.0950850389819574
4.13333333333333,0.538368447621663,0.03,0.10324445155113
4.16666666666667,0.538368447621663,0.03,0.113360868873952
4.2,0.538368447621663,0.03,0.124957001554918
4.23333333333333,0.562788105010986,0.03,0.137635324966092
4.26666666666667,0.562788105010986,0.03,0.108805283875991
4.3,0.562788105010986,0.03,0.0883290087097237
4.33333333333333,0.562788105010986,0.03,0.0747629263734882
4.36666666666667,0.562788105010986,0.03,0.0668805173783815
4.4,0.562788105010986,0.03,0.0636415434839822
4.43333333333333,0.562788105010986,0.03,0.0641655148627473
4.46666666666667,0.562788105010986,0.03,0.067708821338695
4.5,0.583393224080404,0.03,0.0736450297385986
4.53333333333333,0.583393224080404,0.03,0.0457884451217301
4.56666666666667,0.583393224080404,0.03,0.0260011063945773
4.6,0.583393224080404,0.03,0.0128853651841631
4.63333333333333,0.583393224080404,0.03,0.0052539079825431
4.66666666666667,0.583393224080404,0.03,0.00209992400412945
4.7,0.583393224080404,0.03,0.00257138389397386
4.73333333333333,0.59670664469401,0.03,0.00594887124302852
4.76666666666667,0.603717645009359,0.03,-0.0114138847229433
4.8,0.603717645009359,0.03,-0.0348263635661603
4.83333333333333,0.603717645009359,0.03,-0.0509863356959787
4.86666666666667,0.603717645009359,0.03,-0.061169336252446
4.9,0.603717645009359,0.03,-0.0664578322387686
4.93333333333333,0.603717645009359,0.03,-0.0677686790186956
4.96666666666667,0.603717645009359,0.03,-0.0658767881876696
5,0.603717645009359,0.03,-0.061435521490569
5.03333333333333,0.604599221547445,0.03,-0.0549942561260502
5.06666666666667,0.604599221547445,0.03,-0.0485391738935777
5.1,0.604599221547445,0.03,-0.0406450473627737
5.13333333333333,0.604599221547445,0.03,-0.0316759512772614
5.16666666666667,0.604599221547445,0.03,-0.0219345818895427
5.2,0.604599221547445,0.03,-0.0116713974385401
5.23333333333333,0.604599221547445,0.03,-0.00109246859017628
5.26666666666667,0.604599221547445,0.03,0.00963378383919623
5.3,0.613475513458252,0.03,0.0203708105954958
5.33333333333333,0.613475513458252,0.03,0.0156475631886811
5.36666666666667,0.613475513458252,0.03,0.0136002713441803
5.4,0.613475513458252,0.03,0.0137173093971889
5.43333333333333,0.613475513458252,0.03,0.0155668089035409
5.46666666666667,0.613475513458252,0.03,0.0187851641681233
5.5,0.62404514948527,0.03,0.0230671344832013
5.53333333333333,0.62404514948527,0.03,0.00986538387076782
5.56666666666667,0.632153002421061,0.03,0.00066667761682241
5.6,0.632153002421061,0.03,-0.01926557787093
5.63333333333333,0.632153002421061,0.03,-0.0338840932934266
5.66666666666667,0.632153002421061,0.03,-0.0441008717613472
5.7,0.632153002421061,0.03,-0.0506911476455785
5.73333333333333,0.632153002421061,0.03,-0.0543127529893822
5.76666666666667,0.632153002421061,0.03,-0.0555228174638026
5.8,0.632153002421061,0.03,-0.054792163674881
5.83333333333333,0.635343933105469,0.03,-0.0525177109219467
5.86666666666667,0.635343933105469,0.03,-0.0545554220414766
5.9,0.635343933105469,0.03,-0.0546339382317001
5.93333333333333,0.635343933105469,0.03,-0.0531463431052705
5.96666666666667,0.635343933105469,0.03,-0.0504234810396102
6,0.635343933105469,0.03,-0.0467429882839524
6.03333333333333,0.635343933105469,0.03,-0.0423370653182959
6.06666666666667,0.635343933105469,0.03,-0.0373991623670287
6.1,0.6467911084493,0.03,-0.0320897267462761
6.13333333333333,0.648116620381673,0.03,-0.0463517624389553
6.16666666666667,0.648116620381673,0.03,-0.0590865284666671
6.2,0.648116620381673,0.03,-0.0682333490253433
6.23333333333333,0.648116620381673,0.03,-0.0744197629471318
6.26666666666667,0.648116620381673,0.03,-0.0781785205257356
6.3,0.648116620381673,0.03,-0.0799610505776659
6.33333333333333,0.648116620381673,0.03,-0.0801490701359169
6.36666666666667,0.648116620381673,0.03,-0.0790645890283457
6.4,0.648116620381673,0.03,-0.0769785276162996
6.43333333333333,0.648116620381673,0.03,-0.0741181365480867
6.46666666666667,0.648116620381673,0.03,-0.0706733819074148
6.5,0.648116620381673,0.03,-0.0668024370809363
6.53333333333333,0.645971202850342,0.03,-0.0626364035741308
6.56666666666667,0.645971202850342,0.03,-0.0545704806244519
6.6,0.645971202850342,0.03,-0.0470977968645123
6.63333333333333,0.645971202850342,0.03,-0.0401831026539765
6.66666666666667,0.645971202850342,0.03,-0.0337925799991522
6.7,0.645971202850342,0.03,-0.0278938952718726
6.73333333333333,0.645971202850342,0.03,-0.0224562267419426
6.76666666666667,0.645971202850342,0.03,-0.0174502716347013
6.8,0.634635416666667,0.03,-0.0128482366961739
6.83333333333333,0.624481519063314,0.03,0.0109940347510797
6.86666666666667,0.624481519063314,0.03,0.0484012937870525
6.9,0.624481519063314,0.03,0.0791175425546948
6.93333333333333,0.624481519063314,0.03,0.104157667319901
6.96666666666667,0.624481519063314,0.03,0.124392086818439
7,0.624481519063314,0.03,0.140566696546429
7.03333333333333,0.624481519063314,0.03,0.153320102982314
7.06666666666667,0.624481519063314,0.03,0.163198512871396
7.1,0.624481519063314,0.03,0.170668593737535
7.13333333333333,0.624481519063314,0.03,0.17612857936993
7.16666666666667,0.624481519063314,0.03,0.179917857291353
7.2,0.624481519063314,0.03,0.182325243389528
7.23333333333333,0.624481519063314,0.03,0.183596121328605
7.26666666666667,0.624481519063314,0.03,0.183938600483744
7.3,0.616772810618083,0.03,0.183528825465326
7.33333333333333,0.616772810618083,0.03,0.195856337620548
7.36666666666667,0.616772810618083,0.03,0.205220338494945
7.4,0.616772810618083,0.03,0.212111453464942
7.43333333333333,0.616772810618083,0.03,0.216947773745559
7.46666666666667,0.616772810618083,0.03,0.220085058114931
7.5,0.616772810618083,0.03,0.221825534867526
7.53333333333333,0.616772810618083,0.03,0.222425493579483
7.56666666666667,0.618527539571126,0.03,0.222101830772016
7.6,0.618527539571126,0.03,0.218000936064796
7.63333333333333,0.618527539571126,0.03,0.213879551557972
7.66666666666667,0.618527539571126,0.03,0.209779504918946
7.7,0.618527539571126,0.03,0.205734132771811
7.73333333333333,0.618527539571126,0.03,0.201769630034757
7.76666666666667,0.618527539571126,0.03,0.197906203156823
7.8,0.626730060577393,0.03,0.194159054607398
7.83333333333333,0.636979166666667,0.03,0.176343838942341
7.86666666666667,0.636979166666667,0.03,0.143570829799987
7.9,0.636979166666667,0.03,0.116476308804169
7.93333333333333,0.636979166666667,0.03,0.0941992354354937
7.96666666666667,0.636979166666667,0.03,0.0760011194793328
8,0.636979166666667,0.03,0.0612491037142644
8.03333333333333,0.636979166666667,0.03,0.0494013452692867
8.06666666666667,0.636979166666667,0.03,0.0399943859535783
8.1,0.63784122467041,0.03,0.0326322433944435
8.13333333333333,0.643409633636475,0.03,0.0254851026584638
8.16666666666667,0.643409633636475,0.03,0.0103980227936817
8.2,0.643409633636475,0.03,-0.00148515356225076
8.23333333333333,0.643409633636475,0.03,-0.0106879478133902
8.26666666666667,0.643409633636475,0.03,-0.0176568981774102
8.3,0.643409633636475,0.03,-0.0227723593008388
8.33333333333333,0.643409633636475,0.03,-0.0263578220348617
8.36666666666667,0.643409633636475,0.03,-0.0286879536568946
8.4,0.64375,0.03,-0.0299955318968222
8.43333333333333,0.64375,0.03,-0.0310664650036494
8.46666666666667,0.64375,0.03,-0.0313680810124241
8.5,0.64375,0.03,-0.0310571785745634
8.53333333333333,0.64375,0.03,-0.0302656083079727
8.56666666666667,0.64375,0.03,-0.0291039004406158
8.6,0.641568597157796,0.03,-0.0276643863152388
8.63333333333333,0.641568597157796,0.03,-0.0222487204442044
8.66666666666667,0.636765702565511,0.03,-0.0173989697198614
8.7,0.636765702565511,0.03,-0.00474652046005677
8.73333333333333,0.636765702565511,0.03,0.00589871414510921
8.76666666666667,0.636765702565511,0.03,0.0148219072921925
8.8,0.636765702565511,0.03,0.0222689013893936
8.83333333333333,0.636765702565511,0.03,0.0284515496315388
8.86666666666667,0.636765702565511,0.03,0.0335523381000868
8.9,0.636765702565511,0.03,0.0377283848596615
8.93333333333333,0.63343022664388,0.03,0.0411148996193741
8.96666666666667,0.63343022664388,0.03,0.0496005918199554
9,0.63343022664388,0.03,0.056437639502513
9.03333333333333,0.63343022664388,0.03,0.0618786635038888
9.06666666666667,0.63343022664388,0.03,0.0661401569981689
9.1,0.63343022664388,0.03,0.0694074847493159
9.13333333333333,0.63343022664388,0.03,0.0718392022140936
9.16666666666667,0.63343022664388,0.03,0.0735707861943018
9.2,0.624904664357503,0.03,0.0747178564353516
9.23333333333333,0.624904664357503,0.03,0.0901333993995446
9.26666666666667,0.624904664357503,0.03,0.10239816026934
9.3,0.624904664357503,0.03,0.112009604513872
9.33333333333333,0.624904664357503,0.03,0.119393102710412
9.36666666666667,0.619544728597005,0.03,0.124911972981004
9.4,0.619544728597005,0.03,0.138152122862295
9.43333333333333,0.619544728597005,0.03,0.148373555233207
9.46666666666667,0.618858083089193,0.03,0.156068824522392
9.5,0.618858083089193,0.03,0.162846415774715
9.53333333333333,0.618858083089193,0.03,0.167654567428729
9.56666666666667,0.618858083089193,0.03,0.170832065153437
9.6,0.618858083089193,0.03,0.17266684405054
9.63333333333333,0.618858083089193,0.03,0.173403192028532
9.66666666666667,0.618858083089193,0.03,0.173247961176118
9.7,0.618858083089193,0.03,0.172375921753361
9.73333333333333,0.619010416666667,0.03,0.170934375294569
9.76666666666667,0.619010416666667,0.03,0.168783497267707
9.8,0.619010416666667,0.03,0.166339761327374
9.83333333333333,0.619010416666667,0.03,0.163682149538644
9.86666666666667,0.619010416666667,0.03,0.160876136494373
9.9,0.619010416666667,0.03,0.157975712168961
9.93333333333333,0.619010416666667,0.03,0.155025118521992
9.96666666666667,0.619010416666667,0.03,0.152060339250993
10,0.62874272664388,0.03,0.149110376747421
10.0333333333333,0.62874272664388,0.03,0.129355490866734
10.0666666666667,0.62874272664388,0.03,0.112794441125598
10.1,0.62874272664388,0.03,0.0989547103982807
10.1333333333333,0.62874272664388,0.03,0.0874302625908637
10.1666666666667,0.62874272664388,0.03,0.0778724192130682
10.2,0.62874272664388,0.03,0.0699819717335551
10.2333333333333,0.62874272664388,0.03,0.0635023635070616
10.2666666666667,0.62874272664388,0.03,0.0582137973306606
10.3,0.62874272664388,0.03,0.0539281439781598
10.3333333333333,0.62874272664388,0.03,0.0504845437737451
10.3666666666667,0.62874272664388,0.03,0.047745607742933
10.4,0.632666905721029,0.03,0.0455941374192487
10.4333333333333,0.632666905721029,0.03,0.0371390608853987
10.4666666666667,0.632666905721029,0.03,0.0303518598337624
10.5,0.632666905721029,0.03,0.0249642436253725
10.5333333333333,0.632666905721029,0.03,0.0207471154302005
10.5666666666667,0.632666905721029,0.03,0.0175050913457349
10.6,0.632666905721029,0.03,0.0150717693093262
10.6333333333333,0.632666905721029,0.03,0.0133056464149042
10.6666666666667,0.638630294799805,0.03,0.0120865968688723
10.7,0.638630294799805,0.03,0.000992520458921592
10.7333333333333,0.638630294799805,0.03,-0.0078197089723446
10.7666666666667,0.638630294799805,0.03,-0.0147208067129439
10.8,0.638630294799805,0.03,-0.0200271050372752
10.8333333333333,0.638630294799805,0.03,-0.024008173546958
10.8666666666667,0.638630294799805,0.03,-0.0268933959422892
10.9,0.640535895029704,0.03,-0.0288776444184169
10.9333333333333,0.63671875,0.03,-0.03342402899328
10.9666666666667,0.63671875,0.03,-0.0301541797620345
11,0.63671875,0.03,-0.0271181198630177
11.0333333333333,0.63671875,0.03,-0.0243060630243514
11.0666666666667,0.63671875,0.03,-0.0217079338189834
11.1,0.63671875,0.03,-0.0193135250278162
11.1333333333333,0.63671875,0.03,-0.0171126251655786
11.1666666666667,0.63671875,0.03,-0.0150951208077891
11.2,0.635828399658203,0.03,-0.0132510776895208
11.2333333333333,0.62873264948527,0.03,-0.010029952767954
11.2666666666667,0.62873264948527,0.03,0.00502974286756663
11.3,0.62873264948527,0.03,0.0174138980422182
11.3333333333333,0.62873264948527,0.03,0.027524068319503
11.3666666666667,0.62873264948527,0.03,0.035704928071441
11.4,0.62873264948527,0.03,0.0422521036198531
11.4333333333333,0.62873264948527,0.03,0.0474189434007523
11.4666666666667,0.62873264948527,0.03,0.0514223682653323
11.5,0.62873264948527,0.03,0.0544479258461399
11.5333333333333,0.62873264948527,0.03,0.0566541562977969
11.5666666666667,0.62873264948527,0.03,0.0581763623254096
11.6,0.62873264948527,0.03,0.0591298639436721
11.6333333333333,0.62873264948527,0.03,0.0596128076082982
11.6666666666667,0.62873264948527,0.03,0.0597085900058752
11.7,0.62873264948527,0.03,0.0594879486853094
11.7333333333333,0.624479166666667,0.03,0.0590107646963285
11.7666666666667,0.624479166666667,0.03,0.0656887457723028
11.8,0.624479166666667,0.03,0.0708320339495686
11.8333333333333,0.624479166666667,0.03,0.0746890677305598
11.8666666666667,0.624479166666667,0.03,0.0774718948720457
11.9,0.624479166666667,0.03,0.0793612678889014
11.9333333333333,0.624479166666667,0.03,0.0805110420150856
11.9666666666667,0.624479166666667,0.03,0.0810519699797792
12,0.624166584014893,0.03,0.0810949752747855
12.0333333333333,0.62750883102417,0.03,0.0812749339705707
12.0666666666667,0.62750883102417,0.03,0.0752453177344994
12.1,0.62750883102417,0.03,0.0699503073700333
12.1333333333333,0.62750883102417,0.03,0.0652923927130879
12.1666666666667,0.62750883102417,0.03,0.0611870323614555
12.2,0.62750883102417,0.03,0.0575609269359195
12.2333333333333,0.62750883102417,0.03,0.0543505223921444
12.2666666666667,0.62750883102417,0.03,0.0515007127234045
12.3,0.62750883102417,0.03,0.0489637154811932
12.3333333333333,0.62750883102417,0.03,0.0466980970828922
12.3666666666667,0.62750883102417,0.03,0.0446679279455858
12.4,0.62750883102417,0.03,0.0428420501457737
12.4333333333333,0.62750883102417,0.03,0.0411934426106871
12.4666666666667,0.62750883102417,0.03,0.0396986708454755
12.5,0.62750883102417,0.03,0.0383374099326643
12.5333333333333,0.638191731770833,0.03,0.0370920310415065
12.5666666666667,0.638191731770833,0.03,0.0174592841427613
12.6,0.638191731770833,0.03,0.00135808080449683
12.6333333333333,0.638191731770833,0.03,-0.0117571339379664
12.6666666666667,0.638191731770833,0.03,-0.0223536078832086
12.7,0.638191731770833,0.03,-0.0308311375219127
12.7333333333333,0.638191731770833,0.03,-0.037531445522283
12.7666666666667,0.638191731770833,0.03,-0.0427462792640669
12.8,0.63872013092041,0.03,-0.0467244030812412
12.8333333333333,0.63872013092041,0.03,-0.0505920877315369
12.8666666666667,0.63872013092041,0.03,-0.0534445979538216
12.9,0.63872013092041,0.03,-0.055461179074649
12.9333333333333,0.63872013092041,0.03,-0.0567939057704497
12.9666666666667,0.63872013092041,0.03,-0.0575715486471924
13,0.63872013092041,0.03,-0.0579029071023512
13.0333333333333,0.63872013092041,0.03,-0.0578796809861265
13.0666666666667,0.638294951121012,0.03,-0.0575789438089791
13.1,0.638294951121012,0.03,-0.0563294504157008
13.1333333333333,0.638294951121012,0.03,-0.0550580128732481
13.1666666666667,0.638294951121012,0.03,-0.0537881965880476
13.2,0.638294951121012,0.03,-0.0525388865333542
13.2333333333333,0.638294951121012,0.03,-0.051325025971006
13.2666666666667,0.638294951121012,0.03,-0.0501582481303964
13.3,0.634359169006348,0.03,-0.0490474157540553
13.3333333333333,0.630208333333333,0.03,-0.0411877686629429
13.3666666666667,0.630208333333333,0.03,-0.0274806815153901
13.4,0.630208333333333,0.03,-0.0162541866821178
13.4333333333333,0.630208333333333,0.03,-0.00713406373385312
13.4666666666667,0.630208333333333,0.03,0.000200771282112058
13.5,0.630208333333333,0.03,0.00602559223205887
13.5333333333333,0.630208333333333,0.03,0.0105761944316322
13.5666666666667,0.630208333333333,0.03,0.0140543653163441
13.6,0.629429181416829,0.03,0.0166326102706289
13.6333333333333,0.629429181416829,0.03,0.0198066439242258
13.6666666666667,0.629429181416829,0.03,0.0221024824506499
13.7,0.629429181416829,0.03,0.0236660700195779
13.7333333333333,0.629429181416829,0.03,0.0246217411152602
13.7666666666667,0.629429181416829,0.03,0.0250752621139454
13.8,0.629429181416829,0.03,0.0251164553706318
13.8333333333333,0.629429181416829,0.03,0.0248214623710478
13.8666666666667,0.626253763834635,0.03,0.0242546948976031
13.9,0.626253763834635,0.03,0.0289659331205375
13.9333333333333,0.626253763834635,0.03,0.032481755089127
13.9666666666667,0.626253763834635,0.03,0.034999314667201
14,0.626253763834635,0.03,0.0366866636976097
14.0333333333333,0.626253763834635,0.03,0.037686842077409
14.0666666666667,0.626386706034342,0.03,0.038121406851694
14.1,0.626386706034342,0.03,0.0378634048905015
14.1333333333333,0.628836250305176,0.03,0.037273073074801
14.1666666666667,0.628836250305176,0.03,0.0321783069515495
14.2,0.628836250305176,0.03,0.0276645224668885
14.2333333333333,0.628836250305176,0.03,0.0236566242446053
14.2666666666667,0.628836250305176,0.03,0.0200893530622379
14.3,0.628836250305176,0.03,0.0169059875241426
14.3333333333333,0.628836250305176,0.03,0.0140572178639142
14.3666666666667,0.628836250305176,0.03,0.0115001689986893
14.4,0.628836250305176,0.03,0.00919755300274504
14.4333333333333,0.630043729146322,0.03,0.00711693380710782
14.4666666666667,0.630043729146322,0.03,0.00314041155171255
14.5,0.630043729146322,0.03,-0.000277601186227522
14.5333333333333,0.630043729146322,0.03,-0.00321884939783447
14.5666666666667,0.630043729146322,0.03,-0.00575363634239118
14.6,0.630043729146322,0.03,-0.00794238953967255
14.6333333333333,0.630043729146322,0.03,-0.00983701494996728
14.6666666666667,0.630043729146322,0.03,-0.0114820678080327
14.7,0.634001668294271,0.03,-0.0129157647649841
14.7333333333333,0.634001668294271,0.03,-0.0210205166434294
14.7666666666667,0.634001668294271,0.03,-0.0276986524969214
14.8,0.634001668294271,0.03,-0.0331720237383054
14.8333333333333,0.634001668294271,0.03,-0.0376305435880891
14.8666666666667,0.637239583333333,0.03,-0.0412366212553256
14.9,0.637239583333333,0.03,-0.0497325672088974
14.9333333333333,0.637239583333333,0.03,-0.0565892551191206
14.9666666666667,0.638285414377848,0.03,-0.0620694072380538
15,0.638285414377848,0.03,-0.0682073531127976
15.0333333333333,0.638285414377848,0.03,-0.0730474194787248
15.0666666666667,0.638285414377848,0.03,-0.0768049804615933
15.1,0.638285414377848,0.03,-0.0796635390277928
15.1333333333333,0.638285414377848,0.03,-0.0817792116029529
15.1666666666667,0.638285414377848,0.03,-0.0832845972157958
15.2,0.638285414377848,0.03,-0.0842921145368174
15.2333333333333,0.636055374145508,0.03,-0.0848968789680684
15.2666666666667,0.636055374145508,0.03,-0.0813198472966632
15.3,0.636055374145508,0.03,-0.0782069339764364
15.3333333333333,0.636055374145508,0.03,-0.0755034131980657
15.3666666666667,0.636055374145508,0.03,-0.0731613225025405
15.4,0.636055374145508,0.03,-0.0711386007602172
15.4333333333333,0.636055374145508,0.03,-0.0693983381225331
15.4666666666667,0.636055374145508,0.03,-0.0679081232375732
15.5,0.635677083333333,0.03,-0.0666394749653986
15.5333333333333,0.635677083333333,0.03,-0.064912672804001
15.5666666666667,0.635677083333333,0.03,-0.0634823126907744
15.6,0.635677083333333,0.03,-0.0623100707197224
15.6333333333333,0.633072916666667,0.03,-0.0613626432695203
15.6666666666667,0.633072916666667,0.03,-0.0561042815872502
15.7,0.633072916666667,0.03,-0.0518562205894578
15.7333333333333,0.633072916666667,0.03,-0.0484663963684371
15.7666666666667,0.633999029795329,0.03,-0.0458043139297359
15.8,0.633999029795329,0.03,-0.0453608176290692
15.8333333333333,0.633999029795329,0.03,-0.0451387110293511
15.8666666666667,0.633999029795329,0.03,-0.0451022290719072
15.9,0.633999029795329,0.03,-0.0452208409540963
15.9333333333333,0.633999029795329,0.03,-0.0454685175261068
15.9666666666667,0.633999029795329,0.03,-0.0458230989547443
16,0.633999029795329,0.03,-0.0462657490924869
16.0333333333333,0.635443782806396,0.03,-0.0467804848126854
16.0666666666667,0.635443782806396,0.03,-0.0498540774021054
16.1,0.635443782806396,0.03,-0.0525089858535385
16.1333333333333,0.635443782806396,0.03,-0.0548077919461116
16.1666666666667,0.635443782806396,0.03,-0.0568042295677412
16.2,0.635443782806396,0.03,-0.0585444019741145
16.2333333333333,0.635443782806396,0.03,-0.0600678339483934
16.2666666666667,0.635443782806396,0.03,-0.0614083810834385
16.3,0.637065982818603,0.03,-0.0625950154298918
16.3333333333333,0.637065982818603,0.03,-0.0664599033780979
16.3666666666667,0.637065982818603,0.03,-0.0696937893330458
16.4,0.636203670501709,0.03,-0.0723958044048818
16.4333333333333,0.636203670501709,0.03,-0.0731584161193827
16.4666666666667,0.636203670501709,0.03,-0.0738244213885626
16.5,0.636203670501709,0.03,-0.0744125494507491
16.5333333333333,0.636203670501709,0.03,-0.074938596400063
16.5666666666667,0.63515625,0.03,-0.0754158487633065
16.6,0.63515625,0.03,-0.0740427694323834
16.6333333333333,0.63515625,0.03,-0.0729790409667053
16.6666666666667,0.63515625,0.03,-0.0721800512145671
16.7,0.63515625,0.03,-0.0716073871510029
16.7333333333333,0.63515625,0.03,-0.0712279896310559
16.7666666666667,0.63515625,0.03,-0.0710134222361675
16.8,0.63515625,0.03,-0.0709392388973984
16.8333333333333,0.634290281931559,0.03,-0.0709844370291131
16.8666666666667,0.634290281931559,0.03,-0.0696323297398328
16.9,0.634290281931559,0.03,-0.068645294024749
16.9333333333333,0.634290281931559,0.03,-0.0679667777685128
16.9666666666667,0.634290281931559,0.03,-0.0675483561731547
17,0.634290281931559,0.03,-0.0673486043607369
17.0333333333333,0.634290281931559,0.03,-0.0673321235569597
17.0666666666667,0.634290281931559,0.03,-0.067468700135177
17.1,0.634590403238932,0.03,-0.0677325795811361
17.1333333333333,0.63627545038859,0.03,-0.0686212334569744
17.1666666666667,0.63627545038859,0.03,-0.0724160405944345
17.2,0.63627545038859,0.03,-0.0756567691470039
17.2333333333333,0.63627545038859,0.03,-0.0784271207433596
17.2666666666667,0.63627545038859,0.03,-0.080798904521217
17.3,0.63627545038859,0.03,-0.0828336773732594
17.3333333333333,0.63627545038859,0.03,-0.0845841614254203
17.3666666666667,0.63627545038859,0.03,-0.0860954687531
17.4,0.63627545038859,0.03,-0.0874061593175465
17.4333333333333,0.636126518249512,0.03,-0.0885491546194211
17.4666666666667,0.636126518249512,0.03,-0.0892947827640569
17.5,0.636126518249512,0.03,-0.0899727071350293
17.5333333333333,0.636126518249512,0.03,-0.0905958045178467
17.5666666666667,0.636126518249512,0.03,-0.0911749478598711
17.6,0.636126518249512,0.03,-0.0917192948354912
17.6333333333333,0.636126518249512,0.03,-0.0922365363418649
17.6666666666667,0.636126518249512,0.03,-0.0927331103866369
17.7,0.635295295715332,0.03,-0.0932143860919939
17.7333333333333,0.635295295715332,0.03,-0.092246298005423
17.7666666666667,0.635295295715332,0.03,-0.0915390437497431
17.8,0.635295295715332,0.03,-0.0910540954364681
17.8333333333333,0.635295295715332,0.03,-0.090758341740714
17.8666666666667,0.635295295715332,0.03,-0.090623344859139
17.9,0.635295295715332,0.03,-0.0906246980930015
17.9333333333333,0.633563899993897,0.03,-0.0907414705239114
17.9666666666667,0.634797763824463,0.03,-0.0879593524265203
18,0.634797763824463,0.03,-0.0879529143549097
18.0333333333333,0.634797763824463,0.03,-0.0880893277319635
18.0666666666667,0.634797763824463,0.03,-0.0883449470160432
18.1,0.634797763824463,0.03,-0.0886996221699006
18.1333333333333,0.634797763824463,0.03,-0.0891362070451933
18.1666666666667,0.634797763824463,0.03,-0.0896401352199841
18.2,0.634797763824463,0.03,-0.0901990541535595
18.2333333333333,0.634797763824463,0.03,-0.0908025097515675
18.2666666666667,0.634797763824463,0.03,-0.0914416744985355
18.3,0.634797763824463,0.03,-0.0921091132362804
18.3333333333333,0.634797763824463,0.03,-0.0927985814646381
18.3666666666667,0.634797763824463,0.03,-0.0935048517318491
18.4,0.634797763824463,0.03,-0.0942235642801332
18.4333333333333,0.634797763824463,0.03,-0.0949510986299018
18.4666666666667,0.634797763824463,0.03,-0.0956844632344104
18.5,0.634375,0.03,-0.0964212007247749
18.5333333333333,0.634375,0.03,-0.0964276663499056
18.5666666666667,0.634375,0.03,-0.0965701800420495
18.6,0.634375,0.03,-0.0968263095222881
18.6333333333333,0.634375,0.03,-0.0971769334290168
18.6666666666667,0.634375,0.03,-0.0976057760148775
18.7,0.633556207021078,0.03,-0.0980990056615817
18.7333333333333,0.633556207021078,0.03,-0.0972278754157279
18.7666666666667,0.634811115264893,0.03,-0.096663446515709
18.8,0.634811115264893,0.03,-0.0985281535346519
18.8333333333333,0.634811115264893,0.03,-0.100203528745463
18.8666666666667,0.634811115264893,0.03,-0.10171638389241
18.9,0.634811115264893,0.03,-0.103089838985738
18.9333333333333,0.634811115264893,0.03,-0.10434382324122
18.9666666666667,0.634811115264893,0.03,-0.10549550857869
19,0.634811115264893,0.03,-0.106559684720067
19.0333333333333,0.634965038299561,0.03,-0.107549083718385
19.0666666666667,0.634965038299561,0.03,-0.108741041790353
19.1,0.634965038299561,0.03,-0.109828973382169
19.1333333333333,0.634965038299561,0.03,-0.110828670216584
19.1666666666667,0.634965038299561,0.03,-0.11175367523127
19.2,0.634965038299561,0.03,-0.112615593091967
19.2333333333333,0.634965038299561,0.03,-0.113424358508209
19.2666666666667,0.634965038299561,0.03,-0.114188468037242
19.3,0.634698677062988,0.03,-0.114915180299263
19.3333333333333,0.634698677062988,0.03,-0.115149720849036
19.3666666666667,0.634698677062988,0.0285,-0.100444211586404
19.4,0.634698677062988,0.0285,-0.100789827659688
19.4333333333333,0.634698677062988,0.0285,-0.101178982839953
19.4666666666667,0.634698677062988,0.0285,-0.101605159751904
19.5,0.634848785400391,0.027,-0.0870627630849648
19.5333333333333,0.634848785400391,0.0255,-0.0728067720216405
19.5666666666667,0.634848785400391,0.0255,-0.0735248969458509
19.6,0.634736633300781,0.024,-0.0592211179490046
19.6333333333333,0.634736633300781,0.0225,-0.0447047532256663
19.6666666666667,0.634736633300781,0.0225,-0.0452089717754369
19.7,0.634736633300781,0.0225,-0.0457306629099117
19.7333333333333,0.634736633300781,0.0225,-0.0462671579979515
19.7666666666667,0.634736633300781,0.0225,-0.0468161694899807
19.8,0.634736633300781,0.0225,-0.0473757382240389
19.8333333333333,0.634736633300781,0.0225,-0.047944187898048
19.8666666666667,0.634855874379476,0.0225,-0.048520085742339
19.9,0.634855874379476,0.0225,-0.0493085686269376
19.9333333333333,0.634855874379476,0.0225,-0.0500637896454994
19.9666666666667,0.634855874379476,0.0225,-0.0507908217495625
20,0.634855874379476,0.0225,-0.0514940139407261
20.0333333333333,0.634855874379476,0.0225,-0.0521770913419536
20.0666666666667,0.634855874379476,0.0225,-0.0528432416618335
20.1,0.634855874379476,0.0225,-0.0534951898857622
20.1333333333333,0.634619998931885,0.0225,-0.0541352627820172
20.1666666666667,0.634635416666667,0.0225,-0.0543572356597305
20.2,0.634635416666667,0.0225,-0.0546737367227348
20.2333333333333,0.634635416666667,0.0225,-0.0550427583083579
20.2666666666667,0.634577592213949,0.0225,-0.0554561945511878
20.3,0.634577592213949,0.0225,-0.055807030884325
20.3333333333333,0.634577592213949,0.0225,-0.0562080408344869
20.3666666666667,0.634577592213949,0.0225,-0.0566512552131584
20.4,0.634657541910807,0.0225,-0.0571298627491196
20.4333333333333,0.634657541910807,0.0225,-0.0577764105162057
20.4666666666667,0.634657541910807,0.0225,-0.0584218025713704
20.5,0.634657541910807,0.0225,-0.0590658144455777
20.5333333333333,0.634657541910807,0.0225,-0.0597082798154876
20.5666666666667,0.634657541910807,0.0225,-0.060349080647564
20.6,0.634657541910807,0.0225,-0.0609881388130591
20.6333333333333,0.634657541910807,0.0225,-0.0616254089660747
20.6666666666667,0.634635416666667,0.0225,-0.0622608725054756
20.7,0.634635416666667,0.0225,-0.0628562422477047
20.7333333333333,0.634635416666667,0.0225,-0.0634569620513168
20.7666666666667,0.634635416666667,0.0225,-0.0640619599051111
20.8,0.634635416666667,0.0225,-0.0646703334663729
20.8333333333333,0.634635416666667,0.0225,-0.0652813254458002
20.8666666666667,0.634635416666667,0.0225,-0.0658943024229593
20.9,0.634635416666667,0.0225,-0.0665087366237969
20.9333333333333,0.634674294789632,0.0225,-0.0671241902550229
20.9666666666667,0.634674294789632,0.0225,-0.0678075850006282
21,0.634674294789632,0.0225,-0.0684788071112017
21.0333333333333,0.63461545308431,0.0225,-0.0691395588868592
21.0666666666667,0.63461545308431,0.0225,-0.0696894775692869
21.1,0.63461545308431,0.0225,-0.0702506342005002
21.1333333333333,0.63461545308431,0.0225,-0.0708211811231634
21.1666666666667,0.63461545308431,0.0225,-0.0713995430668658
21.2,0.63458038965861,0.0225,-0.071984378889509
21.2333333333333,0.63458038965861,0.0225,-0.0725138673706032
21.2666666666667,0.63458038965861,0.0225,-0.0730590269274531
21.3,0.63458038965861,0.0225,-0.0736172853997792
21.3333333333333,0.63458038965861,0.0225,-0.0741864495591109
21.3666666666667,0.63458038965861,0.0225,-0.0747646519029701
21.4,0.63458038965861,0.0225,-0.0753503047430365
21.4333333333333,0.63458038965861,0.0225,-0.0759420605998663
21.4666666666667,0.634564018249512,0.0225,-0.0765387780495027
21.5,0.634611415863037,0.0225,-0.0771111597212483
21.5333333333333,0.634611415863037,0.0225,-0.0777740297207008
21.5666666666667,0.634611415863037,0.0225,-0.0784285773538852
21.6,0.634611415863037,0.0225,-0.0790758977317033
21.6333333333333,0.634611415863037,0.0225,-0.0797169410338638
21.6666666666667,0.634611415863037,0.021,-0.0653525317522745
21.7,0.634611415863037,0.021,-0.0659833853746701
21.7333333333333,0.634611415863037,0.021,-0.0666101228493266
21.7666666666667,0.634604771931966,0.021,-0.0672332831263032
21.8,0.634807968139648,0.021,-0.0678418359628251
21.8333333333333,0.634807968139648,0.021,-0.0688014814365742
21.8666666666667,0.634807968139648,0.021,-0.0696950747707903
21.9,0.634807968139648,0.021,-0.0705327957292988
21.9333333333333,0.634807968139648,0.021,-0.0713233644507254
21.9666666666667,0.634807968139648,0.021,-0.0720742436919214
22,0.634807968139648,0.021,-0.072791813537137
22.0333333333333,0.634572060902913,0.021,-0.0734815222865453
22.0666666666667,0.634572060902913,0.021,-0.0737397527868628
22.1,0.634572060902913,0.021,-0.0740547843431804
22.1333333333333,0.634572060902913,0.021,-0.0744181895011549
22.1666666666667,0.634572060902913,0.021,-0.074822728118949
22.2,0.634572060902913,0.021,-0.0752621843145627
22.2333333333333,0.634572060902913,0.021,-0.0757312255071418
22.2666666666667,0.634572060902913,0.021,-0.0762252805800442
22.3,0.634717337290446,0.021,-0.0767404345917012
22.3333333333333,0.634717337290446,0.021,-0.077524754900486
22.3666666666667,0.634717337290446,0.021,-0.0782771235132599
22.4,0.634717337290446,0.021,-0.0790023585789849
22.4333333333333,0.634717337290446,0.021,-0.079704594241649
22.4666666666667,0.634717337290446,0.021,-0.0803873749405009
22.5,0.634717337290446,0.021,-0.0810537369058914
22.5333333333333,0.634717337290446,0.021,-0.0817062785751938
22.5666666666667,0.634635416666667,0.021,-0.0823472214220636
22.6,0.634635416666667,0.021,-0.082836689657383
22.6333333333333,0.634635416666667,0.021,-0.0833444856854129
22.6666666666667,0.634635416666667,0.021,-0.0838678922854312
22.7,0.634635416666667,0.021,-0.0844045749194184
22.7333333333333,0.634635416666667,0.021,-0.0849525291881695
22.7666666666667,0.634635416666667,0.021,-0.0855100354065164
22.8,0.634635416666667,0.021,-0.0860756193400045
22.8333333333333,0.634635416666667,0.021,-0.0866480182736831
22.8666666666667,0.634635416666667,0.021,-0.0872261516948322
22.9,0.634635416666667,0.021,-0.0878090959677411
22.9333333333333,0.634635416666667,0.021,-0.0883960624620736
22.9666666666667,0.634635416666667,0.021,-0.0889863786686107
23,0.634635416666667,0.021,-0.0895794718987489
23.0333333333333,0.634635416666667,0.021,-0.0901748552183458
23.0666666666667,0.634635416666667,0.021,-0.0907721153134572
23.1,0.634635416666667,0.021,-0.0913709020261751
23.1333333333333,0.634635416666667,0.021,-0.0919709193339972
23.1666666666667,0.634635416666667,0.021,-0.0925719175766549
23.2,0.634635416666667,0.021,-0.0931736867607407
23.2333333333333,0.634635416666667,0.021,-0.0937760507953438
23.2666666666667,0.634635416666667,0.021,-0.0943788625317057
23.3,0.634635416666667,0.021,-0.094981999497051
23.3333333333333,0.634741973876953,0.021,-0.0955853602275938
23.3666666666667,0.634685262044271,0.021,-0.0963732703314691
23.4,0.634685262044271,0.021,-0.0970287514127175
23.4333333333333,0.634685262044271,0.021,-0.0976735051035758
23.4666666666667,0.634685262044271,0.021,-0.0983092125771795
23.5,0.634685262044271,0.021,-0.0989373121526619
23.5333333333333,0.634685262044271,0.021,-0.0995590330693232
23.5666666666667,0.634685262044271,0.021,-0.100175424653702
23.6,0.634635416666667,0.021,-0.100787381501569
23.6333333333333,0.634635416666667,0.021,-0.101309402192526
23.6666666666667,0.634635416666667,0.021,-0.101844467489603
23.7,0.634635416666667,0.021,-0.102390634873529
23.7333333333333,0.634635416666667,0.021,-0.102946235976104
23.7666666666667,0.634635416666667,0.021,-0.103509838897618
23.8,0.634635416666667,0.021,-0.104080215632776
23.8333333333333,0.634635416666667,0.021,-0.104656313917716
23.8666666666667,0.634635416666667,0.021,-0.105237232902842
23.9,0.634635416666667,0.021,-0.105822202135982
23.9333333333333,0.634635416666667,0.021,-0.106410563409531
23.9666666666667,0.634635416666667,0.021,-0.107001755085109
24,0.634635416666667,0.021,-0.107595298561136
24.0333333333333,0.634635416666667,0.021,-0.108190786593672
24.0666666666667,0.634635416666667,0.021,-0.108787873219758
24.1,0.634635416666667,0.021,-0.109386265066229
24.1333333333333,0.634573078155518,0.021,-0.109985713856135
24.1666666666667,0.634635416666667,0.021,-0.110478126159485
24.2,0.634635416666667,0.021,-0.111099191218508
24.2333333333333,0.634635416666667,0.021,-0.111717662371381
24.2666666666667,0.634635416666667,0.0195,-0.0973338635488422
24.3,0.634635416666667,0.0195,-0.097948077124941
24.3333333333333,0.634635416666667,0.0195,-0.098560549336131
24.3666666666667,0.634635416666667,0.0195,-0.0991714949868984
24.4,0.634635416666667,0.0195,-0.0997811015363738
24.4333333333333,0.634635416666667,0.0195,-0.100389532647838
24.4666666666667,0.634635416666667,0.0195,-0.100996931272155
24.5,0.634635416666667,0.0195,-0.101603422326743
24.5333333333333,0.634635416666667,0.0195,-0.10220911502351
24.5666666666667,0.634635416666667,0.0195,-0.1028141048921
24.6,0.634635416666667,0.0195,-0.103418475538659
24.6333333333333,0.634635416666667,0.0195,-0.104022300174971
24.6666666666667,0.634635416666667,0.0195,-0.104625642948246
24.7,0.634635416666667,0.0195,-0.105228560097774
24.7333333333333,0.634635416666667,0.0195,-0.105831100961236
24.7666666666667,0.634635416666667,0.0195,-0.106433308850428
24.8,0.634635416666667,0.0195,-0.107035221813527
24.8333333333333,0.634635416666667,0.0195,-0.107636873298803
24.8666666666667,0.634635416666667,0.0195,-0.108238292732668
24.9,0.634635416666667,0.0195,-0.108839506023284
24.9333333333333,0.634635416666667,0.0195,-0.109440535999457
24.9666666666667,0.634635416666667,0.0195,-0.110041402793263
25,0.634635416666667,0.0195,-0.110642124173736
25.0333333333333,0.634635416666667,0.0195,-0.111242715838002
25.0666666666667,0.634635416666667,0.0195,-0.111843191665368
25.1,0.634635416666667,0.0195,-0.112443563939198
25.1333333333333,0.634635416666667,0.0195,-0.113043843540719
25.1666666666667,0.634635416666667,0.0195,-0.113644040118416
25.2,0.634635416666667,0.0195,-0.114244162236136
25.2333333333333,0.634635416666667,0.0195,-0.114844217502666
25.2666666666667,0.634635416666667,0.0195,-0.115444212685152
25.3,0.634635416666667,0.0195,-0.116044153808434
25.3333333333333,0.634635416666667,0.0195,-0.116644046242093
25.3666666666667,0.634635416666667,0.0195,-0.117243894776788
25.4,0.634635416666667,0.0195,-0.117843703691228
25.4333333333333,0.634635416666667,0.0195,-0.118443476810984
25.4666666666667,0.634635416666667,0.0195,-0.119043217560158
25.5,0.634635416666667,0.0195,-0.11964292900682
25.5333333333333,0.634635416666667,0.0195,-0.120242613902982
25.5666666666667,0.634635416666667,0.0195,-0.120842274719811
25.6,0.634635416666667,0.0195,-0.121441913678656
25.6333333333333,0.634635416666667,0.018,-0.107041532778418
25.6666666666667,0.634635416666667,0.018,-0.107641133819716
25.7,0.634635416666667,0.0165,-0.0932407184262366
25.7333333333333,0.634635416666667,0.0165,-0.093840288063619
25.7666666666667,0.634635416666667,0.0135,-0.064439844056172
25.8,0.634635416666667,0.012,-0.050039387601686
25.8333333333333,0.634635416666667,0.012,-0.0506389197845714
25.8666666666667,0.634635416666667,0.012,-0.0512384415875232
25.9,0.634635416666667,0.012,-0.0518379539018871
25.9333333333333,0.634635416666667,0.012,-0.0524374575368826
25.9666666666667,0.634534772237142,0.012,-0.0530369532278157
26,0.634534772237142,0.012,-0.0534622651612853
26.0333333333333,0.634534772237142,0.012,-0.0539200186612435
26.0666666666667,0.634534772237142,0.012,-0.0544051829725342
26.1,0.634534772237142,0.012,-0.0549134506708255
26.1333333333333,0.634534772237142,0.012,-0.0554411373006507
26.1666666666667,0.634534772237142,0.012,-0.055985094687062
26.2,0.634534772237142,0.012,-0.0565426360759844
26.2333333333333,0.634534772237142,0.012,-0.0571114715059656
26.2666666666667,0.634534772237142,0.012,-0.057689652028494
26.3,0.634534772237142,0.012,-0.0582755215798218
26.3333333333333,0.634534772237142,0.012,-0.0588676754681289
26.3666666666667,0.634534772237142,0.012,-0.0594649245792015
26.4,0.634534772237142,0.0105,-0.0450662645244854
26.4333333333333,0.634534772237142,0.0105,-0.0456708490598718
26.4666666666667,0.634534772237142,0.0105,-0.0462779671940745
26.5,0.634422969818115,0.0105,-0.0468870234838113
26.5333333333333,0.634422969818115,0.0105,-0.047304034445475
26.5666666666667,0.634422969818115,0.0105,-0.0477581195049786
26.6,0.634422969818115,0.0105,-0.0482433482146833
26.6333333333333,0.634422969818115,0.0105,-0.0487546544374241
26.6666666666667,0.634422969818115,0.0105,-0.049287715620477
26.7,0.634422969818115,0.0105,-0.0498388485751302
26.7333333333333,0.634422969818115,0.0105,-0.0504049195306445
26.7666666666667,0.634635416666667,0.0105,-0.0509832665311489
26.8,0.634635416666667,0.0105,-0.0519392956211451
26.8333333333333,0.634635416666667,0.0105,-0.0528349399310092
26.8666666666667,0.634635416666667,0.0105,-0.0536792074194647
26.9,0.634635416666667,0.0105,-0.0544798336792401
26.9333333333333,0.634635416666667,0.0105,-0.0552434569006168
26.9666666666667,0.634635416666667,0.0105,-0.0559757691103656
27,0.634635416666667,0.0105,-0.0566816468788805
27.0333333333333,0.634375,0.0105,-0.0573652642604082
27.0666666666667,0.634375,0.0105,-0.057579510088475
27.1,0.634375,0.0105,-0.0578620726072722
27.1333333333333,0.634375,0.0105,-0.0582025338505135
27.1666666666667,0.634375,0.0105,-0.0585919624867128
27.2,0.634375,0.0105,-0.059022708328577
27.2333333333333,0.634375,0.0105,-0.0594882247832162
27.2666666666667,0.634375,0.0105,-0.0599829154773251
27.3,0.634375,0.0105,-0.060502001796616
27.3333333333333,0.634375,0.0105,-0.0610414085163296
27.3666666666667,0.634375,0.0105,-0.0615976650786548
27.4,0.634375,0.0105,-0.0621678204011654
27.4333333333333,0.634375,0.0105,-0.0627493693847068
27.4666666666667,0.634375,0.0105,-0.0633401895354227
27.5,0.634375,0.0105,-0.063938486328875
27.5333333333333,0.634461371103923,0.0105,-0.0645427461289053
27.5666666666667,0.634461371103923,0.0105,-0.0653011705238684
27.6,0.634461371103923,0.0105,-0.0660353702945649
27.6333333333333,0.634461371103923,0.0105,-0.066748770703933
27.6666666666667,0.634461371103923,0.0105,-0.0674443257554114
27.7,0.634461371103923,0.0105,-0.0681245821126118
27.7333333333333,0.634461371103923,0.0105,-0.0687917344154921
27.7666666666667,0.634461371103923,0.0105,-0.0694476731461906
27.8,0.634370485941569,0.0105,-0.0700940260434805
27.8333333333333,0.634370485941569,0.0105,-0.0705749069563412
27.8666666666667,0.634370485941569,0.0105,-0.0710781095604277
27.9,0.634370485941569,0.0105,-0.0716001262037566
27.9333333333333,0.634370485941569,0.0105,-0.0721379565314671
27.9666666666667,0.634370485941569,0.0105,-0.0726890368938356
28,0.634370485941569,0.0105,-0.073251179386611
28.0333333333333,0.634375,0.0105,-0.0738225192229606
28.0666666666667,0.634455140431722,0.0105,-0.074409281395759
28.1,0.634455140431722,0.0105,-0.0751395418904307
28.1333333333333,0.634455140431722,0.0105,-0.0758478528174941
28.1666666666667,0.634455140431722,0.0105,-0.0765374453497684
28.2,0.634455140431722,0.0105,-0.0772110971361848
28.2333333333333,0.634455140431722,0.0105,-0.0778711944636587
28.2666666666667,0.634455140431722,0.0105,-0.078519786004598
28.3,0.634455140431722,0.0105,-0.0791586292813594
28.3333333333333,0.634635416666667,0.0105,-0.0797892308274298
28.3666666666667,0.634635416666667,0.0105,-0.0807248691534754
28.4,0.634635416666667,0.0105,-0.0815965380563183
28.4333333333333,0.634635416666667,0.0105,-0.0824141932756521
28.4666666666667,0.634635416666667,0.0105,-0.0831863567954261
28.5,0.634635416666667,0.0105,-0.0839203159361851
28.5333333333333,0.634635416666667,0.0105,-0.0846222953110759
28.5666666666667,0.634635416666667,0.0105,-0.0852976053077257
28.6,0.634379990895589,0.0105,-0.0859507702666227
28.6333333333333,0.634379990895589,0.0105,-0.0861435961337495
28.6666666666667,0.634379990895589,0.0105,-0.0864037452580918
28.7,0.634379990895589,0.0105,-0.0867212199089927
28.7333333333333,0.634379990895589,0.0105,-0.0870874315094863
28.7666666666667,0.634379990895589,0.0105,-0.0874950070752692
28.8,0.634453519185384,0.0105,-0.0879376218847165
28.8333333333333,0.634453519185384,0.0105,-0.0885371038096095
28.8666666666667,0.634437497456869,0.0105,-0.0891378555937981
28.9,0.634437497456869,0.0105,-0.0897118538221005
28.9333333333333,0.634437497456869,0.0105,-0.0902917442708813
28.9666666666667,0.634437497456869,0.0105,-0.0908765205826687
29,0.634437497456869,0.0105,-0.0914653270330868
29.0333333333333,0.634437497456869,0.0105,-0.092057437220175
29.0666666666667,0.634437497456869,0.0105,-0.0926522356865333
29.1,0.634437497456869,0.009,-0.0782492020764356
29.1333333333333,0.634376589457194,0.009,-0.0788478974836108
29.1666666666667,0.63451722462972,0.009,-0.0793425445617196
29.2,0.63451722462972,0.009,-0.080101263764626
29.2333333333333,0.63451722462972,0.009,-0.0808320250596107
29.2666666666667,0.63451722462972,0.0075,-0.0665390364197023
29.3,0.63451722462972,0.0075,-0.0672259089589903
29.3333333333333,0.63451722462972,0.0075,-0.0678957391818839
29.3666666666667,0.63451722462972,0.0075,-0.0685511800669357
29.4,0.63451722462972,0.0075,-0.069194502488781
29.4333333333333,0.63451722462972,0.0075,-0.0698276482801574
29.4666666666667,0.63451722462972,0.0075,-0.0704522760613599
29.5,0.63451722462972,0.0075,-0.0710698008132198
29.5333333333333,0.63451722462972,0.0075,-0.0716814280386791
29.5666666666667,0.63451722462972,0.0075,-0.0722881832445433
29.6,0.63451722462972,0.0075,-0.0728909373767012
29.6333333333333,0.63451722462972,0.0075,-0.0734904287569697
29.6666666666667,0.634442011515299,0.0075,-0.0740872819959875
29.7,0.634442011515299,0.0075,-0.0745518595559427
29.7333333333333,0.634442011515299,0.0075,-0.0750390190610323
29.7666666666667,0.634442011515299,0.0075,-0.0755453730862512
29.8,0.634442011515299,0.0075,-0.0760680139258393
29.8333333333333,0.634442011515299,0.0075,-0.0766044475390545
29.8666666666667,0.634442011515299,0.0075,-0.077152536459079
29.9,0.634442011515299,0.0075,-0.0777104504583546
29.9333333333333,0.634555276234945,0.0075,-0.0782766239254015
29.9666666666667,0.634467156728109,0.0075,-0.0790457363590375
30,0.634467156728109,0.0075,-0.0796316108718194
30.0333333333333,0.634467156728109,0.0075,-0.0802198472630918
30.0666666666667,0.634467156728109,0.0075,-0.0808100600974267
30.1,0.634467156728109,0.0075,-0.0814019205869098
30.1333333333333,0.634467156728109,0.006,-0.0669951486463706
30.1666666666667,0.634467156728109,0.006,-0.0675895060371157
30.2,0.634467156728109,0.006,-0.0681847904518546
30.2333333333333,0.634467156728109,0.006,-0.0687808304133129
30.2666666666667,0.634467156728109,0.006,-0.0693774808761758
30.3,0.634467156728109,0.006,-0.0699746194368594
30.3333333333333,0.634467156728109,0.006,-0.0705721430684705
30.3666666666667,0.634467156728109,0.006,-0.071169965309451
30.4,0.634467156728109,0.006,-0.0717680138440491
30.4333333333333,0.634467156728109,0.006,-0.0723662284211072
30.4666666666667,0.634571170806885,0.006,-0.0729645590648876
30.5,0.634571170806885,0.006,-0.073742972576284
30.5333333333333,0.634571170806885,0.006,-0.0744878924741558
30.5666666666667,0.634571170806885,0.006,-0.0752044909873178
30.6,0.634571170806885,0.006,-0.0758971980611095
30.6333333333333,0.634571170806885,0.006,-0.0765698042530455
30.6666666666667,0.634571170806885,0.006,-0.0772255496165292
30.7,0.634571170806885,0.006,-0.0778672004626915
30.7333333333333,0.634571170806885,0.006,-0.0784971156367818
30.7666666666667,0.633506075541178,0.006,-0.0791173037258443
30.8,0.633506075541178,0.006,-0.0778862055153113
30.8333333333333,0.633506075541178,0.006,-0.0769919289782285
30.8666666666667,0.633506075541178,0.006,-0.0763824568027026
30.9,0.633506075541178,0.006,-0.0760132370992365
30.9333333333333,0.633506075541178,0.006,-0.0758461485235463
30.9666666666667,0.633506075541178,0.006,-0.0758486063262298
31,0.633506075541178,0.006,-0.0759927903196631
31.0333333333333,0.633506075541178,0.0045,-0.0612549783034731
31.0666666666667,0.633506075541178,0.0045,-0.0616149706995493
31.1,0.633506075541178,0.0045,-0.0620555940614364
31.1333333333333,0.633506075541178,0.0045,-0.0625622727805993
31.1666666666667,0.633506075541178,0.0045,-0.06312265974771
31.2,0.633506075541178,0.0045,-0.0637263179704584
31.2333333333333,0.633506075541178,0.0045,-0.0643644462261262
31.2666666666667,0.634114583333333,0.0045,-0.065029642759571
31.3,0.634114583333333,0.0045,-0.0667687928808688
31.3333333333333,0.634114583333333,0.0045,-0.0683274350502054
31.3666666666667,0.634114583333333,0.0045,-0.0697316748044995
31.4,0.634114583333333,0.0045,-0.071003985053025
31.4333333333333,0.634114583333333,0.0045,-0.0721637017489306
31.4666666666667,0.634114583333333,0.0045,-0.0732274526273927
31.5,0.634114583333333,0.0045,-0.0742095279977479
31.5333333333333,0.634114583333333,0.0045,-0.0751222013739458
31.5666666666667,0.633715279897054,0.0045,-0.0759760066854178
31.6,0.633715279897054,0.0045,-0.0760889384912368
31.6333333333333,0.633715279897054,0.0045,-0.0762885146246968
31.6666666666667,0.633715279897054,0.0045,-0.0765614007750231
31.7,0.633715279897054,0.003,-0.0618961733421374
31.7333333333333,0.633715279897054,0.003,-0.062283054776711
31.7666666666667,0.633715279897054,0.003,-0.0627136849460024
31.8,0.633715279897054,0.003,-0.0631809236670512
31.8333333333333,0.63324286142985,0.003,-0.0636786802006862
31.8666666666667,0.63324286142985,0.003,-0.0633841928804156
31.9,0.63324286142985,0.003,-0.063262931559454
31.9333333333333,0.63324286142985,0.003,-0.0632875320001076
31.9666666666667,0.63324286142985,0.003,-0.0634345966057406
32,0.63324286142985,0.003,-0.0636841418273139
32.0333333333333,0.63324286142985,0.003,-0.0640191210161398
32.0666666666667,0.63324286142985,0.003,-0.0644250125316481
32.1,0.63324286142985,0.003,-0.0648894642816006
32.1333333333333,0.63324286142985,0.003,-0.0654019870576191
32.1666666666667,0.63324286142985,0.003,-0.065953690055586
32.2,0.63324286142985,0.003,-0.0665370528596475
32.2333333333333,0.63324286142985,0.003,-0.0671457289385896
32.2666666666667,0.63324286142985,0.003,-0.0677743763701848
32.3,0.633837095896403,0.003,-0.0684185120865287
32.3333333333333,0.633837095896403,0.003,-0.070102775877515
32.3666666666667,0.633837095896403,0.003,-0.0716040701958296
32.4,0.633837095896403,0.003,-0.0729495099918489
32.4333333333333,0.633837095896403,0.003,-0.0741623922253961
32.4666666666667,0.633837095896403,0.003,-0.0752627200368189
32.5,0.633837095896403,0.003,-0.0762676559026797
32.5333333333333,0.633837095896403,0.003,-0.0771919133286976
32.5666666666667,0.633153533935547,0.003,-0.0780480953526402
32.6,0.633153533935547,0.003,-0.0776640063214443
32.6333333333333,0.633153533935547,0.003,-0.0774522302061543
32.6666666666667,0.633153533935547,0.003,-0.0773864676763083
32.7,0.633153533935547,0.003,-0.0774441737556694
32.7333333333333,0.633153533935547,0.003,-0.077606038773467
32.7666666666667,0.633153533935547,0.003,-0.0778555398986792
32.8,0.633153533935547,0.003,-0.0781785537436791
32.8333333333333,0.633620103200277,0.003,-0.0785630217997127
32.8666666666667,0.633620103200277,0.003,-0.0798061120547209
32.9,0.633620103200277,0.003,-0.0809411941001084
32.9333333333333,0.633620103200277,0.003,-0.0819841478658732
32.9666666666667,0.633620103200277,0.003,-0.0829486257321324
33,0.633620103200277,0.003,-0.0838463577515248
33.0333333333333,0.633620103200277,0.003,-0.0846874155629274
33.0666666666667,0.633620103200277,0.003,-0.0854804405499538
33.1,0.63359375,0.003,-0.086232841053837
33.1333333333333,0.63359375,0.003,-0.086905355634781
33.1666666666667,0.63359375,0.003,-0.0875575182387409
33.2,0.63359375,0.003,-0.088192653682363
33.2333333333333,0.63359375,0.003,-0.08881359791578
33.2666666666667,0.63359375,0.003,-0.0894227666004772
33.3,0.63359375,0.003,-0.0900222142903466
33.3333333333333,0.63359375,0.003,-0.0906136854876996
33.3666666666667,0.633333333333333,0.003,-0.0911986586750379
33.4,0.633333333333333,0.003,-0.0913277040031944
33.4333333333333,0.633333333333333,0.003,-0.0915365163680024
33.4666666666667,0.633333333333333,0.003,-0.0918129652055043
33.5,0.633333333333333,0.003,-0.0921466487879407
33.5333333333333,0.633333333333333,0.003,-0.0925286554069285
33.5666666666667,0.633333333333333,0.003,-0.0929513570179256
33.6,0.633360640207926,0.003,-0.0934082309716683
33.6333333333333,0.633360640207926,0.003,-0.0939409636564916
33.6666666666667,0.63331626256307,0.003,-0.0944887408507526
33.7,0.63331626256307,0.0015,-0.0799720781168448
33.7333333333333,0.63331626256307,0.0015,-0.0804798079625091
33.7666666666667,0.63331626256307,0.0015,-0.0810077865354909
33.8,0.63331626256307,0.0015,-0.0815524889462759
33.8333333333333,0.63331626256307,0.0015,-0.0821109217869005
33.8666666666667,0.63331626256307,0.0015,-0.0826805476830833
33.9,0.63331626256307,0.0015,-0.0832592202477172
33.9333333333333,0.633567873636881,0.0015,-0.0838451280234115
33.9666666666667,0.633567873636881,0.0015,-0.0848721873972669
34,0.633567873636881,0.0015,-0.0858225568210831
34.0333333333333,0.633567873636881,0.0015,-0.0867077440808833
34.0666666666667,0.633567873636881,0.0015,-0.0875376270023446
34.1,0.633567873636881,0.0015,-0.0883206779036184
34.1333333333333,0.633567873636881,0.0015,-0.0890641575900588
34.1666666666667,0.633567873636881,0.0015,-0.0897742829915196
34.2,0.633405335744222,0.0015,-0.0904563719931768
34.2333333333333,0.633405335744222,0.0015,-0.0908336784673439
34.2666666666667,0.633405335744222,0.0015,-0.0912437734792063
34.3,0.633405335744222,0.0015,-0.0916818369798017
34.3333333333333,0.633405335744222,0.0015,-0.0921437250034931
34.3666666666667,0.633246517181396,0.0015,-0.0926258770332815
34.4,0.633246517181396,0.0015,-0.0928503825534788
34.4333333333333,0.633246517181396,0.0015,-0.0931406756969344
34.4666666666667,0.633333333333333,0.0015,-0.0934865681629377
34.5,0.633333333333333,0.0015,-0.094029580774912
34.5333333333333,0.633333333333333,0.0015,-0.0945840151876913
34.5666666666667,0.633333333333333,0.0015,-0.0951478336485983
34.6,0.633333333333333,0.0015,-0.0957193084796603
34.6333333333333,0.633333333333333,0.0015,-0.0962969778740607
34.6666666666667,0.633333333333333,0.0015,-0.0968796077995873
34.7,0.633333333333333,0.0015,-0.097466159178921
34.7333333333333,0.633405335744222,0.0015,-0.0980557596284813
34.7666666666667,0.633405335744222,0.0015,-0.0987722873883562
34.8,0.633405335744222,0.0015,-0.0994673117231695
34.8333333333333,0.633405335744222,0.0015,-0.100143926988064
34.8666666666667,0.633405335744222,0.0015,-0.100804798020638
34.9,0.633405335744222,0.0015,-0.10145221867235
34.9333333333333,0.633405335744222,0.0015,-0.102088162441645
34.9666666666667,0.633405335744222,0.0015,-0.10271432626891
35,0.633424822489421,0.0015,-0.103332168411522
35.0333333333333,0.633424822489421,0.0015,-0.10397666519415
35.0666666666667,0.633424822489421,0.0015,-0.104608884706424
35.1,0.633424822489421,0.0015,-0.10523072267368
35.1333333333333,0.633333333333333,0.0015,-0.105843802771347
35.1666666666667,0.633333333333333,0,-0.0912911820819988
35.2,0.633333333333333,0,-0.0917618769626974
35.2333333333333,0.633333333333333,0,-0.0922523277270381
35.2666666666667,0.633426984151204,0,-0.0927594829248318
35.3,0.633426984151204,0,-0.0934428023241852
35.3333333333333,0.633426984151204,0,-0.0941077829808614
35.3666666666667,0.633426984151204,0,-0.0947571951614955
35.4,0.633426984151204,0,-0.095393415532244
35.4333333333333,0.633426984151204,0,-0.0960184814449657
35.4666666666667,0.633426984151204,0,-0.0966341378506232
35.5,0.633426984151204,0,-0.0972418778329808
35.5333333333333,0.633471838633219,0,-0.097842977622507
35.5666666666667,0.633471838633219,0,-0.0985161525508664
35.6,0.633471838633219,0,-0.0991702447175131
35.6333333333333,0.633471838633219,0,-0.0998082875785939
35.6666666666667,0.633471838633219,0,-0.100432873674975
35.7,0.633471838633219,0,-0.101046216138101
35.7333333333333,0.633471838633219,0,-0.101650201792548
35.7666666666667,0.633471838633219,0,-0.102246436990807
35.8,0.633406098683675,0,-0.102836287163305
35.8333333333333,0.633406098683675,0,-0.103307140572895
35.8666666666667,0.633406098683675,0,-0.10379494368475
35.9,0.633333333333333,0,-0.104297239306019
35.9333333333333,0.633333333333333,0,-0.104685983964109
35.9666666666667,0.633333333333333,0,-0.105108746874423
36,0.633333333333333,0,-0.105560326311298
36.0333333333333,0.633333333333333,0,-0.106036263750124
36.0666666666667,0.633406257629395,0,-0.1065327410741
36.1,0.633406257629395,0,-0.107172695442232
36.1333333333333,0.633406257629395,0,-0.107803620402306
36.1666666666667,0.633406257629395,0,-0.108426778499904
36.2,0.633406257629395,0,-0.109043259571587
36.2333333333333,0.633406257629395,0,-0.10965400409845
36.2666666666667,0.633406257629395,0,-0.110259823421606
36.3,0.633406257629395,0,-0.110861417239797
36.3333333333333,0.633401870727539,0,-0.111459388753202
36.3666666666667,0.633401870727539,0,-0.112046665742761
36.4,0.633401870727539,0,-0.112632702346182
36.4333333333333,0.633401870727539,0,-0.113217664770871
36.4666666666667,0.633401870727539,0,-0.113801697001935
36.5,0.633401870727539,0,-0.114384923769724
36.5333333333333,0.633401870727539,0,-0.114967453121363
36.5666666666667,0.633401870727539,0,-0.115549378649093
36.6,0.63359375,0,-0.116130781421215
36.6333333333333,0.63359375,0,-0.117043800273761
36.6666666666667,0.633504231770833,0,-0.117894564633192
36.7,0.633504231770833,0,-0.118537798053251
36.7333333333333,0.633504231770833,0,-0.119165541684703
36.7666666666667,0.633504231770833,0,-0.119780385248594
36.8,0.633504231770833,0,-0.120384534082181
36.8333333333333,0.633504231770833,0,-0.120979863303518
36.8666666666667,0.633466307322184,0,-0.121567964536959
36.9,0.633466307322184,0,-0.122084553692397
36.9333333333333,0.633466307322184,0,-0.122608630265794
36.9666666666667,0.633466307322184,0,-0.123139259809006
37,0.633466307322184,0,-0.123675627706066
37.0333333333333,0.633466307322184,0,-0.124217023550423
37.0666666666667,0.633466307322184,0,-0.124762827578758
37.1,0.633466307322184,0,-0.12531249888915
37.1333333333333,0.633338324228923,-0.0015,-0.110865565207497
37.1666666666667,0.633338324228923,-0.0015,-0.111200124889116
37.2,0.633338324228923,-0.0015,-0.111578568865417
37.2333333333333,0.633338324228923,-0.0015,-0.111994183920033
37.2666666666667,0.633338324228923,-0.0015,-0.112441216180087
37.3,0.633338324228923,-0.0015,-0.112914738414971
37.3333333333333,0.633338324228923,-0.0015,-0.113410535385546
37.3666666666667,0.633338324228923,-0.0015,-0.113925004810445
37.4,0.633402538299561,-0.003,-0.0994550718425833
37.4333333333333,0.633402538299561,-0.0045,-0.0851092448886535
37.4666666666667,0.633406257629395,-0.0075,-0.0557534599920194
37.5,0.633406257629395,-0.009,-0.0413954674834799
37.5333333333333,0.633406257629395,-0.009,-0.0420287710325413
37.5666666666667,0.633406257629395,-0.0105,-0.027654545126484
37.6,0.633406257629395,-0.0105,-0.028273806613646
37.6333333333333,0.633406257629395,-0.0105,-0.0288874357995132
37.6666666666667,0.633387279510498,-0.0105,-0.0294961947242166
37.7,0.633387279510498,-0.0105,-0.0300678992327312
37.7333333333333,0.633387279510498,-0.0105,-0.0306420826225492
37.7666666666667,0.633387279510498,-0.0105,-0.0312182902319469
37.8,0.633387279510498,-0.0105,-0.031796137273927
37.8333333333333,0.633387279510498,-0.0105,-0.032375298829899
37.8666666666667,0.633387279510498,-0.0105,-0.0329555012289408
37.9,0.63342924118042,-0.0105,-0.0335365146240678
37.9333333333333,0.63342924118042,-0.0105,-0.0341907659821441
37.9666666666667,0.63342924118042,-0.0105,-0.034831946809428
38,0.63342924118042,-0.0105,-0.0354620215436759
38.0333333333333,0.63342924118042,-0.0105,-0.0360826761730437
38.0666666666667,0.63342924118042,-0.0105,-0.0366953565943695
38.1,0.63342924118042,-0.0105,-0.0373013017652134
38.1333333333333,0.63342924118042,-0.0105,-0.0379015723506672
38.1666666666667,0.63342924118042,-0.0105,-0.0384970754719593
38.2,0.633254241943359,-0.0105,-0.0390885860824798
38.2333333333333,0.633160813649495,-0.0105,-0.0393739096038196
38.2666666666667,0.633160813649495,-0.0105,-0.0395511977486759
38.3,0.633160813649495,-0.0105,-0.0398039914559408
38.3333333333333,0.633160813649495,-0.0105,-0.0401205368771958
38.3666666666667,0.633160813649495,-0.0105,-0.0404907730436348
38.4,0.633160813649495,-0.0105,-0.0409060967796707
38.4333333333333,0.633160813649495,-0.0105,-0.0413591596597272
38.4666666666667,0.633332697550456,-0.0105,-0.0418436926837393
38.5,0.633332697550456,-0.0105,-0.0426518193110682
38.5333333333333,0.633332697550456,-0.0105,-0.0434261155222948
38.5666666666667,0.633332697550456,-0.0105,-0.0441713152611518
38.6,0.633332697550456,-0.0105,-0.0448915046409198
38.6333333333333,0.633332697550456,-0.0105,-0.0455902095619404
38.6666666666667,0.633332697550456,-0.0105,-0.0462704715543617
38.7,0.633332697550456,-0.0105,-0.0469349134229744
38.7333333333333,0.633187739054362,-0.0105,-0.0475857960602348
38.7666666666667,0.633187739054362,-0.0105,-0.0479742006626101
38.8,0.633187739054362,-0.0105,-0.0483994074119787
38.8333333333333,0.633187739054362,-0.0105,-0.0488556142362391
38.8666666666667,0.633187739054362,-0.0105,-0.0493378593911471
38.9,0.633187739054362,-0.0105,-0.0498419044437169
38.9333333333333,0.633187739054362,-0.0105,-0.050364133228493
38.9666666666667,0.633187739054362,-0.0105,-0.0509014646193486
39,0.633264605204264,-0.0105,-0.0514512772491721
39.0333333333333,0.633333333333333,-0.0105,-0.0521443700609687
39.0666666666667,0.633333333333333,-0.0105,-0.052939989526529
39.1,0.633333333333333,-0.0105,-0.0536992809771036
39.1333333333333,0.633333333333333,-0.0105,-0.0544276219361602
39.1666666666667,0.633333333333333,-0.0105,-0.0551296331378191
39.2,0.633333333333333,-0.0105,-0.0558092823975887
39.2333333333333,0.633333333333333,-0.0105,-0.0564699744126358
39.2666666666667,0.633245404561361,-0.0105,-0.0571146283841266
39.3,0.633245404561361,-0.0105,-0.057593574491155
39.3333333333333,0.633245404561361,-0.0105,-0.0580894723287517
39.3666666666667,0.633245404561361,-0.0105,-0.0585997562188503
39.4,0.633245404561361,-0.0105,-0.0591222253404927
39.4333333333333,0.633245404561361,-0.0105,-0.059654993385285
39.4666666666667,0.633245404561361,-0.0105,-0.060196445051941
39.5,0.633245404561361,-0.0105,-0.0607451984586073
39.5333333333333,0.633194669087728,-0.0105,-0.0613000726752085
39.5666666666667,0.633194669087728,-0.0105,-0.0617722562531483
39.6,0.633194669087728,-0.0105,-0.0622650506670967
39.6333333333333,0.633194669087728,-0.0105,-0.0627751881052244
39.6666666666667,0.633194669087728,-0.0105,-0.0632998752001241
39.7,0.633194669087728,-0.0105,-0.0638367268823296
39.7333333333333,0.633194669087728,-0.0105,-0.0643837092685674
39.7666666666667,0.633200454711914,-0.0105,-0.0649390903640682
39.8,0.633202266693115,-0.0105,-0.0655114101942821
39.8333333333333,0.633202266693115,-0.0105,-0.0660906766156219
39.8666666666667,0.633202266693115,-0.0105,-0.0666723998362688
39.9,0.633202266693115,-0.0105,-0.0672560228134805
39.9333333333333,0.633202266693115,-0.0105,-0.0678410798805272
39.9666666666667,0.633202266693115,-0.0105,-0.0684271832883925
40,0.633202266693115,-0.0105,-0.0690140116369351
40.0333333333333,0.633202266693115,-0.0105,-0.0696012999364988
40.0666666666667,0.633333333333333,-0.0105,-0.0701888310760265
40.1,0.633333333333333,-0.0105,-0.0710032540365338
40.1333333333333,0.633333333333333,-0.0105,-0.0717753445246139
40.1666666666667,0.633333333333333,-0.0105,-0.0725115413332585
40.2,0.633333333333333,-0.0105,-0.0732173655339264
40.2333333333333,0.633333333333333,-0.0105,-0.0738975472530997
40.2666666666667,0.633333333333333,-0.0105,-0.0745561352163223
40.3,0.633333333333333,-0.0105,-0.0751965913819112
40.3333333333333,0.633333333333333,-0.0105,-0.075821872675075
40.3666666666667,0.633333333333333,-0.0105,-0.0764345015633896
40.4,0.633333333333333,-0.0105,-0.0770366269808825
40.4333333333333,0.633333333333333,-0.0105,-0.0776300769055693
40.4666666666667,0.633333333333333,-0.0105,-0.0782164037199591
40.5,0.633333333333333,-0.0105,-0.0787969233322063
40.5333333333333,0.633333333333333,-0.0105,-0.0793727489040812
40.5666666666667,0.633333333333333,-0.0105,-0.0799448199180442
40.6,0.633333333333333,-0.0105,-0.0805139272170873
40.6333333333333,0.633333333333333,-0.0105,-0.0810807345656109
40.6666666666667,0.633333333333333,-0.0105,-0.0816457972056535
40.7,0.633333333333333,-0.0105,-0.0822095778187757
40.7333333333333,0.633333333333333,-0.0105,-0.0827724602484683
40.7666666666667,0.633333333333333,-0.0105,-0.0833347612899714
40.8,0.633333333333333,-0.0105,-0.0838967408128553
40.8333333333333,0.633333333333333,-0.0105,-0.0844586104457626
40.8666666666667,0.633167044321696,-0.0105,-0.0850205410215932
40.9,0.633167044321696,-0.0105,-0.0852948871547587
40.9333333333333,0.633167044321696,-0.0105,-0.0856231504496319
40.9666666666667,0.633167044321696,-0.0105,-0.0859971011171722
41,0.633167044321696,-0.0105,-0.0864096842527417
41.0333333333333,0.633167044321696,-0.0105,-0.0868548574024387
41.0666666666667,0.633167044321696,-0.0105,-0.0873274502182504
41.1,0.633167044321696,-0.0105,-0.0878230432247219
41.1333333333333,0.633338324228923,-0.0105,-0.0883378631192115
41.1666666666667,0.633338324228923,-0.0105,-0.0891651114784881
41.2,0.633338324228923,-0.0105,-0.0899504079751599
41.2333333333333,0.633338324228923,-0.0105,-0.0906999856838057
41.2666666666667,0.633338324228923,-0.0105,-0.0914191989374073
41.3,0.633338324228923,-0.0105,-0.0921126440456343
41.3333333333333,0.633338324228923,-0.0105,-0.0927842636525517
41.3666666666667,0.633345031738281,-0.0105,-0.0934374369348989
41.4,0.633185863494873,-0.012,-0.0790866656449583
41.4333333333333,0.633185863494873,-0.012,-0.0794451961162175
41.4666666666667,0.633185863494873,-0.012,-0.0798422542220083
41.5,0.633185863494873,-0.0135,-0.0652719757839018
41.5333333333333,0.633185863494873,-0.0135,-0.0657293327132691
41.5666666666667,0.633185863494873,-0.0135,-0.0662100174928609
41.6,0.633185863494873,-0.015,-0.0517103433619508
41.6333333333333,0.633185863494873,-0.015,-0.0522271580887897
41.6666666666667,0.63322369257609,-0.015,-0.0527577694979606
41.7,0.63322369257609,-0.015,-0.0533653486372593
41.7333333333333,0.63322369257609,-0.015,-0.0539702755825851
41.7666666666667,0.63322369257609,-0.015,-0.054572777603152
41.8,0.63322369257609,-0.015,-0.0551730610836803
41.8333333333333,0.63322369257609,-0.015,-0.0557713136070149
41.8666666666667,0.63322369257609,-0.015,-0.0563677058113834
41.9,0.63322369257609,-0.015,-0.0569623930484417
41.9333333333333,0.633249314626058,-0.015,-0.0575555168650615
41.9666666666667,0.633249314626058,-0.015,-0.0581915481624317
42,0.633249314626058,-0.015,-0.0588180022147992
42.0333333333333,0.633249314626058,-0.015,-0.0594362674412498
42.0666666666667,0.633249314626058,-0.015,-0.0600475388311024
42.1,0.633249314626058,-0.015,-0.0606528443537277
42.1333333333333,0.633333333333333,-0.015,-0.0612530678009077
42.1666666666667,0.633333333333333,-0.015,-0.0619943723444464
42.2,0.633185831705729,-0.015,-0.062704918183109
42.2333333333333,0.633185831705729,-0.015,-0.0631341968169764
42.2666666666667,0.633185831705729,-0.015,-0.0635891075088381
42.3,0.633185831705729,-0.015,-0.0640657635636346
42.3333333333333,0.633185831705729,-0.015,-0.0645608314760196
42.3666666666667,0.633185831705729,-0.015,-0.0650714545656904
42.4,0.633185831705729,-0.015,-0.0655951869889179
42.4333333333333,0.633185831705729,-0.015,-0.0661299367283033
42.4666666666667,0.633132298787435,-0.015,-0.0666739163502674
42.5,0.633132298787435,-0.015,-0.0671329557582674
42.5333333333333,0.633132298787435,-0.015,-0.0676156589162148
42.5666666666667,0.633132298787435,-0.015,-0.068118243307085
42.6,0.633132298787435,-0.015,-0.068637477509392
42.6333333333333,0.633132298787435,-0.015,-0.0691706042325037
42.6666666666667,0.633132298787435,-0.015,-0.0697152738736922
42.7,0.633132298787435,-0.015,-0.0702694871746586
42.7333333333333,0.6331436475118,-0.015,-0.0708315457463506
42.7666666666667,0.6331436475118,-0.015,-0.0714196496377321
42.8,0.6331436475118,-0.015,-0.0720092809377623
42.8333333333333,0.6331436475118,-0.015,-0.0725999778857683
42.8666666666667,0.6331436475118,-0.015,-0.0731913595272665
42.9,0.633230908711751,-0.015,-0.0737831135058802
42.9333333333333,0.633230908711751,-0.015,-0.0745260008910208
42.9666666666667,0.633230908711751,-0.015,-0.0752406678787976
43,0.633185831705729,-0.015,-0.0759313131105135
43.0333333333333,0.633185831705729,-0.015,-0.0765235320983642
43.0666666666667,0.633185831705729,-0.015,-0.0771129641145598
43.1,0.633185831705729,-0.015,-0.0777000105831423
43.1333333333333,0.633185831705729,-0.015,-0.0782850171817137
43.1666666666667,0.633185831705729,-0.015,-0.0788682814400047
43.2,0.633185831705729,-0.015,-0.0794500593129494
43.2333333333333,0.633185831705729,-0.015,-0.0800305708659201
43.2666666666667,0.633205795288086,-0.015,-0.0806100051913511
43.3,0.633205795288086,-0.015,-0.0812230738801023
43.3333333333333,0.633205795288086,-0.015,-0.0818289306846075
43.3666666666667,0.633205795288086,-0.015,-0.0824286930583014
43.4,0.633205795288086,-0.015,-0.083023317843048
43.4333333333333,0.633205795288086,-0.015,-0.0836136235499547
43.4666666666667,0.633205795288086,-0.015,-0.0842003096048681
43.5,0.633205795288086,-0.015,-0.0847839729680715
43.5333333333333,0.633184973398844,-0.015,-0.0853651224827418
43.5666666666667,0.633230908711751,-0.015,-0.0859081566426362
43.6,0.633230908711751,-0.015,-0.0865356874162743
43.6333333333333,0.633230908711751,-0.015,-0.0871526801564805
43.6666666666667,0.633230908711751,-0.015,-0.0877608043136639
43.7,0.633230908711751,-0.015,-0.0883614870391769
43.7333333333333,0.633230908711751,-0.015,-0.0889559469606307
43.7666666666667,0.633230908711751,-0.015,-0.0895452233443583
43.8,0.633230908711751,-0.015,-0.0901302012682328
43.8333333333333,0.633230908711751,-0.015,-0.0907116333443471
43.8666666666667,0.633230908711751,-0.015,-0.0912901584585592
43.9,0.633230908711751,-0.015,-0.0918663179311238
43.9333333333333,0.633297856648763,-0.015,-0.0924405694482519
43.9666666666667,0.633297856648763,-0.015,-0.0931291599869094
44,0.633297856648763,-0.015,-0.0937949690700755
44.0333333333333,0.633297856648763,-0.015,-0.0944416158727611
44.0666666666667,0.633297856648763,-0.015,-0.0950721936598557
44.1,0.633297856648763,-0.015,-0.0956893431388524
44.1333333333333,0.633297856648763,-0.015,-0.0962953157913576
44.1666666666667,0.633297856648763,-0.015,-0.0968920285374979
44.2,0.633231894175212,-0.0165,-0.0824811109054541
44.2333333333333,0.633231894175212,-0.0165,-0.0829497902563814
44.2666666666667,0.633231894175212,-0.0165,-0.0834346598740478
44.3,0.633231894175212,-0.0165,-0.0839334120732569
44.3333333333333,0.633231894175212,-0.0165,-0.0844440579647057
44.3666666666667,0.633231894175212,-0.0165,-0.0849648841211836
44.4,0.633231894175212,-0.018,-0.0704944150833011
44.4333333333333,0.633231894175212,-0.018,-0.0710313809215501
44.4666666666667,0.633153184254964,-0.018,-0.0715746891762598
44.5,0.633153184254964,-0.018,-0.0719871842360166
44.5333333333333,0.633153184254964,-0.018,-0.0724296518495651
44.5666666666667,0.633153184254964,-0.018,-0.0728974642490952
44.6,0.633153184254964,-0.018,-0.0733866577663175
44.6333333333333,0.633153184254964,-0.018,-0.0738938407779308
44.6666666666667,0.633153184254964,-0.018,-0.0744161141864932
44.7,0.633153184254964,-0.018,-0.074951002745821
44.7333333333333,0.633179473876953,-0.018,-0.0754963957669419
44.7666666666667,0.633179473876953,-0.018,-0.0760959930788991
44.8,0.633179473876953,-0.018,-0.0766942935419046
44.8333333333333,0.633179473876953,-0.018,-0.0772913144099297
44.8666666666667,0.633179473876953,-0.018,-0.0778870822385695
44.9,0.633179473876953,-0.018,-0.0784816307800529
44.9333333333333,0.633179473876953,-0.018,-0.079074999223375
44.9666666666667,0.633179473876953,-0.018,-0.0796672307287289
45,0.633179918924967,-0.018,-0.0802583712125548
45.0333333333333,0.633179918924967,-0.018,-0.0808492385512145
45.0666666666667,0.633179918924967,-0.018,-0.0814389676578067
45.1,0.633179918924967,-0.018,-0.082027629650496
45.1333333333333,0.633179918924967,-0.018,-0.0826152921760312
45.1666666666667,0.633179918924967,-0.018,-0.083202019424567
45.2,0.633179918924967,-0.018,-0.0837878721759034
45.2333333333333,0.63324826558431,-0.0195,-0.0693729078704661
45.2666666666667,0.63324826558431,-0.0195,-0.0700754622649795
45.3,0.633159732818603,-0.0195,-0.0707552695588392
45.3333333333333,0.633159732818603,-0.0195,-0.0712625785942825
45.3666666666667,0.633159732818603,-0.0195,-0.0717821192193129
45.4,0.633159732818603,-0.0195,-0.0723120103188316
45.4333333333333,0.633159732818603,-0.0195,-0.0728506402446128
45.4666666666667,0.633159732818603,-0.0195,-0.0733966294961845
45.5,0.633159732818603,-0.0195,-0.0739487984812121
45.5333333333333,0.633159732818603,-0.0195,-0.0745061396703922
45.5666666666667,0.63316265741984,-0.0195,-0.075067793553778
45.6,0.63316265741984,-0.0195,-0.0756380892357713
45.6333333333333,0.63316265741984,-0.0195,-0.0762103995656392
45.6666666666667,0.63316265741984,-0.0195,-0.076784341749726
45.7,0.63316265741984,-0.0195,-0.0773595925435528
45.7333333333333,0.63316265741984,-0.0195,-0.0779358796776283
45.7666666666667,0.63316265741984,-0.0195,-0.0785129744737614
45.8,0.63316265741984,-0.0195,-0.0790906854896201
45.8333333333333,0.63316265741984,-0.0195,-0.0796688530511758
45.8666666666667,0.63316265741984,-0.0195,-0.0802473445516289
45.9,0.63316265741984,-0.0195,-0.0808260504118259
45.9333333333333,0.63316265741984,-0.0195,-0.0814048806113845
45.9666666666667,0.63316265741984,-0.0195,-0.0819837617120389
46,0.63316265741984,-0.0195,-0.0825626343053625
46.0333333333333,0.63316265741984,-0.0195,-0.0831414508262361
46.0666666666667,0.633072916666667,-0.0195,-0.0837201736813973
46.1,0.633072916666667,-0.0195,-0.0841434672029988
46.1333333333333,0.633072916666667,-0.0195,-0.0845955484580184
46.1666666666667,0.633072916666667,-0.0195,-0.0850719148448234
46.2,0.633072916666667,-0.0195,-0.0855687136179813
46.2333333333333,0.633072916666667,-0.0195,-0.08608265155056
46.2666666666667,0.633072916666667,-0.0195,-0.0866109169165065
46.3,0.633072916666667,-0.0195,-0.0871511121299254
46.3333333333333,0.633194669087728,-0.0195,-0.0877011956013645
46.3666666666667,0.633333333333333,-0.0195,-0.0884701377953491
46.4,0.633333333333333,-0.0195,-0.0894464797498488
46.4333333333333,0.633333333333333,-0.0195,-0.0903503799352054
46.4666666666667,0.633333333333333,-0.0195,-0.0911929267678802
46.5,0.633333333333333,-0.0195,-0.0919836236591303
46.5333333333333,0.633333333333333,-0.0195,-0.0927306082907802
46.5666666666667,0.633333333333333,-0.0195,-0.0934408420622804
46.6,0.633264795939128,-0.0195,-0.0941202737303369
46.6333333333333,0.633264795939128,-0.0195,-0.094655369069288
46.6666666666667,0.633264795939128,-0.0195,-0.0951911646103342
46.7,0.633264795939128,-0.0195,-0.0957279181828483
46.7333333333333,0.633264795939128,-0.0195,-0.0962658270628225
46.7666666666667,0.633264795939128,-0.021,-0.0818050379977056
46.8,0.633264795939128,-0.021,-0.0823456557491732
46.8333333333333,0.633264795939128,-0.021,-0.0828877503622772
46.8666666666667,0.633253192901611,-0.021,-0.0834313633408241
46.9,0.633095041910807,-0.021,-0.0839564325252953
46.9333333333333,0.633095041910807,-0.021,-0.0842130804332253
46.9666666666667,0.633095041910807,-0.021,-0.0845253978717253
47,0.633095041910807,-0.021,-0.0848849542914186
47.0333333333333,0.633095041910807,-0.021,-0.0852845183439857
47.0666666666667,0.633095041910807,-0.021,-0.0857178923889942
47.1,0.633095041910807,-0.021,-0.0861797694838605
47.1333333333333,0.633095041910807,-0.021,-0.0866656098280849
47.1666666666667,0.633281580607096,-0.021,-0.087171534039065
47.2,0.633281580607096,-0.021,-0.0880170571405772
47.2333333333333,0.633281580607096,-0.021,-0.0888163895929825
47.2666666666667,0.633281580607096,-0.021,-0.0895764542077224
47.3,0.633281580607096,-0.021,-0.0903031938051751
47.3333333333333,0.633281580607096,-0.021,-0.0910017061248984
47.3666666666667,0.633281580607096,-0.021,-0.0916763604314541
47.4,0.633281580607096,-0.021,-0.0923308982799849
47.4333333333333,0.633167044321696,-0.021,-0.0929685205754008
47.4666666666667,0.633167044321696,-0.021,-0.0933937448748929
47.5,0.633167044321696,-0.021,-0.0938440510558793
47.5333333333333,0.633167044321696,-0.021,-0.094315703848966
47.5666666666667,0.633167044321696,-0.021,-0.0948054951654788
47.6,0.633167044321696,-0.021,-0.0953106716343751
47.6333333333333,0.633072916666667,-0.021,-0.0958288719628169
47.6666666666667,0.633072916666667,-0.021,-0.0961951743261369
47.7,0.633040364583333,-0.021,-0.0966010921990519
47.7333333333333,0.633040364583333,-0.021,-0.0969841035703241
47.7666666666667,0.633040364583333,-0.021,-0.0974057438183846
47.8,0.633040364583333,-0.021,-0.0978598594022406
47.8333333333333,0.633040364583333,-0.021,-0.098341192014033
47.8666666666667,0.633040364583333,-0.021,-0.0988452536422627
47.9,0.633040364583333,-0.021,-0.0993682187085922
47.9333333333333,0.633040364583333,-0.021,-0.099906830970788
47.9666666666667,0.633072916666667,-0.021,-0.100458323194336
48,0.633072916666667,-0.021,-0.101076682897736
48.0333333333333,0.633072916666667,-0.021,-0.101693092561532
48.0666666666667,0.633072916666667,-0.021,-0.102307500428859
48.1,0.633072916666667,-0.021,-0.102919884881144
48.1333333333333,0.633072916666667,-0.021,-0.10353024868766
48.1666666666667,0.633072916666667,-0.021,-0.104138614150891
48.2,0.633072916666667,-0.021,-0.10474501901867
48.2333333333333,0.632994556427002,-0.021,-0.105349513051921
48.2666666666667,0.632994556427002,-0.021,-0.105816543962096
48.3,0.632994556427002,-0.021,-0.106307052293889
48.3333333333333,0.632994556427002,-0.021,-0.106817191151702
48.3666666666667,0.632994556427002,-0.021,-0.107343679969526
48.4,0.632836182912191,-0.021,-0.107883725019372
48.4333333333333,0.632836182912191,-0.021,-0.108160867671296
48.4666666666667,0.632836182912191,-0.021,-0.108498235009512
48.5,0.632922681172689,-0.021,-0.108886201409818
48.5333333333333,0.632922681172689,-0.021,-0.109466238547278
48.5666666666667,0.632922681172689,-0.021,-0.110053747262655
48.6,0.632922681172689,-0.021,-0.110647072351282
48.6333333333333,0.632922681172689,-0.021,-0.111244828420981
48.6666666666667,0.632922681172689,-0.021,-0.111845860255985
48.7,0.632922681172689,-0.021,-0.112449208738551
48.7333333333333,0.632922681172689,-0.021,-0.113054081566903
48.7666666666667,0.632944456736247,-0.021,-0.113659828111156
48.8,0.632944456736247,-0.021,-0.114303602895032
48.8333333333333,0.632944456736247,-0.021,-0.114940271383512
48.8666666666667,0.632944456736247,-0.021,-0.115570578974243
48.9,0.632944456736247,-0.021,-0.116195186742789
48.9333333333333,0.632944456736247,-0.021,-0.116814681562753
48.9666666666667,0.632944456736247,-0.0225,-0.102429584960237
49,0.632944456736247,-0.0225,-0.103040360865159
49.0333333333333,0.633072916666667,-0.0225,-0.103647422400744
49.0666666666667,0.633072916666667,-0.0225,-0.10447345216265
49.1,0.633072916666667,-0.0225,-0.105255048371504
49.1333333333333,0.633072916666667,-0.0225,-0.105998926431399
49.1666666666667,0.632881704966227,-0.0225,-0.106710847406749
49.2,0.632881704966227,-0.0225,-0.107064836351485
49.2333333333333,0.632881704966227,-0.0225,-0.107457683542877
49.2666666666667,0.632881704966227,-0.0225,-0.107883448900447
49.3,0.632896518707275,-0.0225,-0.108337040925546
49.3333333333333,0.632896518707275,-0.0225,-0.108839736182201
49.3666666666667,0.632896518707275,-0.0225,-0.109357391354585
49.4,0.632896518707275,-0.0225,-0.109887558775362
49.4333333333333,0.632896518707275,-0.0225,-0.110428150898355
49.4666666666667,0.632896518707275,-0.0225,-0.110977389765657
49.5,0.632896518707275,-0.0225,-0.111533763400051
49.5333333333333,0.632896518707275,-0.0225,-0.112095988185372
49.5666666666667,0.633028189341227,-0.0225,-0.112662976423494
49.6,0.632917340596517,-0.0225,-0.113461679177144
49.6333333333333,0.632917340596517,-0.0225,-0.114029162312807
49.6666666666667,0.632917340596517,-0.0225,-0.114598929701682
49.7,0.632917340596517,-0.0225,-0.115170528266902
49.7333333333333,0.632917340596517,-0.0225,-0.115743576411112
49.7666666666667,0.632917340596517,-0.0225,-0.116317753660815
49.8,0.632917340596517,-0.0225,-0.116892791752966
49.8333333333333,0.632917340596517,-0.0225,-0.117468466966933
49.8666666666667,0.632917340596517,-0.0225,-0.118044593531532
49.9,0.632917340596517,-0.0225,-0.118621017959868
49.9333333333333,0.632917340596517,-0.0225,-0.119197614184645
49.9666666666667,0.632917340596517,-0.0225,-0.119774279383848
50,0.632917340596517,-0.0225,-0.120350930401638
50.0333333333333,0.632917340596517,-0.0225,-0.120927500682217
50.0666666666667,0.632917340596517,-0.0225,-0.121503937645607
50.1,0.632951005299886,-0.0225,-0.122080200443945
50.1333333333333,0.632951005299886,-0.0225,-0.122714518593159
50.1666666666667,0.632951005299886,-0.0225,-0.123337755037603
50.2,0.632951005299886,-0.0225,-0.123951576646102
50.2333333333333,0.632951005299886,-0.0225,-0.124557413928104
50.2666666666667,0.632951005299886,-0.0225,-0.12515649359998
50.3,0.632951005299886,-0.0225,-0.12574986673075
50.3333333333333,0.632951005299886,-0.0225,-0.126338433062509
50.3666666666667,0.632951005299886,-0.0225,-0.126922962020986
50.4,0.632951005299886,-0.0225,-0.127504110862556
50.4333333333333,0.632951005299886,-0.0225,-0.128082440344152
50.4666666666667,0.632951005299886,-0.0225,-0.128658428250634
50.5,0.632951005299886,-0.0225,-0.129232481069256
50.5333333333333,0.632951005299886,-0.0225,-0.129804944061963
50.5666666666667,0.632951005299886,-0.0225,-0.130376109952525
50.6,0.632951005299886,-0.0225,-0.130946226416352
50.6333333333333,0.633059724171956,-0.0225,-0.131515502535534
50.6666666666667,0.633059724171956,-0.0225,-0.132272264571036
50.7,0.633059724171956,-0.0225,-0.132993458646366
50.7333333333333,0.633059724171956,-0.0225,-0.133684643403516
50.7666666666667,0.633059724171956,-0.0225,-0.134350575492731
50.8,0.633059724171956,-0.0225,-0.134995321039448
50.8333333333333,0.633059724171956,-0.0225,-0.13562235191098
50.8666666666667,0.633134969075521,-0.0225,-0.136234628834843
50.9,0.633057657877604,-0.0225,-0.136964892896614
50.9333333333333,0.633057657877604,-0.0225,-0.1375270131844
50.9666666666667,0.633057657877604,-0.0225,-0.138085292239207
51,0.633057657877604,-0.0225,-0.138640627711972
51.0333333333333,0.633057657877604,-0.0225,-0.139193768834368
51.0666666666667,0.633057657877604,-0.0225,-0.139745338349633
51.1,0.633057657877604,-0.0225,-0.140295851359664
51.1333333333333,0.633057657877604,-0.0225,-0.140845731511432
51.1666666666667,0.632962735493978,-0.0225,-0.141395324888499
51.2,0.633167044321696,-0.0225,-0.141780638084383
51.2333333333333,0.633167044321696,-0.0225,-0.142550352706034
51.2666666666667,0.633167044321696,-0.024,-0.128280452301288
51.3,0.633167044321696,-0.024,-0.128977226505591
51.3333333333333,0.633167044321696,-0.024,-0.129646051231877
51.3666666666667,0.633167044321696,-0.024,-0.130291516098198
51.4,0.633167044321696,-0.0255,-0.115917534447744
51.4333333333333,0.633167044321696,-0.0255,-0.116527438313388
51.4666666666667,0.633167044321696,-0.0255,-0.117124060362926
51.5,0.633167044321696,-0.0255,-0.117709804587548
51.5333333333333,0.633167044321696,-0.0255,-0.118286707259115
51.5666666666667,0.633167044321696,-0.0255,-0.118856489476521
51.6,0.633167044321696,-0.0255,-0.119420602443729
51.6333333333333,0.633167044321696,-0.0255,-0.11998026646813
51.6666666666667,0.633167044321696,-0.0255,-0.120536504534576
51.7,0.633072916666667,-0.0255,-0.121090171195104
51.7333333333333,0.633072916666667,-0.0255,-0.121479078941996
51.7666666666667,0.633072916666667,-0.0255,-0.121897062174365
51.8,0.633072916666667,-0.0255,-0.122339900204442
51.8333333333333,0.633072916666667,-0.0255,-0.122803960739821
51.8666666666667,0.633072916666667,-0.0255,-0.123286119519875
51.9,0.633072916666667,-0.0255,-0.123783690809746
51.9333333333333,0.633072916666667,-0.0255,-0.124294367293613
51.9666666666667,0.633072916666667,-0.0255,-0.124816168104176
52,0.633072916666667,-0.0255,-0.125347393894442
52.0333333333333,0.633072916666667,-0.0255,-0.125886588004418
52.0666666666667,0.633072916666667,-0.0255,-0.126432502902265
52.1,0.633072916666667,-0.0255,-0.126984071189458
52.1333333333333,0.633072916666667,-0.0255,-0.127540380554738
52.1666666666667,0.633072916666667,-0.0255,-0.128100652144179
52.2,0.633072916666667,-0.0255,-0.128664221886175
52.2333333333333,0.633072916666667,-0.0255,-0.129230524372077
52.2666666666667,0.633072916666667,-0.0255,-0.129799078946824
52.3,0.633072916666667,-0.0255,-0.130369477710382
52.3333333333333,0.633072916666667,-0.0255,-0.130941375171024
52.3666666666667,0.633072916666667,-0.0255,-0.131514479326321
52.4,0.633072916666667,-0.0255,-0.132088543977909
52.4333333333333,0.633072916666667,-0.0255,-0.132663362112186
52.4666666666667,0.633072916666667,-0.0255,-0.133238760201757
52.5,0.633093070983887,-0.0255,-0.133814593302011
52.5333333333333,0.633093070983887,-0.0255,-0.134425620142344
52.5666666666667,0.633093070983887,-0.0255,-0.135030363731416
52.6,0.633093070983887,-0.0255,-0.135629749393357
52.6333333333333,0.633093070983887,-0.0255,-0.136224572549609
52.6666666666667,0.633093070983887,-0.0255,-0.136815516525716
52.7,0.633093070983887,-0.0255,-0.137403167947619
52.7333333333333,0.633093070983887,-0.0255,-0.137988030051551
52.7666666666667,0.632959779103597,-0.0255,-0.138570534188233
52.8,0.632959779103597,-0.0255,-0.138920373204263
52.8333333333333,0.632959779103597,-0.0255,-0.139311513635535
52.8666666666667,0.632959779103597,-0.0255,-0.139737562212992
52.9,0.632959779103597,-0.0255,-0.140193044172825
52.9333333333333,0.632959779103597,-0.0255,-0.140673275864589
52.9666666666667,0.632959779103597,-0.0255,-0.141174254711951
53,0.632959779103597,-0.0255,-0.141692564185036
53.0333333333333,0.633072916666667,-0.0255,-0.142225291757496
53.0666666666667,0.633072916666667,-0.0255,-0.142965755345589
53.1,0.633072916666667,-0.0255,-0.143679574372551
53.1333333333333,0.633072916666667,-0.0255,-0.144370616827186
53.1666666666667,0.633072916666667,-0.0255,-0.14504221145937
53.2,0.633072916666667,-0.0255,-0.145697221430692
53.2333333333333,0.633072916666667,-0.0255,-0.146338108014409
53.2666666666667,0.63297955195109,-0.0255,-0.146966985681221
53.3,0.633135032653809,-0.0255,-0.147424091608396
53.3333333333333,0.633135032653809,-0.0255,-0.148171739242343
53.3666666666667,0.633135032653809,-0.0255,-0.14888739157188
53.4,0.633135032653809,-0.0255,-0.149575968126788
53.4333333333333,0.633135032653809,-0.0255,-0.150241683791335
53.4666666666667,0.633135032653809,-0.0255,-0.150888146387506
53.5,0.633135032653809,-0.0255,-0.151518440976538
53.5333333333333,0.633135032653809,-0.0255,-0.152135202669812
53.5666666666667,0.632964928944906,-0.0255,-0.152740679499866
53.6,0.632964928944906,-0.0255,-0.153042403132583
53.6333333333333,0.632964928944906,-0.0255,-0.153391228619096
53.6666666666667,0.632964928944906,-0.0255,-0.15378003601962
53.7,0.632964928944906,-0.0255,-0.154202717306664
53.7333333333333,0.632964928944906,-0.0255,-0.154654036778439
53.7666666666667,0.632964928944906,-0.0255,-0.155129510431505
53.8,0.632964928944906,-0.0255,-0.155625301738865
53.8333333333333,0.63301960627238,-0.0255,-0.156138131622107
53.8666666666667,0.63301960627238,-0.0255,-0.156759825955323
53.9,0.63301960627238,-0.0255,-0.157375744455554
53.9333333333333,0.63301960627238,-0.027,-0.142986588320866
53.9666666666667,0.63301960627238,-0.027,-0.143592970392725
54,0.63301960627238,-0.027,-0.144195426554021
54.0333333333333,0.632932694753011,-0.027,-0.144794425635902
54.0666666666667,0.632932694753011,-0.027,-0.145239967890453
54.1,0.632946046193441,-0.027,-0.145710843577022
54.1333333333333,0.632946046193441,-0.027,-0.146226129075814
54.1666666666667,0.632946046193441,-0.027,-0.146754969769483
54.2,0.632946046193441,-0.027,-0.147295093383897
54.2333333333333,0.632946046193441,-0.027,-0.147844565267516
54.2666666666667,0.632946046193441,-0.027,-0.148401740792179
54.3,0.632946046193441,-0.027,-0.148965224292981
54.3333333333333,0.632946046193441,-0.027,-0.149533833660991
54.3666666666667,0.633002090454102,-0.027,-0.150106569821827
54.4,0.633002090454102,-0.027,-0.150779581320112
54.4333333333333,0.633002090454102,-0.027,-0.15143710008584
54.4666666666667,0.633002090454102,-0.027,-0.152081334151996
54.5,0.633002090454102,-0.027,-0.15271418653812
54.5333333333333,0.633002090454102,-0.027,-0.153337296709515
54.5666666666667,0.633002090454102,-0.027,-0.15395207644963
54.6,0.633002090454102,-0.027,-0.154559740894902
54.6333333333333,0.632915306091309,-0.027,-0.155161335381145
54.6666666666667,0.632915306091309,-0.027,-0.155607568582789
54.7,0.632915306091309,-0.027,-0.156077382519578
54.7333333333333,0.632915306091309,-0.027,-0.156567101879295
54.7666666666667,0.632915306091309,-0.027,-0.15707358098572
54.8,0.632877604166667,-0.027,-0.157594130229307
54.8333333333333,0.632877604166667,-0.027,-0.158061205114634
54.8666666666667,0.632877604166667,-0.027,-0.158550248909432
54.9,0.632877604166667,-0.027,-0.159057707739308
54.9333333333333,0.633028380076091,-0.027,-0.159580548141168
54.9666666666667,0.633028380076091,-0.027,-0.160377118839649
55,0.633028380076091,-0.027,-0.161135673100415
55.0333333333333,0.633028380076091,-0.027,-0.161861877515338
55.0666666666667,0.633028380076091,-0.027,-0.162560598578281
55.1,0.633028380076091,-0.027,-0.163236012685577
55.1333333333333,0.633028380076091,-0.027,-0.163891701222259
55.1666666666667,0.633028380076091,-0.027,-0.164530732741061
55.2,0.632876968383789,-0.027,-0.165155733972235
55.2333333333333,0.632876968383789,-0.027,-0.165506916240475
55.2666666666667,0.632876968383789,-0.027,-0.165897049071051
55.3,0.632876968383789,-0.027,-0.166320200272257
55.3333333333333,0.632876968383789,-0.027,-0.166771283676943
55.3666666666667,0.632876968383789,-0.027,-0.16724594223489
55.4,0.632876968383789,-0.027,-0.167740446998789
55.4333333333333,0.632876968383789,-0.0285,-0.153251609861868
55.4666666666667,0.632912667592367,-0.0285,-0.153776708192529
55.5,0.632912667592367,-0.03,-0.139375201247673
55.5333333333333,0.632912667592367,-0.0315,-0.124971819945774
55.5666666666667,0.632912667592367,-0.033,-0.110566666673074
55.6,0.632912667592367,-0.0345,-0.0961598411604039
55.6333333333333,0.632912667592367,-0.0345,-0.0967514400176418
55.6666666666667,0.632912667592367,-0.0345,-0.0973415563913275
55.7,0.632912667592367,-0.0345,-0.0979302797244674
55.7333333333333,0.632912667592367,-0.0345,-0.098517695600685
55.7666666666667,0.632912667592367,-0.0345,-0.0991038856575759
55.8,0.632912667592367,-0.0345,-0.0996889275564269
55.8333333333333,0.6329833984375,-0.0345,-0.100272894997447
55.8666666666667,0.6329833984375,-0.0345,-0.100978265438027
55.9,0.6329833984375,-0.0345,-0.101659893218781
55.9333333333333,0.6329833984375,-0.0345,-0.102321376475684
55.9666666666667,0.6329833984375,-0.0345,-0.102965801360474
56,0.6329833984375,-0.0345,-0.10359581270771
56.0333333333333,0.6329833984375,-0.0345,-0.10421367510048
56.0666666666667,0.6329833984375,-0.0345,-0.104821325628291
56.1,0.632724571228027,-0.0345,-0.1054204194572
56.1333333333333,0.632724571228027,-0.0345,-0.105564439643969
56.1666666666667,0.632724571228027,-0.0345,-0.10578596682271
56.2,0.632724571228027,-0.0345,-0.106073086700433
56.2333333333333,0.632724571228027,-0.0345,-0.106415591324832
56.2666666666667,0.632724571228027,-0.0345,-0.106804742794271
56.3,0.632724571228027,-0.0345,-0.107233069127359
56.3333333333333,0.632724571228027,-0.0345,-0.10769418795543
56.3666666666667,0.63293711344401,-0.0345,-0.108182654283054
56.4,0.63293711344401,-0.0345,-0.109061657227293
56.4333333333333,0.63293711344401,-0.0345,-0.109890897512638
56.4666666666667,0.63293711344401,-0.0345,-0.110677648490261
56.5,0.63293711344401,-0.0345,-0.11142816615287
56.5333333333333,0.63293711344401,-0.0345,-0.112147828328781
56.5666666666667,0.63293711344401,-0.0345,-0.112841255052458
56.6,0.63293711344401,-0.0345,-0.113512412641025
56.6333333333333,0.632897059122721,-0.0345,-0.11416470366752
56.6666666666667,0.632897059122721,-0.0345,-0.114731726229315
56.7,0.632897059122721,-0.0345,-0.115298210349075
56.7333333333333,0.632897059122721,-0.0345,-0.115864290789596
56.7666666666667,0.632897059122721,-0.0345,-0.116430079651758
56.8,0.632897059122721,-0.0345,-0.116995669745942
56.8333333333333,0.632897059122721,-0.0345,-0.117561137487869
56.8666666666667,0.632897059122721,-0.0345,-0.118126545384173
56.9,0.632897059122721,-0.0345,-0.11869194416425
56.9333333333333,0.63293088277181,-0.0345,-0.11925737460718
56.9666666666667,0.63293088277181,-0.0345,-0.119881404727218
57,0.63293088277181,-0.0345,-0.12049461934578
57.0333333333333,0.63293088277181,-0.0345,-0.121098728778687
57.0666666666667,0.63293088277181,-0.0345,-0.121695195305553
57.1,0.63293088277181,-0.0345,-0.122285267731553
57.1333333333333,0.632951386769613,-0.0345,-0.122870011229872
57.1666666666667,0.632951386769613,-0.0345,-0.123485817572037
57.2,0.633010005950928,-0.0345,-0.12409136336522
57.2333333333333,0.633010005950928,-0.0345,-0.124789775895866
57.2666666666667,0.633010005950928,-0.0345,-0.125462141913175
57.3,0.633010005950928,-0.0345,-0.126112612177173
57.3333333333333,0.633010005950928,-0.0345,-0.126744733486159
57.3666666666667,0.633010005950928,-0.0345,-0.127361532971002
57.4,0.633010005950928,-0.0345,-0.127965590869488
57.4333333333333,0.633010005950928,-0.0345,-0.128559103337643
57.4666666666667,0.632876745859782,-0.0345,-0.129143936645787
57.5,0.632876745859782,-0.0345,-0.129491052380455
57.5333333333333,0.632876745859782,-0.0345,-0.129875376063896
57.5666666666667,0.632876745859782,-0.0345,-0.130291378114887
57.6,0.632876745859782,-0.0345,-0.130734308604785
57.6333333333333,0.632876745859782,-0.0345,-0.131200090145396
57.6666666666667,0.632876745859782,-0.0345,-0.131685225293881
57.7,0.632876745859782,-0.0345,-0.132186716521542
57.7333333333333,0.632876745859782,-0.0345,-0.132701997055069
57.7666666666667,0.632876745859782,-0.0345,-0.133228871125561
57.8,0.632876745859782,-0.0345,-0.13376546235703
57.8333333333333,0.632876745859782,-0.0345,-0.134310169196265
57.8666666666667,0.632876745859782,-0.0345,-0.13486162643329
57.9,0.632876745859782,-0.0345,-0.13541867198931
57.9333333333333,0.632876745859782,-0.0345,-0.135980318259616
57.9666666666667,0.632876745859782,-0.0345,-0.136545727394677
58,0.63279234568278,-0.0345,-0.137114189985581
58.0333333333333,0.63279234568278,-0.0345,-0.137539042712049
58.0666666666667,0.63279234568278,-0.0345,-0.137993055462614
58.1,0.63279234568278,-0.0345,-0.138471584497174
58.1333333333333,0.63279234568278,-0.0345,-0.138970661570279
58.1666666666667,0.63279234568278,-0.0345,-0.139486899666633
58.2,0.63279234568278,-0.0345,-0.140017411618147
58.2333333333333,0.63279234568278,-0.0345,-0.14055973986166
58.2666666666667,0.63279234568278,-0.0345,-0.141111795830329
58.3,0.63279234568278,-0.0345,-0.141671807674216
58.3333333333333,0.63279234568278,-0.0345,-0.142238275181032
58.3666666666667,0.63279234568278,-0.0345,-0.142809930919887
58.4,0.63279234568278,-0.0345,-0.143385706762508
58.4333333333333,0.63279234568278,-0.0345,-0.143964705050237
58.4666666666667,0.63279234568278,-0.0345,-0.144546173773845
58.5,0.63279234568278,-0.0345,-0.145129485218542
58.5333333333333,0.632861137390137,-0.0345,-0.145714117600551
58.5666666666667,0.632861137390137,-0.0345,-0.146418691056723
58.6,0.632861137390137,-0.0345,-0.147101620010392
58.6333333333333,0.632861137390137,-0.0345,-0.147766053348671
58.6666666666667,0.632861137390137,-0.0345,-0.148414700507667
58.7,0.632861137390137,-0.0345,-0.149049891526795
58.7333333333333,0.632861137390137,-0.0345,-0.149673628986978
58.7666666666667,0.632822640736898,-0.0345,-0.150287632922972
58.8,0.632902526855469,-0.0345,-0.150826756874647
58.8333333333333,0.632902526855469,-0.0345,-0.151509553187881
58.8666666666667,0.632902526855469,-0.0345,-0.152171174860958
58.9,0.632902526855469,-0.0345,-0.152814896652752
58.9333333333333,0.632902526855469,-0.0345,-0.153443523036772
58.9666666666667,0.632902526855469,-0.0345,-0.15405945341406
59,0.632902526855469,-0.0345,-0.154664738444096
59.0333333333333,0.632902526855469,-0.0345,-0.155261128691889
59.0666666666667,0.632765452067057,-0.0345,-0.155850116628683
59.1,0.632765452067057,-0.0345,-0.15619574957708
59.1333333333333,0.632765452067057,-0.0345,-0.156580524465229
59.1666666666667,0.632765452067057,-0.0345,-0.156998505289936
59.2,0.632765452067057,-0.0345,-0.157444600962934
59.2333333333333,0.632765452067057,-0.0345,-0.157914448671786
59.2666666666667,0.632765452067057,-0.0345,-0.158404313089613
59.3,0.632765452067057,-0.0345,-0.158910999298317
59.3333333333333,0.632765452067057,-0.036,-0.144431777576359
59.3666666666667,0.632765452067057,-0.036,-0.144964318450204
59.4,0.632765452067057,-0.036,-0.14550663662338
59.4333333333333,0.632765452067057,-0.036,-0.14605704258326
59.4666666666667,0.632765452067057,-0.036,-0.146614100846819
59.5,0.632765452067057,-0.036,-0.147176593946286
59.5333333333333,0.632765452067057,-0.036,-0.147743491376491
59.5666666666667,0.632765452067057,-0.036,-0.148313922830441
59.6,0.63275260925293,-0.036,-0.148887155140336
59.6333333333333,0.63275260925293,-0.036,-0.149440346488386
59.6666666666667,0.63275260925293,-0.036,-0.149999347691232
59.7,0.63275260925293,-0.036,-0.150563086509812
59.7333333333333,0.63275260925293,-0.036,-0.151130655851452
59.7666666666667,0.63275260925293,-0.036,-0.151701290097062
59.8,0.63275260925293,-0.036,-0.152274344707928
59.8333333333333,0.63275260925293,-0.036,-0.152849278665652
59.8666666666667,0.632880592346191,-0.036,-0.15342563935897
59.9,0.632880592346191,-0.036,-0.154224538691675
59.9333333333333,0.632880592346191,-0.036,-0.15498291223519
59.9666666666667,0.632880592346191,-0.036,-0.155706899637489
60,0.632880592346191,-0.036,-0.156401767053009
60.0333333333333,0.632880592346191,-0.036,-0.157072027698501
60.0666666666667,0.632880592346191,-0.036,-0.157721546029925
60.1,0.632880592346191,-0.036,-0.158353627746952
60.1333333333333,0.63293088277181,-0.036,-0.158971097535765
60.1666666666667,0.63293088277181,-0.036,-0.159663399430889
60.2,0.63293088277181,-0.036,-0.160329341228869
60.2333333333333,0.63293088277181,-0.036,-0.160973185993679
60.2666666666667,0.63293088277181,-0.036,-0.161598572599487
60.3,0.63293088277181,-0.036,-0.162208603113651
60.3333333333333,0.63293088277181,-0.036,-0.162805918218761
60.3666666666667,0.63291556040446,-0.036,-0.163392762291598
60.4,0.632690366109212,-0.036,-0.163944522462934
60.4333333333333,0.632690366109212,-0.036,-0.164104544250878
60.4666666666667,0.632690366109212,-0.036,-0.164335751775704
60.5,0.632690366109212,-0.036,-0.16462737982885
60.5333333333333,0.632690366109212,-0.036,-0.164970193504629
60.5666666666667,0.632690366109212,-0.036,-0.165356277083303
60.6,0.632690366109212,-0.036,-0.165778851590538
60.6333333333333,0.632690366109212,-0.036,-0.166232117170407
60.6666666666667,0.632690366109212,-0.036,-0.166711116927081
60.7,0.6328125,-0.036,-0.167211619339042
60.7333333333333,0.6328125,-0.036,-0.167941383145244
60.7666666666667,0.6328125,-0.036,-0.168646593962144
60.8,0.6328125,-0.036,-0.169330746552062
60.8333333333333,0.6328125,-0.036,-0.169996853234377
60.8666666666667,0.6328125,-0.036,-0.170647509439195
60.9,0.6328125,-0.036,-0.171284950429007
60.9333333333333,0.6328125,-0.036,-0.171911100372757
60.9666666666667,0.632776260375977,-0.036,-0.172527614798308
61,0.632776260375977,-0.036,-0.173073200574943
61.0333333333333,0.632776260375977,-0.036,-0.173623481704828
61.0666666666667,0.632776260375977,-0.036,-0.174177697271672
61.1,0.632776260375977,-0.036,-0.174735197867246
61.1333333333333,0.632784748077393,-0.036,-0.175295429974368
61.1666666666667,0.632784748077393,-0.0375,-0.160872611408003
61.2,0.632784748077393,-0.0405,-0.13144891645074
61.2333333333333,0.632732963562012,-0.042,-0.11702442983843
61.2666666666667,0.632732963562012,-0.045,-0.0875096084862002
61.3,0.632732963562012,-0.048,-0.0580108348156415
61.3333333333333,0.632732963562012,-0.0495,-0.0435255809983424
61.3666666666667,0.632732963562012,-0.051,-0.0290516851797423
61.4,0.632732963562012,-0.051,-0.0295873005262985
61.4333333333333,0.632732963562012,-0.051,-0.0301308512270871
61.4666666666667,0.632732963562012,-0.051,-0.0306809945105994
61.5,0.632918643951416,-0.051,-0.031236587863623
61.5333333333333,0.632918643951416,-0.051,-0.0321180015038735
61.5666666666667,0.632918643951416,-0.051,-0.0329432074964306
61.6,0.632918643951416,-0.051,-0.0337207917711578
61.6333333333333,0.632918643951416,-0.051,-0.0344581141059364
61.6666666666667,0.632918643951416,-0.051,-0.035161477677912
61.7,0.632918643951416,-0.0525,-0.0208362755559017
61.7333333333333,0.632918643951416,-0.0525,-0.0214871172421617
61.7666666666667,0.632659085591634,-0.0525,-0.0221179379547842
61.8,0.632659085591634,-0.0525,-0.0222828981051199
61.8333333333333,0.632659085591634,-0.0525,-0.0225177321910073
61.8666666666667,0.632659085591634,-0.0525,-0.0228118932288639
61.9,0.632673835754395,-0.0525,-0.0231563322125721
61.9333333333333,0.632673835754395,-0.0525,-0.0235688183595557
61.9666666666667,0.632673835754395,-0.0525,-0.0240124246381603
62,0.632673835754395,-0.0525,-0.0244822023804032
62.0333333333333,0.632606760660807,-0.0525,-0.0249739223182782
62.0666666666667,0.632606760660807,-0.0525,-0.0253678932448192
62.1,0.632606760660807,-0.0525,-0.025798743623533
62.1333333333333,0.632606760660807,-0.0525,-0.0262605000721412
62.1666666666667,0.632606760660807,-0.0525,-0.0267480643780209
62.2,0.632606760660807,-0.0525,-0.0272570909415737
62.2333333333333,0.632606760660807,-0.0525,-0.0277838809978028
62.2666666666667,0.632606760660807,-0.0525,-0.0283252913464122
62.3,0.632655556996663,-0.0525,-0.0288786556257865
62.3333333333333,0.632655556996663,-0.0525,-0.0295261639667581
62.3666666666667,0.632655556996663,-0.0525,-0.0301657297067189
62.4,0.632655556996663,-0.0525,-0.030798185293123
62.4333333333333,0.632655556996663,-0.0525,-0.0314242690676647
62.4666666666667,0.632655556996663,-0.0525,-0.0320446365550124
62.5,0.632655556996663,-0.0525,-0.0326598703401966
62.5333333333333,0.632655556996663,-0.0525,-0.0332704887158385
62.5666666666667,0.632552083333333,-0.0525,-0.0338769532567675
62.6,0.632552083333333,-0.0525,-0.0343006026702713
62.6333333333333,0.632552083333333,-0.0525,-0.0347542373764397
62.6666666666667,0.632623259226481,-0.0525,-0.0352330127234643
62.7,0.632623259226481,-0.0525,-0.0358559709881256
62.7333333333333,0.632623259226481,-0.0525,-0.0364734610751725
62.7666666666667,0.632623259226481,-0.0525,-0.0370860395020479
62.8,0.632623259226481,-0.0525,-0.0376942014466933
62.8333333333333,0.632579549153646,-0.0525,-0.038298387967412
62.8666666666667,0.632579549153646,-0.0525,-0.0388233471442671
62.9,0.632579549153646,-0.0525,-0.0393591675231019
62.9333333333333,0.632579549153646,-0.0525,-0.0399039776557385
62.9666666666667,0.632579549153646,-0.0525,-0.0404561871704414
63,0.632579549153646,-0.0525,-0.0410144469434583
63.0333333333333,0.632579549153646,-0.0525,-0.0415776147563011
63.0666666666667,0.632579549153646,-0.0525,-0.0421447256942691
63.1,0.632577196756999,-0.0525,-0.0427149666419586
63.1333333333333,0.632577196756999,-0.0525,-0.043283583231862
63.1666666666667,0.632577196756999,-0.0525,-0.0438548326196186
63.2,0.632577196756999,-0.0525,-0.0444281195111865
63.2333333333333,0.632577196756999,-0.0525,-0.0450029461907052
63.2666666666667,0.632577196756999,-0.0525,-0.0455788981531034
63.3,0.632577196756999,-0.0525,-0.0461556317535006
63.3333333333333,0.632577196756999,-0.0525,-0.0467328635969597
63.3666666666667,0.632486915588379,-0.0525,-0.0473103614295661
63.4,0.632486915588379,-0.0525,-0.0477316946283014
63.4333333333333,0.632486915588379,-0.0525,-0.0481820596601586
63.4666666666667,0.632487297058105,-0.0525,-0.0486568218784979
63.5,0.632487297058105,-0.0525,-0.0491526816912322
63.5333333333333,0.632487297058105,-0.0525,-0.0496654768179108
63.5666666666667,0.632487297058105,-0.0525,-0.0501923465165877
63.6,0.632487297058105,-0.0525,-0.0507308564001885
63.6333333333333,0.632526969909668,-0.0525,-0.0512789382408602
63.6666666666667,0.632526969909668,-0.0525,-0.0519034963726821
63.7,0.632526969909668,-0.0525,-0.052521597244938
63.7333333333333,0.632526969909668,-0.0525,-0.0531339705141084
63.7666666666667,0.632526969909668,-0.0525,-0.0537412583365219
63.8,0.632526969909668,-0.0525,-0.0543440263055334
63.8333333333333,0.632526969909668,-0.0525,-0.0549427729847873
63.8666666666667,0.632526969909668,-0.0525,-0.0555379382206993
63.9,0.632650248209635,-0.0525,-0.0561299103931795
63.9333333333333,0.632650248209635,-0.0525,-0.0569323796781444
63.9666666666667,0.632650248209635,-0.0525,-0.0576925572659902
64,0.632650248209635,-0.0525,-0.0584168747868155
64.0333333333333,0.632650248209635,-0.0525,-0.0591108472329006
64.0666666666667,0.632650248209635,-0.0525,-0.0597791995811783
64.1,0.632650248209635,-0.0525,-0.0604259762044475
64.1333333333333,0.632650248209635,-0.0525,-0.0610546353906294
64.1666666666667,0.632471815745036,-0.0525,-0.0616681309783054
64.2,0.632471815745036,-0.0525,-0.061960185439198
64.2333333333333,0.632634830474853,-0.0525,-0.0622992704118476
64.2666666666667,0.632634830474853,-0.0525,-0.0629604073564294
64.3,0.632634830474853,-0.0525,-0.0636028376427147
64.3333333333333,0.632634830474853,-0.0525,-0.0642294922243575
64.3666666666667,0.632634830474853,-0.0525,-0.0648428787090696
64.4,0.632634830474853,-0.0525,-0.0654451402310372
64.4333333333333,0.632656256357829,-0.0525,-0.0660381062928386
64.4666666666667,0.632656256357829,-0.0525,-0.066660416556507
64.5,0.632656256357829,-0.0525,-0.0672694112406782
64.5333333333333,0.632656256357829,-0.0525,-0.0678672902088975
64.5666666666667,0.632656256357829,-0.0525,-0.0684559283727167
64.6,0.632656256357829,-0.0525,-0.0690369213766975
64.6333333333333,0.632656256357829,-0.0525,-0.0696116250163224
64.6666666666667,0.632656256357829,-0.0525,-0.0701811892375234
64.7,0.632694625854492,-0.0525,-0.0707465874524046
64.7333333333333,0.632694625854492,-0.0525,-0.0713750445276425
64.7666666666667,0.632694625854492,-0.0525,-0.0719884798873469
64.8,0.632694625854492,-0.0525,-0.0725893935593911
64.8333333333333,0.632694625854492,-0.0525,-0.0731799151805319
64.8666666666667,0.632694625854492,-0.0525,-0.0737618561437395
64.9,0.632694625854492,-0.0525,-0.0743367545866927
64.9333333333333,0.632694625854492,-0.0525,-0.0749059141912971
64.9666666666667,0.632648245493571,-0.0525,-0.0754704376336213
65,0.632468255360921,-0.0525,-0.0759509889901375
65.0333333333333,0.632468255360921,-0.0525,-0.0761320779485285
65.0666666666667,0.632468255360921,-0.0525,-0.0763815658809405
65.1,0.632468255360921,-0.0525,-0.0766890192922665
65.1333333333333,0.632468255360921,-0.0525,-0.0770454937324221
65.1666666666667,0.632468255360921,-0.0525,-0.0774433279590529
65.2,0.632468255360921,-0.0525,-0.0778759660891742
65.2333333333333,0.632673613230387,-0.0525,-0.0783378039673367
65.2666666666667,0.632673613230387,-0.0525,-0.0791794513274129
65.3,0.632673613230387,-0.0525,-0.0799752243682268
65.3333333333333,0.632673613230387,-0.0525,-0.080731914099418
65.3666666666667,0.632673613230387,-0.0525,-0.0814553557933514
65.4,0.632673613230387,-0.0525,-0.0821505601636081
65.4333333333333,0.632673613230387,-0.0525,-0.0828218267737358
65.4666666666667,0.632673613230387,-0.0525,-0.0834728420663766
65.5,0.632552083333333,-0.0525,-0.0841067640826478
65.5333333333333,0.632552083333333,-0.0525,-0.0845159745362791
65.5666666666667,0.632552083333333,-0.0525,-0.0849522872397095
65.6,0.632552083333333,-0.0525,-0.0854116003317106
65.6333333333333,0.632552083333333,-0.0525,-0.085890395256245
65.6666666666667,0.632552083333333,-0.0525,-0.0863856562760638
65.7,0.632552083333333,-0.0525,-0.0868948009199928
65.7333333333333,0.632552083333333,-0.0525,-0.0874156198910132
65.7666666666667,0.632589689890544,-0.0525,-0.087946225159754
65.8,0.63265864054362,-0.0525,-0.0885500875074952
65.8333333333333,0.63265864054362,-0.0525,-0.0892679530357892
65.8666666666667,0.63265864054362,-0.0525,-0.0899589753689144
65.9,0.63265864054362,-0.0525,-0.090627217115647
65.9333333333333,0.63265864054362,-0.0525,-0.0912761631644315
65.9666666666667,0.63265864054362,-0.0525,-0.0919088003989593
66,0.63265864054362,-0.0525,-0.092527686584785
66.0333333333333,0.63265864054362,-0.0525,-0.0931350098857665
66.0666666666667,0.632549603780111,-0.0525,-0.0937326402734971
66.1,0.632549603780111,-0.0525,-0.0941334735653716
66.1333333333333,0.632549603780111,-0.0525,-0.0945627247893564
66.1666666666667,0.632549603780111,-0.0525,-0.0950161014211907
66.2,0.632549603780111,-0.0525,-0.09548992079937
66.2333333333333,0.632549603780111,-0.0525,-0.0959810260130751
66.2666666666667,0.632549603780111,-0.0525,-0.0964867132135226
66.3,0.632549603780111,-0.0525,-0.0970046688100747
66.3333333333333,0.632746315002441,-0.0525,-0.0975329152187607
66.3666666666667,0.632746315002441,-0.0525,-0.0984101948596526
66.4,0.632746315002441,-0.0525,-0.0992312165389626
66.4333333333333,0.632746315002441,-0.0525,-0.100004588090473
66.4666666666667,0.632746315002441,-0.0525,-0.100737687142862
66.5,0.632746315002441,-0.0525,-0.101436831295788
66.5333333333333,0.632535203297933,-0.0525,-0.102107425147526
66.5666666666667,0.632535203297933,-0.0525,-0.102388734793915
66.6,0.632641569773356,-0.0525,-0.102718118402446
66.6333333333333,0.632641569773356,-0.0525,-0.103272462054495
66.6666666666667,0.632641569773356,-0.0525,-0.10382721798175
66.7,0.632641569773356,-0.0525,-0.104382405384931
66.7333333333333,0.632641569773356,-0.0525,-0.104938035376299
66.7666666666667,0.632641569773356,-0.0525,-0.105494112470178
66.8,0.632641569773356,-0.0525,-0.106050635844029
66.8333333333333,0.632641569773356,-0.0525,-0.106607600402953
66.8666666666667,0.632552083333333,-0.0525,-0.107164997675955
66.9,0.632552083333333,-0.0525,-0.10756795023951
66.9333333333333,0.632552083333333,-0.0525,-0.108000162179048
66.9666666666667,0.632552083333333,-0.0525,-0.108457145425235
67,0.632552083333333,-0.0525,-0.108935054056903
67.0333333333333,0.632552083333333,-0.0525,-0.109430595421185
67.0666666666667,0.632552083333333,-0.0525,-0.109940953347301
67.1,0.632552083333333,-0.0525,-0.110463721823378
67.1333333333333,0.632552083333333,-0.0525,-0.110996847724486
67.1666666666667,0.632552083333333,-0.0525,-0.111538581369548
67.2,0.632552083333333,-0.0525,-0.112087433848906
67.2333333333333,0.632552083333333,-0.0525,-0.112642140206518
67.2666666666667,0.632552083333333,-0.0525,-0.113201627683856
67.3,0.632552083333333,-0.0525,-0.113764988339257
67.3333333333333,0.632552083333333,-0.0525,-0.11433145544877
67.3666666666667,0.632552083333333,-0.0525,-0.11490038317458
67.4,0.632702541351318,-0.0525,-0.115471229056301
67.4333333333333,0.632702541351318,-0.0525,-0.116303923428676
67.4666666666667,0.632702541351318,-0.0525,-0.117089194625255
67.5,0.632702541351318,-0.0525,-0.117834249565678
67.5333333333333,0.632702541351318,-0.0525,-0.118545268370199
67.5666666666667,0.632702541351318,-0.0525,-0.119227546176441
67.6,0.632702541351318,-0.0525,-0.119885615681257
67.6333333333333,0.632702541351318,-0.0525,-0.120523353004983
67.6666666666667,0.632627614339193,-0.0525,-0.121144069126991
67.7,0.632627614339193,-0.0525,-0.121620919235087
67.7333333333333,0.632627614339193,-0.0525,-0.122110136515802
67.7666666666667,0.632627614339193,-0.0525,-0.122610022854933
67.8,0.632627614339193,-0.0525,-0.123119110217511
67.8333333333333,0.632627614339193,-0.0525,-0.123636129697477
67.8666666666667,0.632627614339193,-0.0525,-0.124159984714411
67.9,0.632627614339193,-0.0525,-0.124689727802882
67.9333333333333,0.632448609670003,-0.0525,-0.125224540513969
67.9666666666667,0.632448609670003,-0.0525,-0.125453928340342
68,0.632448609670003,-0.0525,-0.125744780605839
68.0333333333333,0.632448609670003,-0.0525,-0.126087621912857
68.0666666666667,0.632448609670003,-0.0525,-0.126474335666071
68.1,0.632448609670003,-0.0525,-0.126897975786912
68.1333333333333,0.632448609670003,-0.0525,-0.127352604062876
68.1666666666667,0.632488950093587,-0.0525,-0.127833149674159
68.2,0.632526143391927,-0.0525,-0.128405101535117
68.2333333333333,0.632526143391927,-0.0525,-0.129046323940699
68.2666666666667,0.632526143391927,-0.0525,-0.129679342822084
68.3,0.632526143391927,-0.0525,-0.130305085076881
68.3333333333333,0.632526143391927,-0.0525,-0.130924366456761
68.3666666666667,0.632526143391927,-0.0525,-0.131537905459663
68.4,0.632526143391927,-0.0525,-0.132146335438817
68.4333333333333,0.632526143391927,-0.0525,-0.132750215161194
68.4666666666667,0.632561461130778,-0.0525,-0.133350038017359
68.5,0.632606188456217,-0.0525,-0.134007361369438
68.5333333333333,0.632606188456217,-0.0525,-0.134727468686435
68.5666666666667,0.632606188456217,-0.0525,-0.135420641110195
68.6,0.632606188456217,-0.0525,-0.136090929010385
68.6333333333333,0.632606188456217,-0.0525,-0.136741808491771
68.6666666666667,0.632606188456217,-0.0525,-0.137376260513158
68.7,0.632606188456217,-0.0525,-0.13799683926704
68.7333333333333,0.632609589894613,-0.0525,-0.138605731266057
68.7666666666667,0.632609589894613,-0.0525,-0.139210692959375
68.8,0.632609589894613,-0.0525,-0.139806338469009
68.8333333333333,0.632609589894613,-0.0525,-0.140394200693695
68.8666666666667,0.632609589894613,-0.0525,-0.140975586475126
68.9,0.632609589894613,-0.054,-0.126551608354112
68.9333333333333,0.63243309656779,-0.054,-0.127123211972205
68.9666666666667,0.63243309656779,-0.054,-0.127385758195803
69,0.632627614339193,-0.054,-0.127702270306963
69.0333333333333,0.632627614339193,-0.0555,-0.113401134262135
69.0666666666667,0.632627614339193,-0.057,-0.0990759312762545
69.1,0.632627614339193,-0.06,-0.0697303303640838
69.1333333333333,0.632627614339193,-0.0615,-0.0553674770453869
69.1666666666667,0.632627614339193,-0.0615,-0.055990065700313
69.2,0.632627614339193,-0.0615,-0.0566004020868804
69.2333333333333,0.632627614339193,-0.063,-0.0422004573464786
69.2666666666667,0.632552083333333,-0.063,-0.0427919146454625
69.3,0.632552083333333,-0.063,-0.0432454945632449
69.3333333333333,0.632552083333333,-0.063,-0.0437174860538464
69.3666666666667,0.632552083333333,-0.063,-0.044205152830506
69.4,0.632552083333333,-0.063,-0.0447061444197891
69.4333333333333,0.632552083333333,-0.063,-0.0452184431564195
69.4666666666667,0.632552083333333,-0.063,-0.0457403183619964
69.5,0.632552083333333,-0.063,-0.0462702867410562
69.5333333333333,0.632552083333333,-0.063,-0.0468070781574674
69.5666666666667,0.632552083333333,-0.063,-0.0473496060663348
69.6,0.632552083333333,-0.063,-0.0478969419738008
69.6333333333333,0.632552083333333,-0.063,-0.0484482933813146
69.6666666666667,0.632552083333333,-0.063,-0.049002984743879
69.7,0.632552083333333,-0.063,-0.0495604410349537
69.7333333333333,0.632552083333333,-0.063,-0.0501201735654119
69.7666666666667,0.632552083333333,-0.063,-0.0506817677513327
69.8,0.632542705535889,-0.063,-0.0512448725664641
69.8333333333333,0.63224827448527,-0.063,-0.0517929621196375
69.8666666666667,0.63224827448527,-0.063,-0.051835493278861
69.9,0.63224827448527,-0.063,-0.0519762591231335
69.9333333333333,0.63224827448527,-0.063,-0.0521999634039937
69.9666666666667,0.63224827448527,-0.063,-0.0524935132236717
70,0.63224827448527,-0.063,-0.0528457130422723
70.0333333333333,0.63224827448527,-0.063,-0.0532470003942817
70.0666666666667,0.632552083333333,-0.063,-0.0536892176853104
70.1,0.632552083333333,-0.063,-0.0546911905081446
70.1333333333333,0.632552083333333,-0.063,-0.0556232823076126
70.1666666666667,0.632552083333333,-0.063,-0.0564956601121705
70.2,0.632552083333333,-0.063,-0.0573170720241152
70.2333333333333,0.632552083333333,-0.063,-0.0580950411295096
70.2666666666667,0.632552083333333,-0.063,-0.0588360332016602
70.3,0.632552083333333,-0.063,-0.0595456017185599
70.3333333333333,0.632525730133057,-0.063,-0.0602285132433708
70.3666666666667,0.632525730133057,-0.063,-0.0608432486375693
70.4,0.632525730133057,-0.063,-0.0614474146437659
70.4333333333333,0.632525730133057,-0.063,-0.0620426931081124
70.4666666666667,0.632525730133057,-0.063,-0.0626305213126188
70.5,0.632525730133057,-0.063,-0.0632121260981192
70.5333333333333,0.632525730133057,-0.063,-0.0637885533246302
70.5666666666667,0.632525730133057,-0.063,-0.0643606932991986
70.6,0.632421175638835,-0.063,-0.064929302716691
70.6333333333333,0.632421175638835,-0.063,-0.0653140802977116
70.6666666666667,0.632421175638835,-0.063,-0.0657302218283685
70.7,0.632421175638835,-0.063,-0.0661729598735117
70.7333333333333,0.632421175638835,-0.063,-0.0666382063022093
70.7666666666667,0.632421175638835,-0.063,-0.0671224584606568
70.8,0.632421175638835,-0.063,-0.0676227180978427
70.8333333333333,0.632421175638835,-0.063,-0.0681364213255323
70.8666666666667,0.632421175638835,-0.063,-0.0686613781245986
70.9,0.632478841145833,-0.063,-0.0691957201093765
70.9333333333333,0.632478841145833,-0.0645,-0.0548376520671637
70.9666666666667,0.632478841145833,-0.0645,-0.0554674315164262
71,0.632478841145833,-0.0645,-0.0560867910388481
71.0333333333333,0.632478841145833,-0.0645,-0.0566972238388083
71.0666666666667,0.632478841145833,-0.0645,-0.0573000162839515
71.1,0.632478841145833,-0.0645,-0.0578962760605337
71.1333333333333,0.632478841145833,-0.0645,-0.058486956531708
71.1666666666667,0.632264264424642,-0.0645,-0.0590728778082288
71.2,0.632264264424642,-0.0645,-0.0592833958717222
71.2333333333333,0.632264264424642,-0.0645,-0.059559646173635
71.2666666666667,0.632264264424642,-0.0645,-0.0598914219972203
71.3,0.632264264424642,-0.0645,-0.0602699850328094
71.3333333333333,0.632264264424642,-0.0645,-0.0606878615767655
71.3666666666667,0.632291666666667,-0.0645,-0.0611386665011984
71.4,0.632291666666667,-0.0645,-0.0616643739027356
71.4333333333333,0.6325013478597,-0.0645,-0.0622040832975419
71.4666666666667,0.6325013478597,-0.0645,-0.0631180902559775
71.5,0.6325013478597,-0.0645,-0.0639737318869535
71.5333333333333,0.6325013478597,-0.0645,-0.0647796469493232
71.5666666666667,0.6325013478597,-0.0645,-0.0655432585116464
71.6,0.6325013478597,-0.0645,-0.0662709408037562
71.6333333333333,0.6325013478597,-0.0645,-0.0669681634666987
71.6666666666667,0.6325013478597,-0.0645,-0.0676396162410313
71.7,0.632310104370117,-0.0645,-0.0682893167261765
71.7333333333333,0.632310104370117,-0.0645,-0.0685897351658357
71.7666666666667,0.632310104370117,-0.0645,-0.068936437650205
71.8,0.632310104370117,-0.0645,-0.0693223745846781
71.8333333333333,0.632310104370117,-0.0645,-0.0697415017918206
71.8666666666667,0.632310104370117,-0.0645,-0.0701886415758096
71.9,0.632310104370117,-0.0645,-0.0706593626753443
71.9333333333333,0.632310104370117,-0.0645,-0.0711498765594538
71.9666666666667,0.632469590504964,-0.0645,-0.0716569478620582
72,0.632469590504964,-0.0645,-0.072453825704754
72.0333333333333,0.632469590504964,-0.066,-0.0582107318931005
72.0666666666667,0.632469590504964,-0.066,-0.0589336402893306
72.1,0.632469590504964,-0.066,-0.0596276802168064
72.1333333333333,0.632469590504964,-0.066,-0.0602972526446918
72.1666666666667,0.632469590504964,-0.066,-0.0609461306145383
72.2,0.632469590504964,-0.066,-0.0615775460297424
72.2333333333333,0.632469590504964,-0.066,-0.0621942646445693
72.2666666666667,0.632469590504964,-0.066,-0.0627986508431606
72.3,0.632469590504964,-0.066,-0.0633927235856264
72.3333333333333,0.632469590504964,-0.066,-0.063978204713532
72.3666666666667,0.632469590504964,-0.066,-0.0645565606470253
72.4,0.632244078318278,-0.066,-0.0651290383672153
72.4333333333333,0.632244078318278,-0.066,-0.0653064223056772
72.4666666666667,0.632244078318278,-0.066,-0.0655525897489684
72.5,0.632244078318278,-0.066,-0.0658570255346312
72.5333333333333,0.632244078318278,-0.066,-0.0662107166998376
72.5666666666667,0.632244078318278,-0.066,-0.0666059447212791
72.6,0.632244078318278,-0.066,-0.0670361060129522
72.6333333333333,0.632244078318278,-0.066,-0.0674955568726303
72.6666666666667,0.632183456420898,-0.066,-0.067979479578814
72.7,0.632183456420898,-0.066,-0.0683788537846482
72.7333333333333,0.632183456420898,-0.066,-0.0688146405084511
72.7666666666667,0.632183456420898,-0.066,-0.0692808369268985
72.8,0.632183456420898,-0.0675,-0.054772326146631
72.8333333333333,0.632183456420898,-0.0675,-0.0552847527034739
72.8666666666667,0.632183456420898,-0.0675,-0.0558144151370621
72.9,0.632271512349447,-0.0675,-0.0563581733287158
72.9333333333333,0.632421875,-0.0675,-0.0570657592695351
72.9666666666667,0.632421875,-0.0675,-0.0580143659882892
73,0.632421875,-0.0675,-0.0588978055474293
73.0333333333333,0.632421875,-0.0675,-0.0597257730717088
73.0666666666667,0.632421875,-0.0675,-0.0605065960070855
73.1,0.632421875,-0.0675,-0.0612474220677303
73.1333333333333,0.632421875,-0.0675,-0.0619543817067901
73.1666666666667,0.632421875,-0.0675,-0.0626327285387965
73.2,0.632552083333333,-0.0675,-0.0632869606822403
73.2333333333333,0.632552083333333,-0.0675,-0.0641462657289395
73.2666666666667,0.632552083333333,-0.0675,-0.064946611112222
73.3,0.632552083333333,-0.0675,-0.0656973114928666
73.3333333333333,0.632552083333333,-0.0675,-0.0664063312489054
73.3666666666667,0.632552083333333,-0.0675,-0.0670804725876126
73.4,0.632552083333333,-0.0675,-0.067725537974075
73.4333333333333,0.632552083333333,-0.0675,-0.0683464703456536
73.4666666666667,0.632271512349447,-0.0675,-0.0689474741157327
73.5,0.632271512349447,-0.0675,-0.0690465599863273
73.5333333333333,0.632271512349447,-0.0675,-0.0692227711142038
73.5666666666667,0.632271512349447,-0.0675,-0.0694646411965497
73.6,0.632271512349447,-0.0675,-0.0697623209417099
73.6333333333333,0.632271512349447,-0.0675,-0.0701073558958362
73.6666666666667,0.632490030924479,-0.0675,-0.07049249438249
73.7,0.632490030924479,-0.0675,-0.0712896924253112
73.7333333333333,0.632206948598226,-0.0675,-0.0720450061295806
73.7666666666667,0.632206948598226,-0.0675,-0.0722749015383928
73.8,0.632206948598226,-0.0675,-0.0725660149906399
73.8333333333333,0.632206948598226,-0.0675,-0.0729088756991343
73.8666666666667,0.632206948598226,-0.0675,-0.0732953731693049
73.9,0.632206948598226,-0.0675,-0.0737185685580623
73.9333333333333,0.632206948598226,-0.0675,-0.0741725317265995
73.9666666666667,0.632206948598226,-0.0675,-0.0746522005208863
74,0.632315349578857,-0.0675,-0.0751532592787936
74.0333333333333,0.632315349578857,-0.0675,-0.0758596340301497
74.0666666666667,0.632315349578857,-0.0675,-0.0765456528369816
74.1,0.632315349578857,-0.0675,-0.0772140849639728
74.1333333333333,0.632315349578857,-0.0675,-0.077867326330716
74.1666666666667,0.632315349578857,-0.0675,-0.0785074495973848
74.2,0.632315349578857,-0.0675,-0.0791362475494842
74.2333333333333,0.632315349578857,-0.0675,-0.0797552706768366
74.2666666666667,0.632504717508952,-0.0675,-0.0803658597224811
74.3,0.632504717508952,-0.0675,-0.0812968963322344
74.3333333333333,0.632504717508952,-0.0675,-0.0821606069909626
74.3666666666667,0.632504717508952,-0.0675,-0.0829673244302842
74.4,0.632504717508952,-0.0675,-0.0837259026186063
74.4333333333333,0.632189242045085,-0.0675,-0.0844439214625423
74.4666666666667,0.632189242045085,-0.0675,-0.0845818979525981
74.5,0.632189242045085,-0.0675,-0.0847930467726089
74.5333333333333,0.632466411590576,-0.069,-0.070066322662824
74.5666666666667,0.632466411590576,-0.069,-0.0708719221467255
74.6,0.632466411590576,-0.069,-0.0716326874189882
74.6333333333333,0.632466411590576,-0.0705,-0.0573555158933309
74.6666666666667,0.632466411590576,-0.0705,-0.0580463167914229
74.7,0.632466411590576,-0.0705,-0.0587101480102616
74.7333333333333,0.632466411590576,-0.0705,-0.0593513343598059
74.7666666666667,0.632466411590576,-0.0705,-0.0599735696832122
74.8,0.632291666666667,-0.0705,-0.0605800050349239
74.8333333333333,0.632291666666667,-0.0705,-0.0608709090948206
74.8666666666667,0.632291666666667,-0.0705,-0.0612073195519812
74.9,0.632291666666667,-0.0705,-0.0615824398441167
74.9333333333333,0.632291666666667,-0.0705,-0.0619904339568741
74.9666666666667,0.632291666666667,-0.0705,-0.0624262943005424
75,0.632291666666667,-0.0705,-0.0628857275050818
75.0333333333333,0.632291666666667,-0.072,-0.0483650557218709
75.0666666666667,0.632274754842122,-0.072,-0.0488611313437806
75.1,0.632274754842122,-0.072,-0.0493419955245547
75.1333333333333,0.632274754842122,-0.072,-0.0498400704359261
75.1666666666667,0.632274754842122,-0.072,-0.0503525505581147
75.2,0.632274754842122,-0.072,-0.0508770425101272
75.2333333333333,0.632257270812988,-0.072,-0.0514115072603863
75.2666666666667,0.632257270812988,-0.072,-0.0519239521791978
75.3,0.632257270812988,-0.072,-0.0524487991687578
75.3333333333333,0.632078202565511,-0.072,-0.0529839254213069
75.3666666666667,0.632078202565511,-0.072,-0.0532176284403421
75.4,0.632078202565511,-0.072,-0.0535160065751084
75.4333333333333,0.632078202565511,-0.072,-0.0538688104371733
75.4666666666667,0.632078202565511,-0.072,-0.0542672784210695
75.5,0.632078202565511,-0.072,-0.0547039292996795
75.5333333333333,0.632078202565511,-0.072,-0.05517238314689
75.5666666666667,0.632078202565511,-0.072,-0.05566720676036
75.6,0.632390213012695,-0.072,-0.0561837802712767
75.6333333333333,0.632115872701009,-0.072,-0.0572581511736153
75.6666666666667,0.632115872701009,-0.072,-0.0577716574633047
75.7,0.632115872701009,-0.072,-0.0583003130369529
75.7333333333333,0.632115872701009,-0.072,-0.0588413891595255
75.7666666666667,0.632115872701009,-0.072,-0.0593925737604326
75.8,0.632115872701009,-0.072,-0.0599519119403226
75.8333333333333,0.632115872701009,-0.072,-0.0605177547038198
75.8666666666667,0.632115872701009,-0.072,-0.0610887147995376
75.9,0.632115872701009,-0.072,-0.0616636286994832
75.9333333333333,0.632115872701009,-0.072,-0.0622415238805286
75.9666666666667,0.632115872701009,-0.072,-0.0628215906836682
76,0.632115872701009,-0.072,-0.0634031581246405
76.0333333333333,0.632115872701009,-0.072,-0.0639856731142113
76.0666666666667,0.632115872701009,-0.072,-0.0645686826197572
76.1,0.632115872701009,-0.072,-0.0651518183632488
76.1333333333333,0.632224686940511,-0.072,-0.0657347837056781
76.1666666666667,0.632224686940511,-0.072,-0.0665056576708097
76.2,0.632224686940511,-0.072,-0.0672408573524694
76.2333333333333,0.632224686940511,-0.072,-0.0679456796307333
76.2666666666667,0.632224686940511,-0.072,-0.0686246748627491
76.3,0.632224686940511,-0.072,-0.0692817494208441
76.3333333333333,0.632224686940511,-0.072,-0.0699202543351485
76.3666666666667,0.632224686940511,-0.072,-0.0705430619101448
76.4,0.632189242045085,-0.0735,-0.056152631934053
76.4333333333333,0.632189242045085,-0.0735,-0.0566897275129094
76.4666666666667,0.632189242045085,-0.0735,-0.0572289161929744
76.5,0.632189242045085,-0.0735,-0.0577699614005116
76.5333333333333,0.632189242045085,-0.0735,-0.0583126549367069
76.5666666666667,0.632189242045085,-0.0735,-0.0588568134304936
76.6,0.632189242045085,-0.0735,-0.0594022752467309
76.6333333333333,0.632189242045085,-0.0735,-0.0599488977903367
76.6666666666667,0.632229995727539,-0.0735,-0.0604965551547934
76.7,0.63219633102417,-0.0735,-0.0611156648921161
76.7333333333333,0.63219633102417,-0.0735,-0.0616642000309296
76.7666666666667,0.63219633102417,-0.0735,-0.0622132249478709
76.8,0.63219633102417,-0.0735,-0.0627627238822305
76.8333333333333,0.63219633102417,-0.0735,-0.0633126794820071
76.8666666666667,0.63219633102417,-0.0735,-0.0638630732913179
76.9,0.63219633102417,-0.0735,-0.0644138861523073
76.9333333333333,0.63219633102417,-0.0735,-0.064965098534482
76.9666666666667,0.63219633102417,-0.0735,-0.0655166908025617
77,0.63219633102417,-0.0735,-0.0660686434323576
77.0333333333333,0.63219633102417,-0.0735,-0.0666209371828169
77.0666666666667,0.63219633102417,-0.0735,-0.0671735532312005
77.1,0.63219633102417,-0.0735,-0.0677264732773468
77.1333333333333,0.63219633102417,-0.0735,-0.0682796796221077
77.1666666666667,0.63203125,-0.0735,-0.0688331552242835
77.2,0.63203125,-0.0735,-0.0691011924979233
77.2333333333333,0.63203125,-0.0735,-0.069422689953894
77.2666666666667,0.63203125,-0.0735,-0.0697893801480777
77.3,0.63203125,-0.0735,-0.0701941828895776
77.3333333333333,0.63203125,-0.0735,-0.0706310406101777
77.3666666666667,0.63203125,-0.0735,-0.0710947761563605
77.4,0.63203125,-0.0735,-0.0715809699790403
77.4333333333333,0.632164128621419,-0.0735,-0.0720858541021048
77.4666666666667,0.632164128621419,-0.0735,-0.0728361819717807
77.5,0.632164128621419,-0.0735,-0.0735564246906317
77.5333333333333,0.632164128621419,-0.0735,-0.0742509111050318
77.5666666666667,0.632164128621419,-0.0735,-0.0749233692173128
77.6,0.632164128621419,-0.0735,-0.0755770080621525
77.6333333333333,0.632164128621419,-0.0735,-0.0762145885346421
77.6666666666667,0.63230307896932,-0.0735,-0.076838484652941
77.7,0.632304700215658,-0.0735,-0.0776912057134843
77.7333333333333,0.632304700215658,-0.0735,-0.07849204209268
77.7666666666667,0.632304700215658,-0.0735,-0.0792461151702097
77.8,0.632304700215658,-0.0735,-0.0799607428811132
77.8333333333333,0.632304700215658,-0.0735,-0.0806421867265134
77.8666666666667,0.632304700215658,-0.0735,-0.0812957986471831
77.9,0.632304700215658,-0.0735,-0.0819261478655865
77.9333333333333,0.632304700215658,-0.0735,-0.0825371304006835
77.9666666666667,0.632304700215658,-0.0735,-0.0831320635967246
78,0.632304700215658,-0.0735,-0.0837137676927986
78.0333333333333,0.632304700215658,-0.0735,-0.0842846361875188
78.0666666666667,0.632304700215658,-0.0735,-0.0848466965173494
78.1,0.632304700215658,-0.0735,-0.0854016623627726
78.1333333333333,0.632304700215658,-0.0735,-0.0859509787195847
78.1666666666667,0.632304700215658,-0.0735,-0.0864958607194008
78.2,0.632304700215658,-0.0735,-0.0870373270507939
78.2333333333333,0.632146581013997,-0.0735,-0.0875762287176245
78.2666666666667,0.632146581013997,-0.0735,-0.087839630745128
78.3,0.632146581013997,-0.0735,-0.0881527408851072
78.3333333333333,0.632146581013997,-0.0735,-0.0885081375333849
78.3666666666667,0.632146581013997,-0.0735,-0.0888994478035288
78.4,0.632146581013997,-0.0735,-0.0893212032875086
78.4333333333333,0.632146581013997,-0.0735,-0.0897687153769908
78.4666666666667,0.632263914744059,-0.0735,-0.0902379675126834
78.5,0.632291666666667,-0.0735,-0.0909285812719689
78.5333333333333,0.632291666666667,-0.0735,-0.0916447572464311
78.5666666666667,0.632291666666667,-0.0735,-0.0923328758544398
78.6,0.632291666666667,-0.0735,-0.0929972057684801
78.6333333333333,0.632291666666667,-0.0735,-0.0936414071729946
78.6666666666667,0.632291666666667,-0.0735,-0.0942686158277332
78.7,0.632291666666667,-0.0735,-0.0948815157041503
78.7333333333333,0.632291666666667,-0.075,-0.080482401734724
78.7666666666667,0.632220649719238,-0.075,-0.0810732340085497
78.8,0.632093302408854,-0.075,-0.0815327817688401
78.8333333333333,0.632093302408854,-0.0765,-0.0667878795860355
78.8666666666667,0.632093302408854,-0.078,-0.0520976350402286
78.9,0.632093302408854,-0.078,-0.0524536710394012
78.9333333333333,0.632093302408854,-0.078,-0.0528488086367473
78.9666666666667,0.632093302408854,-0.078,-0.053276901225717
79,0.632093302408854,-0.078,-0.0537326912934957
79.0333333333333,0.632146231333415,-0.078,-0.054211686691506
79.0666666666667,0.632146231333415,-0.078,-0.0548016532344965
79.1,0.632146231333415,-0.078,-0.0553906595915238
79.1333333333333,0.632146231333415,-0.078,-0.0559785710391342
79.1666666666667,0.632146231333415,-0.078,-0.0565652904010992
79.2,0.632146231333415,-0.078,-0.057150751582407
79.2333333333333,0.63218510945638,-0.0795,-0.042734914074187
79.2666666666667,0.63218510945638,-0.0795,-0.0433850412476672
79.3,0.632177988688151,-0.0795,-0.0440213130521731
79.3333333333333,0.632177988688151,-0.0795,-0.0446333607889698
79.3666666666667,0.632177988688151,-0.0795,-0.0452374895028063
79.4,0.632177988688151,-0.0795,-0.0458347970135145
79.4333333333333,0.632177988688151,-0.0795,-0.0464262316381732
79.4666666666667,0.632177988688151,-0.0795,-0.0470126123578633
79.5,0.632177988688151,-0.0795,-0.0475946462781537
79.5333333333333,0.632177988688151,-0.0795,-0.0481729437454453
79.5666666666667,0.632177988688151,-0.0795,-0.0487480314329232
79.6,0.63206303914388,-0.0795,-0.0493203636679485
79.6333333333333,0.63206303914388,-0.0795,-0.0496913991475263
79.6666666666667,0.63206303914388,-0.0795,-0.0500974689590265
79.7,0.63206303914388,-0.0795,-0.0505331176831909
79.7333333333333,0.63206303914388,-0.0795,-0.0509936757389491
79.7666666666667,0.63206303914388,-0.0795,-0.0514751502484663
79.8,0.63206303914388,-0.0795,-0.0519741307782332
79.8333333333333,0.63206303914388,-0.0795,-0.0524877079485253
79.8666666666667,0.632085927327474,-0.0795,-0.053013403173048
79.9,0.632085927327474,-0.0795,-0.0535887185948049
79.9333333333333,0.632085927327474,-0.0795,-0.054164873804589
79.9666666666667,0.632085927327474,-0.0795,-0.0547414951526246
80,0.632057603200277,-0.0795,-0.0553182783134352
80.0333333333333,0.632057603200277,-0.0795,-0.0558459595074839
80.0666666666667,0.632057603200277,-0.0795,-0.0563824924134772
80.1,0.632057603200277,-0.0795,-0.0569263064728713
80.1333333333333,0.63203125,-0.0795,-0.05747606962843
80.1666666666667,0.63203125,-0.0795,-0.0579850471844578
80.2,0.63203125,-0.0795,-0.0585063904367844
80.2333333333333,0.63203125,-0.0795,-0.059037979724461
80.2666666666667,0.63203125,-0.0795,-0.0595780131069201
80.3,0.63203125,-0.0795,-0.060124961385139
80.3333333333333,0.63203125,-0.0795,-0.0606775293149742
80.3666666666667,0.63203125,-0.0795,-0.0612346221725135
80.4,0.632153828938802,-0.0795,-0.0617953169443894
80.4333333333333,0.632153828938802,-0.0795,-0.0625709741264015
80.4666666666667,0.632153828938802,-0.0795,-0.0633092865026599
80.5,0.632153828938802,-0.0795,-0.0640158384800914
80.5333333333333,0.632153828938802,-0.0795,-0.0646954247765789
80.5666666666667,0.632153828938802,-0.0795,-0.0653521590744985
80.6,0.632153828938802,-0.0795,-0.0659895679365534
80.6333333333333,0.632153828938802,-0.0795,-0.0666106719676095
80.6666666666667,0.63217830657959,-0.0795,-0.0672180559403493
80.7,0.63217830657959,-0.0795,-0.0678562906771037
80.7333333333333,0.63217830657959,-0.0795,-0.0684770097459778
80.7666666666667,0.632085355122884,-0.0795,-0.069083045617316
80.8,0.632085355122884,-0.0795,-0.069515953121826
80.8333333333333,0.632085355122884,-0.0795,-0.0699686242770403
80.8666666666667,0.632085355122884,-0.0795,-0.0704381669128942
80.9,0.632085355122884,-0.0795,-0.0709220936388884
80.9333333333333,0.632291666666667,-0.0795,-0.0714182664456083
80.9666666666667,0.632291666666667,-0.0795,-0.0722818940830711
81,0.632291666666667,-0.0795,-0.0730878389859198
81.0333333333333,0.632291666666667,-0.0795,-0.0738450626338887
81.0666666666667,0.632291666666667,-0.0795,-0.0745612369491104
81.1,0.632291666666667,-0.0795,-0.0752429232951772
81.1333333333333,0.632291666666667,-0.0795,-0.0758957270835837
81.1666666666667,0.632291666666667,-0.0795,-0.0765244312791134
81.2,0.632111517588298,-0.0795,-0.0771331116539319
81.2333333333333,0.632111517588298,-0.0795,-0.0774134680565412
81.2666666666667,0.632111517588298,-0.0795,-0.0777382957384373
81.3,0.632111517588298,-0.0795,-0.0781010871458881
81.3333333333333,0.632111517588298,-0.0795,-0.0784962454842827
81.3666666666667,0.632111517588298,-0.0795,-0.0789189600721941
81.4,0.632111517588298,-0.0795,-0.0793650985542628
81.4333333333333,0.632111517588298,-0.0795,-0.079831113707217
81.4666666666667,0.632232634226481,-0.0795,-0.0803139628767689
81.5,0.632232634226481,-0.0795,-0.0810206442830876
81.5333333333333,0.632232634226481,-0.0795,-0.0817002704690035
81.5666666666667,0.632129414876302,-0.0795,-0.0823569859967818
81.6,0.632129414876302,-0.0795,-0.0828157101085654
81.6333333333333,0.632129414876302,-0.0795,-0.0832913951442441
81.6666666666667,0.632129414876302,-0.0795,-0.0837814825438989
81.7,0.632129414876302,-0.0795,-0.0842837770337126
81.7333333333333,0.63203125,-0.0795,-0.0847963965372502
81.7666666666667,0.63203125,-0.0795,-0.0851478435513106
81.8,0.63203125,-0.0795,-0.0855382725687164
81.8333333333333,0.63203125,-0.0795,-0.085961596776296
81.8666666666667,0.63203125,-0.0795,-0.0864126072139718
81.9,0.63203125,-0.0795,-0.086886850787609
81.9333333333333,0.63203125,-0.0795,-0.0873805249150301
81.9666666666667,0.63203125,-0.0795,-0.0878903865599946
82,0.632129065195719,-0.0795,-0.0884136737103476
82.0333333333333,0.63203125,-0.0795,-0.0891173177930589
82.0666666666667,0.63203125,-0.0795,-0.0896292284418337
82.1,0.63203125,-0.0795,-0.0901534222368523
82.1333333333333,0.63203125,-0.0795,-0.0906877675274478
82.1666666666667,0.63203125,-0.0795,-0.0912304536960136
82.2,0.63203125,-0.0795,-0.0917799456097178
82.2333333333333,0.63203125,-0.0795,-0.0923349443498403
82.2666666666667,0.63203125,-0.0795,-0.0928943533664696
82.3,0.63203125,-0.0795,-0.0934572493210728
82.3333333333333,0.63203125,-0.0795,-0.0940228569788323
82.3666666666667,0.63203125,-0.0795,-0.0945905275986964
82.4,0.63203125,-0.0795,-0.0951597203436003
82.4333333333333,0.63203125,-0.0795,-0.0957299862978203
82.4666666666667,0.63203125,-0.0795,-0.0963009547342653
82.5,0.63203125,-0.0795,-0.0968723213228484
82.5333333333333,0.632089233398437,-0.0795,-0.097443838012929
82.5666666666667,0.632195059458415,-0.0795,-0.0981156511383567
82.6,0.632195059458415,-0.0795,-0.0989517034062892
82.6333333333333,0.632195059458415,-0.0795,-0.0997375043159113
82.6666666666667,0.632195059458415,-0.0795,-0.100480728025485
82.7,0.632195059458415,-0.0795,-0.101187952876201
82.7333333333333,0.632195059458415,-0.0795,-0.101864812912102
82.7666666666667,0.632195059458415,-0.0795,-0.102516128794048
82.8,0.632195059458415,-0.081,-0.0881460208852256
82.8333333333333,0.632195059458415,-0.081,-0.0887580069131673
82.8666666666667,0.632195059458415,-0.0825,-0.0743550862904833
82.9,0.632195059458415,-0.0825,-0.0749398128969726
82.9333333333333,0.632195059458415,-0.084,-0.0605143578836516
82.9666666666667,0.632195059458415,-0.084,-0.061080563849516
83,0.632195059458415,-0.084,-0.0616399915602263
83.0333333333333,0.632195059458415,-0.0855,-0.047193960220606
83.0666666666667,0.632081985473633,-0.0855,-0.0477435821766217
83.1,0.632081985473633,-0.0855,-0.0480941055819066
83.1333333333333,0.632081985473633,-0.0855,-0.0484784573773325
83.1666666666667,0.632081985473633,-0.0855,-0.0488916399306773
83.2,0.632081985473633,-0.0855,-0.0493293582729505
83.2333333333333,0.632081985473633,-0.0855,-0.0497879237034049
83.2666666666667,0.632081985473633,-0.0855,-0.0502641704489498
83.3,0.63203125,-0.0855,-0.0507553836223397
83.3333333333333,0.632137807210286,-0.0855,-0.0511714335268008
83.3666666666667,0.632137807210286,-0.0855,-0.0517988987161139
83.4,0.632137807210286,-0.0855,-0.0524147760183397
83.4333333333333,0.632137807210286,-0.0855,-0.0530207657655081
83.4666666666667,0.632137807210286,-0.0855,-0.0536183300047924
83.5,0.632137807210286,-0.0855,-0.0542087251324927
83.5333333333333,0.632137807210286,-0.0855,-0.0547930301125223
83.5666666666667,0.632137807210286,-0.0855,-0.0553721708729205
83.6,0.63203125,-0.0855,-0.0559469413944283
83.6333333333333,0.63203125,-0.0855,-0.0563336127233806
83.6666666666667,0.63203125,-0.0855,-0.0567515309001958
83.7,0.63203125,-0.0855,-0.0571958669481605
83.7333333333333,0.63203125,-0.0855,-0.0576624851511258
83.7666666666667,0.63203125,-0.0855,-0.0581478469369301
83.8,0.63203125,-0.0855,-0.0586489278507926
83.8333333333333,0.63203125,-0.0855,-0.059163145852896
83.8666666666667,0.631980514526367,-0.0855,-0.0596882994113331
83.9,0.632089392344157,-0.0855,-0.0601347106349315
83.9333333333333,0.632089392344157,-0.0855,-0.0607933720976098
83.9666666666667,0.632089392344157,-0.0855,-0.0614368671773079
84,0.632089392344157,-0.0855,-0.0620673217062649
84.0333333333333,0.632089392344157,-0.0855,-0.0626865703469677
84.0666666666667,0.632089392344157,-0.0855,-0.0632961959906049
84.1,0.631978829701742,-0.0855,-0.0638975638594767
84.1333333333333,0.63194793065389,-0.0855,-0.0643005099599023
84.1666666666667,0.63194793065389,-0.0855,-0.0646795614547846
84.2,0.63194793065389,-0.0855,-0.0650935014348149
84.2333333333333,0.63194793065389,-0.0855,-0.065536805336481
84.2666666666667,0.63194793065389,-0.0855,-0.0660047502568385
84.3,0.63194793065389,-0.0855,-0.066493303216737
84.3333333333333,0.63194793065389,-0.0855,-0.0669990246836845
84.3666666666667,0.63194793065389,-0.0855,-0.0675189852927938
84.4,0.632093524932861,-0.0855,-0.0680506939811344
84.4333333333333,0.632093524932861,-0.0855,-0.068844003232611
84.4666666666667,0.632093524932861,-0.0855,-0.0695982136121835
84.5,0.632093524932861,-0.0855,-0.0703190883432964
84.5333333333333,0.632093524932861,-0.0855,-0.0710115812220018
84.5666666666667,0.632093524932861,-0.0855,-0.071679947596392
84.6,0.632093524932861,-0.0855,-0.0723278403210108
84.6333333333333,0.632093524932861,-0.0855,-0.0729583927065545
84.6666666666667,0.632106781005859,-0.0855,-0.073574290214537
84.7,0.632106781005859,-0.0855,-0.074200773534378
84.7333333333333,0.632106781005859,-0.0855,-0.0748125949240495
84.7666666666667,0.632106781005859,-0.0855,-0.0754120981353469
84.8,0.632106781005859,-0.0855,-0.076001285438316
84.8333333333333,0.632106781005859,-0.0855,-0.0765818653123056
84.8666666666667,0.632081445058187,-0.0855,-0.0771552936172074
84.9,0.632081445058187,-0.0855,-0.0776789624249105
84.9333333333333,0.632041358947754,-0.0855,-0.0782059392078881
84.9666666666667,0.632041358947754,-0.0855,-0.0786664762406236
85,0.632041358947754,-0.0855,-0.0791425416856903
85.0333333333333,0.632041358947754,-0.0855,-0.0796318415961592
85.0666666666667,0.632041358947754,-0.0855,-0.080132404542798
85.1,0.632041358947754,-0.0855,-0.0806425373700902
85.1333333333333,0.632041358947754,-0.0855,-0.0811607869439961
85.1666666666667,0.632041358947754,-0.0855,-0.0816859070856585
85.2,0.63203125,-0.0855,-0.0822168299932131
85.2333333333333,0.63203125,-0.0855,-0.0827351468786122
85.2666666666667,0.63203125,-0.0855,-0.0832608298118613
85.3,0.63203125,-0.0855,-0.0837927055885965
85.3333333333333,0.63203125,-0.0855,-0.084329771672821
85.3666666666667,0.63203125,-0.0855,-0.0848711723796519
85.4,0.63203125,-0.0855,-0.0854161783128192
85.4333333333333,0.63203125,-0.0855,-0.0859641686170515
85.4666666666667,0.631937885284424,-0.0855,-0.0865146156645717
85.5,0.631937885284424,-0.0855,-0.0869054937260906
85.5333333333333,0.631937885284424,-0.0855,-0.087328103160574
85.5666666666667,0.631937885284424,-0.0855,-0.0877774564089862
85.6,0.631937885284424,-0.0855,-0.0882492873219443
85.6333333333333,0.632048543294271,-0.0855,-0.0887399507678244
85.6666666666667,0.632048543294271,-0.0855,-0.0894378420466337
85.7,0.632048543294271,-0.0855,-0.0901131270674364
85.7333333333333,0.632019901275635,-0.0855,-0.0907690812866925
85.7666666666667,0.632019901275635,-0.0855,-0.0913589557298508
85.8,0.632019901275635,-0.0855,-0.0919439782748185
85.8333333333333,0.632019901275635,-0.0855,-0.0925248023520445
85.8666666666667,0.632019901275635,-0.0855,-0.0931019937826394
85.9,0.632019901275635,-0.0855,-0.0936760424957916
85.9333333333333,0.632019901275635,-0.0855,-0.0942473726811643
85.9666666666667,0.632019901275635,-0.0855,-0.0948163515851459
86,0.632082684834798,-0.0855,-0.0953832971319556
86.0333333333333,0.63203125,-0.0855,-0.0960571385227334
86.0666666666667,0.63203125,-0.0855,-0.0966202045001884
86.1,0.63203125,-0.0855,-0.0971814364218522
86.1333333333333,0.63203125,-0.0855,-0.0977411287790324
86.1666666666667,0.63203125,-0.0855,-0.0982995330744359
86.2,0.63203125,-0.087,-0.0838568638314852
86.2333333333333,0.63203125,-0.087,-0.0844133037817085
86.2666666666667,0.63203125,-0.087,-0.0849690083413368
86.3,0.63203125,-0.087,-0.0855241094733039
86.3333333333333,0.63203125,-0.087,-0.0860787190179202
86.3666666666667,0.63203125,-0.0885,-0.0716329315642826
86.4,0.63203125,-0.0885,-0.0721868269247872
86.4333333333333,0.63203125,-0.0885,-0.0727404722667134
86.4666666666667,0.63203125,-0.0885,-0.0732939239475681
86.5,0.63203125,-0.09,-0.0588472290945884
86.5333333333333,0.631876118977865,-0.09,-0.0594004269633414
86.5666666666667,0.63203125,-0.09,-0.0596850784591758
86.6,0.63203125,-0.09,-0.0602881686910757
86.6333333333333,0.63203125,-0.09,-0.0608834779149224
86.6666666666667,0.63203125,-0.0915,-0.0464721390444035
86.7,0.63203125,-0.0915,-0.0470551268239279
86.7333333333333,0.63203125,-0.0915,-0.047633279448117
86.7666666666667,0.63203125,-0.0915,-0.0482073172591767
86.8,0.63203125,-0.0915,-0.0487778589147074
86.8333333333333,0.63203125,-0.0915,-0.0493454353659557
86.8666666666667,0.63203125,-0.0915,-0.049910501940973
86.9,0.63203125,-0.0915,-0.0504734487876912
86.9333333333333,0.63203125,-0.0915,-0.0510346098977586
86.9666666666667,0.63203125,-0.0915,-0.0515942709023658
87,0.63203125,-0.0915,-0.0521526758056454
87.0333333333333,0.63203125,-0.0915,-0.05271003279902
87.0666666666667,0.631941763559977,-0.0915,-0.0532665192806187
87.1,0.631941763559977,-0.0915,-0.053667419858367
87.1333333333333,0.631941763559977,-0.0915,-0.0540965799194053
87.1666666666667,0.631941763559977,-0.0915,-0.0545496346651546
87.2,0.631941763559977,-0.0915,-0.0550228457580546
87.2333333333333,0.631941763559977,-0.0915,-0.0555130144774971
87.2666666666667,0.631941763559977,-0.0915,-0.0560174067021244
87.3,0.631862163543701,-0.0915,-0.0565336881232191
87.3333333333333,0.63186772664388,-0.0915,-0.0569221115451331
87.3666666666667,0.63186772664388,-0.0915,-0.0573540298768435
87.4,0.63186772664388,-0.0915,-0.0578126017903553
87.4333333333333,0.63186772664388,-0.0915,-0.0582934753136191
87.4666666666667,0.63186772664388,-0.0915,-0.0587929382289443
87.5,0.63186772664388,-0.0915,-0.0593078283381893
87.5333333333333,0.63186772664388,-0.0915,-0.0598354560231015
87.5666666666667,0.63186772664388,-0.0915,-0.0603735374368175
87.6,0.631966463724772,-0.0915,-0.0609201368862392
87.6333333333333,0.631966463724772,-0.0915,-0.0616444927599513
87.6666666666667,0.631966463724772,-0.0915,-0.0623425146217391
87.7,0.631966463724772,-0.0915,-0.0630179756881966
87.7333333333333,0.631966463724772,-0.0915,-0.0636741265509266
87.7666666666667,0.631966463724772,-0.0915,-0.0643137663155118
87.8,0.631966463724772,-0.0915,-0.0649393041467922
87.8333333333333,0.631966463724772,-0.0915,-0.0655528125076975
87.8666666666667,0.63203125,-0.0915,-0.0661560732066395
87.9,0.63203125,-0.0915,-0.0668627371404668
87.9333333333333,0.63203125,-0.0915,-0.0675411115663183
87.9666666666667,0.63203125,-0.0915,-0.0681955631541445
88,0.63203125,-0.0915,-0.0688298320222647
88.0333333333333,0.63203125,-0.0915,-0.0694471185816713
88.0666666666667,0.631884606679281,-0.0915,-0.0700501585548208
88.1,0.631884606679281,-0.0915,-0.0703875050375341
88.1333333333333,0.631770833333333,-0.0915,-0.0707622111074946
88.1666666666667,0.631770833333333,-0.0915,-0.0709717445668714
88.2,0.631770833333333,-0.0915,-0.0712448493527114
88.2333333333333,0.631770833333333,-0.0915,-0.071571692854774
88.2666666666667,0.631770833333333,-0.0915,-0.0719438545800921
88.3,0.631770833333333,-0.0915,-0.0723541303349283
88.3333333333333,0.631770833333333,-0.0915,-0.0727963630774835
88.3666666666667,0.631770833333333,-0.0915,-0.0732652968433947
88.4,0.631982803344727,-0.0915,-0.0737564506289036
88.4333333333333,0.631982803344727,-0.0915,-0.0746328474320848
88.4666666666667,0.631982803344727,-0.0915,-0.0754560665115146
88.5,0.631982803344727,-0.0915,-0.0762339528728512
88.5333333333333,0.631982803344727,-0.0915,-0.0769732492732678
88.5666666666667,0.631982803344727,-0.0915,-0.0776797473803759
88.6,0.631982803344727,-0.0915,-0.0783584184641375
88.6333333333333,0.631982803344727,-0.0915,-0.079013526373994
88.6666666666667,0.63186772664388,-0.0915,-0.0796487251847354
88.7,0.631992657979329,-0.0915,-0.080067990427644
88.7333333333333,0.631992657979329,-0.0915,-0.080726460395876
88.7666666666667,0.631992657979329,-0.0915,-0.0813641828053054
88.8,0.631992657979329,-0.0915,-0.0819844289070119
88.8333333333333,0.631992657979329,-0.0915,-0.082589996151502
88.8666666666667,0.631992657979329,-0.0915,-0.083183274167174
88.9,0.631992657979329,-0.0915,-0.0837663017325775
88.9333333333333,0.631992657979329,-0.0915,-0.0843408159588795
88.9666666666667,0.631992657979329,-0.0915,-0.0849082947355966
89,0.631992657979329,-0.0915,-0.0854699933511729
89.0333333333333,0.631992657979329,-0.0915,-0.0860269760774442
89.0666666666667,0.631992657979329,-0.0915,-0.0865801434008986
89.1,0.631981054941813,-0.0915,-0.0871302554917443
89.1333333333333,0.631981054941813,-0.093,-0.0726578720633934
89.1666666666667,0.631981054941813,-0.093,-0.0731873517322601
89.2,0.631981054941813,-0.093,-0.0737185641324004
89.2333333333333,0.631981054941813,-0.093,-0.0742513874812908
89.2666666666667,0.631981054941813,-0.093,-0.0747857080911893
89.3,0.631981054941813,-0.093,-0.075321419896766
89.3333333333333,0.631981054941813,-0.093,-0.0758584240004785
89.3666666666667,0.631981054941813,-0.0945,-0.0613966282366968
89.4,0.631843757629394,-0.0945,-0.0619359467552003
89.4333333333333,0.631843757629394,-0.0945,-0.062238691214286
89.4666666666667,0.631843757629394,-0.0945,-0.062586660927315
89.5,0.631843757629394,-0.096,-0.0479729230664186
89.5333333333333,0.631843757629394,-0.096,-0.0483915364710696
89.5666666666667,0.631843757629394,-0.096,-0.048837414410248
89.6,0.631843757629394,-0.096,-0.0493062060168196
89.6333333333333,0.632083670298259,-0.096,-0.0497941938766346
89.6666666666667,0.631909720102946,-0.096,-0.050713401395039
89.7,0.631909720102946,-0.096,-0.0512675397407218
89.7333333333333,0.631909720102946,-0.096,-0.0518234241117067
89.7666666666667,0.631909720102946,-0.096,-0.052380672633302
89.8,0.631909720102946,-0.096,-0.0529389654585616
89.8333333333333,0.631909720102946,-0.096,-0.0534980356697448
89.8666666666667,0.631909720102946,-0.096,-0.0540576614546438
89.9,0.631909720102946,-0.096,-0.0546176593831939
89.9333333333333,0.6319580078125,-0.0975,-0.0401778786334062
89.9666666666667,0.6319580078125,-0.0975,-0.0408217633375367
90,0.6319580078125,-0.0975,-0.0414500782458831
90.0333333333333,0.6319580078125,-0.0975,-0.0420651573035037
90.0666666666667,0.6319580078125,-0.0975,-0.0426690040346638
90.1,0.6319580078125,-0.0975,-0.0432633370321196
90.1333333333333,0.6319580078125,-0.0975,-0.0438496292743441
90.1666666666667,0.6319580078125,-0.0975,-0.044429142101593
90.2,0.631927076975505,-0.0975,-0.0450029545703368
90.2333333333333,0.631927076975505,-0.0975,-0.0455184595238482
90.2666666666667,0.631927076975505,-0.0975,-0.0460399455906595
90.3,0.631927076975505,-0.0975,-0.0465665374797977
90.3333333333333,0.631927076975505,-0.0975,-0.0470974824053082
90.3666666666667,0.631927076975505,-0.0975,-0.0476321333199792
90.4,0.63203125,-0.0975,-0.0481699344167885
90.4333333333333,0.63203125,-0.0975,-0.0488906917050902
90.4666666666667,0.631829865773519,-0.0975,-0.0495801269700463
90.5,0.631829865773519,-0.0975,-0.0498945791781796
90.5333333333333,0.631829865773519,-0.0975,-0.0502516521924302
90.5666666666667,0.631829865773519,-0.0975,-0.0506448358269185
90.6,0.631829865773519,-0.0975,-0.0510685495921777
90.6333333333333,0.631829865773519,-0.0975,-0.0515180141389004
90.6666666666667,0.631829865773519,-0.0975,-0.0519891401851399
90.7,0.631829865773519,-0.0975,-0.0524784325702987
90.7333333333333,0.631864484151204,-0.0975,-0.0529829073953686
90.7666666666667,0.631864484151204,-0.0975,-0.0535599314710372
90.8,0.631864484151204,-0.0975,-0.0541362664762175
90.8333333333333,0.631864484151204,-0.0975,-0.0547118014966526
90.8666666666667,0.631864484151204,-0.0975,-0.0552864555217518
90.9,0.631864484151204,-0.0975,-0.0558601723308214
90.9333333333333,0.631864484151204,-0.0975,-0.0564329161451053
90.9666666666667,0.631864484151204,-0.0975,-0.0570046679372674
91,0.631947422027588,-0.099,-0.0425754223048633
91.0333333333333,0.631947422027588,-0.099,-0.0432887181316791
91.0666666666667,0.631947422027588,-0.099,-0.0439742968874268
91.1,0.631947422027588,-0.099,-0.0446363259243837
91.1333333333333,0.631947422027588,-0.099,-0.0452783817862243
91.1666666666667,0.631940269470215,-0.099,-0.0459035316032939
91.2,0.631940269470215,-0.099,-0.0465020251364651
91.2333333333333,0.631940269470215,-0.099,-0.047090796491904
91.2666666666667,0.631979084014893,-0.099,-0.047671412126819
91.3,0.631979084014893,-0.099,-0.0483123824267098
91.3333333333333,0.631979084014893,-0.099,-0.0489351609703463
91.3666666666667,0.631979084014893,-0.099,-0.0495426593153814
91.4,0.631979084014893,-0.099,-0.050137364588214
91.4333333333333,0.631979084014893,-0.099,-0.0507213987747676
91.4666666666667,0.631979084014893,-0.099,-0.0512965699045909
91.5,0.631979084014893,-0.099,-0.051864416224168
91.5333333333333,0.631854852040609,-0.099,-0.0524262443080943
91.5666666666667,0.631854852040609,-0.099,-0.052768164553345
91.6,0.631854852040609,-0.099,-0.0531461646143905
91.6333333333333,0.631854852040609,-0.099,-0.0535548252918586
91.6666666666667,0.631854852040609,-0.099,-0.0539894953054738
91.7,0.631854852040609,-0.099,-0.0544461855239711
91.7333333333333,0.631854852040609,-0.099,-0.0549214775496823
91.7666666666667,0.631854852040609,-0.099,-0.0554124447250584
91.8,0.631617101033529,-0.099,-0.0559165838874846
91.8333333333333,0.631822776794434,-0.099,-0.0560203016191074
91.8666666666667,0.631822776794434,-0.099,-0.0565658247804819
91.9,0.631822776794434,-0.099,-0.0571174568977781
91.9333333333333,0.631822776794434,-0.099,-0.0576739798436163
91.9666666666667,0.631822776794434,-0.099,-0.0582343679901628
92,0.631822776794434,-0.099,-0.0587977603003022
92.0333333333333,0.631822776794434,-0.099,-0.0593634363071115
92.0666666666667,0.631822776794434,-0.099,-0.0599307954507401
92.1,0.631822776794434,-0.099,-0.060499339313513
92.1333333333333,0.631822776794434,-0.099,-0.0610686563561567
92.1666666666667,0.631822776794434,-0.099,-0.0616384088117938
92.2,0.631863657633464,-0.099,-0.0622083214408636
92.2333333333333,0.631863657633464,-0.099,-0.0628489207709973
92.2666666666667,0.631863657633464,-0.099,-0.0634761000240247
92.3,0.631863657633464,-0.099,-0.0640917627083341
92.3333333333333,0.631863657633464,-0.099,-0.0646975500218565
92.3666666666667,0.631863657633464,-0.099,-0.0652948764610399
92.4,0.631863657633464,-0.099,-0.0658849606346898
92.4333333333333,0.631863657633464,-0.099,-0.0664688519255457
92.4666666666667,0.631863657633464,-0.099,-0.0670474535564898
92.5,0.631848080952962,-0.099,-0.0676215425437929
92.5333333333333,0.631848080952962,-0.099,-0.0681648297612346
92.5666666666667,0.631848080952962,-0.099,-0.0687098684414864
92.6,0.631848080952962,-0.099,-0.0692563728176522
92.6333333333333,0.631848080952962,-0.099,-0.069804099118719
92.6666666666667,0.631848080952962,-0.099,-0.0703528396798904
92.7,0.631848080952962,-0.099,-0.0709024178598425
92.7333333333333,0.63190803527832,-0.099,-0.071452683655697
92.7666666666667,0.631812159220378,-0.099,-0.0721072676107903
92.8,0.631812159220378,-0.099,-0.0725770506516292
92.8333333333333,0.631812159220378,-0.099,-0.0730617743553362
92.8666666666667,0.631812159220378,-0.099,-0.0735591356422928
92.9,0.631812159220378,-0.099,-0.0740671616900808
92.9333333333333,0.631812159220378,-0.099,-0.0745841641714602
92.9666666666667,0.631812159220378,-0.099,-0.0751086997227272
93,0.631812159220378,-0.099,-0.0756395358021358
93.0333333333333,0.631750011444092,-0.099,-0.0761756212108271
93.0666666666667,0.631750011444092,-0.099,-0.0766085069437412
93.1,0.631750011444092,-0.099,-0.077065022071133
93.1333333333333,0.631750011444092,-0.099,-0.0775414133956399
93.1666666666667,0.631750011444092,-0.099,-0.0780344730622187
93.2,0.631750011444092,-0.099,-0.0785414624979947
93.2333333333333,0.631750011444092,-0.099,-0.079060046742998
93.2666666666667,0.631750011444092,-0.099,-0.0795882377677365
93.3,0.631836318969727,-0.099,-0.0801243455621455
93.3333333333333,0.631836318969727,-0.099,-0.0808163008044947
93.3666666666667,0.631836318969727,-0.099,-0.0814856979476125
93.4,0.631836318969727,-0.099,-0.0821358249296673
93.4333333333333,0.631836318969727,-0.099,-0.0827695104128223
93.4666666666667,0.631836318969727,-0.099,-0.0833891865766569
93.5,0.631836318969727,-0.099,-0.0839969434231067
93.5333333333333,0.631836318969727,-0.099,-0.0845945757333708
93.5666666666667,0.631836318969727,-0.099,-0.0851836236645251
93.6,0.631836318969727,-0.099,-0.0857654078412871
93.6333333333333,0.631836318969727,-0.099,-0.0863410596837699
93.6666666666667,0.631836318969727,-0.099,-0.0869115476127669
93.7,0.631836318969727,-0.099,-0.0874776996881023
93.7333333333333,0.631836318969727,-0.099,-0.088040223161074
93.7666666666667,0.631903807322184,-0.099,-0.0885997213574677
93.8,0.631903807322184,-0.1005,-0.0742735044208725
93.8333333333333,0.631903807322184,-0.1005,-0.0749234548233071
93.8666666666667,0.631903807322184,-0.1005,-0.0755533176485905
93.9,0.631903807322184,-0.1005,-0.0761662963448551
93.9333333333333,0.631903807322184,-0.102,-0.0617651280948359
93.9666666666667,0.631903807322184,-0.102,-0.0623521489018382
94,0.631903807322184,-0.102,-0.0629293497801357
94.0333333333333,0.631951395670573,-0.102,-0.0634984252520859
94.0666666666667,0.631951395670573,-0.102,-0.064143172171164
94.1,0.631951395670573,-0.102,-0.0647671121742965
94.1333333333333,0.631951395670573,-0.102,-0.0653736581351386
94.1666666666667,0.631951395670573,-0.102,-0.0659657202777351
94.2,0.631951395670573,-0.1035,-0.0515457767443472
94.2333333333333,0.631951395670573,-0.1035,-0.0521159344897923
94.2666666666667,0.631832504272461,-0.1035,-0.0526779818118063
94.3,0.631832504272461,-0.1035,-0.0530276787414795
94.3333333333333,0.631832504272461,-0.1035,-0.053410391962548
94.3666666666667,0.631832504272461,-0.1035,-0.0538212579582907
94.4,0.631832504272461,-0.1035,-0.0542560960674747
94.4333333333333,0.631832504272461,-0.1035,-0.0547113148739302
94.4666666666667,0.631832504272461,-0.1035,-0.0551838312685546
94.5,0.631832504272461,-0.1035,-0.0556710004798458
94.5333333333333,0.631682809193929,-0.1035,-0.0561705555973173
94.5666666666667,0.631682809193929,-0.1035,-0.0564214911739744
94.6,0.631682809193929,-0.1035,-0.0567294728718175
94.6333333333333,0.631682809193929,-0.1035,-0.0570855978712731
94.6666666666667,0.631682809193929,-0.1035,-0.0574822470434594
94.7,0.631682809193929,-0.1035,-0.0579129065877046
94.7333333333333,0.631682809193929,-0.1035,-0.058372013987663
94.7666666666667,0.631682809193929,-0.1035,-0.058854825003529
94.8,0.631682809193929,-0.1035,-0.0593572988584987
94.8333333333333,0.631770833333333,-0.1035,-0.0598759991593001
94.8666666666667,0.631770833333333,-0.1035,-0.0605603440746962
94.9,0.631770833333333,-0.1035,-0.0612271462683538
94.9333333333333,0.631770833333333,-0.1035,-0.0618787155064622
94.9666666666667,0.631770833333333,-0.1035,-0.0625170557675489
95,0.631770833333333,-0.1035,-0.0631439058515931
95.0333333333333,0.631747150421143,-0.1035,-0.0637607745867091
95.0666666666667,0.631747150421143,-0.1035,-0.0643279854149872
95.1,0.631782245635986,-0.1035,-0.0648952961514931
95.1333333333333,0.631782245635986,-0.1035,-0.0655232454310045
95.1666666666667,0.631782245635986,-0.1035,-0.0661396246869173
95.2,0.631782245635986,-0.1035,-0.0667460645741666
95.2333333333333,0.631782245635986,-0.1035,-0.0673439717690066
95.2666666666667,0.631782245635986,-0.1035,-0.0679345593216393
95.3,0.631782245635986,-0.1035,-0.0685188729253952
95.3333333333333,0.631782245635986,-0.1035,-0.0690978136496376
95.3666666666667,0.631618626912435,-0.1035,-0.0696721576104076
95.4,0.631618626912435,-0.1035,-0.0699594124229676
95.4333333333333,0.631618626912435,-0.1035,-0.0702960650633946
95.4666666666667,0.631618626912435,-0.1035,-0.0706744305725286
95.5,0.631618626912435,-0.1035,-0.0710879305359072
95.5333333333333,0.631618626912435,-0.1035,-0.0715309394412382
95.5666666666667,0.631618626912435,-0.1035,-0.0719986519764511
95.6,0.631618626912435,-0.1035,-0.072486968442344
95.6333333333333,0.631757799784342,-0.1035,-0.0729923958331632
95.6666666666667,0.631757799784342,-0.1035,-0.0737528167433055
95.7,0.631757799784342,-0.1035,-0.0744799829026266
95.7333333333333,0.631757799784342,-0.1035,-0.0751787118290806
95.7666666666667,0.631757799784342,-0.1035,-0.075853150116677
95.8,0.631770833333333,-0.1035,-0.0765068650228481
95.8333333333333,0.631770833333333,-0.1035,-0.0771654797048182
95.8666666666667,0.631770833333333,-0.1035,-0.0778048715918842
95.9,0.631697909037272,-0.1035,-0.0784279553943662
95.9333333333333,0.631697909037272,-0.1035,-0.0789110273028198
95.9666666666667,0.631697909037272,-0.1035,-0.0794059444258575
96,0.631697909037272,-0.1035,-0.0799108954157168
96.0333333333333,0.631697909037272,-0.1035,-0.0804243277288723
96.0666666666667,0.631697909037272,-0.1035,-0.0809449118299929
96.1,0.631697909037272,-0.1035,-0.0814715102647701
96.1333333333333,0.631697909037272,-0.1035,-0.0820031509452677
96.1666666666667,0.631765906016032,-0.1035,-0.0825390040795029
96.2,0.631765906016032,-0.1035,-0.0831960386572829
96.2333333333333,0.631765906016032,-0.1035,-0.0838340535031609
96.2666666666667,0.631765906016032,-0.1035,-0.0844559359727227
96.3,0.631765906016032,-0.1035,-0.0850641622496448
96.3333333333333,0.631765906016032,-0.1035,-0.0856608541207918
96.3666666666667,0.631765906016032,-0.1035,-0.0862478280357903
96.4,0.631765906016032,-0.1035,-0.086826637490669
96.4333333333333,0.631775856018066,-0.105,-0.0723986096357192
96.4666666666667,0.631775856018066,-0.105,-0.0729820964823329
96.5,0.631775856018066,-0.105,-0.0735576354797732
96.5333333333333,0.631775856018066,-0.105,-0.0741265451177071
96.5666666666667,0.631840928395589,-0.105,-0.0746899487991218
96.6,0.631840928395589,-0.105,-0.0753614173428745
96.6333333333333,0.631840928395589,-0.105,-0.0760081678679983
96.6666666666667,0.631840928395589,-0.105,-0.0766341416840223
96.7,0.631915918986003,-0.105,-0.0772427064743146
96.7333333333333,0.631915918986003,-0.105,-0.0779665160001132
96.7666666666667,0.631915918986003,-0.1065,-0.0636540630092679
96.8,0.631915918986003,-0.1065,-0.0643111812825294
96.8333333333333,0.631915918986003,-0.1065,-0.0649428523186582
96.8666666666667,0.631915918986003,-0.1065,-0.065553324520794
96.9,0.631915918986003,-0.1065,-0.066146216077726
96.9333333333333,0.631915918986003,-0.1065,-0.0667246037449078
96.9666666666667,0.631770833333333,-0.1065,-0.0672910994337782
97,0.631770833333333,-0.1065,-0.0675968292542795
97.0333333333333,0.631770833333333,-0.1065,-0.0679415277663087
97.0666666666667,0.631770833333333,-0.1065,-0.0683195204759647
97.1,0.631770833333333,-0.1065,-0.0687259251663673
97.1333333333333,0.631770833333333,-0.1065,-0.0691565436014513
97.1666666666667,0.631770833333333,-0.1065,-0.0696077678674663
97.2,0.631770833333333,-0.1065,-0.0700764993857128
97.2333333333333,0.6316575050354,-0.1065,-0.0705600788933437
97.2666666666667,0.6316575050354,-0.1065,-0.0708600985770742
97.3,0.6316575050354,-0.1065,-0.0712072693543048
97.3333333333333,0.631884161631266,-0.1065,-0.0715942531204743
97.3666666666667,0.631884161631266,-0.1065,-0.0724070232238423
97.4,0.631884161631266,-0.1065,-0.0731748785384405
97.4333333333333,0.631884161631266,-0.1065,-0.073904561824327
97.4666666666667,0.631884161631266,-0.1065,-0.0746018605979835
97.5,0.631739584604899,-0.1065,-0.0752717386876903
97.5333333333333,0.631739584604899,-0.1065,-0.0756682431637487
97.5666666666667,0.631739584604899,-0.1065,-0.0760918352152071
97.6,0.631739584604899,-0.1065,-0.076538402562855
97.6333333333333,0.631739584604899,-0.1065,-0.0770044185440837
97.6666666666667,0.631739584604899,-0.1065,-0.0774868612495469
97.7,0.631739584604899,-0.1065,-0.0779831436488944
97.7333333333333,0.631739584604899,-0.1065,-0.0784910532249153
97.7666666666667,0.631894175211589,-0.1065,-0.0790086998340057
97.8,0.631894175211589,-0.1065,-0.0798020070797681
97.8333333333333,0.631894175211589,-0.1065,-0.080552223522108
97.8666666666667,0.631894175211589,-0.1065,-0.0812659079168625
97.9,0.631894175211589,-0.1065,-0.0819486838981406
97.9333333333333,0.631894175211589,-0.1065,-0.0826053691796406
97.9666666666667,0.631894175211589,-0.1065,-0.0832400871923389
98,0.631894175211589,-0.1065,-0.0838563635254753
98.0333333333333,0.631929779052734,-0.1065,-0.0844572092202905
98.0666666666667,0.631929779052734,-0.1065,-0.0851068091344338
98.1,0.631929779052734,-0.1065,-0.0857342558517153
98.1333333333333,0.631675497690837,-0.1065,-0.0863431901484807
98.1666666666667,0.631675497690837,-0.1065,-0.0864966537184739
98.2,0.631675497690837,-0.1065,-0.0867193333540535
98.2333333333333,0.631675497690837,-0.1065,-0.0870007639093816
98.2666666666667,0.631675497690837,-0.1065,-0.0873319677425251
98.3,0.631642309824626,-0.1065,-0.087705249513062
98.3333333333333,0.631642309824626,-0.1065,-0.0880565835243112
98.3666666666667,0.631642309824626,-0.1065,-0.0884484664167105
98.4,0.631642309824626,-0.1065,-0.0888744199012279
98.4333333333333,0.631642309824626,-0.1065,-0.0893289093458355
98.4666666666667,0.631642309824626,-0.1065,-0.0898072120002916
98.5,0.631642309824626,-0.108,-0.0753053032347542
98.5333333333333,0.631642309824626,-0.108,-0.0758197583573088
98.5666666666667,0.6317808787028,-0.108,-0.0763476679026041
98.6,0.6317808787028,-0.108,-0.0771263735644483
98.6333333333333,0.6317808787028,-0.108,-0.077869302954425
98.6666666666667,0.6317808787028,-0.108,-0.0785816199903884
98.7,0.6317808787028,-0.108,-0.0792677707195483
98.7333333333333,0.6317808787028,-0.108,-0.0799315812220462
98.7666666666667,0.6317808787028,-0.108,-0.0805763422976774
98.8,0.6317808787028,-0.108,-0.0812048827101533
98.8333333333333,0.631903807322184,-0.108,-0.0818196325258186
98.8666666666667,0.631903807322184,-0.108,-0.0826354196519224
98.9,0.631707668304443,-0.108,-0.0834016590977017
98.9333333333333,0.631707668304443,-0.108,-0.0837865894670745
98.9666666666667,0.631707668304443,-0.108,-0.0841994628129165
99,0.631707668304443,-0.108,-0.0846360985798346
99.0333333333333,0.631707668304443,-0.108,-0.0850929075204902
99.0666666666667,0.631707668304443,-0.108,-0.0855668103277184
99.1,0.631764062245687,-0.108,-0.0860551673040355
99.1333333333333,0.631764062245687,-0.108,-0.0866533136280977
99.1666666666667,0.631764062245687,-0.108,-0.087243537035787
99.2,0.631764062245687,-0.108,-0.0878270031185507
99.2333333333333,0.631764062245687,-0.108,-0.088404713916162
99.2666666666667,0.631764062245687,-0.108,-0.0889775303302918
99.3,0.631764062245687,-0.108,-0.0895461915043826
99.3333333333333,0.631764062245687,-0.108,-0.0901113315776925
99.3666666666667,0.631713326772054,-0.108,-0.090673494166737
99.4,0.631713326772054,-0.108,-0.091145341448108
99.4333333333333,0.631713326772054,-0.108,-0.0916314326203428
99.4666666666667,0.631713326772054,-0.108,-0.0921295719283326
99.5,0.631713326772054,-0.108,-0.092637878489313
99.5333333333333,0.631713326772054,-0.108,-0.093154742662277
99.5666666666667,0.631713326772054,-0.108,-0.0936787883576021
99.6,0.631713326772054,-0.108,-0.0942088404857164
99.6333333333333,0.631853675842285,-0.108,-0.0947438968511188
99.6666666666667,0.631761201222738,-0.108,-0.095525993710711
99.7,0.631761201222738,-0.108,-0.0961062284756933
99.7333333333333,0.631761201222738,-0.108,-0.0966808530545335
99.7666666666667,0.631761201222738,-0.108,-0.0972507298083532
99.8,0.631761201222738,-0.108,-0.0978165975946667
99.8333333333333,0.631761201222738,-0.108,-0.09837908886973
99.8666666666667,0.631761201222738,-0.108,-0.0989387444632316
99.9,0.631761201222738,-0.108,-0.0994960263392082
99.9333333333333,0.631671905517578,-0.108,-0.100051328614956
99.9666666666667,0.631671905517578,-0.108,-0.100450450832457
100,0.631671905517578,-0.108,-0.100877004241396
