0,0.194791666666667,0,0
0.0333333333333333,0.194791666666667,0,0.701258503401361
0.0666666666666667,0.194791666666667,0.0075,1.19687595148108
0.1,0.194791666666667,0.027,1.46210908955343
0.133333333333333,0.186458333333333,0.06,1.49930223615264
0.166666666666667,0.186458333333333,0.0945,1.45771314163283
0.2,0.186458333333333,0.1305,1.33291001262575
0.233333333333333,0.186424382527669,0.171,1.10612823072353
0.266666666666667,0.186424382527669,0.213,0.817004362944651
0.3,0.186424382527669,0.2565,0.473621848035228
0.333333333333333,0.186424382527669,0.2925,0.172911812326395
0.366666666666667,0.18623956044515,0.3135,-0.00424522811082184
0.4,0.18623956044515,0.3225,-0.0825500049603067
0.433333333333333,0.18623956044515,0.324,-0.103174780935219
0.466666666666667,0.18372262318929,0.324,-0.122564331863192
0.5,0.18372262318929,0.318,-0.0883744842558581
0.533333333333333,0.18372262318929,0.3105,-0.0482686075497668
0.566666666666667,0.18372262318929,0.3,0.0149696723376896
0.6,0.183196449279785,0.2925,0.0431862914029896
0.633333333333333,0.183196449279785,0.2895,0.0238223266340448
0.666666666666667,0.183196449279785,0.2895,-0.0279402242490989
0.7,0.183196449279785,0.2895,-0.0810405007976234
0.733333333333333,0.183196449279785,0.2895,-0.134614325151378
0.766666666666667,0.185257275899251,0.2895,-0.187963860755017
0.8,0.185257275899251,0.2865,-0.214098115219407
0.833333333333333,0.185257275899251,0.2805,-0.208346805122531
0.866666666666667,0.185257275899251,0.273,-0.18547268260437
0.9,0.185257275899251,0.2685,-0.190306555155593
0.933333333333333,0.185257275899251,0.261,-0.162735496812639
0.966666666666667,0.185257275899251,0.2535,-0.132692833539585
1,0.185257275899251,0.2475,-0.115149651156568
1.03333333333333,0.185257275899251,0.2415,-0.0951076088507039
1.06666666666667,0.20214900970459,0.237,-0.0875928712743615
1.1,0.20214900970459,0.234,-0.121884039492198
1.13333333333333,0.20214900970459,0.2295,-0.133362761532599
1.16666666666667,0.20214900970459,0.225,-0.137945645233036
1.2,0.20214900970459,0.222,-0.151436404852533
1.23333333333333,0.20214900970459,0.2175,-0.144540218817388
1.26666666666667,0.20214900970459,0.213,-0.132876224883023
1.3,0.20214900970459,0.2085,-0.11698839719685
1.33333333333333,0.240364583333333,0.2055,-0.112355017436754
1.36666666666667,0.240364583333333,0.1995,-0.14053326384378
1.4,0.240364583333333,0.1935,-0.153436500595605
1.43333333333333,0.240364583333333,0.1875,-0.153301751624817
1.46666666666667,0.240364583333333,0.183,-0.157052837353398
1.5,0.240364583333333,0.1755,-0.121343248249579
1.53333333333333,0.275999450683594,0.1695,-0.0925932189457024
1.56666666666667,0.275999450683594,0.165,-0.133691920141134
1.6,0.308634885152181,0.1605,-0.157525907111656
1.63333333333333,0.308634885152181,0.153,-0.193251879577855
1.66666666666667,0.308634885152181,0.144,-0.191161182309321
1.7,0.308634885152181,0.1365,-0.184846176749932
1.73333333333333,0.308634885152181,0.129,-0.162379237891645
1.76666666666667,0.308634885152181,0.12,-0.111385142128164
1.8,0.320121765136719,0.1125,-0.0641035755896251
1.83333333333333,0.320121765136719,0.108,-0.0573224323640305
1.86666666666667,0.320121765136719,0.102,-0.0240829582574417
1.9,0.320121765136719,0.099,-0.0113390260735635
1.93333333333333,0.320121765136719,0.096,0.00924776703019284
1.96666666666667,0.320121765136719,0.0945,0.0212667622601333
2,0.320121765136719,0.0945,0.0235225899817808
2.03333333333333,0.320121765136719,0.0945,0.0300044370319574
2.06666666666667,0.364345932006836,0.0945,0.0398595628410303
2.1,0.364345932006836,0.0945,-0.0241643981122347
2.13333333333333,0.413106791178385,0.0945,-0.0718763463545166
2.16666666666667,0.413106791178385,0.0945,-0.190376377215484
2.2,0.413106791178385,0.0885,-0.221869540926648
2.23333333333333,0.413106791178385,0.0825,-0.230759919666614
2.26666666666667,0.413106791178385,0.0735,-0.190804520156092
2.3,0.413106791178385,0.0675,-0.165204012422059
2.33333333333333,0.418844922383626,0.06,-0.11168103747946
2.36666666666667,0.418844922383626,0.054,-0.0724782463238484
2.4,0.448991266886393,0.048,-0.0227751254729841
2.43333333333333,0.448991266886393,0.0435,-0.0316881590702524
2.46666666666667,0.448991266886393,0.039,-0.0239713223808518
2.5,0.448991266886393,0.036,-0.0175196848189494
2.53333333333333,0.467226568857829,0.0345,-0.01479178978947
2.56666666666667,0.467226568857829,0.0345,-0.0494298603337065
2.6,0.467226568857829,0.0345,-0.0707593677502746
2.63333333333333,0.467226568857829,0.0345,-0.0811796772851051
2.66666666666667,0.48540579477946,0.0345,-0.0827236622552966
2.7,0.48540579477946,0.03,-0.06357123223438
2.73333333333333,0.48540579477946,0.0285,-0.0628497930847066
2.76666666666667,0.48540579477946,0.0255,-0.0376875981545572
2.8,0.48540579477946,0.0255,-0.0348854767775242
2.83333333333333,0.48540579477946,0.0255,-0.0259637448011242
2.86666666666667,0.48540579477946,0.0255,-0.0122026178399199
2.9,0.51286366780599,0.0255,0.00532298836570778
2.93333333333333,0.51286366780599,0.0255,-0.0218054259096444
2.96666666666667,0.51286366780599,0.0255,-0.037966370953459
3,0.51286366780599,0.0255,-0.0451550519940778
3.03333333333333,0.51286366780599,0.0255,-0.0450609286642667
3.06666666666667,0.51286366780599,0.0255,-0.0391114415028334
3.1,0.51286366780599,0.0255,-0.0285096875991867
3.13333333333333,0.542216682434082,0.0255,-0.0142668686085687
3.16666666666667,0.574477322896322,0.0255,-0.048028909916165
3.2,0.574477322896322,0.0255,-0.126071545071673
3.23333333333333,0.574477322896322,0.0255,-0.184218565617439
3.26666666666667,0.574477322896322,0.0225,-0.195825668145964
3.3,0.574477322896322,0.0195,-0.193748728388645
3.33333333333333,0.574477322896322,0.0165,-0.180414349263799
3.36666666666667,0.574477322896322,0.015,-0.172880711436898
3.4,0.611580022176107,0.0075,-0.097890041087325
3.43333333333333,0.611580022176107,0.0045,-0.126124218358598
3.46666666666667,0.611580022176107,0.0015,-0.13765049943212
3.5,0.611580022176107,-0.003,-0.120365192593299
3.53333333333333,0.611580022176107,-0.0075,-0.0917285980231988
3.56666666666667,0.611580022176107,-0.0105,-0.0688268565946294
3.6,0.611580022176107,-0.0105,-0.0684252753083923
3.63333333333333,0.611580022176107,-0.012,-0.0470142864531153
3.66666666666667,0.611580022176107,-0.012,-0.0358490417562444
3.7,0.614583333333333,-0.012,-0.0209835078679836
3.73333333333333,0.614583333333333,-0.012,-0.0084973797543347
3.76666666666667,0.614583333333333,-0.012,0.00703965647770494
3.8,0.614583333333333,-0.012,0.0248668154932508
3.83333333333333,0.614583333333333,-0.012,0.0443511354242574
3.86666666666667,0.614583333333333,-0.012,0.0649684680873526
3.9,0.614583333333333,-0.012,0.0862871504249724
3.93333333333333,0.614583333333333,-0.012,0.107953988747505
3.96666666666667,0.634114583333333,-0.012,0.12968223729149
4,0.634114583333333,-0.012,0.117440275419082
4.03333333333333,0.634114583333333,-0.012,0.111142813666811
4.06666666666667,0.634114583333333,-0.012,0.1096699693807
4.1,0.634114583333333,-0.012,0.112075571801511
4.13333333333333,0.634114583333333,-0.012,0.117562182241905
4.16666666666667,0.634114583333333,-0.012,0.125459580430019
4.2,0.634114583333333,-0.012,0.135206244762629
4.23333333333333,0.650337378184001,-0.012,0.146333417931535
4.26666666666667,0.650337378184001,-0.012,0.1303760371401
4.3,0.650337378184001,-0.012,0.120317365051101
4.33333333333333,0.650337378184001,-0.012,0.115081171601312
4.36666666666667,0.650337378184001,-0.012,0.11375631968357
4.4,0.650337378184001,-0.012,0.115573143110586
4.43333333333333,0.650337378184001,-0.012,0.119883094159204
4.46666666666667,0.650337378184001,-0.012,0.126141215808615
4.5,0.662025038401286,-0.012,0.133891053770724
4.53333333333333,0.662025038401286,-0.012,0.122524867461747
4.56666666666667,0.662025038401286,-0.012,0.11572104747733
4.6,0.662025038401286,-0.012,0.112633510003968
4.63333333333333,0.662025038401286,-0.012,0.112546704606282
4.66666666666667,0.662025038401286,-0.012,0.114856888841576
4.7,0.662025038401286,-0.012,0.119055998049148
4.73333333333333,0.669434452056885,-0.012,0.124717756952505
4.76666666666667,0.669434452056885,-0.012,0.118662905374675
4.8,0.669434452056885,-0.012,0.115806213129786
4.83333333333333,0.669434452056885,-0.012,0.115531113844277
4.86666666666667,0.669434452056885,-0.012,0.11731742257554
4.9,0.669434452056885,-0.012,0.120727428592633
4.93333333333333,0.669434452056885,-0.012,0.125393921189461
4.96666666666667,0.669434452056885,-0.012,0.131009884924074
5,0.669434452056885,-0.012,0.137319636262707
5.03333333333333,0.671287790934245,-0.012,0.144111204414806
5.06666666666667,0.671287790934245,-0.012,0.148002374860043
5.1,0.671287790934245,-0.012,0.152654827977201
5.13333333333333,0.671287790934245,-0.012,0.157859385226465
5.16666666666667,0.671287790934245,-0.012,0.16344278409979
5.2,0.671287790934245,-0.012,0.169262291126758
5.23333333333333,0.671287790934245,-0.012,0.175201077732762
5.26666666666667,0.671287790934245,-0.012,0.181164253912595
5.3,0.676786931355794,-0.012,0.187075468935162
5.33333333333333,0.676786931355794,-0.012,0.18335712087886
5.36666666666667,0.676786931355794,-0.012,0.181251454472234
5.4,0.676786931355794,-0.012,0.180446989986517
5.43333333333333,0.676786931355794,-0.012,0.180680967692592
5.46666666666667,0.676786931355794,-0.012,0.181732315997105
5.5,0.676786931355794,-0.012,0.183415597101363
5.53333333333333,0.676786931355794,-0.012,0.185575796869633
5.56666666666667,0.684062417348226,-0.012,0.188083843590457
5.6,0.684062417348226,-0.012,0.178241710749389
5.63333333333333,0.684062417348226,-0.012,0.170897893890817
5.66666666666667,0.684062417348226,-0.012,0.165616424776906
5.7,0.684062417348226,-0.012,0.162027130958208
5.73333333333333,0.684062417348226,-0.012,0.159816291560548
5.76666666666667,0.684062417348226,-0.012,0.158718581559705
5.8,0.684062417348226,-0.012,0.158510129570856
5.83333333333333,0.689833291371663,-0.012,0.159002537746092
5.86666666666667,0.689833291371663,-0.012,0.15005058753115
5.9,0.689833291371663,-0.012,0.143369800877102
5.93333333333333,0.689833291371663,-0.012,0.138561588240983
5.96666666666667,0.689833291371663,-0.012,0.135287643457733
6,0.689833291371663,-0.012,0.133261373913498
6.03333333333333,0.689833291371663,-0.012,0.132240513018643
6.06666666666667,0.689833291371663,-0.012,0.132020754384708
6.1,0.693489583333333,-0.012,0.13243026874263
6.13333333333333,0.693489583333333,-0.012,0.126997359732029
6.16666666666667,0.693489583333333,-0.012,0.123108078319702
6.2,0.693489583333333,-0.012,0.120479465729699
6.23333333333333,0.693489583333333,-0.012,0.118872040830384
6.26666666666667,0.693489583333333,-0.012,0.118083574549844
6.3,0.693489583333333,-0.012,0.117943726312622
6.33333333333333,0.693489583333333,-0.012,0.118309425180664
6.36666666666667,0.69511022567749,-0.012,0.119060894201157
6.4,0.69511022567749,-0.012,0.117293526675694
6.43333333333333,0.69511022567749,-0.012,0.1162515584818
6.46666666666667,0.69511022567749,-0.012,0.115785407902105
6.5,0.69511022567749,-0.012,0.115769377534647
6.53333333333333,0.69511022567749,-0.012,0.11609817604078
6.56666666666667,0.69511022567749,-0.012,0.116683925549398
6.6,0.69511022567749,-0.012,0.117453588331763
6.63333333333333,0.693870194753011,-0.012,0.118346755334254
6.66666666666667,0.693870194753011,-0.012,0.121459759625893
6.7,0.693870194753011,-0.012,0.124206216579478
6.73333333333333,0.693870194753011,-0.012,0.126615238013689
6.76666666666667,0.693870194753011,-0.012,0.128713527081264
6.8,0.693870194753011,-0.012,0.130525589640236
6.83333333333333,0.693870194753011,-0.012,0.132073925625175
6.86666666666667,0.693870194753011,-0.012,0.133379202475182
6.9,0.691003290812174,-0.012,0.134460412446614
6.93333333333333,0.691003290812174,-0.012,0.140296514501836
6.96666666666667,0.691003290812174,-0.012,0.145017763704585
7,0.691003290812174,-0.012,0.14878225205666
7.03333333333333,0.691003290812174,-0.012,0.151726288640922
7.06666666666667,0.691003290812174,-0.012,0.153967356482454
7.1,0.691003290812174,-0.012,0.155606671250541
7.13333333333333,0.691003290812174,-0.012,0.156731395180867
7.16666666666667,0.686586761474609,-0.012,0.157416552458344
7.2,0.686586761474609,-0.012,0.165369985867055
7.23333333333333,0.686586761474609,-0.012,0.171579981001589
7.26666666666667,0.686586761474609,-0.012,0.176315010633464
7.3,0.686586761474609,-0.012,0.179805066814623
7.33333333333333,0.686586761474609,-0.012,0.182246991719684
7.36666666666667,0.686586761474609,-0.012,0.183809082796168
7.4,0.686586761474609,-0.012,0.184635070093188
7.43333333333333,0.68203125,-0.012,0.184847550506858
7.46666666666667,0.68203125,-0.012,0.192434776245263
7.5,0.68203125,-0.012,0.198133023192362
7.53333333333333,0.68203125,-0.012,0.202245440373425
7.56666666666667,0.68203125,-0.012,0.205030934371582
7.6,0.68203125,-0.012,0.206710353237813
7.63333333333333,0.68203125,-0.012,0.207471824643089
7.66666666666667,0.68203125,-0.012,0.207475362623266
7.7,0.67679656346639,-0.012,0.206856841902577
7.73333333333333,0.67679656346639,-0.012,0.214790638087569
7.76666666666667,0.67679656346639,-0.012,0.220627257481802
7.8,0.67679656346639,-0.012,0.224710583073458
7.83333333333333,0.67679656346639,-0.012,0.227333857171541
7.86666666666667,0.67679656346639,-0.012,0.228746790493193
7.9,0.67679656346639,-0.012,0.229161696763731
7.93333333333333,0.67679656346639,-0.012,0.228758784744359
7.96666666666667,0.6796875,-0.012,0.227690721866025
8,0.6796875,-0.012,0.221083478122984
8.03333333333333,0.6796875,-0.012,0.214981037975998
8.06666666666667,0.6796875,-0.012,0.209330426333172
8.1,0.6796875,-0.012,0.204084663199948
8.13333333333333,0.6796875,-0.012,0.199202043955314
8.16666666666667,0.6796875,-0.012,0.194645509656475
8.2,0.6796875,-0.012,0.190382095810537
8.23333333333333,0.683854166666667,-0.012,0.186382449560313
8.26666666666667,0.683854166666667,-0.012,0.175409522187484
8.3,0.683854166666667,-0.012,0.165994203850258
8.33333333333333,0.683854166666667,-0.012,0.157907343803089
8.36666666666667,0.683854166666667,-0.012,0.150951944978259
8.4,0.683854166666667,-0.012,0.144958757553605
8.43333333333333,0.683854166666667,-0.012,0.13978246893481
8.46666666666667,0.683854166666667,-0.012,0.135298409967649
8.5,0.6859375,-0.012,0.131399707936313
8.53333333333333,0.6859375,-0.012,0.124389384031889
8.56666666666667,0.6859375,-0.012,0.118466230474179
8.6,0.6859375,-0.012,0.113459147124135
8.63333333333333,0.6859375,-0.012,0.109221795860209
8.66666666666667,0.6859375,-0.012,0.105629153731056
8.7,0.6859375,-0.012,0.102574536513803
8.73333333333333,0.68705685933431,-0.012,0.0999670291502134
8.76666666666667,0.68705685933431,-0.012,0.0957920910932045
8.8,0.68705685933431,-0.012,0.092282060473801
8.83333333333333,0.68705685933431,-0.012,0.0893252416838475
8.86666666666667,0.68705685933431,-0.012,0.0868265492587887
8.9,0.68705685933431,-0.012,0.0847051651847284
8.93333333333333,0.68705685933431,-0.012,0.0828925181056334
8.96666666666667,0.68705685933431,-0.012,0.0813305407995161
9,0.688020833333333,-0.012,0.0799701681629174
9.03333333333333,0.688020833333333,-0.012,0.0771017778203556
9.06666666666667,0.688020833333333,-0.012,0.0746696608268761
9.1,0.688020833333333,-0.012,0.0725964971291482
9.13333333333333,0.688020833333333,-0.012,0.070816703391393
9.16666666666667,0.688020833333333,-0.012,0.0692747617093017
9.2,0.688020833333333,-0.012,0.067923779091971
9.23333333333333,0.688020833333333,-0.012,0.0667242463517286
9.26666666666667,0.687239583333333,-0.012,0.0656429692671278
9.3,0.687239583333333,-0.012,0.0660041893594491
9.33333333333333,0.687239583333333,-0.012,0.0661807912515876
9.36666666666667,0.687239583333333,-0.012,0.0661925571941575
9.4,0.687239583333333,-0.012,0.0660569920728778
9.43333333333333,0.687239583333333,-0.012,0.0657896002043956
9.46666666666667,0.687239583333333,-0.012,0.0654041272274902
9.5,0.687239583333333,-0.012,0.0649127715944269
9.53333333333333,0.686620585123698,-0.012,0.0643263695777097
9.56666666666667,0.686620585123698,-0.012,0.0647258030769057
9.6,0.686620585123698,-0.012,0.0648488358710428
9.63333333333333,0.686620585123698,-0.012,0.0647340556354342
9.66666666666667,0.686620585123698,-0.012,0.0644147757588062
9.7,0.686620585123698,-0.012,0.0639197482162208
9.73333333333333,0.686620585123698,-0.012,0.063273780674146
9.76666666666667,0.686620585123698,-0.012,0.0624982706502479
9.8,0.686620585123698,-0.012,0.0616116678368104
9.83333333333333,0.687155818939209,-0.012,0.0606298742118106
9.86666666666667,0.687155818939209,-0.012,0.0586403080800495
9.9,0.687155818939209,-0.012,0.0567536121187796
9.93333333333333,0.687155818939209,-0.012,0.0549531853858026
9.96666666666667,0.687155818939209,-0.012,0.0532248554270811
10,0.687155818939209,-0.012,0.0515565384509867
10.0333333333333,0.687155818939209,-0.012,0.0499379460072555
10.0666666666667,0.687155818939209,-0.012,0.0483603318809813
10.1,0.686543051401774,-0.012,0.0468162737572391
10.1333333333333,0.686543051401774,-0.012,0.0463599479475523
10.1666666666667,0.686543051401774,-0.012,0.0457280189719054
10.2,0.686543051401774,-0.012,0.0449466397681347
10.2333333333333,0.686543051401774,-0.012,0.044038272049099
10.2666666666667,0.686543051401774,-0.012,0.0430221936836891
10.3,0.686543051401774,-0.012,0.0419149372927781
10.3333333333333,0.686990865071615,-0.012,0.0407306693159952
10.3666666666667,0.686990865071615,-0.012,0.0387065257443293
10.4,0.686990865071615,-0.012,0.0367722477761527
10.4333333333333,0.686990865071615,-0.012,0.0349143097184433
10.4666666666667,0.686990865071615,-0.012,0.0331211043580019
10.5,0.686990865071615,-0.012,0.0313826785885178
10.5333333333333,0.686990865071615,-0.012,0.0296905049265473
10.5666666666667,0.686990865071615,-0.012,0.0280372840835758
10.6,0.686875406901042,-0.012,0.0264167744092612
10.6333333333333,0.686875406901042,-0.012,0.0250234579059946
10.6666666666667,0.686875406901042,-0.012,0.023615748806172
10.7,0.686875406901042,-0.012,0.0221955441053267
10.7333333333333,0.686875406901042,-0.012,0.0207644895073297
10.7666666666667,0.686875406901042,-0.012,0.0193240128076265
10.8,0.686875406901042,-0.012,0.0178753528344921
10.8333333333333,0.686875406901042,-0.012,0.0164195845398899
10.8666666666667,0.686967468261719,-0.012,0.0149576407526914
10.9,0.686967468261719,-0.012,0.0133310085206233
10.9333333333333,0.686967468261719,-0.012,0.0117293940282879
10.9666666666667,0.686967468261719,-0.012,0.010148804963437
11,0.686967468261719,-0.012,0.00858583026321146
11.0333333333333,0.686967468261719,-0.012,0.00703755896636942
11.0666666666667,0.686967468261719,-0.012,0.00550151015711214
11.1,0.686967468261719,-0.012,0.00397557250136208
11.1333333333333,0.686546961466471,-0.012,0.00245795207774464
11.1666666666667,0.686546961466471,-0.012,0.00167486158887297
11.2,0.686546961466471,-0.012,0.000761705585350242
11.2333333333333,0.686546961466471,-0.012,-0.000261582116957287
11.2666666666667,0.686546961466471,-0.012,-0.00137791872173295
11.3,0.686546961466471,-0.012,-0.00257267791767386
11.3333333333333,0.686546961466471,-0.012,-0.00383334902176799
11.3666666666667,0.686546961466471,-0.012,-0.00514924256335002
11.4,0.686979166666667,-0.012,-0.00651123604280202
11.4333333333333,0.686979166666667,-0.012,-0.00865953405153481
11.4666666666667,0.686979166666667,-0.012,-0.0107001950267132
11.5,0.686979166666667,-0.012,-0.0126492029208377
11.5333333333333,0.686979166666667,-0.012,-0.0145202888247037
11.5666666666667,0.686979166666667,-0.012,-0.0163252404175624
11.6,0.686979166666667,-0.012,-0.0180741694813266
11.6333333333333,0.686979166666667,-0.012,-0.0197757431206633
11.6666666666667,0.686873213450114,-0.012,-0.0214373835748139
11.7,0.686873213450114,-0.012,-0.0228820769181109
11.7333333333333,0.686873213450114,-0.012,-0.0243327737933914
11.7666666666667,0.686873213450114,-0.012,-0.0257888100666283
11.8,0.686873213450114,-0.012,-0.0272495999930451
11.8333333333333,0.686873213450114,-0.012,-0.0287146265226434
11.8666666666667,0.686873213450114,-0.012,-0.030183432841871
11.9,0.686873213450114,-0.012,-0.0316556149908201
11.9333333333333,0.68671875,-0.012,-0.0331308154164464
11.9666666666667,0.68671875,-0.012,-0.0343414010024535
12,0.68671875,-0.012,-0.0356042068975797
12.0333333333333,0.68671875,-0.012,-0.0369112619511529
12.0666666666667,0.68671875,-0.012,-0.0382557329974786
12.1,0.68671875,-0.012,-0.0396317675220491
12.1333333333333,0.68671875,-0.012,-0.0410343577231747
12.1666666666667,0.68671875,-0.012,-0.042459223085189
12.2,0.68655522664388,-0.012,-0.0439027089662125
12.2333333333333,0.68655522664388,-0.012,-0.0450787035161159
12.2666666666667,0.68655522664388,-0.012,-0.0463202693573194
12.3,0.68655522664388,-0.012,-0.0476169757288957
12.3333333333333,0.68655522664388,-0.012,-0.0489599084483254
12.3666666666667,0.68655522664388,-0.012,-0.0503414583236976
12.4,0.68655522664388,-0.012,-0.0517551384765634
12.4333333333333,0.68655522664388,-0.012,-0.0531954266685916
12.4666666666667,0.68671875,-0.012,-0.0546576292499735
12.5,0.68671875,-0.012,-0.0564207593244843
12.5333333333333,0.68671875,-0.012,-0.0581457282930193
12.5666666666667,0.68671875,-0.012,-0.0598378612619126
12.6,0.68671875,-0.012,-0.0615017556614493
12.6333333333333,0.68671875,-0.012,-0.0631413795857761
12.6666666666667,0.68671875,-0.012,-0.0647601569227039
12.7,0.68671875,-0.012,-0.0663610410420608
12.7333333333333,0.686507288614909,-0.012,-0.0679465785748925
12.7666666666667,0.686507288614909,-0.012,-0.0691530069486314
12.8,0.686507288614909,-0.012,-0.0704163512762283
12.8333333333333,0.686507288614909,-0.012,-0.0717276692738945
12.8666666666667,0.686507288614909,-0.012,-0.0730793118455302
12.9,0.686507288614909,-0.012,-0.0744647431383109
12.9333333333333,0.686507288614909,-0.012,-0.0758783851513242
12.9666666666667,0.686507288614909,-0.012,-0.0773154835817428
13,0.686555671691895,-0.012,-0.0787719920382015
13.0333333333333,0.686555671691895,-0.012,-0.0803282044821164
13.0666666666667,0.686555671691895,-0.012,-0.0818818730892521
13.1,0.686555671691895,-0.012,-0.0834329475583817
13.1333333333333,0.686555671691895,-0.012,-0.0849814133251934
13.1666666666667,0.686555671691895,-0.012,-0.0865272846335943
13.2,0.686555671691895,-0.012,-0.0880705986921179
13.2333333333333,0.686555671691895,-0.012,-0.0896114107587344
13.2666666666667,0.686903794606527,-0.012,-0.0911497900191524
13.3,0.686903794606527,-0.012,-0.0932882819213084
13.3333333333333,0.686903794606527,-0.012,-0.0953122715219773
13.3666666666667,0.686903794606527,-0.012,-0.0972392543402348
13.4,0.686903794606527,-0.012,-0.0990842270533021
13.4333333333333,0.686903794606527,-0.012,-0.100860033056269
13.4666666666667,0.686903794606527,-0.0135,-0.0875776610243748
13.5,0.68694019317627,-0.0135,-0.0892465028129579
13.5333333333333,0.68694019317627,-0.0135,-0.090937567990865
13.5666666666667,0.68694019317627,-0.0135,-0.0925829656354982
13.6,0.68694019317627,-0.0135,-0.0941903354788514
13.6333333333333,0.68694019317627,-0.0135,-0.0957661830375785
13.6666666666667,0.68694019317627,-0.0135,-0.0973160394568579
13.7,0.68694019317627,-0.0135,-0.0988445993996074
13.7333333333333,0.68694019317627,-0.0135,-0.100355839956195
13.7666666666667,0.686867554982503,-0.0135,-0.101853123149546
13.8,0.686867554982503,-0.0135,-0.103213575716332
13.8333333333333,0.686867554982503,-0.0135,-0.104588709722495
13.8666666666667,0.686867554982503,-0.0135,-0.105976893385033
13.9,0.686867554982503,-0.015,-0.0923766882126147
13.9333333333333,0.686867554982503,-0.015,-0.0937868250430385
13.9666666666667,0.686867554982503,-0.015,-0.09520618314081
14,0.686867554982503,-0.015,-0.0966337719568749
14.0333333333333,0.686867554982503,-0.015,-0.0980687152048616
14.0666666666667,0.68694019317627,-0.0165,-0.0845102369535754
14.1,0.68694019317627,-0.018,-0.0710833580224576
14.1333333333333,0.68694019317627,-0.0195,-0.0576383408232066
14.1666666666667,0.68694019317627,-0.021,-0.0441782747468358
14.2,0.68694019317627,-0.021,-0.0457057872555047
14.2333333333333,0.68694019317627,-0.0225,-0.0322231092005614
14.2666666666667,0.68694019317627,-0.0225,-0.0337321311536797
14.3,0.68694019317627,-0.0225,-0.0352344519700532
14.3333333333333,0.687054093678792,-0.0225,-0.0367314206385359
14.3666666666667,0.687054093678792,-0.0225,-0.0384212899359073
14.4,0.687054093678792,-0.0225,-0.0400711726003124
14.4333333333333,0.687054093678792,-0.0225,-0.0416875589555237
14.4666666666667,0.687054093678792,-0.0225,-0.0432759875789921
14.5,0.687054093678792,-0.0225,-0.0448411786389829
14.5333333333333,0.687054093678792,-0.024,-0.0313871489735944
14.5666666666667,0.687054093678792,-0.024,-0.0329173113818396
14.6,0.686979166666667,-0.024,-0.034434560264948
14.6333333333333,0.686979166666667,-0.024,-0.0358116758638322
14.6666666666667,0.686979166666667,-0.024,-0.0372045535355223
14.7,0.686979166666667,-0.024,-0.0386111904644044
14.7333333333333,0.686979166666667,-0.024,-0.0400298435132697
14.7666666666667,0.686979166666667,-0.024,-0.0414589951483828
14.8,0.686979166666667,-0.024,-0.0428973238669659
14.8333333333333,0.686979166666667,-0.024,-0.0443436785298236
14.8666666666667,0.686911106109619,-0.024,-0.0457970560812479
14.9,0.686911106109619,-0.024,-0.0471387957737533
14.9333333333333,0.686911106109619,-0.024,-0.0485078647162192
14.9666666666667,0.686911106109619,-0.024,-0.0499001954991378
15,0.686911106109619,-0.024,-0.0513122946008046
15.0333333333333,0.686911106109619,-0.024,-0.0527411635161136
15.0666666666667,0.686911106109619,-0.024,-0.0541842305768833
15.1,0.686911106109619,-0.024,-0.0556392920251043
15.1333333333333,0.686944770812988,-0.024,-0.0571044610932882
15.1666666666667,0.686944770812988,-0.024,-0.0586363845609812
15.2,0.686944770812988,-0.024,-0.0601645694566749
15.2333333333333,0.686944770812988,-0.024,-0.0616895221342766
15.2666666666667,0.686944770812988,-0.024,-0.0632116808466744
15.3,0.686944770812988,-0.024,-0.0647314248696381
15.3333333333333,0.686944770812988,-0.024,-0.0662490824059374
15.3666666666667,0.686944770812988,-0.024,-0.0677649374325591
15.4,0.686979166666667,-0.024,-0.0692792356321683
15.4333333333333,0.686979166666667,-0.024,-0.0708517154166712
15.4666666666667,0.686979166666667,-0.024,-0.0724119453375761
15.5,0.686979166666667,-0.024,-0.073961803845703
15.5333333333333,0.686979166666667,-0.024,-0.075502900660428
15.5666666666667,0.686979166666667,-0.024,-0.0770366139624076
15.6,0.686979166666667,-0.024,-0.0785641225257655
15.6333333333333,0.686979166666667,-0.024,-0.0800864334720462
15.6666666666667,0.686818027496338,-0.0255,-0.0666044062367016
15.7,0.686818027496338,-0.0255,-0.0678399038382842
15.7333333333333,0.686818027496338,-0.0255,-0.0691243710192333
15.7666666666667,0.686818027496338,-0.0255,-0.0704502818516993
15.8,0.686818027496338,-0.0255,-0.0718111881508288
15.8333333333333,0.686818027496338,-0.0255,-0.0732015702387508
15.8666666666667,0.686818027496338,-0.0255,-0.074616708019398
15.9,0.686818027496338,-0.0255,-0.0760525696252898
15.9333333333333,0.686917146046956,-0.0255,-0.0775057152648832
15.9666666666667,0.686917146046956,-0.0255,-0.0791447499947969
16,0.686917146046956,-0.0255,-0.0807636884698424
16.0333333333333,0.686917146046956,-0.0255,-0.0823653680665488
16.0666666666667,0.686917146046956,-0.0255,-0.0839522360772016
16.1,0.686917146046956,-0.0255,-0.0855264025981629
16.1333333333333,0.686917146046956,-0.0255,-0.0870896863010422
16.1666666666667,0.686917146046956,-0.0255,-0.088643654040542
16.2,0.686979166666667,-0.0255,-0.090189655125266
16.2333333333333,0.686979166666667,-0.0255,-0.0918361846111742
16.2666666666667,0.686979166666667,-0.0255,-0.093456912281311
16.3,0.686979166666667,-0.0255,-0.0950557977044799
16.3333333333333,0.686979166666667,-0.027,-0.0816362337986502
16.3666666666667,0.686979166666667,-0.027,-0.0832011252695504
16.4,0.686979166666667,-0.027,-0.0847529563757351
16.4333333333333,0.686979166666667,-0.027,-0.0862938494592933
16.4666666666667,0.686895147959391,-0.0285,-0.0728256154882772
16.5,0.686895147959391,-0.0285,-0.0742043938860748
16.5333333333333,0.686895147959391,-0.0285,-0.0756039896225774
16.5666666666667,0.686895147959391,-0.03,-0.0620213180740702
16.6,0.686895147959391,-0.03,-0.0634537289299022
16.6333333333333,0.686895147959391,-0.03,-0.0648989465675297
16.6666666666667,0.686895147959391,-0.03,-0.066355018505499
16.7,0.686790657043457,-0.03,-0.0678202708477712
16.7333333333333,0.686790657043457,-0.03,-0.0691124365197897
16.7666666666667,0.686790657043457,-0.03,-0.0704448101327165
16.8,0.686790657043457,-0.03,-0.0718111191518903
16.8333333333333,0.686790657043457,-0.03,-0.0732059953180047
16.8666666666667,0.686790657043457,-0.03,-0.0746248490133066
16.9,0.686790657043457,-0.03,-0.0760637607563975
16.9333333333333,0.686790657043457,-0.03,-0.0775193875136923
16.9666666666667,0.686979166666667,-0.03,-0.0789888818259477
17,0.686979166666667,-0.03,-0.0807960590792945
17.0333333333333,0.686979166666667,-0.03,-0.082551849728644
17.0666666666667,0.686979166666667,-0.03,-0.0842639350950697
17.1,0.686979166666667,-0.03,-0.0859389104758093
17.1333333333333,0.686979166666667,-0.03,-0.0875824345572974
17.1666666666667,0.686979166666667,-0.03,-0.0891993585628623
17.2,0.686979166666667,-0.03,-0.0907938378627424
17.2333333333333,0.686847178141276,-0.03,-0.0923694284084799
17.2666666666667,0.686847178141276,-0.03,-0.0937007490788168
17.3,0.686847178141276,-0.03,-0.0950613702150092
17.3333333333333,0.686847178141276,-0.03,-0.0964469072031328
17.3666666666667,0.686847178141276,-0.03,-0.0978535956639086
17.4,0.686847178141276,-0.03,-0.099278206099833
17.4333333333333,0.686847178141276,-0.03,-0.100717970120576
17.4666666666667,0.686847178141276,-0.03,-0.10217051668813
17.5,0.686619313557943,-0.03,-0.10363381703209
17.5333333333333,0.686619313557943,-0.03,-0.104711791828322
17.5666666666667,0.686619313557943,-0.03,-0.10587077042334
17.6,0.686619313557943,-0.03,-0.107098099267787
17.6333333333333,0.686619313557943,-0.03,-0.108382950069879
17.6666666666667,0.686619313557943,-0.03,-0.109716066133048
17.7,0.686619313557943,-0.03,-0.111089543282549
17.7333333333333,0.686619313557943,-0.03,-0.112496640711983
17.7666666666667,0.686571153004964,-0.03,-0.113931617707481
17.8,0.686571153004964,-0.03,-0.115306245507505
17.8333333333333,0.686571153004964,-0.03,-0.116715254669436
17.8666666666667,0.686571153004964,-0.03,-0.118152726555735
17.9,0.686571153004964,-0.03,-0.11961363114501
17.9333333333333,0.686571153004964,-0.03,-0.121093701136217
17.9666666666667,0.686571153004964,-0.0315,-0.10758932339155
18,0.686571153004964,-0.0315,-0.109097445365007
18.0333333333333,0.686815357208252,-0.0315,-0.110615494480421
18.0666666666667,0.686815357208252,-0.0315,-0.112563931481556
18.1,0.686815357208252,-0.0315,-0.114439589734244
18.1333333333333,0.686815357208252,-0.0315,-0.116253165297603
18.1666666666667,0.686815357208252,-0.0315,-0.118013854133377
18.2,0.686815357208252,-0.0315,-0.119729557631284
18.2333333333333,0.686815357208252,-0.0315,-0.121407060320121
18.2666666666667,0.686815357208252,-0.0315,-0.123052183503808
18.3,0.686815357208252,-0.0315,-0.124669918060724
18.3333333333333,0.686815357208252,-0.0315,-0.126264539210797
18.3666666666667,0.686815357208252,-0.0315,-0.127839705678915
18.4,0.686815357208252,-0.0315,-0.12939854535761
18.4333333333333,0.686815357208252,-0.0315,-0.130943729289917
18.4666666666667,0.686815357208252,-0.0315,-0.132477535548945
18.5,0.686815357208252,-0.0315,-0.134001904379075
18.5333333333333,0.686815357208252,-0.0315,-0.135518485780387
18.5666666666667,0.686746915181478,-0.0315,-0.137028680559126
18.6,0.686746915181478,-0.0315,-0.138415229119929
18.6333333333333,0.686746915181478,-0.0315,-0.139819647842454
18.6666666666667,0.686746915181478,-0.0315,-0.141239362014518
18.7,0.686746915181478,-0.0315,-0.142672154531516
18.7333333333333,0.686746915181478,-0.0315,-0.144116117148614
18.7666666666667,0.686746915181478,-0.0315,-0.145569608312155
18.8,0.686746915181478,-0.0315,-0.147031216687141
18.8333333333333,0.686500072479248,-0.0315,-0.14849972961582
18.8666666666667,0.686500072479248,-0.0315,-0.149546916841771
18.9,0.686500072479248,-0.0315,-0.150678657178604
18.9333333333333,0.686500072479248,-0.0315,-0.151881844746347
18.9666666666667,0.686500072479248,-0.0315,-0.153145257674741
19,0.686500072479248,-0.0315,-0.154459296723428
19.0333333333333,0.686500072479248,-0.0315,-0.155815759511451
19.0666666666667,0.686500072479248,-0.0315,-0.157207645551597
19.1,0.686979166666667,-0.0315,-0.15862898792995
19.1333333333333,0.686979166666667,-0.0315,-0.160903834296712
19.1666666666667,0.686979166666667,-0.0315,-0.163044280515874
19.2,0.686979166666667,-0.0315,-0.165070616112191
19.2333333333333,0.686979166666667,-0.0315,-0.167000248727972
19.2666666666667,0.686979166666667,-0.0315,-0.168848101537987
19.3,0.686979166666667,-0.0315,-0.170626956694543
19.3333333333333,0.686979166666667,-0.0315,-0.172347752071834
19.3666666666667,0.686979166666667,-0.033,-0.159019837604016
19.4,0.68671875,-0.033,-0.160651196667136
19.4333333333333,0.68671875,-0.033,-0.161797956951606
19.4666666666667,0.68671875,-0.033,-0.163000555818181
19.5,0.68671875,-0.033,-0.164250904290592
19.5333333333333,0.68671875,-0.033,-0.165542039911142
19.5666666666667,0.68671875,-0.033,-0.166867972961387
19.6,0.68671875,-0.033,-0.168223553453323
19.6333333333333,0.686901473999023,-0.033,-0.169604356101821
19.6666666666667,0.686901473999023,-0.033,-0.171322805252548
19.7,0.686901473999023,-0.0345,-0.158000504653311
19.7333333333333,0.686901473999023,-0.036,-0.144643792978329
19.7666666666667,0.686901473999023,-0.036,-0.146258096262649
19.8,0.686901473999023,-0.0375,-0.132848054617226
19.8333333333333,0.686901473999023,-0.0375,-0.134417631673752
19.8666666666667,0.686901473999023,-0.0375,-0.135970209089888
19.9,0.686888186136882,-0.039,-0.122508668132695
19.9333333333333,0.686888186136882,-0.039,-0.12401246395018
19.9666666666667,0.686888186136882,-0.0405,-0.110510958796438
20,0.686888186136882,-0.0405,-0.112005253602494
20.0333333333333,0.686888186136882,-0.0405,-0.11349627313149
20.0666666666667,0.686888186136882,-0.0405,-0.114984791657379
20.1,0.686888186136882,-0.0405,-0.116471455056575
20.1333333333333,0.686888186136882,-0.0405,-0.117956799803024
20.1666666666667,0.686794821421305,-0.0405,-0.1194412692908
20.2,0.686794821421305,-0.0405,-0.120763649730983
20.2333333333333,0.686794821421305,-0.0405,-0.122115917759435
20.2666666666667,0.686794821421305,-0.0405,-0.123493646561629
20.3,0.686794821421305,-0.0405,-0.124893032495011
20.3333333333333,0.686794821421305,-0.0405,-0.126310809544941
20.3666666666667,0.686794821421305,-0.0405,-0.127744175369455
20.4,0.686794821421305,-0.0405,-0.129190727374035
20.4333333333333,0.686314169565837,-0.042,-0.115648407466435
20.4666666666667,0.686314169565837,-0.042,-0.11628363233593
20.5,0.686314169565837,-0.042,-0.117081682576242
20.5333333333333,0.686314169565837,-0.042,-0.11801724407772
20.5666666666667,0.686314169565837,-0.042,-0.119068646576119
20.6,0.686314169565837,-0.042,-0.120217357783993
20.6333333333333,0.686314169565837,-0.042,-0.12144754646362
20.6666666666667,0.686314169565837,-0.042,-0.122745705138037
20.7,0.686458333333333,-0.042,-0.124100324385475
20.7333333333333,0.686458333333333,-0.042,-0.125751103325443
20.7666666666667,0.686458333333333,-0.042,-0.127393753283162
20.8,0.686458333333333,-0.042,-0.129028428385051
20.8333333333333,0.686458333333333,-0.042,-0.13065533150591
20.8666666666667,0.686458333333333,-0.042,-0.132274702603923
20.9,0.686458333333333,-0.042,-0.133886808995994
20.9333333333333,0.686458333333333,-0.042,-0.135491937285989
20.9666666666667,0.686458333333333,-0.042,-0.137090386698966
21,0.686458333333333,-0.042,-0.138682463609322
21.0333333333333,0.686458333333333,-0.042,-0.140268477080951
21.0666666666667,0.686458333333333,-0.042,-0.141848735263405
21.1,0.686458333333333,-0.042,-0.143423542510456
21.1333333333333,0.686458333333333,-0.042,-0.144993197106705
21.1666666666667,0.686458333333333,-0.042,-0.146557989504484
21.2,0.686458333333333,-0.042,-0.148118200987565
21.2333333333333,0.68671875,-0.042,-0.149674102690477
21.2666666666667,0.68671875,-0.042,-0.151676635184911
21.3,0.68671875,-0.042,-0.15359140767396
21.3333333333333,0.68671875,-0.042,-0.15543167613386
21.3666666666667,0.68671875,-0.042,-0.15720881320116
21.4,0.68671875,-0.042,-0.158932567921582
21.4333333333333,0.68671875,-0.042,-0.160611290221948
21.4666666666667,0.68671875,-0.042,-0.162252124856729
21.5,0.68671875,-0.0435,-0.148861178943701
21.5333333333333,0.68671875,-0.045,-0.135443666651234
21.5666666666667,0.68671875,-0.0465,-0.122004034121708
21.6,0.68671875,-0.0465,-0.123546067301435
21.6333333333333,0.68671875,-0.048,-0.110072984988791
21.6666666666667,0.68671875,-0.0525,-0.066587519101614
21.7,0.68671875,-0.0555,-0.0380919838958704
21.7333333333333,0.68671875,-0.0555,-0.0395883356345611
21.7666666666667,0.686458333333333,-0.057,-0.0260782240040779
21.8,0.686458333333333,-0.0585,-0.0121123561283487
21.8333333333333,0.686458333333333,-0.0585,-0.0132265350595873
21.8666666666667,0.686458333333333,-0.0585,-0.0144087142023522
21.9,0.686458333333333,-0.0585,-0.0156485555625743
21.9333333333333,0.686458333333333,-0.0585,-0.0169371943024415
21.9666666666667,0.686458333333333,-0.0585,-0.0182670352567905
22,0.686458333333333,-0.0585,-0.019631577107076
22.0333333333333,0.68634672164917,-0.0585,-0.021025260485999
22.0666666666667,0.68634672164917,-0.0585,-0.0222501802384439
22.1,0.68634672164917,-0.0585,-0.0235314259082597
22.1333333333333,0.68634672164917,-0.0585,-0.0248599664772608
22.1666666666667,0.68634672164917,-0.0585,-0.0262280884239045
22.2,0.68634672164917,-0.0585,-0.0276292116076509
22.2333333333333,0.68634672164917,-0.0585,-0.0290577303318566
22.2666666666667,0.68634672164917,-0.0585,-0.0305088761811249
22.3,0.686073112487793,-0.0585,-0.0319785996864076
22.3333333333333,0.686073112487793,-0.0585,-0.0329899569022934
22.3666666666667,0.686073112487793,-0.0585,-0.0341017683828642
22.4,0.686073112487793,-0.0585,-0.0352979055410956
22.4333333333333,0.686073112487793,-0.0585,-0.0365645940996235
22.4666666666667,0.686073112487793,-0.0585,-0.0378900849900941
22.5,0.686073112487793,-0.0585,-0.0392643702649981
22.5333333333333,0.686073112487793,-0.0585,-0.0406789379359191
22.5666666666667,0.685313828786214,-0.0585,-0.0421265604698958
22.6,0.685313828786214,-0.0585,-0.0422870867125549
22.6333333333333,0.685313828786214,-0.0585,-0.0427141582522585
22.6666666666667,0.685313828786214,-0.0585,-0.0433654463736462
22.7,0.685313828786214,-0.0585,-0.0442047722377784
22.7333333333333,0.685313828786214,-0.0585,-0.0452012491800439
22.7666666666667,0.685313828786214,-0.0585,-0.0463285421797238
22.8,0.685313828786214,-0.0585,-0.047564228668775
22.8333333333333,0.682345612843831,-0.0585,-0.0488892469740083
22.8666666666667,0.682345612843831,-0.0585,-0.0451505896733464
22.9,0.682345612843831,-0.0585,-0.0424283525289384
22.9333333333333,0.682345612843831,-0.0585,-0.0405625710341122
22.9666666666667,0.682345612843831,-0.0585,-0.0394164310687248
23,0.682345612843831,-0.0585,-0.0388730463930726
23.0333333333333,0.682345612843831,-0.0585,-0.0388326759303142
23.0666666666667,0.682345612843831,-0.0585,-0.0392103214445564
23.1,0.675712585449219,-0.0585,-0.0399336541970342
23.1333333333333,0.675712585449219,-0.0585,-0.0294620276406652
23.1666666666667,0.675712585449219,-0.0585,-0.0213610487234491
23.2,0.675712585449219,-0.0585,-0.0152550230918845
23.2333333333333,0.675712585449219,-0.0585,-0.0108227918910573
23.2666666666667,0.675712585449219,-0.0585,-0.00779012920926442
23.3,0.675712585449219,-0.0585,-0.00592317787956646
23.3333333333333,0.675712585449219,-0.0585,-0.0050227833509249
23.3666666666667,0.670717748006185,-0.0585,-0.00491960418368742
23.4,0.670717748006185,-0.0585,0.00317423279640176
23.4333333333333,0.670717748006185,-0.0585,0.00912603060384223
23.4666666666667,0.670717748006185,-0.0585,0.0132884527172501
23.5,0.670717748006185,-0.0585,0.0159621425908271
23.5333333333333,0.670717748006185,-0.0585,0.0174030322034805
23.5666666666667,0.670717748006185,-0.0585,0.017828648366797
23.6,0.670717748006185,-0.0585,0.0174235524937246
23.6333333333333,0.673119990030924,-0.0585,0.0163440312819654
23.6666666666667,0.673119990030924,-0.0585,0.010564790499562
23.7,0.673119990030924,-0.0585,0.00512898117944117
23.7333333333333,0.673119990030924,-0.0585,1.00732669199022e-05
23.7666666666667,0.673119990030924,-0.0585,-0.00481636156784905
23.8,0.673119990030924,-0.0585,-0.00937282315537157
23.8333333333333,0.673119990030924,-0.0585,-0.0136800409312186
23.8666666666667,0.673119990030924,-0.0585,-0.0177571183410177
23.9,0.673119990030924,-0.0585,-0.0216216648224602
23.9333333333333,0.673712094624837,-0.0585,-0.0252899165115673
23.9666666666667,0.673712094624837,-0.0585,-0.029801550165929
24,0.673712094624837,-0.0585,-0.0339547766513614
24.0333333333333,0.673712094624837,-0.0585,-0.037791938423472
24.0666666666667,0.673712094624837,-0.0585,-0.0413501381358996
24.1,0.673712094624837,-0.0585,-0.0446619070296494
24.1333333333333,0.673712094624837,-0.0585,-0.0477557864586219
24.1666666666667,0.673712094624837,-0.0585,-0.0506568339651133
24.2,0.673111120859782,-0.0585,-0.0533870638097602
24.2333333333333,0.673111120859782,-0.0585,-0.0549257779947242
24.2666666666667,0.673111120859782,-0.0585,-0.0565238147665507
24.3,0.673111120859782,-0.0585,-0.0581661252923712
24.3333333333333,0.673111120859782,-0.0585,-0.0598401993715341
24.3666666666667,0.673111120859782,-0.0585,-0.0615356872893393
24.4,0.673111120859782,-0.0585,-0.0632440750465028
24.4333333333333,0.673111120859782,-0.0585,-0.0649584056272442
24.4666666666667,0.672062492370605,-0.0585,-0.0666730399635932
24.5,0.672062492370605,-0.0585,-0.0665686828106463
24.5333333333333,0.672062492370605,-0.0585,-0.066794598027264
24.5666666666667,0.672062492370605,-0.0585,-0.0672955633594783
24.6,0.672062492370605,-0.0585,-0.0680245532711104
24.6333333333333,0.672062492370605,-0.06,-0.0539415839039664
24.6666666666667,0.672062492370605,-0.06,-0.055012716675286
24.7,0.672062492370605,-0.06,-0.0562091990155689
24.7333333333333,0.673610146840413,-0.06,-0.0575067236418805
24.7666666666667,0.673610146840413,-0.06,-0.0615631800425336
24.8,0.673610146840413,-0.06,-0.0651839643452697
24.8333333333333,0.673610146840413,-0.0615,-0.0534319860379656
24.8666666666667,0.673610146840413,-0.0615,-0.0563614074245229
24.9,0.673610146840413,-0.0615,-0.0590188366931474
24.9333333333333,0.673610146840413,-0.063,-0.046444359913011
24.9666666666667,0.673610146840413,-0.063,-0.0486724335842764
25,0.673530197143555,-0.063,-0.0507326564720381
25.0333333333333,0.673530197143555,-0.063,-0.0525120750227154
25.0666666666667,0.673530197143555,-0.063,-0.0541966221899408
25.1,0.673530197143555,-0.063,-0.0558009812144213
25.1333333333333,0.673530197143555,-0.063,-0.05733772598668
25.1666666666667,0.673530197143555,-0.063,-0.0588176135922085
25.2,0.673530197143555,-0.063,-0.0602498370084605
25.2333333333333,0.673530197143555,-0.063,-0.0616422433295447
25.2666666666667,0.673163318634033,-0.063,-0.0630015221730151
25.3,0.673163318634033,-0.063,-0.0636984438572709
25.3333333333333,0.673163318634033,-0.063,-0.0644910563840864
25.3666666666667,0.673163318634033,-0.063,-0.0653651258687088
25.4,0.673163318634033,-0.063,-0.0663084262255759
25.4333333333333,0.673163318634033,-0.063,-0.0673104632667261
25.4666666666667,0.673163318634033,-0.063,-0.0683622361979079
25.5,0.673224671681722,-0.063,-0.0694560314805015
25.5333333333333,0.673224671681722,-0.063,-0.0706914230372696
25.5666666666667,0.673224671681722,-0.063,-0.071936802842012
25.6,0.673224671681722,-0.063,-0.0731904111123026
25.6333333333333,0.673224671681722,-0.063,-0.0744507546058037
25.6666666666667,0.673224671681722,-0.063,-0.0757165687037205
25.7,0.673224671681722,-0.063,-0.07698678472703
25.7333333333333,0.673224671681722,-0.063,-0.0782605017745741
25.7666666666667,0.673224671681722,-0.063,-0.0795369624678702
25.8,0.673372395833333,-0.063,-0.0808155320704335
25.8333333333333,0.673372395833333,-0.0645,-0.0673513337468504
25.8666666666667,0.673372395833333,-0.0645,-0.068840646480119
25.9,0.673372395833333,-0.0645,-0.0702904902484977
25.9333333333333,0.673372395833333,-0.0645,-0.0717068878056885
25.9666666666667,0.673372395833333,-0.0645,-0.073095002207737
26,0.673372395833333,-0.0645,-0.074459255662859
26.0333333333333,0.673372395833333,-0.0645,-0.0758034322198241
26.0666666666667,0.673040803273519,-0.0645,-0.0771307664732208
26.1,0.673040803273519,-0.0645,-0.077870162027399
26.1333333333333,0.673040803273519,-0.0645,-0.0787047390606005
26.1666666666667,0.673040803273519,-0.0645,-0.0796199263888424
26.2,0.673040803273519,-0.0645,-0.0806032358034597
26.2333333333333,0.673040803273519,-0.0645,-0.0816439738948395
26.2666666666667,0.673040803273519,-0.0645,-0.0827329930782733
26.3,0.673040803273519,-0.0645,-0.0838624765369436
26.3333333333333,0.672903982798258,-0.0645,-0.0850257525060505
26.3666666666667,0.672903982798258,-0.0645,-0.0859803507463824
26.4,0.672903982798258,-0.0645,-0.0870023252855559
26.4333333333333,0.672903982798258,-0.0645,-0.0880807225395211
26.4666666666667,0.672903982798258,-0.0645,-0.0892061962430106
26.5,0.672903982798258,-0.066,-0.0753707821954942
26.5333333333333,0.672903982798258,-0.066,-0.0765677038567886
26.5666666666667,0.672903982798258,-0.066,-0.0777912046182286
26.6,0.672646999359131,-0.066,-0.0790364031363901
26.6333333333333,0.672646999359131,-0.066,-0.0798544299157851
26.6666666666667,0.672646999359131,-0.066,-0.0807693885252844
26.7,0.672646999359131,-0.066,-0.081765494763707
26.7333333333333,0.672646999359131,-0.066,-0.0828292821586506
26.7666666666667,0.672646999359131,-0.066,-0.0839492770473371
26.8,0.672646999359131,-0.066,-0.0851157181642817
26.8333333333333,0.672646999359131,-0.066,-0.0863203147132727
26.8666666666667,0.672747739156087,-0.066,-0.0875560377107296
26.9,0.672747739156087,-0.066,-0.0889912816148151
26.9333333333333,0.672747739156087,-0.066,-0.0904142057248325
26.9666666666667,0.672747739156087,-0.066,-0.0918256192312
27,0.672747739156087,-0.066,-0.0932262855538848
27.0333333333333,0.672747739156087,-0.066,-0.0946169238148599
27.0666666666667,0.672747739156087,-0.0675,-0.0809982104593507
27.1,0.67268107732137,-0.069,-0.0673707809803147
27.1333333333333,0.67268107732137,-0.0705,-0.0536198659211498
27.1666666666667,0.67268107732137,-0.0705,-0.0548828821492105
27.2,0.67268107732137,-0.072,-0.0411570206681741
27.2333333333333,0.67268107732137,-0.072,-0.0424399179345394
27.2666666666667,0.67268107732137,-0.0735,-0.0287295911778547
27.3,0.67268107732137,-0.0735,-0.0300243827389134
27.3333333333333,0.67268107732137,-0.0735,-0.0313229121941587
27.3666666666667,0.672577667236328,-0.0735,-0.0326240352009548
27.4,0.672577667236328,-0.0735,-0.0337478453830366
27.4333333333333,0.672577667236328,-0.0735,-0.0349058721500897
27.4666666666667,0.672577667236328,-0.0735,-0.0360923170277017
27.5,0.672577667236328,-0.0735,-0.0373022468169915
27.5333333333333,0.672577667236328,-0.0735,-0.0385314713564101
27.5666666666667,0.672577667236328,-0.0735,-0.0397764380938892
27.6,0.672577667236328,-0.0735,-0.0410341411897973
27.6333333333333,0.672395833333333,-0.0735,-0.0423020431779574
27.6666666666667,0.672395833333333,-0.0735,-0.0432633234985695
27.7,0.672395833333333,-0.0735,-0.0442894964191502
27.7333333333333,0.672395833333333,-0.0735,-0.0453699708359979
27.7666666666667,0.672395833333333,-0.0735,-0.0464957122989891
27.8,0.672395833333333,-0.0735,-0.0476590246868951
27.8333333333333,0.672395833333333,-0.0735,-0.0488533617954703
27.8666666666667,0.672395833333333,-0.0735,-0.0500731647901051
27.9,0.672395833333333,-0.0735,-0.0513137220190532
27.9333333333333,0.672395833333333,-0.0735,-0.0525710481545776
27.9666666666667,0.672395833333333,-0.0735,-0.0538417800375243
28,0.672395833333333,-0.0735,-0.0551230869543103
28.0333333333333,0.672395833333333,-0.0735,-0.056412593381374
28.0666666666667,0.672395833333333,-0.0735,-0.0577083124971696
28.1,0.672395833333333,-0.0735,-0.0590085889912374
28.1333333333333,0.672395833333333,-0.0735,-0.0603120498985385
28.1666666666667,0.672395833333333,-0.075,-0.0466175623592223
28.2,0.672395833333333,-0.075,-0.0479241973528523
28.2333333333333,0.672395833333333,-0.0765,-0.0342311985849776
28.2666666666667,0.672395833333333,-0.0765,-0.0355379558154452
28.3,0.672395833333333,-0.0765,-0.0368439820143639
28.3333333333333,0.672395833333333,-0.0765,-0.0381488938151341
28.3666666666667,0.672395833333333,-0.0765,-0.0394523948062117
28.4,0.672332731882731,-0.0765,-0.0407542612657824
28.4333333333333,0.672332731882731,-0.0765,-0.0419451258545026
28.4666666666667,0.672332731882731,-0.0765,-0.0431544238885186
28.5,0.672332731882731,-0.0765,-0.0443789291994241
28.5333333333333,0.672332731882731,-0.0765,-0.0456159030459437
28.5666666666667,0.672332731882731,-0.0765,-0.0468630248548944
28.6,0.672332731882731,-0.0765,-0.0481183325148608
28.6333333333333,0.672332731882731,-0.0765,-0.0493801709251718
28.6666666666667,0.672355429331462,-0.0765,-0.050647147677524
28.7,0.672355429331462,-0.0765,-0.0519573753816246
28.7333333333333,0.672355429331462,-0.0765,-0.0532632796177752
28.7666666666667,0.672355429331462,-0.0765,-0.0545651823363827
28.8,0.672355429331462,-0.0765,-0.0558633815313367
28.8333333333333,0.672355429331462,-0.0765,-0.0571581530202557
28.8666666666667,0.672355429331462,-0.0765,-0.0584497520927588
28.9,0.672355429331462,-0.0765,-0.0597384150365005
28.9333333333333,0.672455946604411,-0.0765,-0.0610243605500009
28.9666666666667,0.672455946604411,-0.0765,-0.0624817474740234
29,0.672455946604411,-0.0765,-0.0639043994950039
29.0333333333333,0.672455946604411,-0.0765,-0.0652975149637432
29.0666666666667,0.672455946604411,-0.0765,-0.0666655568536509
29.1,0.672455946604411,-0.0765,-0.0680123539612351
29.1333333333333,0.672455946604411,-0.0765,-0.0693411883783898
29.1666666666667,0.672455946604411,-0.0765,-0.0706548710844145
29.2,0.672395833333333,-0.0765,-0.0719558072579952
29.2333333333333,0.672395833333333,-0.0765,-0.0731420199318002
29.2666666666667,0.672395833333333,-0.0765,-0.0743386778032974
29.3,0.672395833333333,-0.0765,-0.0755442722964807
29.3333333333333,0.672395833333333,-0.0765,-0.0767575046162181
29.3666666666667,0.672395833333333,-0.0765,-0.0779772571336752
29.4,0.672395833333333,-0.0765,-0.0792025686349999
29.4333333333333,0.672395833333333,-0.0765,-0.0804326129145917
29.4666666666667,0.672504870096842,-0.078,-0.0666666802637005
29.5,0.672504870096842,-0.0795,-0.0530928618233205
29.5333333333333,0.672504870096842,-0.0795,-0.0544867807132482
29.5666666666667,0.672504870096842,-0.0795,-0.0558534399195147
29.6,0.672504870096842,-0.0795,-0.0571971230917742
29.6333333333333,0.672504870096842,-0.081,-0.0435214943509139
29.6666666666667,0.672504870096842,-0.081,-0.0448296844985856
29.7,0.672504870096842,-0.081,-0.0461243654633785
29.7333333333333,0.672546609242757,-0.081,-0.0474078145721173
29.7666666666667,0.672546609242757,-0.081,-0.0487542042984804
29.8,0.672546609242757,-0.081,-0.0500794903991472
29.8333333333333,0.672546609242757,-0.081,-0.0513871563978989
29.8666666666667,0.672546609242757,-0.081,-0.0526801714316656
29.9,0.672546609242757,-0.081,-0.0539610625560331
29.9333333333333,0.672546609242757,-0.081,-0.0552319771327012
29.9666666666667,0.672546609242757,-0.081,-0.0564947366419652
30,0.672309144337972,-0.081,-0.0577508830826838
30.0333333333333,0.672309144337972,-0.081,-0.058590759293816
30.0666666666667,0.672309144337972,-0.081,-0.0595029822199948
30.1,0.672309144337972,-0.081,-0.0604766028927058
30.1333333333333,0.672309144337972,-0.081,-0.0615022293063984
30.1666666666667,0.672309144337972,-0.081,-0.0625718115859795
30.2,0.672309144337972,-0.081,-0.0636784563380906
30.2333333333333,0.672309144337972,-0.081,-0.0648162662547845
30.2666666666667,0.67228749593099,-0.081,-0.0659802015654092
30.3,0.67228749593099,-0.081,-0.0671284953909564
30.3333333333333,0.67228749593099,-0.081,-0.0683019249872617
30.3666666666667,0.67228749593099,-0.081,-0.0694962862722107
30.4,0.67228749593099,-0.081,-0.0707079992604519
30.4333333333333,0.67228749593099,-0.0825,-0.0569340201135739
30.4666666666667,0.67228749593099,-0.0825,-0.0581717652699926
30.5,0.67228749593099,-0.0825,-0.0594190460176085
30.5333333333333,0.672242005666097,-0.0825,-0.0606740120925069
30.5666666666667,0.672242005666097,-0.0825,-0.0618563770682444
30.6,0.672242005666097,-0.0825,-0.0630582207955188
30.6333333333333,0.672242005666097,-0.0825,-0.0642761686850961
30.6666666666667,0.672242005666097,-0.0825,-0.0655073540386146
30.7,0.672242005666097,-0.0825,-0.0667493460107903
30.7333333333333,0.672242005666097,-0.0825,-0.0680000874985784
30.7666666666667,0.672242005666097,-0.0825,-0.0692578416097091
30.8,0.672135416666667,-0.0825,-0.0705211455444696
30.8333333333333,0.672135416666667,-0.0825,-0.071604306654165
30.8666666666667,0.672135416666667,-0.0825,-0.0727251257314877
30.9,0.672135416666667,-0.0825,-0.0738774168567048
30.9333333333333,0.672135416666667,-0.0825,-0.0750559057227233
30.9666666666667,0.672135416666667,-0.0825,-0.0762561016153102
31,0.672135416666667,-0.0825,-0.0774741869449644
31.0333333333333,0.672135416666667,-0.0825,-0.0787069219542756
31.0666666666667,0.672057247161865,-0.0825,-0.079951562544093
31.1,0.672057247161865,-0.0825,-0.0810705083363535
31.1333333333333,0.672057247161865,-0.0825,-0.0822222871568501
31.1666666666667,0.672057247161865,-0.0825,-0.0834013469654719
31.2,0.672057247161865,-0.0825,-0.0846029635215018
31.2333333333333,0.672057247161865,-0.0825,-0.0858231234864579
31.2666666666667,0.672057247161865,-0.0825,-0.0870584235994865
31.3,0.672057247161865,-0.0825,-0.0883059837460556
31.3333333333333,0.672376823425293,-0.0825,-0.0895633720339653
31.3666666666667,0.672376823425293,-0.0825,-0.0913816028393252
31.4,0.672376823425293,-0.0825,-0.0931028605602055
31.4333333333333,0.672376823425293,-0.0825,-0.0947416812280577
31.4666666666667,0.672376823425293,-0.0825,-0.0963105430112536
31.5,0.672376823425293,-0.0825,-0.0978201495206443
31.5333333333333,0.672376823425293,-0.084,-0.0842796746759043
31.5666666666667,0.672376823425293,-0.084,-0.0856969743074627
31.6,0.672147560119629,-0.0855,-0.0720787689751626
31.6333333333333,0.672147560119629,-0.087,-0.0580340359997855
31.6666666666667,0.672147560119629,-0.087,-0.0590383590459218
31.7,0.672147560119629,-0.087,-0.0600844560027274
31.7333333333333,0.672147560119629,-0.087,-0.0611660709613053
31.7666666666667,0.672147560119629,-0.087,-0.0622778332694007
31.8,0.672147560119629,-0.087,-0.0634151356857714
31.8333333333333,0.672147560119629,-0.087,-0.0645740290647258
31.8666666666667,0.672335974375407,-0.087,-0.0657511313456351
31.9,0.672335974375407,-0.087,-0.067269620938655
31.9333333333333,0.672335974375407,-0.087,-0.0687402071130487
31.9666666666667,0.672335974375407,-0.087,-0.0701701976677098
32,0.672335974375407,-0.087,-0.0715658574051774
32.0333333333333,0.672335974375407,-0.087,-0.0729325523126868
32.0666666666667,0.672335974375407,-0.087,-0.0742748741378391
32.1,0.672335974375407,-0.087,-0.0755967480013565
32.1333333333333,0.672184689839681,-0.087,-0.0769015253349471
32.1666666666667,0.672184689839681,-0.087,-0.0779302492552721
32.2,0.672184689839681,-0.087,-0.078995943278468
32.2333333333333,0.672184689839681,-0.087,-0.0800931139461264
32.2666666666667,0.672184689839681,-0.087,-0.0812170423073383
32.3,0.672184689839681,-0.087,-0.0823636775170752
32.3333333333333,0.672184689839681,-0.087,-0.0835295448550445
32.3666666666667,0.672184689839681,-0.087,-0.0847116662248766
32.4,0.672016112009684,-0.087,-0.0859074914534887
32.4333333333333,0.672016112009684,-0.087,-0.0868230960788763
32.4666666666667,0.672016112009684,-0.087,-0.0878027089286794
32.5,0.672016112009684,-0.087,-0.0888363113539782
32.5333333333333,0.672016112009684,-0.087,-0.0899153311528611
32.5666666666667,0.672016112009684,-0.087,-0.0910324414651628
32.6,0.672016112009684,-0.087,-0.0921813870958323
32.6333333333333,0.672016112009684,-0.087,-0.0933568345639714
32.6666666666667,0.67206548055013,-0.087,-0.0945542426717248
32.7,0.67206548055013,-0.087,-0.095855188618419
32.7333333333333,0.67206548055013,-0.087,-0.0971550416070958
32.7666666666667,0.67206548055013,-0.0885,-0.0834534944401749
32.8,0.67206548055013,-0.0885,-0.0847503146388123
32.8333333333333,0.67206548055013,-0.0885,-0.0860453319641523
32.8666666666667,0.67206548055013,-0.0885,-0.0873384277899591
32.9,0.67206548055013,-0.0885,-0.088629526065806
32.9333333333333,0.672070089975993,-0.0885,-0.0899185856458018
32.9666666666667,0.672070089975993,-0.0885,-0.0912135709176599
33,0.672070089975993,-0.0885,-0.0925050288202374
33.0333333333333,0.672070089975993,-0.0885,-0.0937932182248609
33.0666666666667,0.672070089975993,-0.0885,-0.0950783792468277
33.1,0.672070089975993,-0.0885,-0.0963607345715192
33.1333333333333,0.672070089975993,-0.0885,-0.0976404906912526
33.1666666666667,0.672070089975993,-0.0885,-0.0989178390582512
33.2,0.672070089975993,-0.0885,-0.100192957158876
33.2333333333333,0.672135416666667,-0.0885,-0.101466009514026
33.2666666666667,0.672135416666667,-0.0885,-0.102850203781181
33.3,0.672135416666667,-0.0885,-0.104211564478965
33.3333333333333,0.672135416666667,-0.0885,-0.105553488307302
33.3666666666667,0.672135416666667,-0.0885,-0.10687889281956
33.4,0.672135416666667,-0.0885,-0.108190282265568
33.4333333333333,0.672135416666667,-0.0885,-0.109489804509699
33.4666666666667,0.672135416666667,-0.0885,-0.110779300224898
33.5,0.672135416666667,-0.0885,-0.112060345402591
33.5333333333333,0.672135416666667,-0.0885,-0.113334288078995
33.5666666666667,0.672135416666667,-0.0885,-0.114602280057593
33.6,0.672135416666667,-0.0885,-0.115865304302933
33.6333333333333,0.672135416666667,-0.0885,-0.117124198590282
33.6666666666667,0.672135416666667,-0.0885,-0.118379675917188
33.7,0.672135416666667,-0.09,-0.10463234211501
33.7333333333333,0.672135416666667,-0.09,-0.105882711039617
33.7666666666667,0.672135416666667,-0.09,-0.10713121766943
33.8,0.672135416666667,-0.0915,-0.0933782293948576
33.8333333333333,0.672135416666667,-0.093,-0.0796240557448885
33.8666666666667,0.672135416666667,-0.0945,-0.0658689567635312
33.9,0.672135416666667,-0.0945,-0.067113150220079
33.9333333333333,0.672135416666667,-0.096,-0.0533568178123717
33.9666666666667,0.672135416666667,-0.096,-0.0546001105007218
34,0.672273349761963,-0.096,-0.055843153091564
34.0333333333333,0.672273349761963,-0.0975,-0.042324756877474
34.0666666666667,0.672273349761963,-0.0975,-0.0437618266312606
34.1,0.672273349761963,-0.0975,-0.0451613255643556
34.1333333333333,0.672273349761963,-0.0975,-0.0465292120356325
34.1666666666667,0.672273349761963,-0.0975,-0.0478705792280838
34.2,0.672273349761963,-0.0975,-0.0491897757773613
34.2333333333333,0.67202418645223,-0.0975,-0.0504905099235775
34.2666666666667,0.67202418645223,-0.0975,-0.051344734337751
34.3,0.67202418645223,-0.0975,-0.0522666703364855
34.3333333333333,0.67202418645223,-0.0975,-0.0532461408475042
34.3666666666667,0.67202418645223,-0.0975,-0.0542744113725442
34.4,0.67202418645223,-0.0975,-0.0553439912615929
34.4333333333333,0.67202418645223,-0.0975,-0.0564484619596214
34.4666666666667,0.67202418645223,-0.0975,-0.0575823285940238
34.5,0.671949513753255,-0.0975,-0.0587408917578498
34.5333333333333,0.671949513753255,-0.0975,-0.0597909072784861
34.5666666666667,0.671949513753255,-0.0975,-0.060882253876212
34.6,0.671949513753255,-0.0975,-0.0620082795360911
34.6333333333333,0.671949513753255,-0.0975,-0.0631633042388842
34.6666666666667,0.671949513753255,-0.0975,-0.0643424840215978
34.7,0.671949513753255,-0.0975,-0.0655416936358504
34.7333333333333,0.671949513753255,-0.0975,-0.0667574252891234
34.7666666666667,0.672021770477295,-0.0975,-0.0679867012919187
34.8,0.672021770477295,-0.099,-0.0543520470979317
34.8333333333333,0.672021770477295,-0.099,-0.0557029853448253
34.8666666666667,0.672021770477295,-0.1005,-0.0420413289983114
34.9,0.672021770477295,-0.1005,-0.0433686573483277
34.9333333333333,0.672021770477295,-0.1005,-0.0446863465655742
34.9666666666667,0.672021770477295,-0.1005,-0.0459955962285825
35,0.672021770477295,-0.1005,-0.0472974523552469
35.0333333333333,0.67207867304484,-0.1005,-0.0485928274018027
35.0666666666667,0.67207867304484,-0.1005,-0.0499809939108968
35.1,0.67207867304484,-0.1005,-0.0513458251031179
35.1333333333333,0.67207867304484,-0.1005,-0.0526907727403328
35.1666666666667,0.67207867304484,-0.1005,-0.0540188029785976
35.2,0.67207867304484,-0.1005,-0.0553324630066331
35.2333333333333,0.67207867304484,-0.1005,-0.0566339386582221
35.2666666666667,0.67207867304484,-0.1005,-0.0579251042125097
35.3,0.672008736928304,-0.1005,-0.0592075654335422
35.3333333333333,0.672008736928304,-0.1005,-0.0603616644598402
35.3666666666667,0.672008736928304,-0.1005,-0.0615321565605075
35.4,0.672008736928304,-0.1005,-0.0627165493521895
35.4333333333333,0.672008736928304,-0.1005,-0.0639127056249164
35.4666666666667,0.672008736928304,-0.1005,-0.065118794282096
35.5,0.672008736928304,-0.1005,-0.0663332479488148
35.5333333333333,0.672008736928304,-0.1005,-0.0675547263498798
35.5666666666667,0.672135416666667,-0.1005,-0.0687820846795384
35.6,0.672135416666667,-0.1005,-0.0702335797956076
35.6333333333333,0.672135416666667,-0.1005,-0.0716483039847231
35.6666666666667,0.672135416666667,-0.1005,-0.0730318822492362
35.7,0.672135416666667,-0.1005,-0.0743891357606741
35.7333333333333,0.672135416666667,-0.1005,-0.0757241930494716
35.7666666666667,0.672135416666667,-0.102,-0.0620405860703485
35.8,0.672135416666667,-0.102,-0.0633413331822011
35.8333333333333,0.671989568074544,-0.102,-0.0646290108078701
35.8666666666667,0.671989568074544,-0.102,-0.0656534079427953
35.9,0.671989568074544,-0.102,-0.0667158238988226
35.9333333333333,0.671989568074544,-0.102,-0.0678105566626233
35.9666666666667,0.671989568074544,-0.1035,-0.0539327116582118
36,0.671989568074544,-0.1035,-0.0550780905728696
36.0333333333333,0.671989568074544,-0.1035,-0.0562430952683311
36.0666666666667,0.671989568074544,-0.1035,-0.0574246447463288
36.1,0.671822929382324,-0.1035,-0.0586201034098376
36.1333333333333,0.671822929382324,-0.1035,-0.0595388321359727
36.1666666666667,0.671822929382324,-0.1035,-0.0605210207392173
36.2,0.671822929382324,-0.1035,-0.0615567002820494
36.2333333333333,0.671822929382324,-0.1035,-0.06263734339002
36.2666666666667,0.671822929382324,-0.1035,-0.0637556636676731
36.3,0.671822929382324,-0.1035,-0.064905442483295
36.3333333333333,0.671822929382324,-0.1035,-0.0660813794267862
36.3666666666667,0.671914132436117,-0.1035,-0.067278963241173
36.4,0.671914132436117,-0.1035,-0.0686521975797534
36.4333333333333,0.671914132436117,-0.1035,-0.0700105892935053
36.4666666666667,0.671914132436117,-0.1035,-0.0713559448752911
36.5,0.671914132436117,-0.105,-0.0576898428114218
36.5333333333333,0.671914132436117,-0.105,-0.0590136630240652
36.5666666666667,0.671914132436117,-0.1065,-0.0453286124594383
36.6,0.671914132436117,-0.1065,-0.0466357473303582
36.6333333333333,0.671760431925456,-0.108,-0.0329359924543042
36.6666666666667,0.671760431925456,-0.108,-0.0339641620839026
36.7,0.671760431925456,-0.108,-0.0350365162518597
36.7333333333333,0.671760431925456,-0.108,-0.0361459943833881
36.7666666666667,0.671760431925456,-0.108,-0.0372865644683719
36.8,0.671760431925456,-0.108,-0.0384530794232835
36.8333333333333,0.671760431925456,-0.108,-0.039641153089036
36.8666666666667,0.671760431925456,-0.108,-0.0408470532105604
36.9,0.671925989786784,-0.108,-0.0420676091004732
36.9333333333333,0.671925989786784,-0.108,-0.0435866484601054
36.9666666666667,0.671925989786784,-0.108,-0.045062002700156
37,0.671925989786784,-0.108,-0.046500026789477
37.0333333333333,0.671925989786784,-0.108,-0.0479061888425378
37.0666666666667,0.671925989786784,-0.108,-0.0492851913127101
37.1,0.671925989786784,-0.108,-0.050641075806865
37.1333333333333,0.671925989786784,-0.108,-0.0519773137214723
37.1666666666667,0.671925163269043,-0.108,-0.0532968846058156
37.2,0.671925163269043,-0.108,-0.0546009135210036
37.2333333333333,0.671925163269043,-0.108,-0.0558932872058683
37.2666666666667,0.671925163269043,-0.108,-0.0571758392591944
37.3,0.671925163269043,-0.108,-0.0584501379621552
37.3333333333333,0.671925163269043,-0.108,-0.0597175232071492
37.3666666666667,0.671925163269043,-0.108,-0.060979138387028
37.4,0.671748892466227,-0.108,-0.0622359579252887
37.4333333333333,0.671748892466227,-0.108,-0.0631837546266541
37.4666666666667,0.671748892466227,-0.108,-0.064185119935343
37.5,0.671748892466227,-0.108,-0.0652318393880841
37.5333333333333,0.671748892466227,-0.108,-0.066316873684218
37.5666666666667,0.671748892466227,-0.108,-0.0674341960418927
37.6,0.671748892466227,-0.108,-0.0685786516839913
37.6333333333333,0.671748892466227,-0.108,-0.0697458364700784
37.6666666666667,0.671748892466227,-0.108,-0.0709319920909419
37.7,0.671809577941895,-0.108,-0.0721339155890441
37.7333333333333,0.671809577941895,-0.108,-0.0734539042958178
37.7666666666667,0.671809577941895,-0.108,-0.074765054092996
37.8,0.671809577941895,-0.108,-0.076068434664619
37.8333333333333,0.671809577941895,-0.108,-0.0773649811824371
37.8666666666667,0.671809577941895,-0.1095,-0.0636555116362315
37.9,0.671809577941895,-0.1095,-0.0649407418984936
37.9333333333333,0.671809577941895,-0.1095,-0.0662212988221889
37.9666666666667,0.671859232584635,-0.1095,-0.0674977316307528
38,0.671859232584635,-0.1095,-0.0688564547578875
38.0333333333333,0.671859232584635,-0.111,-0.0551959487802457
38.0666666666667,0.671859232584635,-0.111,-0.0565190667749688
38.1,0.671859232584635,-0.1125,-0.0428282598534772
38.1333333333333,0.671859232584635,-0.1125,-0.0441256323635481
38.1666666666667,0.671859232584635,-0.1125,-0.0454129896113623
38.2,0.671943187713623,-0.1125,-0.0466918791097855
38.2333333333333,0.671943187713623,-0.1125,-0.04810891999856
38.2666666666667,0.671943187713623,-0.1125,-0.0494928849948963
38.3,0.671943187713623,-0.114,-0.0358489403657426
38.3333333333333,0.671943187713623,-0.114,-0.0371815071825132
38.3666666666667,0.671943187713623,-0.114,-0.0384943648813151
38.4,0.671943187713623,-0.114,-0.0397907407020323
38.4333333333333,0.671943187713623,-0.114,-0.041073386912429
38.4666666666667,0.671832625071208,-0.114,-0.0423446474675276
38.5,0.671832625071208,-0.114,-0.0434151744700946
38.5333333333333,0.671832625071208,-0.114,-0.0445136468940771
38.5666666666667,0.671832625071208,-0.114,-0.0456359712381078
38.6,0.671832625071208,-0.114,-0.0467786271887485
38.6333333333333,0.671832625071208,-0.114,-0.0479385891540703
38.6666666666667,0.671832625071208,-0.114,-0.0491132584115782
38.7,0.671832625071208,-0.114,-0.0503004044438915
38.7333333333333,0.67170565923055,-0.114,-0.0514981142266518
38.7666666666667,0.67170565923055,-0.114,-0.0524850197601216
38.8,0.67170565923055,-0.114,-0.0535203804892928
38.8333333333333,0.67170565923055,-0.114,-0.0545966487679438
38.8666666666667,0.67170565923055,-0.114,-0.0557073643194093
38.9,0.67170565923055,-0.114,-0.0568470032153441
38.9333333333333,0.67170565923055,-0.114,-0.0580108474407422
38.9666666666667,0.67170565923055,-0.114,-0.0591948722668317
39,0.67170565923055,-0.114,-0.0603956490264172
39.0333333333333,0.67174965540568,-0.114,-0.0616102612092707
39.0666666666667,0.67174965540568,-0.114,-0.0629123723943879
39.1,0.67174965540568,-0.114,-0.0642095582898645
39.1333333333333,0.67174965540568,-0.114,-0.0655022424219222
39.1666666666667,0.67174965540568,-0.114,-0.0667908092267612
39.2,0.67174965540568,-0.114,-0.0680756079671234
39.2333333333333,0.67174965540568,-0.114,-0.0693569562232038
39.2666666666667,0.67174965540568,-0.114,-0.0706351430074681
39.3,0.671815236409505,-0.114,-0.071910431546857
39.3333333333333,0.671815236409505,-0.114,-0.07329655705882
39.3666666666667,0.671815236409505,-0.114,-0.0746590994921618
39.4,0.671815236409505,-0.114,-0.076001537085944
39.4333333333333,0.671815236409505,-0.114,-0.0773268594319058
39.4666666666667,0.671815236409505,-0.114,-0.0786376344820451
39.5,0.671815236409505,-0.114,-0.0799360664836189
39.5333333333333,0.671815236409505,-0.114,-0.0812240460615488
39.5666666666667,0.671793079376221,-0.114,-0.0825031935047739
39.6,0.671793079376221,-0.114,-0.0837365509384104
39.6333333333333,0.671793079376221,-0.114,-0.0849707938703893
39.6666666666667,0.671793079376221,-0.1155,-0.0712058286933853
39.7,0.671793079376221,-0.1155,-0.0724415724579738
39.7333333333333,0.671793079376221,-0.1155,-0.0736779515874632
39.7666666666667,0.671793079376221,-0.117,-0.0599149007539514
39.8,0.671741930643717,-0.117,-0.0611523618948707
39.8333333333333,0.671741930643717,-0.117,-0.062301764729203
39.8666666666667,0.671741930643717,-0.117,-0.0634680724613527
39.9,0.671741930643717,-0.117,-0.064648687098989
39.9333333333333,0.671741930643717,-0.117,-0.0658413826894487
39.9666666666667,0.671741930643717,-0.117,-0.0670442538033027
40,0.671741930643717,-0.117,-0.0682556710292286
40.0333333333333,0.671741930643717,-0.117,-0.0694742425347326
40.0666666666667,0.67168451944987,-0.117,-0.0706987808741105
40.1,0.67168451944987,-0.117,-0.0718289178198607
40.1333333333333,0.67168451944987,-0.117,-0.072981658815814
40.1666666666667,0.67168451944987,-0.117,-0.0741534027847268
40.2,0.67168451944987,-0.117,-0.0753410725605815
40.2333333333333,0.67168451944987,-0.117,-0.0765420417715117
40.2666666666667,0.67168451944987,-0.117,-0.077754071714826
40.3,0.67168451944987,-0.117,-0.0789752568737241
40.3333333333333,0.671614583333333,-0.1185,-0.0652039779067055
40.3666666666667,0.671614583333333,-0.1185,-0.0663178287981571
40.4,0.671614583333333,-0.1185,-0.0674592265224376
40.4333333333333,0.671614583333333,-0.1185,-0.0686236923751769
40.4666666666667,0.671614583333333,-0.1185,-0.0698074048728763
40.5,0.671614583333333,-0.1185,-0.0710071076468295
40.5333333333333,0.671614583333333,-0.1185,-0.0722200299515209
40.5666666666667,0.671614583333333,-0.1185,-0.0734438180807058
40.6,0.67153361638387,-0.1185,-0.0746764762137907
40.6333333333333,0.67153361638387,-0.1185,-0.0757761930196736
40.6666666666667,0.67153361638387,-0.1185,-0.0769077690041979
40.7,0.67153361638387,-0.1185,-0.0780659556004686
40.7333333333333,0.67153361638387,-0.1185,-0.0792462786365263
40.7666666666667,0.67153361638387,-0.1185,-0.0804449295233751
40.8,0.67153361638387,-0.1185,-0.0816586713656413
40.8333333333333,0.67153361638387,-0.1185,-0.0828847579742918
40.8666666666667,0.67153361638387,-0.1185,-0.0841208640325559
40.9,0.671686712900798,-0.1185,-0.0853650249015027
40.9333333333333,0.671686712900798,-0.1185,-0.0868805354623541
40.9666666666667,0.671686712900798,-0.1185,-0.088351694297361
41,0.671686712900798,-0.1185,-0.08978498885845
41.0333333333333,0.671686712900798,-0.1185,-0.0911859988288351
41.0666666666667,0.671686712900798,-0.1185,-0.0925595203471165
41.1,0.671686712900798,-0.1185,-0.0939096734305249
41.1333333333333,0.671686712900798,-0.1185,-0.0952399948551395
41.1666666666667,0.671614583333333,-0.1185,-0.0965535184485454
41.2,0.671614583333333,-0.1185,-0.0977280161757622
41.2333333333333,0.671614583333333,-0.1185,-0.0989137979571376
41.2666666666667,0.671614583333333,-0.1185,-0.100109162901646
41.3,0.671614583333333,-0.1185,-0.10131265153883
41.3333333333333,0.671614583333333,-0.1185,-0.10252301253856
41.3666666666667,0.671614583333333,-0.1185,-0.103739173949455
41.4,0.671614583333333,-0.1185,-0.104960218347438
41.4333333333333,0.671746635437012,-0.12,-0.0911853613674449
41.4666666666667,0.671746635437012,-0.12,-0.0926424641496135
41.5,0.671746635437012,-0.12,-0.0940598501532303
41.5333333333333,0.671746635437012,-0.12,-0.0954436341359016
41.5666666666667,0.671746635437012,-0.12,-0.0967990544956152
41.6,0.671746635437012,-0.12,-0.0981305946697297
41.6333333333333,0.671746635437012,-0.12,-0.0994420880082172
41.6666666666667,0.671746635437012,-0.12,-0.100736808349875
41.7,0.671484375,-0.1215,-0.0870175482311786
41.7333333333333,0.671484375,-0.1215,-0.0878328152747654
41.7666666666667,0.671484375,-0.1215,-0.0887230578093179
41.8,0.671484375,-0.1215,-0.0896768831415798
41.8333333333333,0.671484375,-0.1215,-0.0906845216528612
41.8666666666667,0.671484375,-0.1215,-0.0917376026337574
41.9,0.671484375,-0.1215,-0.0928289605856197
41.9333333333333,0.671484375,-0.1215,-0.0939524678834613
41.9666666666667,0.671614583333333,-0.1215,-0.0951028902455647
42,0.671614583333333,-0.1215,-0.0965011020680509
42.0333333333333,0.671614583333333,-0.1215,-0.0978759785059055
42.0666666666667,0.671614583333333,-0.1215,-0.0992307916853366
42.1,0.671614583333333,-0.1215,-0.100568365468087
42.1333333333333,0.671614583333333,-0.1215,-0.101891136113039
42.1666666666667,0.671614583333333,-0.1215,-0.103201204783043
42.2,0.671696345011393,-0.1215,-0.104500382989236
42.2333333333333,0.671696345011393,-0.1215,-0.105931729680325
42.2666666666667,0.671696345011393,-0.1215,-0.107328731644418
42.3,0.671696345011393,-0.1215,-0.108696634273157
42.3333333333333,0.671696345011393,-0.1215,-0.110039933924864
42.3666666666667,0.671696345011393,-0.1215,-0.111362481496178
42.4,0.671696345011393,-0.1215,-0.112667571908312
42.4333333333333,0.671696345011393,-0.1215,-0.113958021406559
42.4666666666667,0.671675713857015,-0.1215,-0.11523623431695
42.5,0.671675713857015,-0.123,-0.101468556155012
42.5333333333333,0.671675713857015,-0.123,-0.102699088541134
42.5666666666667,0.671675713857015,-0.1245,-0.0889282840132299
42.6,0.671675713857015,-0.1245,-0.0901565188243575
42.6333333333333,0.671675713857015,-0.1245,-0.0913841043026106
42.6666666666667,0.671675713857015,-0.126,-0.0776112966077699
42.7,0.671675713857015,-0.126,-0.0788383051050781
42.7333333333333,0.671675713857015,-0.126,-0.0800652995466339
42.7666666666667,0.671614583333333,-0.126,-0.0812924162250458
42.8,0.671614583333333,-0.126,-0.08241397000879
42.8333333333333,0.671614583333333,-0.126,-0.0835555473120436
42.8666666666667,0.671614583333333,-0.126,-0.0847141567415866
42.9,0.671614583333333,-0.126,-0.0858872297265789
42.9333333333333,0.671614583333333,-0.126,-0.0870725623556259
42.9666666666667,0.671614583333333,-0.126,-0.0882682651020733
43,0.671614583333333,-0.126,-0.0894727193758332
43.0333333333333,0.671603806813558,-0.126,-0.0906845399823558
43.0666666666667,0.671603806813558,-0.126,-0.091883892715546
43.1,0.671603806813558,-0.126,-0.093091890680892
43.1333333333333,0.671603806813558,-0.126,-0.0943071326519954
43.1666666666667,0.671603806813558,-0.126,-0.0955284227568856
43.2,0.671603806813558,-0.126,-0.0967547417167147
43.2333333333333,0.671603806813558,-0.126,-0.0979852220222036
43.2666666666667,0.671603806813558,-0.126,-0.0992191265151388
43.3,0.671539243062337,-0.126,-0.100455829913812
43.3333333333333,0.671539243062337,-0.126,-0.101583068064869
43.3666666666667,0.671539243062337,-0.126,-0.102732944322691
43.4,0.671539243062337,-0.126,-0.103901854353154
43.4333333333333,0.671539243062337,-0.126,-0.105086718071909
43.4666666666667,0.671539243062337,-0.126,-0.106284906489297
43.5,0.671539243062337,-0.126,-0.107494178551906
43.5333333333333,0.671539243062337,-0.126,-0.108712626629786
43.5666666666667,0.671675713857015,-0.126,-0.109938629479834
43.6,0.671675713857015,-0.126,-0.111406989701389
43.6333333333333,0.671675713857015,-0.126,-0.112836365845852
43.6666666666667,0.671675713857015,-0.126,-0.114232596289849
43.7,0.671675713857015,-0.126,-0.115600693219764
43.7333333333333,0.671675713857015,-0.126,-0.116944956348767
43.7666666666667,0.671675713857015,-0.126,-0.118269071206349
43.8,0.671545124053955,-0.126,-0.11957619407714
43.8333333333333,0.671545124053955,-0.1275,-0.10564302507515
43.8666666666667,0.671545124053955,-0.1275,-0.106739975233036
43.9,0.671545124053955,-0.1275,-0.107862486480735
43.9333333333333,0.671545124053955,-0.129,-0.0940066489027208
43.9666666666667,0.671545124053955,-0.1305,-0.0801691113052849
44,0.671545124053955,-0.1305,-0.0813470039326769
44.0333333333333,0.671545124053955,-0.1305,-0.0825378716955411
44.0666666666667,0.671614583333333,-0.1305,-0.0837396164945192
44.1,0.671614583333333,-0.132,-0.070070654491407
44.1333333333333,0.671614583333333,-0.132,-0.0713868578730353
44.1666666666667,0.671614583333333,-0.132,-0.0726903992986028
44.2,0.671614583333333,-0.132,-0.0739831472265506
44.2333333333333,0.671614583333333,-0.132,-0.0752667075563906
44.2666666666667,0.671614583333333,-0.132,-0.0765424596376582
44.3,0.671614583333333,-0.132,-0.0778115874030572
44.3333333333333,0.671653302510579,-0.132,-0.0790751062814624
44.3666666666667,0.671653302510579,-0.132,-0.0804008943408671
44.4,0.671653302510579,-0.132,-0.08171020549853
44.4333333333333,0.671653302510579,-0.132,-0.083005612627583
44.4666666666667,0.671653302510579,-0.132,-0.0842893175295317
44.5,0.671653302510579,-0.132,-0.085563202499101
44.5333333333333,0.671653302510579,-0.132,-0.0868288748580887
44.5666666666667,0.671653302510579,-0.132,-0.0880877054072976
44.6,0.671482594807943,-0.132,-0.0893408616182123
44.6333333333333,0.671482594807943,-0.132,-0.0902939074352357
44.6666666666667,0.671482594807943,-0.132,-0.0912981514656178
44.7,0.671482594807943,-0.132,-0.0923457740107841
44.7333333333333,0.671482594807943,-0.132,-0.0934300720326217
44.7666666666667,0.671482594807943,-0.132,-0.0945453047472486
44.8,0.671482594807943,-0.132,-0.0956865602175838
44.8333333333333,0.671482594807943,-0.132,-0.0968496401142149
44.8666666666667,0.671463203430176,-0.132,-0.0980309601937587
44.9,0.671463203430176,-0.132,-0.0991939054169752
44.9333333333333,0.671463203430176,-0.132,-0.100375684519224
44.9666666666667,0.671463203430176,-0.132,-0.101573116009376
45,0.671463203430176,-0.132,-0.102783492556871
45.0333333333333,0.671463203430176,-0.132,-0.104004514046383
45.0666666666667,0.671463203430176,-0.132,-0.105234229836088
45.1,0.671463203430176,-0.132,-0.106470988971713
45.1333333333333,0.671406237284342,-0.132,-0.107713397276436
45.1666666666667,0.671406237284342,-0.132,-0.108861694072625
45.2,0.671406237284342,-0.132,-0.11003184542538
45.2333333333333,0.671406237284342,-0.132,-0.111220177718209
45.2666666666667,0.671406237284342,-0.132,-0.112423563773029
45.3,0.671406237284342,-0.132,-0.113639345771294
45.3333333333333,0.671406237284342,-0.132,-0.11486526876687
45.3666666666667,0.67143341700236,-0.1335,-0.101099423354994
45.4,0.67143341700236,-0.1335,-0.102387233807606
45.4333333333333,0.67143341700236,-0.1335,-0.103671539967993
45.4666666666667,0.67143341700236,-0.1335,-0.104952557713259
45.5,0.67143341700236,-0.1335,-0.106230492872298
45.5333333333333,0.67143341700236,-0.135,-0.0925055411691061
45.5666666666667,0.67143341700236,-0.135,-0.093777888277729
45.6,0.67143341700236,-0.135,-0.0950477099662134
45.6333333333333,0.671354166666667,-0.1365,-0.0813151723105149
45.6666666666667,0.671354166666667,-0.1365,-0.0824432803610203
45.7,0.671354166666667,-0.1365,-0.0835948839327716
45.7333333333333,0.671354166666667,-0.1365,-0.0847661599854624
45.7666666666667,0.671354166666667,-0.1365,-0.0859538466697252
45.8,0.671354166666667,-0.1365,-0.087155164666653
45.8333333333333,0.671354166666667,-0.1365,-0.0883677493012247
45.8666666666667,0.671354166666667,-0.1365,-0.089589591971817
45.9,0.671253522237142,-0.1365,-0.0908189896339384
45.9333333333333,0.671253522237142,-0.1365,-0.091880324763918
45.9666666666667,0.671253522237142,-0.1365,-0.0929790055011565
46,0.671253522237142,-0.1365,-0.0941089760875727
46.0333333333333,0.671253522237142,-0.1365,-0.0952650684254247
46.0666666666667,0.671253522237142,-0.1365,-0.0964428777429105
46.1,0.671253522237142,-0.1365,-0.0976386552833888
46.1333333333333,0.671253522237142,-0.1365,-0.0988492157151799
46.1666666666667,0.671418857574463,-0.1365,-0.100071857268466
46.2,0.671418857574463,-0.1365,-0.101590424233162
46.2333333333333,0.671418857574463,-0.1365,-0.103063548644766
46.2666666666667,0.671418857574463,-0.1365,-0.104497868261178
46.3,0.671418857574463,-0.1365,-0.105899092668369
46.3333333333333,0.671418857574463,-0.1365,-0.107272130251926
46.3666666666667,0.671418857574463,-0.1365,-0.108621197999395
46.4,0.671418857574463,-0.1365,-0.10994991644053
46.4333333333333,0.671418857574463,-0.138,-0.0962613917235738
46.4666666666667,0.671354166666667,-0.138,-0.0975582865580826
46.5,0.671354166666667,-0.138,-0.0987309266457373
46.5333333333333,0.671354166666667,-0.138,-0.0999140749329147
46.5666666666667,0.671354166666667,-0.138,-0.101106165477068
46.6,0.671354166666667,-0.138,-0.102305853415132
46.6333333333333,0.671354166666667,-0.138,-0.103511984570423
46.6666666666667,0.671354166666667,-0.138,-0.104723569180228
46.7,0.671354166666667,-0.138,-0.105939759189543
46.7333333333333,0.671463203430176,-0.138,-0.107159828630787
46.7666666666667,0.671463203430176,-0.138,-0.10857185703173
46.8,0.671463203430176,-0.138,-0.109951459740453
46.8333333333333,0.671463203430176,-0.138,-0.111303635129666
46.8666666666667,0.671463203430176,-0.138,-0.112632664814798
46.9,0.671463203430176,-0.138,-0.113942212971343
46.9333333333333,0.671463203430176,-0.138,-0.115235412130402
46.9666666666667,0.671463203430176,-0.138,-0.116514937276168
47,0.671354166666667,-0.138,-0.117783069824368
47.0333333333333,0.671354166666667,-0.138,-0.118853052490642
47.0666666666667,0.671354166666667,-0.138,-0.119950391983429
47.1,0.671354166666667,-0.138,-0.121071040271732
47.1333333333333,0.671354166666667,-0.138,-0.122211518910108
47.1666666666667,0.671354166666667,-0.138,-0.123368840869181
47.2,0.671354166666667,-0.138,-0.124540442954581
47.2333333333333,0.671354166666667,-0.138,-0.125724127390149
47.2666666666667,0.67148494720459,-0.138,-0.126918011332074
47.3,0.67148494720459,-0.138,-0.12834681364624
47.3333333333333,0.67148494720459,-0.138,-0.129740661767331
47.3666666666667,0.67148494720459,-0.138,-0.131104916704043
47.4,0.67148494720459,-0.1395,-0.117444172455483
47.4333333333333,0.67148494720459,-0.1395,-0.118762362170496
47.4666666666667,0.67148494720459,-0.1395,-0.120062849862375
47.5,0.67148494720459,-0.141,-0.106348509626518
47.5333333333333,0.671210289001465,-0.141,-0.107621794047295
47.5666666666667,0.671210289001465,-0.1425,-0.0934094664046264
47.6,0.671210289001465,-0.144,-0.0792771832764463
47.6333333333333,0.671210289001465,-0.1455,-0.0652127253752383
47.6666666666667,0.671210289001465,-0.1455,-0.0662056179349566
47.7,0.671210289001465,-0.147,-0.0522468895154682
47.7333333333333,0.671210289001465,-0.1485,-0.0383288636068621
47.7666666666667,0.671210289001465,-0.1485,-0.0394449786125736
47.8,0.67154655456543,-0.1485,-0.0405896323833069
47.8333333333333,0.67154655456543,-0.1485,-0.0423399932899607
47.8666666666667,0.67154655456543,-0.1485,-0.0440016348683794
47.9,0.67154655456543,-0.1485,-0.0455879091493575
47.9333333333333,0.67154655456543,-0.1485,-0.0471102743910745
47.9666666666667,0.67154655456543,-0.1485,-0.0485785560420365
48,0.67154655456543,-0.1485,-0.0500011722783941
48.0333333333333,0.67154655456543,-0.1485,-0.0513853288860544
48.0666666666667,0.671276760101318,-0.1485,-0.0527371876184382
48.1,0.671276760101318,-0.1485,-0.0535951020035258
48.1333333333333,0.671276760101318,-0.1485,-0.0545174547058239
48.1666666666667,0.671276760101318,-0.1485,-0.0554945838428408
48.2,0.671276760101318,-0.1485,-0.0565181955441393
48.2333333333333,0.671276760101318,-0.1485,-0.0575811756046932
48.2666666666667,0.671276760101318,-0.1485,-0.0586774266942428
48.3,0.671276760101318,-0.1485,-0.0598017276821611
48.3333333333333,0.671164957682292,-0.1485,-0.060949612098527
48.3666666666667,0.671164957682292,-0.1485,-0.0619237765162473
48.4,0.671164957682292,-0.1485,-0.062950495418404
48.4333333333333,0.671164957682292,-0.15,-0.0490214026711699
48.4666666666667,0.671164957682292,-0.15,-0.050129348909361
48.5,0.671164957682292,-0.15,-0.0512682317513438
48.5333333333333,0.671164957682292,-0.15,-0.0524328492146436
48.5666666666667,0.671163209279378,-0.15,-0.0536187731968915
48.6,0.671163209279378,-0.15,-0.0548192145004153
48.6333333333333,0.671163209279378,-0.15,-0.0560345697817874
48.6666666666667,0.671163209279378,-0.15,-0.0572620481406289
48.7,0.671163209279378,-0.1515,-0.0434992906017403
48.7333333333333,0.671163209279378,-0.1515,-0.0447443080674662
48.7666666666667,0.671163209279378,-0.1515,-0.0459954278753291
48.8,0.671163209279378,-0.1515,-0.047251247788799
48.8333333333333,0.671023718516032,-0.1515,-0.0485105964071914
48.8666666666667,0.671023718516032,-0.1515,-0.0495310946945104
48.9,0.671023718516032,-0.1515,-0.0505983124564077
48.9333333333333,0.671023718516032,-0.1515,-0.0517046117149575
48.9666666666667,0.671023718516032,-0.1515,-0.052843477888681
49,0.671023718516032,-0.1515,-0.0540093621801602
49.0333333333333,0.671023718516032,-0.1515,-0.0551975455619702
49.0666666666667,0.671023718516032,-0.1515,-0.0564040214376652
49.1,0.671023718516032,-0.1515,-0.0576253944475857
49.1333333333333,0.671019585927327,-0.1515,-0.0588587932295942
49.1666666666667,0.671019585927327,-0.1515,-0.0600946433310096
49.2,0.671019585927327,-0.1515,-0.0613393905408074
49.2333333333333,0.671019585927327,-0.1515,-0.062591118081653
49.2666666666667,0.671019585927327,-0.1515,-0.0638482191944956
49.3,0.671019585927327,-0.1515,-0.0651093517444867
49.3333333333333,0.671019585927327,-0.1515,-0.0663733991819274
49.3666666666667,0.671019585927327,-0.1515,-0.0676394369883684
49.4,0.671275361378988,-0.1515,-0.0689067038556399
49.4333333333333,0.671275361378988,-0.1515,-0.0706172250760292
49.4666666666667,0.671275361378988,-0.1515,-0.07224538374069
49.5,0.671275361378988,-0.1515,-0.0738035597924724
49.5333333333333,0.671275361378988,-0.1515,-0.0753023782943804
49.5666666666667,0.671275361378988,-0.1515,-0.0767509511817105
49.6,0.671275361378988,-0.1515,-0.0781570862015699
49.6333333333333,0.671275361378988,-0.1515,-0.0795274674579391
49.6666666666667,0.67109375,-0.1515,-0.0808678113881592
49.7,0.67109375,-0.1515,-0.0818687026073103
49.7333333333333,0.67109375,-0.1515,-0.0829071592253269
49.7666666666667,0.67109375,-0.1515,-0.0839776530135292
49.8,0.67109375,-0.1515,-0.0850754315622959
49.8333333333333,0.67109375,-0.1515,-0.0861964119523648
49.8666666666667,0.67109375,-0.153,-0.0723370888184113
49.9,0.67109375,-0.153,-0.0734944548699065
49.9333333333333,0.67109375,-0.153,-0.0746659321934426
49.9666666666667,0.67109375,-0.1545,-0.0608493128852602
50,0.67109375,-0.1545,-0.06204270775725
50.0333333333333,0.67109375,-0.1545,-0.0632445020281924
50.0666666666667,0.67109375,-0.1545,-0.0644533170579939
50.1,0.67109375,-0.1545,-0.0656679773091082
50.1333333333333,0.67109375,-0.1545,-0.0668874818288606
50.1666666666667,0.67109375,-0.1545,-0.0681109796412649
50.2,0.671126937866211,-0.1545,-0.0693377485190752
50.2333333333333,0.671126937866211,-0.1545,-0.0706246120056381
50.2666666666667,0.671126937866211,-0.1545,-0.0719029177290934
50.3,0.671126937866211,-0.1545,-0.0731738887259334
50.3333333333333,0.671126937866211,-0.1545,-0.0744385788490945
50.3666666666667,0.671126937866211,-0.1545,-0.075697895781327
50.4,0.671126937866211,-0.1545,-0.0769526209461607
50.4333333333333,0.671126937866211,-0.1545,-0.0782034267326517
50.4666666666667,0.67109375,-0.1545,-0.0794508913944114
50.5,0.67109375,-0.1545,-0.0806380766075401
50.5333333333333,0.67109375,-0.1545,-0.0818335445189092
50.5666666666667,0.67109375,-0.1545,-0.0830360024589638
50.6,0.67109375,-0.156,-0.0692443441498725
50.6333333333333,0.67109375,-0.156,-0.0704576238071322
50.6666666666667,0.67109375,-0.156,-0.0716750337722691
50.7,0.671035321553548,-0.156,-0.0728958852000097
50.7333333333333,0.671035321553548,-0.1575,-0.0590184744024028
50.7666666666667,0.671035321553548,-0.1575,-0.0601622570205357
50.8,0.671035321553548,-0.1575,-0.0613238885590175
50.8333333333333,0.671035321553548,-0.1575,-0.0625005091172842
50.8666666666667,0.671035321553548,-0.1575,-0.063689675895254
50.9,0.671035321553548,-0.1575,-0.0648893049130131
50.9333333333333,0.671035321553548,-0.1575,-0.066097620699995
50.9666666666667,0.671035321553548,-0.1575,-0.0673131128762294
51,0.670964527130127,-0.1575,-0.0685344986930114
51.0333333333333,0.670964527130127,-0.1575,-0.069638173029668
51.0666666666667,0.670964527130127,-0.1575,-0.070768558080018
51.1,0.670964527130127,-0.1575,-0.0719213382753739
51.1333333333333,0.670964527130127,-0.1575,-0.0730928296664987
51.1666666666667,0.670964527130127,-0.1575,-0.0742798915180096
51.2,0.670964527130127,-0.1575,-0.0754798500024773
51.2333333333333,0.670964527130127,-0.1575,-0.0766904323576464
51.2666666666667,0.671129735310872,-0.1575,-0.0779097100901571
51.3,0.671129735310872,-0.1575,-0.0794219613001851
51.3333333333333,0.671129735310872,-0.1575,-0.0808866306755607
51.3666666666667,0.671129735310872,-0.1575,-0.0823108137048018
51.4,0.671129735310872,-0.1575,-0.0837006038168744
51.4333333333333,0.671129735310872,-0.1575,-0.0850612301627141
51.4666666666667,0.671129735310872,-0.1575,-0.0863971767147909
51.5,0.671129735310872,-0.1575,-0.0877122851988435
51.5333333333333,0.670887279510498,-0.1575,-0.0890098440349438
51.5666666666667,0.670887279510498,-0.159,-0.0748730681962043
51.6,0.670887279510498,-0.159,-0.0758021253825411
51.6333333333333,0.670887279510498,-0.159,-0.0767869440394256
51.6666666666667,0.670887279510498,-0.159,-0.0778188919217546
51.7,0.670887279510498,-0.159,-0.0788905769980514
51.7333333333333,0.670887279510498,-0.159,-0.0799956754365236
51.7666666666667,0.670887279510498,-0.159,-0.0811287830221338
51.8,0.67109375,-0.159,-0.0822852868435939
51.8333333333333,0.67109375,-0.159,-0.0838185748707615
51.8666666666667,0.67109375,-0.159,-0.0853014122181725
51.9,0.67109375,-0.159,-0.0867412754634447
51.9333333333333,0.67109375,-0.159,-0.0881445884188717
51.9666666666667,0.67109375,-0.159,-0.0895168666658036
52,0.67109375,-0.159,-0.0908628425072847
52.0333333333333,0.67109375,-0.159,-0.0921865729729879
52.0666666666667,0.671013069152832,-0.159,-0.0934915331575664
52.1,0.671013069152832,-0.159,-0.0946410696057412
52.1333333333333,0.671013069152832,-0.159,-0.0958033636460018
52.1666666666667,0.671013069152832,-0.159,-0.0969765526975516
52.2,0.671013069152832,-0.159,-0.0981590345663066
52.2333333333333,0.671013069152832,-0.159,-0.0993494318290636
52.2666666666667,0.671013069152832,-0.1605,-0.0855465610333511
52.3,0.671013069152832,-0.1605,-0.0867494060658808
52.3333333333333,0.671029376983643,-0.162,-0.0729570951291775
52.3666666666667,0.671029376983643,-0.165,-0.0441971033727059
52.4,0.671029376983643,-0.165,-0.0454353103790717
52.4333333333333,0.671029376983643,-0.165,-0.0466719835846202
52.4666666666667,0.671029376983643,-0.165,-0.0479073527348287
52.5,0.671029376983643,-0.165,-0.0491416150612614
52.5333333333333,0.671029376983643,-0.165,-0.050374939756975
52.5666666666667,0.671029376983643,-0.165,-0.0516074718447482
52.6,0.670999018351237,-0.165,-0.0528393355198795
52.6333333333333,0.670999018351237,-0.165,-0.0540180980173441
52.6666666666667,0.670999018351237,-0.165,-0.0552061769340903
52.7,0.670999018351237,-0.165,-0.056402132134834
52.7333333333333,0.670999018351237,-0.165,-0.0576047302563562
52.7666666666667,0.670999018351237,-0.165,-0.0588129160381937
52.8,0.670999018351237,-0.165,-0.0600257875578719
52.8333333333333,0.670999018351237,-0.165,-0.0612425748439638
52.8666666666667,0.671029186248779,-0.165,-0.0624626214109444
52.9,0.671029186248779,-0.165,-0.0637375772539234
52.9333333333333,0.671029186248779,-0.165,-0.0650050320262588
52.9666666666667,0.671029186248779,-0.165,-0.066266090637758
53,0.671029186248779,-0.165,-0.067521702868045
53.0333333333333,0.671029186248779,-0.165,-0.068772684632625
53.0666666666667,0.671029186248779,-0.165,-0.0700197363700897
53.1,0.671029186248779,-0.165,-0.071263458937546
53.1333333333333,0.670833333333333,-0.165,-0.0725043673494999
53.1666666666667,0.670833333333333,-0.165,-0.0734039571968284
53.2,0.670833333333333,-0.165,-0.0743646951583918
53.2333333333333,0.670833333333333,-0.165,-0.0753771128438008
53.2666666666667,0.670833333333333,-0.165,-0.076433102352024
53.3,0.670833333333333,-0.165,-0.0775257275655378
53.3333333333333,0.670833333333333,-0.165,-0.0786490611499088
53.3666666666667,0.670833333333333,-0.165,-0.0797980437908186
53.4,0.670788478851318,-0.165,-0.0809683626659724
53.4333333333333,0.670788478851318,-0.165,-0.0820787208366555
53.4666666666667,0.670788478851318,-0.165,-0.083218085181832
53.5,0.670788478851318,-0.165,-0.0843815662748737
53.5333333333333,0.670788478851318,-0.1665,-0.0705650027833668
53.5666666666667,0.670788478851318,-0.1665,-0.071764858712457
53.6,0.670788478851318,-0.1665,-0.0729781347722541
53.6333333333333,0.670788478851318,-0.1665,-0.0742022919545407
53.6666666666667,0.670788478851318,-0.1665,-0.0754351856616967
53.7,0.670903714497884,-0.1665,-0.0766750089538554
53.7333333333333,0.670903714497884,-0.1665,-0.0781196718945246
53.7666666666667,0.670903714497884,-0.1665,-0.0795313223066679
53.8,0.670903714497884,-0.1665,-0.0809146599970753
53.8333333333333,0.670903714497884,-0.1665,-0.0822737359098613
53.8666666666667,0.670903714497884,-0.1665,-0.0836120402978033
53.9,0.670903714497884,-0.168,-0.0699325790140429
53.9333333333333,0.670903714497884,-0.168,-0.0712379395173121
53.9666666666667,0.670856126149495,-0.168,-0.0725303479707218
54,0.670856126149495,-0.168,-0.0737293616510915
54.0333333333333,0.670856126149495,-0.168,-0.0749343253017501
54.0666666666667,0.670856126149495,-0.1695,-0.0611442727337211
54.1,0.670856126149495,-0.1695,-0.0623583794674196
54.1333333333333,0.670856126149495,-0.1695,-0.0635759428777358
54.1666666666667,0.670856126149495,-0.1695,-0.0647963650580172
54.2,0.670955562591553,-0.171,-0.0510191380351022
54.2333333333333,0.670955562591553,-0.171,-0.0524159169411956
54.2666666666667,0.670955562591553,-0.171,-0.0537821924735571
54.3,0.670955562591553,-0.171,-0.0551226276563438
54.3333333333333,0.670955562591553,-0.171,-0.0564412193608235
54.3666666666667,0.670955562591553,-0.171,-0.0577413904363588
54.4,0.670955562591553,-0.171,-0.0590260693105019
54.4333333333333,0.670955562591553,-0.171,-0.0602977587473771
54.4666666666667,0.670955562591553,-0.171,-0.0615585952269376
54.5,0.670833333333333,-0.171,-0.0628104002113949
54.5333333333333,0.670833333333333,-0.171,-0.063843192944151
54.5666666666667,0.670833333333333,-0.171,-0.064909230267621
54.6,0.670833333333333,-0.171,-0.0660035202861456
54.6333333333333,0.670833333333333,-0.171,-0.0671217783766909
54.6666666666667,0.670833333333333,-0.171,-0.0682603297786971
54.7,0.670833333333333,-0.171,-0.0694160254035453
54.7333333333333,0.670833333333333,-0.171,-0.0705861690837559
54.7666666666667,0.670711104075114,-0.171,-0.0717684547206482
54.8,0.670711104075114,-0.171,-0.0727493805449261
54.8333333333333,0.670711104075114,-0.171,-0.0737782038719989
54.8666666666667,0.670711104075114,-0.171,-0.0748473813563305
54.9,0.670711104075114,-0.171,-0.0759504616703602
54.9333333333333,0.670711104075114,-0.171,-0.0770819334742617
54.9666666666667,0.670711104075114,-0.171,-0.0782370941355048
55,0.670680904388428,-0.171,-0.079411936395869
55.0333333333333,0.670680904388428,-0.171,-0.0805507866122948
55.0666666666667,0.670680904388428,-0.171,-0.0817127487290689
55.1,0.670680904388428,-0.171,-0.0828938568981188
55.1333333333333,0.670680904388428,-0.171,-0.084090739960066
55.1666666666667,0.670680904388428,-0.171,-0.085300537239836
55.2,0.670680904388428,-0.171,-0.086520825935682
55.2333333333333,0.670680904388428,-0.171,-0.0877495585285426
55.2666666666667,0.670884132385254,-0.171,-0.088985008850426
55.3,0.670884132385254,-0.171,-0.0905774344937291
55.3333333333333,0.670884132385254,-0.171,-0.092108388589891
55.3666666666667,0.670884132385254,-0.171,-0.0935870148460577
55.4,0.670884132385254,-0.171,-0.0950211671858786
55.4333333333333,0.670884132385254,-0.171,-0.0964175869845318
55.4666666666667,0.670884132385254,-0.1725,-0.0827820562800671
55.5,0.670884132385254,-0.1725,-0.0841195301934664
55.5333333333333,0.670884132385254,-0.1725,-0.0854342513566542
55.5666666666667,0.670833333333333,-0.1725,-0.0867298487724505
55.6,0.670833333333333,-0.1725,-0.0879215097440997
55.6333333333333,0.670833333333333,-0.1725,-0.0891161718492395
55.6666666666667,0.670833333333333,-0.1725,-0.0903135510221303
55.7,0.670833333333333,-0.1725,-0.0915133924199707
55.7333333333333,0.670833333333333,-0.1725,-0.0927154671714234
55.7666666666667,0.670833333333333,-0.1725,-0.0939195695106035
55.8,0.670966625213623,-0.1725,-0.0951255142487145
55.8333333333333,0.670966625213623,-0.1725,-0.0965638111018033
55.8666666666667,0.670966625213623,-0.1725,-0.0979606591138976
55.9,0.670966625213623,-0.1725,-0.0993225858257335
55.9333333333333,0.670966625213623,-0.1725,-0.100655173827013
55.9666666666667,0.670966625213623,-0.1725,-0.101963192311151
56,0.670966625213623,-0.1725,-0.103250710674864
56.0333333333333,0.670966625213623,-0.1725,-0.104521196587544
56.0666666666667,0.670767180124919,-0.1725,-0.105777600629682
56.1,0.670767180124919,-0.1725,-0.106677267204913
56.1333333333333,0.670767180124919,-0.1725,-0.10763178588835
56.1666666666667,0.670767180124919,-0.174,-0.0936329848934617
56.2,0.670767180124919,-0.174,-0.0946738459696261
56.2333333333333,0.670767180124919,-0.174,-0.0957483458297217
56.2666666666667,0.670767180124919,-0.174,-0.0968513190760592
56.3,0.670767180124919,-0.174,-0.0979783397317319
56.3333333333333,0.670833333333333,-0.174,-0.0991256188721396
56.3666666666667,0.670833333333333,-0.174,-0.100404401739841
56.4,0.670833333333333,-0.174,-0.101676106598957
56.4333333333333,0.670833333333333,-0.174,-0.102941678699888
56.4666666666667,0.670833333333333,-0.174,-0.104201937146658
56.5,0.670833333333333,-0.174,-0.105457591724854
56.5333333333333,0.670833333333333,-0.174,-0.106709257485208
56.5666666666667,0.670833333333333,-0.174,-0.107957467382128
56.6,0.670833333333333,-0.174,-0.10920268322655
56.6333333333333,0.670909627278646,-0.174,-0.110445305177908
56.6666666666667,0.670909627278646,-0.174,-0.111817715206024
56.7,0.670909627278646,-0.174,-0.113163580988333
56.7333333333333,0.670909627278646,-0.174,-0.114486976848755
56.7666666666667,0.670909627278646,-0.174,-0.115791393984682
56.8,0.670909627278646,-0.174,-0.117079821189909
56.8333333333333,0.670909627278646,-0.174,-0.118354814592935
56.8666666666667,0.670909627278646,-0.174,-0.119618557891767
56.9,0.670833333333333,-0.174,-0.120872914367637
56.9333333333333,0.670833333333333,-0.1755,-0.106987436551961
56.9666666666667,0.670833333333333,-0.1755,-0.10812010821115
57,0.670833333333333,-0.1755,-0.109268263021344
57.0333333333333,0.670833333333333,-0.1755,-0.110429608533648
57.0666666666667,0.670833333333333,-0.177,-0.096602174955277
57.1,0.670833333333333,-0.1785,-0.0827842708619211
57.1333333333333,0.670833333333333,-0.1785,-0.0839744449095409
57.1666666666667,0.670833333333333,-0.1785,-0.0851714527386516
57.2,0.670833333333333,-0.18,-0.0713742283722341
57.2333333333333,0.670833333333333,-0.18,-0.0725818595021083
57.2666666666667,0.670833333333333,-0.1815,-0.0587935661397204
57.3,0.670833333333333,-0.1815,-0.060008682177595
57.3333333333333,0.670833333333333,-0.1815,-0.0612266394685843
57.3666666666667,0.670833333333333,-0.1815,-0.0624469540827896
57.4,0.670833333333333,-0.1815,-0.0636692144477033
57.4333333333333,0.670642375946045,-0.1815,-0.064893071116689
57.4666666666667,0.670642375946045,-0.1815,-0.0657877547524896
57.5,0.670642375946045,-0.1815,-0.0667450536499969
57.5333333333333,0.670642375946045,-0.1815,-0.0677552103600748
57.5666666666667,0.670642375946045,-0.1815,-0.0688098734286505
57.6,0.670642375946045,-0.1815,-0.0699019021043285
57.6333333333333,0.670642375946045,-0.1815,-0.0710251976683379
57.6666666666667,0.670642375946045,-0.1815,-0.0721745577936803
57.7,0.670611254374186,-0.1815,-0.0733455508226821
57.7333333333333,0.670611254374186,-0.1815,-0.0744805478965882
57.7666666666667,0.670611254374186,-0.1815,-0.0756402412125295
57.8,0.670611254374186,-0.1815,-0.0768203619007771
57.8333333333333,0.670611254374186,-0.1815,-0.0780172830237691
57.8666666666667,0.670611254374186,-0.1815,-0.0792279285627245
57.9,0.670611254374186,-0.1815,-0.0804496949435413
57.9333333333333,0.670611254374186,-0.1815,-0.0816803833999435
57.9666666666667,0.670785586039225,-0.1815,-0.0829181417010394
58,0.670785586039225,-0.1815,-0.0844631144830849
58.0333333333333,0.670785586039225,-0.1815,-0.0859560931706016
58.0666666666667,0.670785586039225,-0.1815,-0.0874047060441549
58.1,0.670785586039225,-0.1815,-0.0888155124232373
58.1333333333333,0.670785586039225,-0.1815,-0.0901941490596039
58.1666666666667,0.670785586039225,-0.183,-0.0765454567234025
58.2,0.670785586039225,-0.183,-0.0778735896445301
58.2333333333333,0.670577271779378,-0.183,-0.0791821101150628
58.2666666666667,0.670577271779378,-0.183,-0.0801135590407911
58.3,0.670577271779378,-0.183,-0.0810982217038622
58.3333333333333,0.670577271779378,-0.183,-0.0821279183663429
58.3666666666667,0.670577271779378,-0.183,-0.0831956407613207
58.4,0.670577271779378,-0.183,-0.0842953898713603
58.4333333333333,0.670577271779378,-0.183,-0.0854220357856095
58.4666666666667,0.670577271779378,-0.183,-0.0865711966582569
58.5,0.670674832661947,-0.183,-0.087739134190512
58.5333333333333,0.670674832661947,-0.183,-0.0890915034623052
58.5666666666667,0.670674832661947,-0.183,-0.0904253008083553
58.6,0.670674832661947,-0.183,-0.0917431021393195
58.6333333333333,0.670674832661947,-0.1845,-0.0780471324833379
58.6666666666667,0.670674832661947,-0.1845,-0.0793393133240028
58.7,0.670674832661947,-0.1845,-0.0806213035853309
58.7333333333333,0.670674832661947,-0.1845,-0.0818945351138856
58.7666666666667,0.670593484242757,-0.1845,-0.0831602433946066
58.8,0.670593484242757,-0.1845,-0.0842787115681293
58.8333333333333,0.670593484242757,-0.1845,-0.0854178682637358
58.8666666666667,0.670593484242757,-0.1845,-0.0865744389014192
58.9,0.670593484242757,-0.1845,-0.0877456239804386
58.9333333333333,0.670593484242757,-0.1845,-0.0889290328681364
58.9666666666667,0.670593484242757,-0.1845,-0.0901226266306263
59,0.670593484242757,-0.1845,-0.091324668683847
59.0333333333333,0.670593484242757,-0.1845,-0.0925336822075121
59.0666666666667,0.670572916666667,-0.1845,-0.0937484134066041
59.1,0.670572916666667,-0.1845,-0.094932205329076
59.1333333333333,0.670572916666667,-0.1845,-0.0961263851315977
59.1666666666667,0.670572916666667,-0.1845,-0.0973291666875803
59.2,0.670572916666667,-0.1845,-0.098539031915082
59.2333333333333,0.670572916666667,-0.1845,-0.0997546928093193
59.2666666666667,0.670572916666667,-0.1845,-0.100975058703596
59.3,0.670572916666667,-0.1845,-0.102199208049137
59.3333333333333,0.670703824361165,-0.1845,-0.103426364099863
59.3666666666667,0.670703824361165,-0.1845,-0.104882424429882
59.4,0.670703824361165,-0.1845,-0.10629808627796
59.4333333333333,0.670703824361165,-0.1845,-0.107679437113943
59.4666666666667,0.670703824361165,-0.186,-0.0940317004951582
59.5,0.670703824361165,-0.186,-0.0953593551492285
59.5333333333333,0.670703824361165,-0.186,-0.0966662378888952
59.5666666666667,0.670703824361165,-0.186,-0.0979556325362269
59.6,0.670680681864421,-0.186,-0.0992303467416494
59.6333333333333,0.670680681864421,-0.186,-0.100452727642107
59.6666666666667,0.670680681864421,-0.186,-0.101672332461888
59.7,0.670680681864421,-0.186,-0.10288974648702
59.7333333333333,0.670680681864421,-0.186,-0.10410546092966
59.7666666666667,0.670680681864421,-0.186,-0.105319886666508
59.8,0.670680681864421,-0.186,-0.106533366056352
59.8333333333333,0.67063086827596,-0.186,-0.107746183099486
59.8666666666667,0.67063086827596,-0.186,-0.108872364160083
59.9,0.67063086827596,-0.186,-0.110014369611866
59.9333333333333,0.67063086827596,-0.186,-0.111169865754904
59.9666666666667,0.67063086827596,-0.186,-0.112336846728915
60,0.67063086827596,-0.186,-0.113513589558088
60.0333333333333,0.67063086827596,-0.186,-0.114698615282583
60.0666666666667,0.67063086827596,-0.186,-0.115890655358269
60.1,0.670644664764404,-0.186,-0.117088622615853
60.1333333333333,0.670644664764404,-0.186,-0.118315462537419
60.1666666666667,0.670644664764404,-0.186,-0.119542054407448
60.2,0.670644664764404,-0.186,-0.120768407504571
60.2333333333333,0.670644664764404,-0.186,-0.121994531643837
60.2666666666667,0.670644664764404,-0.186,-0.123220436972995
60.3,0.670644664764404,-0.186,-0.124446133805796
60.3333333333333,0.670644664764404,-0.186,-0.12567163248663
60.3666666666667,0.670692157745361,-0.186,-0.126896943281668
60.4,0.670692157745361,-0.1875,-0.113204268226702
60.4333333333333,0.670692157745361,-0.1875,-0.114496113297776
60.4666666666667,0.670692157745361,-0.1875,-0.115774862297896
60.5,0.670692157745361,-0.1875,-0.117042557351706
60.5333333333333,0.670692157745361,-0.1875,-0.118300946239381
60.5666666666667,0.670692157745361,-0.1875,-0.119551523286896
60.6,0.670408058166504,-0.1875,-0.120795564681706
60.6333333333333,0.670408058166504,-0.1875,-0.121542492756291
60.6666666666667,0.670408058166504,-0.1875,-0.122376495969096
60.7,0.670408058166504,-0.1875,-0.12328416052891
60.7333333333333,0.670408058166504,-0.1875,-0.124253995595299
60.7666666666667,0.670408058166504,-0.1875,-0.125276166864213
60.8,0.670408058166504,-0.1875,-0.126342266422427
60.8333333333333,0.670408058166504,-0.1875,-0.1274451139793
60.8666666666667,0.670408058166504,-0.1875,-0.128578585240694
60.9,0.670476977030436,-0.1875,-0.129737463758407
60.9333333333333,0.670476977030436,-0.1875,-0.131036584910764
60.9666666666667,0.670476977030436,-0.1875,-0.13233069035457
61,0.670476977030436,-0.1875,-0.133620033239035
61.0333333333333,0.670476977030436,-0.1875,-0.134904863938023
61.0666666666667,0.670476977030436,-0.1875,-0.136185428111148
61.1,0.670476977030436,-0.1875,-0.137461965195478
61.1333333333333,0.670476977030436,-0.1875,-0.138734707257632
61.1666666666667,0.670645046234131,-0.1875,-0.140003878146317
61.2,0.670645046234131,-0.1875,-0.141560555516186
61.2333333333333,0.670645046234131,-0.1875,-0.143059896275431
61.2666666666667,0.670645046234131,-0.1875,-0.144510498755217
61.3,0.670645046234131,-0.1875,-0.145919743776606
61.3333333333333,0.670645046234131,-0.1875,-0.14729396228218
61.3666666666667,0.670645046234131,-0.1875,-0.148638580221971
61.4,0.670645046234131,-0.1875,-0.149958243755879
61.4333333333333,0.670559215545654,-0.1875,-0.151256927424298
61.4666666666667,0.670559215545654,-0.1875,-0.152389487942561
61.5,0.670559215545654,-0.1875,-0.15353503602368
61.5333333333333,0.670559215545654,-0.1875,-0.154691751933112
61.5666666666667,0.670559215545654,-0.1875,-0.155858065131159
61.6,0.670559215545654,-0.1875,-0.157032620557758
61.6333333333333,0.670559215545654,-0.1875,-0.158214249449119
61.6666666666667,0.670559215545654,-0.1875,-0.159401944079204
61.7,0.670709832509359,-0.1875,-0.160594835900255
61.7333333333333,0.670709832509359,-0.1875,-0.162052836188488
61.7666666666667,0.670709832509359,-0.1875,-0.163466081380851
61.8,0.670709832509359,-0.1875,-0.164841546305758
61.8333333333333,0.670709832509359,-0.1875,-0.166185200721202
61.8666666666667,0.670709832509359,-0.1875,-0.167502148921272
61.9,0.670709832509359,-0.1875,-0.168796750311276
61.9333333333333,0.670709832509359,-0.1875,-0.1700727235201
61.9666666666667,0.670544974009196,-0.1875,-0.171333236273592
62,0.670544974009196,-0.1875,-0.17229567681511
62.0333333333333,0.670544974009196,-0.1875,-0.173300790383814
62.0666666666667,0.670544974009196,-0.1875,-0.174342274775907
62.1,0.670544974009196,-0.1875,-0.175414713732012
62.1333333333333,0.670544974009196,-0.1875,-0.176513455408658
62.1666666666667,0.670544974009196,-0.1875,-0.177634507307183
62.2,0.670639991760254,-0.1875,-0.178774445446819
62.2333333333333,0.670639991760254,-0.1875,-0.180094774748724
62.2666666666667,0.670639991760254,-0.1875,-0.181397910387951
62.3,0.670639991760254,-0.1875,-0.182686454200595
62.3333333333333,0.670639991760254,-0.1875,-0.183962638053846
62.3666666666667,0.670639991760254,-0.1875,-0.185228374893789
62.4,0.670639991760254,-0.1875,-0.186485302858707
62.4333333333333,0.670639991760254,-0.1875,-0.187734823392081
62.4666666666667,0.670586172739665,-0.1875,-0.188978134164138
62.5,0.670586172739665,-0.1875,-0.190123117646276
62.5333333333333,0.670586172739665,-0.1875,-0.191281136728052
62.5666666666667,0.670586172739665,-0.1875,-0.192450242865521
62.6,0.670586172739665,-0.1875,-0.193628763007657
62.6333333333333,0.670586172739665,-0.1875,-0.19481526169472
62.6666666666667,0.670586172739665,-0.189,-0.181008508297325
62.7,0.670586172739665,-0.192,-0.152207448704283
62.7333333333333,0.670484193166097,-0.1935,-0.138411180860052
62.7666666666667,0.670484193166097,-0.1965,-0.109442446534184
62.8,0.670484193166097,-0.201,-0.0655099530571007
62.8333333333333,0.670484193166097,-0.2025,-0.0516080408317215
62.8666666666667,0.670484193166097,-0.204,-0.0377318665509174
62.9,0.670484193166097,-0.2055,-0.023877289761719
62.9333333333333,0.670484193166097,-0.2055,-0.0250407748969475
62.9666666666667,0.670484193166097,-0.207,-0.0112193066864019
63,0.670555019378662,-0.207,-0.0124103171400317
63.0333333333333,0.670555019378662,-0.207,-0.0137341952490089
63.0666666666667,0.670555019378662,-0.207,-0.0150436797954995
63.1,0.670555019378662,-0.207,-0.0163407406790614
63.1333333333333,0.670555019378662,-0.207,-0.0176270813627069
63.1666666666667,0.670555019378662,-0.207,-0.0189041746797666
63.2,0.670555019378662,-0.207,-0.0201732938454813
63.2333333333333,0.670555019378662,-0.207,-0.0214355393142671
63.2666666666667,0.670555019378662,-0.207,-0.0226918620380079
63.3,0.670285479227702,-0.207,-0.0239430836065849
63.3333333333333,0.670285479227702,-0.207,-0.0247234442018365
63.3666666666667,0.670285479227702,-0.207,-0.0255869271559159
63.4,0.670285479227702,-0.207,-0.0265205870002752
63.4333333333333,0.670285479227702,-0.207,-0.0275133431504521
63.4666666666667,0.670285479227702,-0.207,-0.0285557209077064
63.5,0.670285479227702,-0.207,-0.0296396277650021
63.5333333333333,0.670285479227702,-0.207,-0.0307581602526064
63.5666666666667,0.67018404006958,-0.207,-0.0319054371981578
63.6,0.67018404006958,-0.207,-0.0329009039808767
63.6333333333333,0.67018404006958,-0.207,-0.0339485683917579
63.6666666666667,0.67018404006958,-0.207,-0.0350397580640457
63.7,0.67018404006958,-0.207,-0.0361670846024073
63.7333333333333,0.67018404006958,-0.207,-0.0373242628718343
63.7666666666667,0.67018404006958,-0.207,-0.038505955090562
63.8,0.67018404006958,-0.207,-0.0397076363669346
63.8333333333333,0.6703125,-0.207,-0.0409254787721081
63.8666666666667,0.6703125,-0.207,-0.0423785657604334
63.9,0.6703125,-0.207,-0.0438004470366055
63.9333333333333,0.6703125,-0.207,-0.0451952614248036
63.9666666666667,0.6703125,-0.207,-0.0465665975411028
64,0.6703125,-0.207,-0.0479175670326809
64.0333333333333,0.6703125,-0.207,-0.0492508680608802
64.0666666666667,0.6703125,-0.207,-0.0505688403282681
64.1,0.670366764068604,-0.207,-0.0518735127765377
64.1333333333333,0.670366764068604,-0.207,-0.0532605549934723
64.1666666666667,0.670366764068604,-0.207,-0.0546200878788788
64.2,0.670366764068604,-0.207,-0.055956147585314
64.2333333333333,0.670366764068604,-0.207,-0.0572722046645441
64.2666666666667,0.670366764068604,-0.207,-0.0585712415267731
64.3,0.670366764068604,-0.207,-0.059855819419487
64.3333333333333,0.670366764068604,-0.207,-0.0611281363346663
64.3666666666667,0.670153999328613,-0.207,-0.0623900770644395
64.4,0.670153999328613,-0.207,-0.0632750431974727
64.4333333333333,0.670153999328613,-0.207,-0.0642212266365039
64.4666666666667,0.670153999328613,-0.207,-0.0652191731015639
64.5,0.670153999328613,-0.207,-0.0662607851812907
64.5333333333333,0.670153999328613,-0.207,-0.0673391342394905
64.5666666666667,0.670153999328613,-0.207,-0.068448297935812
64.6,0.670296859741211,-0.207,-0.0695832199054436
64.6333333333333,0.670296859741211,-0.207,-0.0709868245857462
64.6666666666667,0.670296859741211,-0.207,-0.0723621458403434
64.7,0.670296859741211,-0.2085,-0.0587132041100183
64.7333333333333,0.670296859741211,-0.21,-0.0450434651937634
64.7666666666667,0.670296859741211,-0.21,-0.0463559155861173
64.8,0.670296859741211,-0.21,-0.0476531276662828
64.8333333333333,0.670296859741211,-0.21,-0.0489373160998166
64.8666666666667,0.670468425750732,-0.21,-0.0502103866316753
64.9,0.670468425750732,-0.21,-0.051770892528572
64.9333333333333,0.670468425750732,-0.21,-0.0532680146895323
64.9666666666667,0.670468425750732,-0.21,-0.0547115400301065
65,0.670468425750732,-0.21,-0.0561098509827895
65.0333333333333,0.670468425750732,-0.21,-0.0574701201822639
65.0666666666667,0.670468425750732,-0.21,-0.0587984786394957
65.1,0.670468425750732,-0.21,-0.06010016098073
65.1333333333333,0.670269584655762,-0.21,-0.061379630847547
65.1666666666667,0.670269584655762,-0.21,-0.0622965723047436
65.2,0.670269584655762,-0.21,-0.0632624410410362
65.2333333333333,0.670269584655762,-0.2115,-0.0492700395973805
65.2666666666667,0.670269584655762,-0.2115,-0.0503131803996515
65.3,0.670269584655762,-0.2115,-0.0513865473638678
65.3333333333333,0.670269584655762,-0.2115,-0.0524855762330698
65.3666666666667,0.670269584655762,-0.2115,-0.0536063511275084
65.4,0.670388793945312,-0.2115,-0.0547455151271162
65.4333333333333,0.670388793945312,-0.2115,-0.0561064980536818
65.4666666666667,0.670388793945312,-0.2115,-0.0574421009055232
65.5,0.670388793945312,-0.2115,-0.0587561799970765
65.5333333333333,0.670388793945312,-0.2115,-0.0600520422640244
65.5666666666667,0.670388793945312,-0.2115,-0.0613325211377078
65.6,0.670388793945312,-0.2115,-0.0626000421073766
65.6333333333333,0.670388793945312,-0.2115,-0.063856679359813
65.6666666666667,0.67027956644694,-0.2115,-0.0651042046994907
65.7,0.67027956644694,-0.2115,-0.0661550993448673
65.7333333333333,0.67027956644694,-0.2115,-0.067234897188112
65.7666666666667,0.67027956644694,-0.2115,-0.0683392336338479
65.8,0.67027956644694,-0.2115,-0.0694643641081918
65.8333333333333,0.67027956644694,-0.2115,-0.0706070785512436
65.8666666666667,0.67027956644694,-0.2115,-0.0717646275221098
65.9,0.67027956644694,-0.2115,-0.0729346583523563
65.9333333333333,0.67027956644694,-0.2115,-0.0741151599935011
65.9666666666667,0.6703125,-0.2115,-0.0753044153858487
66,0.6703125,-0.2115,-0.0765579555435067
66.0333333333333,0.6703125,-0.2115,-0.0778069204945869
66.0666666666667,0.6703125,-0.2115,-0.0790518965208473
66.1,0.6703125,-0.2115,-0.0802933935030509
66.1333333333333,0.6703125,-0.2115,-0.0815318549758434
66.1666666666667,0.6703125,-0.2115,-0.0827676668518174
66.2,0.6703125,-0.2115,-0.0840011649914582
66.2333333333333,0.670301469167074,-0.2115,-0.0852326417721994
66.2666666666667,0.670301469167074,-0.213,-0.0714432616948493
66.3,0.670301469167074,-0.213,-0.0726558930071994
66.3333333333333,0.670301469167074,-0.213,-0.0738701774898054
66.3666666666667,0.670301469167074,-0.213,-0.0750858113965652
66.4,0.670301469167074,-0.2145,-0.061302537691417
66.4333333333333,0.670301469167074,-0.2145,-0.0625201393574248
66.4666666666667,0.670301469167074,-0.2145,-0.0637384336324925
66.5,0.670170561472575,-0.2145,-0.0649572670455764
66.5333333333333,0.670170561472575,-0.2145,-0.0659499606852404
66.5666666666667,0.670170561472575,-0.2145,-0.0669851631522739
66.6,0.670170561472575,-0.2145,-0.0680562413221386
66.6333333333333,0.670170561472575,-0.2145,-0.0691575184346921
66.6666666666667,0.670170561472575,-0.2145,-0.0702841412162608
66.7,0.670170561472575,-0.2145,-0.071431965118485
66.7333333333333,0.670170561472575,-0.2145,-0.0725974552285641
66.7666666666667,0.670180861155192,-0.2145,-0.073777600733817
66.8,0.670180861155192,-0.2145,-0.074987665864652
66.8333333333333,0.670180861155192,-0.2145,-0.0762043312794944
66.8666666666667,0.670180861155192,-0.2145,-0.077426269640577
66.9,0.670180861155192,-0.2145,-0.078652363928268
66.9333333333333,0.670180861155192,-0.2145,-0.0798816769136529
66.9666666666667,0.670180861155192,-0.2145,-0.081113424886661
67,0.670180861155192,-0.2145,-0.082346955058521
67.0333333333333,0.670088068644206,-0.2145,-0.0835817261358668
67.0666666666667,0.670088068644206,-0.2145,-0.0846567037760235
67.1,0.670088068644206,-0.2145,-0.085762026564398
67.1333333333333,0.670088068644206,-0.2145,-0.0868927578945722
67.1666666666667,0.670088068644206,-0.2145,-0.0880446857547265
67.2,0.670088068644206,-0.2145,-0.0892142211673241
67.2333333333333,0.670088068644206,-0.2145,-0.0903983105389494
67.2666666666667,0.670088068644206,-0.2145,-0.0915943600381275
67.3,0.670088068644206,-0.2145,-0.0928001703719558
67.3333333333333,0.670119158426921,-0.2145,-0.0940138805514965
67.3666666666667,0.670119158426921,-0.2145,-0.0952877237842989
67.4,0.670119158426921,-0.2145,-0.0965565491539477
67.4333333333333,0.670119158426921,-0.2145,-0.0978207999304229
67.4666666666667,0.670119158426921,-0.2145,-0.0990808771095708
67.5,0.670119158426921,-0.2145,-0.100337143795332
67.5333333333333,0.670119158426921,-0.2145,-0.101589929091163
67.5666666666667,0.670119158426921,-0.2145,-0.102839531559122
67.6,0.67012087504069,-0.216,-0.0890862222978242
67.6333333333333,0.67012087504069,-0.216,-0.0903332184769109
67.6666666666667,0.67012087504069,-0.216,-0.091577219959034
67.7,0.67012087504069,-0.216,-0.0928185165641807
67.7333333333333,0.67012087504069,-0.216,-0.0940573676293049
67.7666666666667,0.67012087504069,-0.216,-0.0952940054645487
67.8,0.67012087504069,-0.216,-0.0965286383939651
67.8333333333333,0.67012087504069,-0.216,-0.0977614534327628
67.8666666666667,0.670232804616292,-0.216,-0.0989926186464146
67.9,0.670232804616292,-0.216,-0.100415991925248
67.9333333333333,0.670232804616292,-0.216,-0.101801916121606
67.9666666666667,0.670232804616292,-0.216,-0.103156109452833
68,0.670232804616292,-0.2175,-0.0894834736685099
68.0333333333333,0.670232804616292,-0.2175,-0.0907882069406377
68.0666666666667,0.670232804616292,-0.2175,-0.0920739014015787
68.1,0.670232804616292,-0.2175,-0.0933436273991009
68.1333333333333,0.670119444529215,-0.2175,-0.0946000062602853
68.1666666666667,0.670119444529215,-0.2175,-0.0956490907608384
68.2,0.670119444529215,-0.2175,-0.0967255142371815
68.2333333333333,0.670119444529215,-0.2175,-0.0978252276971664
68.2666666666667,0.670119444529215,-0.2175,-0.0989447521113959
68.3,0.670119444529215,-0.2175,-0.100081100174881
68.3333333333333,0.670119444529215,-0.2175,-0.101231708667686
68.3666666666667,0.670119444529215,-0.2175,-0.102394379988898
68.4,0.670316060384115,-0.2175,-0.103567231629273
68.4333333333333,0.670316060384115,-0.2175,-0.10508891831943
68.4666666666667,0.670316060384115,-0.2175,-0.106554407029597
68.5,0.670316060384115,-0.2175,-0.10797235056302
68.5333333333333,0.670316060384115,-0.2175,-0.109350161573989
68.5666666666667,0.670316060384115,-0.2175,-0.110694184364022
68.6,0.670316060384115,-0.2175,-0.112009843291671
68.6333333333333,0.670088068644206,-0.2175,-0.113301770949901
68.6666666666667,0.670088068644206,-0.2175,-0.114179353545033
68.7,0.670088068644206,-0.2175,-0.115114027925147
68.7333333333333,0.670088068644206,-0.2175,-0.11609725941672
68.7666666666667,0.670088068644206,-0.2175,-0.117121720056982
68.8,0.670088068644206,-0.2175,-0.118181122574511
68.8333333333333,0.670088068644206,-0.2175,-0.119270076887707
68.8666666666667,0.670088068644206,-0.2175,-0.120383966090314
68.9,0.670082505544027,-0.2175,-0.121518839299344
68.9333333333333,0.670082505544027,-0.2175,-0.122661691523424
68.9666666666667,0.670082505544027,-0.2175,-0.12382105999958
69,0.670082505544027,-0.2175,-0.124994207219438
69.0333333333333,0.670082505544027,-0.2175,-0.126178800577739
69.0666666666667,0.670082505544027,-0.2175,-0.127372855411129
69.1,0.670082505544027,-0.2175,-0.128574685853471
69.1333333333333,0.670082505544027,-0.2175,-0.129782862448927
69.1666666666667,0.670221741994222,-0.2175,-0.130996175606494
69.2,0.670221741994222,-0.2175,-0.132454568408629
69.2333333333333,0.670221741994222,-0.2175,-0.133871326078991
69.2666666666667,0.670221741994222,-0.2175,-0.135252687055046
69.3,0.670221741994222,-0.2175,-0.136604006770188
69.3333333333333,0.670221741994222,-0.2175,-0.137929879204766
69.3666666666667,0.670221741994222,-0.2175,-0.139234241945785
69.4,0.670221741994222,-0.2175,-0.140520466975355
69.4333333333333,0.670104281107585,-0.2175,-0.141791439110313
69.4666666666667,0.670104281107585,-0.2175,-0.142846344509015
69.5,0.670104281107585,-0.2175,-0.143928436867522
69.5333333333333,0.670104281107585,-0.2175,-0.145033638336584
69.5666666666667,0.670104281107585,-0.2175,-0.146158448538944
69.6,0.670104281107585,-0.2175,-0.147299865056842
69.6333333333333,0.670104281107585,-0.2175,-0.148455314708734
69.6666666666667,0.670104281107585,-0.2175,-0.149622594162687
69.7,0.670063781738281,-0.2175,-0.150799818628618
69.7333333333333,0.670063781738281,-0.2175,-0.151915288835801
69.7666666666667,0.670063781738281,-0.2175,-0.153050776060167
69.8,0.670063781738281,-0.2175,-0.15420308399741
69.8333333333333,0.670063781738281,-0.2175,-0.15536948182487
69.8666666666667,0.670063781738281,-0.2175,-0.156547639207491
69.9,0.670063781738281,-0.2175,-0.157735570188024
69.9333333333333,0.670063781738281,-0.219,-0.143931584760633
69.9666666666667,0.670158418019613,-0.2205,-0.130134247088396
70,0.670158418019613,-0.222,-0.116506118172176
70.0333333333333,0.670158418019613,-0.2235,-0.102851877477488
70.0666666666667,0.670158418019613,-0.228,-0.0591753855875993
70.1,0.670158418019613,-0.2295,-0.0454799600913944
70.1333333333333,0.670158418019613,-0.231,-0.0317684500882537
70.1666666666667,0.670158418019613,-0.2325,-0.0180433006020028
70.2,0.670158418019613,-0.2325,-0.0193066082610907
70.2333333333333,0.670119444529215,-0.2325,-0.0205601694203203
70.2666666666667,0.670119444529215,-0.2325,-0.021738073742244
70.3,0.670119444529215,-0.2325,-0.0229216493530682
70.3333333333333,0.670119444529215,-0.2325,-0.0241100710779132
70.3666666666667,0.670119444529215,-0.2325,-0.0253026289083982
70.4,0.670119444529215,-0.2325,-0.0264987122637586
70.4333333333333,0.670119444529215,-0.2325,-0.0276977963790531
70.4666666666667,0.670119444529215,-0.2325,-0.0288994305347207
70.5,0.669866180419922,-0.2325,-0.0301032278800026
70.5333333333333,0.669866180419922,-0.2325,-0.0308705546671528
70.5666666666667,0.669866180419922,-0.2325,-0.0317210820837821
70.6,0.669866180419922,-0.2325,-0.0326419058072872
70.6333333333333,0.669866180419922,-0.2325,-0.0336219770683255
70.6666666666667,0.669866180419922,-0.2325,-0.0346518451831301
70.7,0.669866180419922,-0.2325,-0.0357234351647193
70.7333333333333,0.669866180419922,-0.2325,-0.0368298556799232
70.7666666666667,0.670150629679362,-0.2325,-0.0379652332543981
70.8,0.670150629679362,-0.2325,-0.0396168405494546
70.8333333333333,0.670150629679362,-0.2325,-0.0411964510154483
70.8666666666667,0.670150629679362,-0.2325,-0.0427146819318033
70.9,0.670150629679362,-0.2325,-0.0441806590856419
70.9333333333333,0.670150629679362,-0.2325,-0.0456022212913262
70.9666666666667,0.670150629679362,-0.2325,-0.0469860972193126
71,0.670150629679362,-0.2325,-0.0483380582578141
71.0333333333333,0.669969908396403,-0.2325,-0.0496630506319762
71.0666666666667,0.669969908396403,-0.2325,-0.050652551107922
71.1,0.669969908396403,-0.2325,-0.0516812064098643
71.1333333333333,0.669969908396403,-0.2325,-0.052743077829619
71.1666666666667,0.669969908396403,-0.2325,-0.0538330720081434
71.2,0.669969908396403,-0.2325,-0.0549468242330706
71.2333333333333,0.669969908396403,-0.2325,-0.0560805975939097
71.2666666666667,0.669969908396403,-0.2325,-0.0572311958584021
71.3,0.670011870066325,-0.2325,-0.0583958882200283
71.3333333333333,0.670011870066325,-0.2325,-0.0596449636946517
71.3666666666667,0.670011870066325,-0.2325,-0.0608902882426016
71.4,0.670011870066325,-0.2325,-0.0621322694685991
71.4333333333333,0.670011870066325,-0.2325,-0.063371267526014
71.4666666666667,0.670011870066325,-0.2325,-0.0646076009297222
71.5,0.670011870066325,-0.2325,-0.0658415516322189
71.5333333333333,0.670011870066325,-0.2325,-0.0670733694583767
71.5666666666667,0.670052083333333,-0.2325,-0.0683032759817137
71.6,0.670052083333333,-0.2325,-0.0696010614864853
71.6333333333333,0.670052083333333,-0.2325,-0.0708843422720207
71.6666666666667,0.670052083333333,-0.2325,-0.0721552841545145
71.7,0.670052083333333,-0.2325,-0.07341574689332
71.7333333333333,0.670052083333333,-0.2325,-0.0746673262866024
71.7666666666667,0.670052083333333,-0.2325,-0.0759113905582331
71.8,0.670052083333333,-0.2325,-0.0771491118042458
71.8333333333333,0.670091915130615,-0.2325,-0.0783814931642018
71.8666666666667,0.670091915130615,-0.2325,-0.0796783256897207
71.9,0.670091915130615,-0.2325,-0.0809585664713791
71.9333333333333,0.670091915130615,-0.2325,-0.0822248314743923
71.9666666666667,0.670091915130615,-0.2325,-0.0834793577761547
72,0.670091915130615,-0.234,-0.0697240563275764
72.0333333333333,0.670091915130615,-0.234,-0.0709605575123917
72.0666666666667,0.670091915130615,-0.234,-0.0721902504771768
72.1,0.669953060150146,-0.234,-0.0734143170741758
72.1333333333333,0.669953060150146,-0.234,-0.0743934570164392
72.1666666666667,0.669953060150146,-0.234,-0.0754135930164659
72.2,0.669953060150146,-0.234,-0.076468503697277
72.2333333333333,0.669953060150146,-0.234,-0.0775528534907888
72.2666666666667,0.669953060150146,-0.234,-0.0786620703342034
72.3,0.669953060150146,-0.234,-0.0797922399862824
72.3333333333333,0.669953060150146,-0.234,-0.0809400147242062
72.3666666666667,0.669964694976807,-0.234,-0.0821025344820381
72.4,0.669964694976807,-0.234,-0.0832974941254305
72.4333333333333,0.669964694976807,-0.234,-0.0844989274192925
72.4666666666667,0.669964694976807,-0.234,-0.0857056462902361
72.5,0.669964694976807,-0.234,-0.0869166452927639
72.5333333333333,0.669964694976807,-0.234,-0.0881310754537748
72.5666666666667,0.669964694976807,-0.234,-0.089348221739009
72.6,0.669964694976807,-0.234,-0.090567483648489
72.6333333333333,0.669952487945557,-0.234,-0.0917883585144666
72.6666666666667,0.669952487945557,-0.234,-0.0929893014952038
72.7,0.669952487945557,-0.234,-0.0941950257380383
72.7333333333333,0.669952487945557,-0.234,-0.0954046334021791
72.7666666666667,0.669952487945557,-0.234,-0.0966173657634775
72.8,0.669952487945557,-0.234,-0.097832583219212
72.8333333333333,0.669952487945557,-0.234,-0.0990497480667066
72.8666666666667,0.669952487945557,-0.234,-0.100268409677899
72.9,0.670052083333333,-0.234,-0.101488191742967
72.9333333333333,0.670052083333333,-0.234,-0.102881142297873
72.9666666666667,0.670052083333333,-0.234,-0.104242531285955
73,0.670052083333333,-0.234,-0.105577124354236
73.0333333333333,0.670052083333333,-0.234,-0.106889010181154
73.0666666666667,0.670052083333333,-0.234,-0.108181693835916
73.1,0.670052083333333,-0.234,-0.109458177459111
73.1333333333333,0.670052083333333,-0.234,-0.110721029972294
73.1666666666667,0.66991278330485,-0.234,-0.111972447295242
73.2,0.66991278330485,-0.234,-0.112973230016287
73.2333333333333,0.66991278330485,-0.234,-0.11401096227775
73.2666666666667,0.66991278330485,-0.234,-0.115080041833029
73.3,0.66991278330485,-0.234,-0.116175663761061
73.3333333333333,0.66991278330485,-0.234,-0.11729371040268
73.3666666666667,0.66991278330485,-0.2355,-0.10343065625192
73.4,0.66991278330485,-0.2355,-0.104583485787377
73.4333333333333,0.669946511586507,-0.2355,-0.10574962249903
73.4666666666667,0.669946511586507,-0.2355,-0.106985238177136
73.5,0.669946511586507,-0.2355,-0.108219214113993
73.5333333333333,0.669946511586507,-0.2355,-0.109451641588014
73.5666666666667,0.669946511586507,-0.2355,-0.110682609199544
73.6,0.669946511586507,-0.2355,-0.111912202520417
73.6333333333333,0.669946511586507,-0.2355,-0.11314050384297
73.6666666666667,0.669946511586507,-0.2355,-0.114367592011333
73.7,0.669944445292155,-0.2355,-0.115593542320369
73.7333333333333,0.669944445292155,-0.237,-0.101814850515597
73.7666666666667,0.669944445292155,-0.237,-0.103035826838052
73.8,0.669944445292155,-0.237,-0.104256432534447
73.8333333333333,0.669944445292155,-0.237,-0.105476640205281
73.8666666666667,0.669944445292155,-0.237,-0.106696431829868
73.9,0.669944445292155,-0.237,-0.107915797089072
73.9333333333333,0.669944445292155,-0.237,-0.109134731943485
73.9666666666667,0.669944445292155,-0.237,-0.110353237430621
74,0.670052083333333,-0.237,-0.111571318649726
74.0333333333333,0.670052083333333,-0.237,-0.112975263619233
74.0666666666667,0.670052083333333,-0.237,-0.114344100417024
74.1,0.670052083333333,-0.237,-0.115683222655726
74.1333333333333,0.670052083333333,-0.237,-0.116997251691281
74.1666666666667,0.670052083333333,-0.237,-0.118290143548968
74.2,0.670052083333333,-0.237,-0.11956528129757
74.2333333333333,0.670052083333333,-0.237,-0.120825554833938
74.2666666666667,0.669900417327881,-0.237,-0.122073429776902
74.3,0.669900417327881,-0.237,-0.123048531895297
74.3333333333333,0.669900417327881,-0.237,-0.124064021401402
74.3666666666667,0.669900417327881,-0.237,-0.125113834516032
74.4,0.669900417327881,-0.237,-0.126192766558219
74.4333333333333,0.669900417327881,-0.237,-0.12729635362771
74.4666666666667,0.669900417327881,-0.237,-0.128420770344204
74.5,0.669900417327881,-0.237,-0.129562741481489
74.5333333333333,0.669947052001953,-0.237,-0.130719465624433
74.5666666666667,0.669947052001953,-0.237,-0.131969255765826
74.6,0.669947052001953,-0.237,-0.133214327513341
74.6333333333333,0.669947052001953,-0.237,-0.134455271327622
74.6666666666667,0.669947052001953,-0.237,-0.135692601822666
74.7,0.669947052001953,-0.237,-0.136926767663938
74.7333333333333,0.669947052001953,-0.237,-0.138158160162746
74.7666666666667,0.669947052001953,-0.237,-0.139387120739517
74.8,0.670020389556885,-0.237,-0.140613947405678
74.8333333333333,0.670020389556885,-0.237,-0.141965819264548
74.8666666666667,0.670020389556885,-0.237,-0.143292400421435
74.9,0.670020389556885,-0.237,-0.144597555797745
74.9333333333333,0.670020389556885,-0.237,-0.145884598258813
74.9666666666667,0.670020389556885,-0.237,-0.147156364959314
75,0.670020389556885,-0.237,-0.148415283305206
75.0333333333333,0.669913196563721,-0.237,-0.149663427931892
75.0666666666667,0.669913196563721,-0.237,-0.150717060403965
75.1,0.669913196563721,-0.237,-0.151797759739128
75.1333333333333,0.669913196563721,-0.2385,-0.137901452838393
75.1666666666667,0.669913196563721,-0.2385,-0.139024644280866
75.2,0.669913196563721,-0.2385,-0.140164336721196
75.2333333333333,0.669913196563721,-0.2385,-0.14131796209292
75.2666666666667,0.669913196563721,-0.24,-0.127483322162572
75.3,0.669913196563721,-0.24,-0.128658537174547
75.3333333333333,0.669986820220947,-0.24,-0.129842001495664
75.3666666666667,0.669986820220947,-0.2415,-0.116159759317503
75.4,0.669986820220947,-0.2415,-0.117459492974865
75.4333333333333,0.669986820220947,-0.2415,-0.118743890156207
75.4666666666667,0.669986820220947,-0.2415,-0.120015258988645
75.5,0.669986820220947,-0.2415,-0.121275580226498
75.5333333333333,0.669986820220947,-0.243,-0.107526552363571
75.5666666666667,0.669986820220947,-0.243,-0.108769630621454
75.6,0.669920571645101,-0.243,-0.110006060638487
75.6333333333333,0.669920571645101,-0.243,-0.111122256976935
75.6666666666667,0.669920571645101,-0.2445,-0.0972551388991488
75.7,0.669920571645101,-0.2445,-0.0984021707553284
75.7333333333333,0.669920571645101,-0.2445,-0.0995611781558275
75.7666666666667,0.669920571645101,-0.2445,-0.100730298075878
75.8,0.669920571645101,-0.246,-0.0869079357417696
75.8333333333333,0.669918727874756,-0.246,-0.0880927273846693
75.8666666666667,0.669918727874756,-0.246,-0.0892803172193424
75.9,0.669918727874756,-0.246,-0.0904734966605092
75.9333333333333,0.669918727874756,-0.246,-0.091671326735942
75.9666666666667,0.669918727874756,-0.246,-0.0928730081066131
76,0.669918727874756,-0.246,-0.0940778613728688
76.0333333333333,0.669918727874756,-0.246,-0.0952853100866569
76.0666666666667,0.669918727874756,-0.246,-0.0964948661030152
76.1,0.66973778406779,-0.246,-0.0977061169533883
76.1333333333333,0.66973778406779,-0.246,-0.0986055713981038
76.1666666666667,0.66973778406779,-0.246,-0.0995644178869221
76.2,0.66973778406779,-0.246,-0.100573365984409
76.2333333333333,0.66973778406779,-0.246,-0.101624466205148
76.2666666666667,0.66973778406779,-0.246,-0.10271092360098
76.3,0.66973778406779,-0.246,-0.103826936771198
76.3333333333333,0.66973778406779,-0.246,-0.104967558863637
76.3666666666667,0.669744714101156,-0.246,-0.106128577595363
76.4,0.669744714101156,-0.246,-0.107318404921364
76.4333333333333,0.669744714101156,-0.246,-0.108519773846642
76.4666666666667,0.669744714101156,-0.246,-0.109730455999652
76.5,0.669744714101156,-0.246,-0.110948571516727
76.5333333333333,0.669744714101156,-0.246,-0.112172538743852
76.5666666666667,0.669744714101156,-0.246,-0.113401030930378
76.6,0.669744714101156,-0.246,-0.114632938961137
76.6333333333333,0.669598452250163,-0.246,-0.115867339302136
76.6666666666667,0.669598452250163,-0.246,-0.116850343896187
76.7,0.669598452250163,-0.246,-0.117881599645482
76.7333333333333,0.669598452250163,-0.246,-0.118953277667577
76.7666666666667,0.669598452250163,-0.246,-0.120058696937625
76.8,0.669598452250163,-0.246,-0.121192163488507
76.8333333333333,0.669598452250163,-0.246,-0.122348831628755
76.8666666666667,0.669598452250163,-0.246,-0.123524584199493
76.9,0.669735368092855,-0.246,-0.12471592929202
76.9333333333333,0.669735368092855,-0.246,-0.126156859428255
76.9666666666667,0.669735368092855,-0.246,-0.127563787797474
77,0.669735368092855,-0.246,-0.128941455991861
77.0333333333333,0.669735368092855,-0.246,-0.130293957886172
77.0666666666667,0.669735368092855,-0.246,-0.131624827155742
77.1,0.669735368092855,-0.246,-0.132937113039287
77.1333333333333,0.669735368092855,-0.246,-0.134233445920279
77.1666666666667,0.669791666666667,-0.246,-0.135516094090362
77.2,0.669791666666667,-0.2475,-0.121884443877237
77.2333333333333,0.669791666666667,-0.2475,-0.123224598231708
77.2666666666667,0.669791666666667,-0.2475,-0.124540822781462
77.3,0.669791666666667,-0.2475,-0.125836776671174
77.3333333333333,0.669791666666667,-0.2475,-0.127115596239332
77.3666666666667,0.669791666666667,-0.2475,-0.128379967328527
77.4,0.669693883260091,-0.249,-0.114632187760378
77.4333333333333,0.669693883260091,-0.249,-0.115704996140145
77.4666666666667,0.669693883260091,-0.249,-0.116800819768921
77.5,0.669693883260091,-0.249,-0.117916199461101
77.5333333333333,0.669693883260091,-0.249,-0.119048166360909
77.5666666666667,0.669693883260091,-0.249,-0.120194174395735
77.6,0.669693883260091,-0.249,-0.121352041897367
77.6333333333333,0.669693883260091,-0.249,-0.122519901156716
77.6666666666667,0.669787661234538,-0.249,-0.123696154843057
77.7,0.669787661234538,-0.249,-0.125041731673091
77.7333333333333,0.669787661234538,-0.249,-0.126362939517954
77.7666666666667,0.669787661234538,-0.249,-0.127663474236405
77.8,0.669787661234538,-0.249,-0.128946505613907
77.8333333333333,0.669787661234538,-0.249,-0.130214749987187
77.8666666666667,0.669787661234538,-0.249,-0.131470533000556
77.9,0.669787661234538,-0.249,-0.132715843823552
77.9333333333333,0.669787661234538,-0.249,-0.133952381981158
77.9666666666667,0.669791666666667,-0.249,-0.135181597793375
78,0.669791666666667,-0.249,-0.136411659137073
78.0333333333333,0.669791666666667,-0.249,-0.137635394657802
78.0666666666667,0.669791666666667,-0.249,-0.138853898292477
78.1,0.669791666666667,-0.249,-0.140068099449051
78.1333333333333,0.669791666666667,-0.249,-0.141278786335337
78.1666666666667,0.669791666666667,-0.249,-0.142486626073604
78.2,0.669791666666667,-0.249,-0.143692182037225
78.2333333333333,0.669663206736247,-0.249,-0.144895928786936
78.2666666666667,0.669663206736247,-0.249,-0.145875950604812
78.3,0.669663206736247,-0.249,-0.14689631163171
78.3333333333333,0.669663206736247,-0.249,-0.147950868413168
78.3666666666667,0.669663206736247,-0.249,-0.149034353633762
78.4,0.669663206736247,-0.249,-0.150142255049163
78.4333333333333,0.669663206736247,-0.249,-0.151270710877313
78.4666666666667,0.669663206736247,-0.249,-0.152416419430575
78.5,0.669791666666667,-0.249,-0.1535765610682
78.5333333333333,0.669791666666667,-0.249,-0.154971045134755
78.5666666666667,0.669791666666667,-0.249,-0.156334092721677
78.6,0.669791666666667,-0.249,-0.157670383445122
78.6333333333333,0.669791666666667,-0.249,-0.158983936592679
78.6666666666667,0.669791666666667,-0.2505,-0.14527820187876
78.7,0.669791666666667,-0.2505,-0.146556137897174
78.7333333333333,0.669791666666667,-0.252,-0.132820279926298
78.7666666666667,0.669791666666667,-0.2535,-0.119072798520468
78.8,0.669791666666667,-0.2535,-0.120315550128973
78.8333333333333,0.669791666666667,-0.2565,-0.0915501208175973
78.8666666666667,0.669791666666667,-0.2595,-0.0627778640234061
78.9,0.669791666666667,-0.261,-0.048999933148583
78.9333333333333,0.669791666666667,-0.261,-0.0502173096908987
78.9666666666667,0.669791666666667,-0.261,-0.0514308275146985
79,0.66978702545166,-0.261,-0.052641193785099
79.0333333333333,0.66978702545166,-0.261,-0.0538409748742902
79.0666666666667,0.66978702545166,-0.261,-0.0550402046984233
79.1,0.66978702545166,-0.261,-0.056239076972574
79.1333333333333,0.66978702545166,-0.261,-0.0574377506229862
79.1666666666667,0.66978702545166,-0.261,-0.0586363550934382
79.2,0.66978702545166,-0.261,-0.0598349948943039
79.2333333333333,0.66978702545166,-0.261,-0.0610337534990163
79.2666666666667,0.669595368703206,-0.261,-0.062232696678356
79.3,0.669595368703206,-0.261,-0.0631001918350294
79.3333333333333,0.669595368703206,-0.261,-0.0640297520134586
79.3666666666667,0.669595368703206,-0.261,-0.0650118242691911
79.4,0.669595368703206,-0.261,-0.0660382246109942
79.4333333333333,0.669595368703206,-0.261,-0.0671019483759377
79.4666666666667,0.669595368703206,-0.261,-0.0681970064168369
79.5,0.669595368703206,-0.261,-0.0693182836209794
79.5333333333333,0.669595368703206,-0.261,-0.0704614167461309
79.5666666666667,0.669493548075358,-0.261,-0.0716226889644267
79.6,0.669493548075358,-0.261,-0.0726227268298152
79.6333333333333,0.669493548075358,-0.261,-0.0736678852853112
79.6666666666667,0.669493548075358,-0.261,-0.0747507988752599
79.7,0.669493548075358,-0.261,-0.0758651847813824
79.7333333333333,0.669493548075358,-0.261,-0.0770056909745859
79.7666666666667,0.669493548075358,-0.261,-0.0781677651719603
79.8,0.669493548075358,-0.261,-0.0793475417832834
79.8333333333333,0.669589106241862,-0.261,-0.0805417444098988
79.8666666666667,0.669589106241862,-0.261,-0.0819129759196885
79.9,0.669589106241862,-0.261,-0.0832627152091986
79.9333333333333,0.669589106241862,-0.261,-0.0845937710394834
79.9666666666667,0.669589106241862,-0.261,-0.0859085819088373
80,0.669589106241862,-0.261,-0.0872092651052275
80.0333333333333,0.669589106241862,-0.261,-0.0884976592419517
80.0666666666667,0.669589106241862,-0.261,-0.0897753611436658
80.1,0.669499810536702,-0.261,-0.091043757834447
80.1333333333333,0.669499810536702,-0.261,-0.0921495180386767
80.1666666666667,0.669499810536702,-0.261,-0.0932770143149264
80.2,0.669499810536702,-0.261,-0.0944226925223834
80.2333333333333,0.669499810536702,-0.261,-0.0955835213008699
80.2666666666667,0.669499810536702,-0.261,-0.0967569187223305
80.3,0.669499810536702,-0.261,-0.0979406889937512
80.3333333333333,0.669499810536702,-0.261,-0.099132967851091
80.3666666666667,0.669651540120443,-0.261,-0.100332175466673
80.4,0.669651540120443,-0.261,-0.101799560926439
80.4333333333333,0.669651540120443,-0.261,-0.103222493692442
80.4666666666667,0.669651540120443,-0.261,-0.104607610447192
80.5,0.669651540120443,-0.261,-0.105960610087512
80.5333333333333,0.669651540120443,-0.261,-0.107286382705169
80.5666666666667,0.669651540120443,-0.261,-0.108589121076221
80.6,0.669651540120443,-0.261,-0.109872417013172
80.6333333333333,0.669640350341797,-0.261,-0.111139344618475
80.6666666666667,0.669640350341797,-0.261,-0.11237316703671
80.7,0.669640350341797,-0.261,-0.113599101710401
80.7333333333333,0.669640350341797,-0.261,-0.114818503848738
80.7666666666667,0.669640350341797,-0.261,-0.116032525344057
80.8,0.669640350341797,-0.261,-0.117242143566924
80.8333333333333,0.669640350341797,-0.261,-0.118448186196186
80.8666666666667,0.669640350341797,-0.261,-0.119651352622048
80.9,0.669476413726807,-0.261,-0.120852232387753
80.9333333333333,0.669476413726807,-0.261,-0.121767610359471
80.9666666666667,0.669476413726807,-0.261,-0.122734466468159
81,0.669476413726807,-0.261,-0.123744952131541
81.0333333333333,0.669476413726807,-0.261,-0.124792338649919
81.0666666666667,0.669476413726807,-0.261,-0.125870862417225
81.1,0.669476413726807,-0.261,-0.126975591178379
81.1333333333333,0.669476413726807,-0.261,-0.128102308496438
81.1666666666667,0.669717756907145,-0.261,-0.12924741397338
81.2,0.669717756907145,-0.261,-0.130825508561158
81.2333333333333,0.669717756907145,-0.261,-0.132338495640151
81.2666666666667,0.669717756907145,-0.261,-0.133796216539659
81.3,0.669717756907145,-0.261,-0.135207113925995
81.3333333333333,0.669717756907145,-0.261,-0.136578424737141
81.3666666666667,0.669717756907145,-0.261,-0.137916346912322
81.4,0.669570700327555,-0.261,-0.139226183446299
81.4333333333333,0.669570700327555,-0.261,-0.140257968907574
81.4666666666667,0.669570700327555,-0.261,-0.141317482380347
81.5,0.669570700327555,-0.261,-0.142400671544957
81.5333333333333,0.669570700327555,-0.261,-0.143504050869912
81.5666666666667,0.669570700327555,-0.261,-0.144624624066512
81.6,0.669570700327555,-0.261,-0.145759817029965
81.6333333333333,0.669570700327555,-0.261,-0.146907419857825
81.6666666666667,0.669593747456869,-0.261,-0.148065536725295
81.7,0.669593747456869,-0.261,-0.149272428204633
81.7333333333333,0.669593747456869,-0.261,-0.15047938639039
81.7666666666667,0.669593747456869,-0.261,-0.151686372635133
81.8,0.669593747456869,-0.261,-0.152893355662097
81.8333333333333,0.669593747456869,-0.261,-0.154100310417132
81.8666666666667,0.669593747456869,-0.261,-0.155307217086047
81.9,0.669593747456869,-0.261,-0.156514060254373
81.9333333333333,0.669636821746826,-0.261,-0.157720828189714
81.9666666666667,0.669636821746826,-0.261,-0.159002057123191
82,0.669636821746826,-0.261,-0.160269308695133
82.0333333333333,0.669636821746826,-0.261,-0.161524732220294
82.0666666666667,0.669636821746826,-0.261,-0.162770169145802
82.1,0.669636821746826,-0.261,-0.164007195687208
82.1333333333333,0.669636821746826,-0.261,-0.165237159661446
82.1666666666667,0.669610373179118,-0.261,-0.166461212299251
82.2,0.669610373179118,-0.261,-0.167634563499475
82.2333333333333,0.669610373179118,-0.261,-0.168812349329094
82.2666666666667,0.669610373179118,-0.261,-0.169993959370613
82.3,0.669610373179118,-0.261,-0.171178866021673
82.3333333333333,0.669610373179118,-0.261,-0.172366613346728
82.3666666666667,0.669610373179118,-0.261,-0.173556807423098
82.4,0.669610373179118,-0.261,-0.174749107981546
82.4333333333333,0.669610373179118,-0.261,-0.175943221168227
82.4666666666667,0.669636821746826,-0.261,-0.177138893277995
82.5,0.669636821746826,-0.261,-0.178381677544214
82.5333333333333,0.669636821746826,-0.261,-0.179617085655274
82.5666666666667,0.669636821746826,-0.261,-0.180846276806383
82.6,0.669636821746826,-0.261,-0.182070242536896
82.6333333333333,0.669636821746826,-0.261,-0.183289830060586
82.6666666666667,0.669636821746826,-0.261,-0.184505762412451
82.7,0.669636821746826,-0.261,-0.185718655841945
82.7333333333333,0.66965487798055,-0.261,-0.186929034824794
82.7666666666667,0.66965487798055,-0.261,-0.18816859335475
82.8,0.66965487798055,-0.261,-0.189400639684322
82.8333333333333,0.66965487798055,-0.261,-0.190626396451404
82.8666666666667,0.66965487798055,-0.261,-0.191846906802302
82.9,0.66965487798055,-0.261,-0.193063059551786
82.9333333333333,0.66965487798055,-0.261,-0.194275610896953
82.9666666666667,0.66965487798055,-0.261,-0.195485203151209
83,0.669661871592204,-0.261,-0.196692380901999
83.0333333333333,0.669661871592204,-0.261,-0.197909708171605
83.0666666666667,0.669661871592204,-0.261,-0.199123215960506
83.1,0.669661871592204,-0.261,-0.200333581443768
83.1333333333333,0.669661871592204,-0.261,-0.201541378991102
83.1666666666667,0.669661871592204,-0.261,-0.202747094807083
83.2,0.669661871592204,-0.261,-0.203951139549815
83.2333333333333,0.669661871592204,-0.261,-0.205153859202751
83.2666666666667,0.669573370615641,-0.261,-0.206355544437394
83.3,0.669573370615641,-0.261,-0.207403277798793
83.3333333333333,0.669573370615641,-0.261,-0.208478956387723
83.3666666666667,0.669573370615641,-0.2625,-0.194578324699813
83.4,0.669573370615641,-0.2625,-0.19569773409594
83.4333333333333,0.669573370615641,-0.2625,-0.196834058945339
83.4666666666667,0.669573370615641,-0.2625,-0.197984624168883
83.5,0.669573370615641,-0.2625,-0.199147142646159
83.5333333333333,0.669474506378174,-0.2625,-0.200319661156059
83.5666666666667,0.669474506378174,-0.2625,-0.201329418039125
83.6,0.669474506378174,-0.2625,-0.202377964175168
83.6333333333333,0.669474506378174,-0.2625,-0.203459150333476
83.6666666666667,0.669474506378174,-0.2625,-0.204567720026664
83.7,0.669474506378174,-0.2625,-0.205699185048624
83.7333333333333,0.669474506378174,-0.2625,-0.2068497180121
83.7666666666667,0.669474506378174,-0.2625,-0.208016059589134
83.8,0.669558334350586,-0.2625,-0.209195438466066
83.8333333333333,0.669558334350586,-0.2625,-0.210530576007503
83.8666666666667,0.669558334350586,-0.2625,-0.211847379032932
83.9,0.669558334350586,-0.2625,-0.213148353327088
83.9333333333333,0.669558334350586,-0.2625,-0.214435666009791
83.9666666666667,0.669558334350586,-0.2625,-0.215711191031171
84,0.669558334350586,-0.2625,-0.216976548575535
84.0333333333333,0.669558334350586,-0.2625,-0.218233139187926
84.0666666666667,0.669475905100505,-0.2625,-0.219482173328782
84.1,0.669475905100505,-0.2625,-0.220582043898365
84.1333333333333,0.669475905100505,-0.2625,-0.221702883182611
84.1666666666667,0.669475905100505,-0.2625,-0.222841350970636
84.2,0.669475905100505,-0.2625,-0.223994592988863
84.2333333333333,0.669475905100505,-0.2625,-0.225160173085039
84.2666666666667,0.669475905100505,-0.2625,-0.226336014679799
84.3,0.669475905100505,-0.2625,-0.227520350233308
84.3333333333333,0.66933053334554,-0.2625,-0.228711677642761
84.3666666666667,0.66933053334554,-0.2625,-0.22965714049301
84.4,0.66933053334554,-0.2625,-0.230654110575447
84.4333333333333,0.66933053334554,-0.2625,-0.231694409183963
84.4666666666667,0.66933053334554,-0.2625,-0.23277104582837
84.5,0.66933053334554,-0.2625,-0.233878052521858
84.5333333333333,0.66933053334554,-0.2625,-0.235010340706364
84.5666666666667,0.66933053334554,-0.2625,-0.23616357775698
84.6,0.669462045033773,-0.264,-0.222334080417438
84.6333333333333,0.669462045033773,-0.264,-0.223746318612514
84.6666666666667,0.669462045033773,-0.2655,-0.210127648982174
84.7,0.669462045033773,-0.2655,-0.211482408118336
84.7333333333333,0.669462045033773,-0.267,-0.197814338334625
84.7666666666667,0.669462045033773,-0.267,-0.199126668100969
84.8,0.669462045033773,-0.2685,-0.185422181664326
84.8333333333333,0.669462045033773,-0.2685,-0.18670327930405
84.8666666666667,0.669636821746826,-0.2685,-0.187972029476757
84.9,0.669636821746826,-0.2685,-0.189532684657526
84.9333333333333,0.669636821746826,-0.2685,-0.19102795939359
84.9666666666667,0.669636821746826,-0.2685,-0.192467911143362
85,0.669636821746826,-0.2685,-0.193861156488195
85.0333333333333,0.669636821746826,-0.2685,-0.195215070694131
85.0666666666667,0.669636821746826,-0.2685,-0.196535960110514
85.1,0.669636821746826,-0.2685,-0.197829211068585
85.1333333333333,0.66953125,-0.2685,-0.199099418451657
85.1666666666667,0.66953125,-0.2685,-0.200167792924986
85.2,0.66953125,-0.2685,-0.201254404814568
85.2333333333333,0.66953125,-0.2685,-0.202356804191071
85.2666666666667,0.66953125,-0.2685,-0.203472869144462
85.3,0.66953125,-0.2685,-0.204600761946572
85.3333333333333,0.66953125,-0.2685,-0.20573889106623
85.3666666666667,0.66953125,-0.2685,-0.206885878256046
85.4,0.66957540512085,-0.2685,-0.208040530034102
85.4333333333333,0.66957540512085,-0.2685,-0.209278228366901
85.4666666666667,0.66957540512085,-0.2685,-0.210507427264479
85.5,0.66957540512085,-0.2685,-0.211729559398459
85.5333333333333,0.66957540512085,-0.2685,-0.212945844100611
85.5666666666667,0.66957540512085,-0.2685,-0.214157317471573
85.6,0.66957540512085,-0.2685,-0.215364858351094
85.6333333333333,0.66957540512085,-0.2685,-0.216569210710835
85.6666666666667,0.66957540512085,-0.2685,-0.217771002955275
85.7,0.66957540512085,-0.2685,-0.218970764550895
85.7333333333333,0.66957540512085,-0.2685,-0.220168940347167
85.7666666666667,0.66957540512085,-0.2685,-0.221365902903931
85.8,0.66957540512085,-0.2685,-0.222561963097214
85.8333333333333,0.66957540512085,-0.2685,-0.223757379238843
85.8666666666667,0.66957540512085,-0.2685,-0.224952364913401
85.9,0.66957540512085,-0.2685,-0.226147095708513
85.9333333333333,0.669453907012939,-0.2685,-0.227341714990603
85.9666666666667,0.669453907012939,-0.2685,-0.228326072744403
86,0.669453907012939,-0.2685,-0.22934969971255
86.0333333333333,0.669453907012939,-0.2685,-0.230406595770973
86.0666666666667,0.669453907012939,-0.2685,-0.231491617774396
86.1,0.669453907012939,-0.2685,-0.232600361046788
86.1333333333333,0.669453907012939,-0.2685,-0.233729056989531
86.1666666666667,0.669453907012939,-0.2685,-0.234874484634713
86.2,0.669788106282552,-0.2685,-0.236033894262355
86.2333333333333,0.669788106282552,-0.2685,-0.237783310801061
86.2666666666667,0.669788106282552,-0.2685,-0.239434621458722
86.3,0.669788106282552,-0.2685,-0.241002836389185
86.3333333333333,0.669788106282552,-0.2685,-0.242500820585724
86.3666666666667,0.669788106282552,-0.2685,-0.243939590621171
86.4,0.669788106282552,-0.2685,-0.245328571023763
86.4333333333333,0.669788106282552,-0.2685,-0.246675815730182
86.4666666666667,0.669788106282552,-0.2685,-0.247988199327236
86.5,0.669551690419515,-0.2685,-0.249271582161394
86.5333333333333,0.669551690419515,-0.2685,-0.250121808660191
86.5666666666667,0.669551690419515,-0.2685,-0.251028484436071
86.6,0.669551690419515,-0.2685,-0.251983387988522
86.6333333333333,0.669551690419515,-0.2685,-0.252979445814143
86.6666666666667,0.669551690419515,-0.2685,-0.254010575479633
86.7,0.669551690419515,-0.2685,-0.25507154990616
86.7333333333333,0.669551690419515,-0.2685,-0.256157880015437
86.7666666666667,0.669719441731771,-0.2685,-0.257265713269472
86.8,0.669719441731771,-0.2685,-0.258682058441519
86.8333333333333,0.669719441731771,-0.2685,-0.260059688586709
86.8666666666667,0.669719441731771,-0.2685,-0.261404566625688
86.9,0.669719441731771,-0.2685,-0.26272180072618
86.9333333333333,0.669719441731771,-0.2685,-0.26401576271959
86.9666666666667,0.669719441731771,-0.2685,-0.265290190397061
87,0.669719441731771,-0.2685,-0.266548275859143
87.0333333333333,0.669563388824463,-0.2685,-0.267792741801442
87.0666666666667,0.669563388824463,-0.2685,-0.26875584029374
87.1,0.669563388824463,-0.2685,-0.269759923009266
87.1333333333333,0.669563388824463,-0.2685,-0.27079886343286
87.1666666666667,0.669563388824463,-0.2685,-0.271867401257042
87.2,0.669563388824463,-0.2685,-0.272961023210146
87.2333333333333,0.669563388824463,-0.2685,-0.274075860048139
87.2666666666667,0.669563388824463,-0.2685,-0.275208597534536
87.3,0.669414742787679,-0.2685,-0.276356399524431
87.3333333333333,0.669414742787679,-0.2685,-0.277259592869846
87.3666666666667,0.669414742787679,-0.2685,-0.278221280165992
87.4,0.669414742787679,-0.2685,-0.279232264945905
87.4333333333333,0.669414742787679,-0.2685,-0.280284681084831
87.4666666666667,0.669414742787679,-0.2685,-0.281371807658642
87.5,0.669414742787679,-0.2685,-0.28248790906638
87.5333333333333,0.669414742787679,-0.2685,-0.283628097005257
87.5666666666667,0.669624423980713,-0.2685,-0.284788211344556
87.6,0.669624423980713,-0.2685,-0.286327594181808
87.6333333333333,0.669624423980713,-0.2685,-0.287812768473244
87.6666666666667,0.669624423980713,-0.2685,-0.289251678660541
87.7,0.669624423980713,-0.2685,-0.290651156511627
87.7333333333333,0.669624423980713,-0.2685,-0.292017073458484
87.7666666666667,0.669624423980713,-0.2685,-0.293354472326507
87.8,0.669624423980713,-0.2685,-0.294667681225301
87.8333333333333,0.669501082102458,-0.27,-0.2809604119999
87.8666666666667,0.669501082102458,-0.2715,-0.267022388355097
87.9,0.669501082102458,-0.2745,-0.238109556272599
87.9333333333333,0.669501082102458,-0.2775,-0.209218078668603
87.9666666666667,0.669501082102458,-0.2775,-0.210344665714061
88,0.669501082102458,-0.279,-0.196486499210662
88.0333333333333,0.669501082102458,-0.2805,-0.182641167248043
88.0666666666667,0.669501082102458,-0.282,-0.168806607756622
88.1,0.66953125,-0.282,-0.169981059756331
88.1333333333333,0.66953125,-0.282,-0.171215230195353
88.1666666666667,0.66953125,-0.282,-0.172445904544359
88.2,0.66953125,-0.282,-0.173673502901213
88.2333333333333,0.66953125,-0.282,-0.174898392782908
88.2666666666667,0.66953125,-0.282,-0.176120895880525
88.3,0.66953125,-0.282,-0.177341293932609
88.3333333333333,0.66953125,-0.282,-0.178559833833063
88.3666666666667,0.669352690378825,-0.282,-0.179776732074329
88.4,0.669352690378825,-0.282,-0.180683161146408
88.4333333333333,0.669352690378825,-0.282,-0.181645873755933
88.4666666666667,0.669352690378825,-0.282,-0.182656090082909
88.5,0.669352690378825,-0.282,-0.183706296008855
88.5333333333333,0.669352690378825,-0.282,-0.18479006727134
88.5666666666667,0.669352690378825,-0.282,-0.185901917592678
88.6,0.669352690378825,-0.282,-0.187037167546873
88.6333333333333,0.669474506378174,-0.282,-0.188191831363285
88.6666666666667,0.669474506378174,-0.282,-0.18957333550184
88.7,0.669474506378174,-0.282,-0.190928711553928
88.7333333333333,0.669474506378174,-0.282,-0.192261610132967
88.7666666666667,0.669474506378174,-0.282,-0.19357518266627
88.8,0.669474506378174,-0.282,-0.194872148880241
88.8333333333333,0.669474506378174,-0.282,-0.196154855218448
88.8666666666667,0.669474506378174,-0.282,-0.197425325406665
88.9,0.669441795349121,-0.282,-0.198685304216737
88.9333333333333,0.669441795349121,-0.282,-0.199879685233061
88.9666666666667,0.669441795349121,-0.282,-0.201076920136449
89,0.669441795349121,-0.282,-0.202276489106998
89.0333333333333,0.669441795349121,-0.282,-0.203477952017056
89.0666666666667,0.669441795349121,-0.282,-0.20468093703169
89.1,0.669441795349121,-0.282,-0.205885130786776
89.1333333333333,0.669441795349121,-0.282,-0.207090269930057
89.1666666666667,0.669267272949219,-0.282,-0.208296133839472
89.2,0.669267272949219,-0.282,-0.209200507755808
89.2333333333333,0.669267272949219,-0.282,-0.2101615360373
89.2666666666667,0.669267272949219,-0.282,-0.211170367513782
89.3,0.669267272949219,-0.282,-0.212219427862771
89.3333333333333,0.669267272949219,-0.282,-0.213302242156145
89.3666666666667,0.669267272949219,-0.282,-0.214413281604431
89.4,0.669267272949219,-0.282,-0.215547831232323
89.4333333333333,0.669267272949219,-0.282,-0.216701875657556
89.4666666666667,0.669399293263753,-0.282,-0.217872000525046
89.5,0.669399293263753,-0.282,-0.219283783450113
89.5333333333333,0.669399293263753,-0.282,-0.220663728807289
89.5666666666667,0.669399293263753,-0.282,-0.222016360184926
89.6,0.669399293263753,-0.282,-0.223345577262187
89.6333333333333,0.669399293263753,-0.282,-0.224654740544598
89.6666666666667,0.669399293263753,-0.282,-0.225946744686179
89.7,0.669399293263753,-0.282,-0.227224081928525
89.7333333333333,0.669354152679443,-0.282,-0.228488896982542
89.7666666666667,0.669354152679443,-0.282,-0.229664913653236
89.8,0.669354152679443,-0.282,-0.23084639197676
89.8333333333333,0.669354152679443,-0.282,-0.232032437492429
89.8666666666667,0.669354152679443,-0.282,-0.233222287391802
89.9,0.669354152679443,-0.282,-0.234415292041497
89.9333333333333,0.669354152679443,-0.282,-0.235610899038457
89.9666666666667,0.669354152679443,-0.282,-0.236808639454901
90,0.66953125,-0.282,-0.238008115976229
90.0333333333333,0.66953125,-0.282,-0.239515479466603
90.0666666666667,0.66953125,-0.282,-0.240966862780918
90.1,0.66953125,-0.282,-0.242370880813606
90.1333333333333,0.66953125,-0.282,-0.243734914025657
90.1666666666667,0.66953125,-0.282,-0.245065279429466
90.2,0.66953125,-0.282,-0.246367378299143
90.2333333333333,0.66940434773763,-0.282,-0.247645823745084
90.2666666666667,0.66940434773763,-0.282,-0.248684932261266
90.3,0.66940434773763,-0.282,-0.249748588524787
90.3333333333333,0.66940434773763,-0.282,-0.250833299906077
90.3666666666667,0.66940434773763,-0.282,-0.251936055827271
90.4,0.66940434773763,-0.282,-0.25305426226867
90.4333333333333,0.66940434773763,-0.282,-0.254185685098603
90.4666666666667,0.66940434773763,-0.282,-0.255328401043457
90.5,0.669369920094808,-0.282,-0.256480755272929
90.5333333333333,0.669369920094808,-0.282,-0.257581743812414
90.5666666666667,0.669369920094808,-0.282,-0.25870082414719
90.6,0.669369920094808,-0.282,-0.259835224749735
90.6333333333333,0.669369920094808,-0.282,-0.260982570409287
90.6666666666667,0.669369920094808,-0.282,-0.262140827393565
90.7,0.669369920094808,-0.282,-0.263308256071035
90.7333333333333,0.669369920094808,-0.282,-0.264483369987896
90.7666666666667,0.669641844431559,-0.282,-0.265664900528893
90.8,0.669641844431559,-0.282,-0.267322361994815
90.8333333333333,0.669641844431559,-0.282,-0.268896568835979
90.8666666666667,0.669641844431559,-0.282,-0.27040033279278
90.9,0.669641844431559,-0.282,-0.271844629833926
90.9333333333333,0.669641844431559,-0.282,-0.273238854432237
90.9666666666667,0.669641844431559,-0.282,-0.274591039228457
91,0.669641844431559,-0.282,-0.275908044750808
91.0333333333333,0.66953125,-0.282,-0.277195723231747
91.0666666666667,0.66953125,-0.282,-0.27826766394338
91.1,0.66953125,-0.282,-0.27935515962815
91.1333333333333,0.66953125,-0.282,-0.280456282511752
91.1666666666667,0.66953125,-0.282,-0.281569350957706
91.2,0.66953125,-0.282,-0.282692897461314
91.2333333333333,0.66953125,-0.282,-0.283825640850567
91.2666666666667,0.66953125,-0.2835,-0.269966462137535
91.3,0.66953125,-0.2835,-0.271114383537733
91.3333333333333,0.669363085428874,-0.2835,-0.272268550238897
91.3666666666667,0.669363085428874,-0.2835,-0.273137186890238
91.4,0.669363085428874,-0.2835,-0.274064883868552
91.4333333333333,0.669363085428874,-0.2835,-0.275042661517501
91.4666666666667,0.669363085428874,-0.2835,-0.276062819826082
91.5,0.669363085428874,-0.2835,-0.277118761670651
91.5333333333333,0.669363085428874,-0.2835,-0.278204840082231
91.5666666666667,0.669363085428874,-0.2835,-0.279316226301624
91.6,0.669431654612223,-0.2835,-0.280448795819035
91.6333333333333,0.669431654612223,-0.2835,-0.281717696639434
91.6666666666667,0.669431654612223,-0.2835,-0.282979157306311
91.7,0.669431654612223,-0.2835,-0.284234055483124
91.7333333333333,0.669431654612223,-0.2835,-0.285483160335203
91.7666666666667,0.669431654612223,-0.2835,-0.286727146360854
91.8,0.669431654612223,-0.2835,-0.287966605425664
91.8333333333333,0.669431654612223,-0.2835,-0.289202057236057
91.8666666666667,0.669364070892334,-0.2835,-0.290433958456938
91.9,0.669364070892334,-0.2835,-0.291545749437981
91.9333333333333,0.669364070892334,-0.2835,-0.292676534075149
91.9666666666667,0.669364070892334,-0.2835,-0.293823245010541
92,0.669364070892334,-0.2835,-0.294983263734197
92.0333333333333,0.669364070892334,-0.2835,-0.296154357766203
92.0666666666667,0.669364070892334,-0.2835,-0.297334626435998
92.1,0.669364070892334,-0.2835,-0.298522454096083
92.1333333333333,0.669591267903646,-0.2835,-0.299716469763597
92.1666666666667,0.669591267903646,-0.2835,-0.301308702248356
92.2,0.669591267903646,-0.2835,-0.302831730989064
92.2333333333333,0.669591267903646,-0.2835,-0.304296086536731
92.2666666666667,0.669591267903646,-0.2835,-0.305710798220306
92.3,0.669591267903646,-0.2835,-0.307083601550646
92.3333333333333,0.669591267903646,-0.2835,-0.308421117430913
92.3666666666667,0.669591267903646,-0.2835,-0.30972900697276
92.4,0.66953125,-0.2835,-0.311012105208098
92.4333333333333,0.66953125,-0.2835,-0.312170668825873
92.4666666666667,0.66953125,-0.2835,-0.313331429046549
92.5,0.66953125,-0.2835,-0.314494374020621
92.5333333333333,0.66953125,-0.2835,-0.315659472531714
92.5666666666667,0.66953125,-0.285,-0.30182667814011
92.6,0.66953125,-0.285,-0.302995932657447
92.6333333333333,0.66953125,-0.285,-0.304167169050412
92.6666666666667,0.669599405924479,-0.285,-0.305340313857614
92.7,0.669599405924479,-0.2865,-0.291633240669433
92.7333333333333,0.669599405924479,-0.288,-0.277905943557925
92.7666666666667,0.669599405924479,-0.2895,-0.264161747614393
92.8,0.669599405924479,-0.2925,-0.235403487733927
92.8333333333333,0.669599405924479,-0.2925,-0.236633577466943
92.8666666666667,0.669599405924479,-0.2925,-0.23785406843024
92.9,0.669599405924479,-0.2925,-0.23906670155569
92.9333333333333,0.66953125,-0.2925,-0.240272951282861
92.9666666666667,0.66953125,-0.2925,-0.241356112175492
93,0.66953125,-0.2925,-0.242457159965446
93.0333333333333,0.66953125,-0.2925,-0.243573570636771
93.0666666666667,0.66953125,-0.2925,-0.244703167076604
93.1,0.66953125,-0.2925,-0.245844072048664
93.1333333333333,0.66953125,-0.2925,-0.246994667494553
93.1666666666667,0.66953125,-0.2925,-0.248153559314848
93.2,0.669364325205485,-0.2925,-0.24931954689538
93.2333333333333,0.669364325205485,-0.2925,-0.250202714648969
93.2666666666667,0.669364325205485,-0.2925,-0.251144872819972
93.3,0.669364325205485,-0.2925,-0.252136912086052
93.3333333333333,0.669364325205485,-0.2925,-0.253171030418503
93.3666666666667,0.669364325205485,-0.2925,-0.254240551865687
93.4,0.669364325205485,-0.2925,-0.255339770013786
93.4333333333333,0.669364325205485,-0.2925,-0.256463812796148
93.4666666666667,0.669503466288249,-0.2925,-0.257608525769228
93.5,0.669503466288249,-0.2925,-0.259011170621627
93.5333333333333,0.669503466288249,-0.2925,-0.260383080714652
93.5666666666667,0.669503466288249,-0.2925,-0.2617286591286
93.6,0.669503466288249,-0.2925,-0.263051699124662
93.6333333333333,0.669503466288249,-0.2925,-0.264355467149203
93.6666666666667,0.669503466288249,-0.2925,-0.26564277464447
93.7,0.669503466288249,-0.2925,-0.266916040167599
93.7333333333333,0.669373671213786,-0.2925,-0.268177343118897
93.7666666666667,0.669373671213786,-0.2925,-0.269203845260991
93.8,0.669373671213786,-0.2925,-0.27026355226782
93.8333333333333,0.669373671213786,-0.2925,-0.27135129197117
93.8666666666667,0.669373671213786,-0.2925,-0.272462637343314
93.9,0.669373671213786,-0.2925,-0.273593803006877
93.9333333333333,0.669373671213786,-0.2925,-0.274741555851813
93.9666666666667,0.669373671213786,-0.2925,-0.275903137855574
94,0.669270833333333,-0.2925,-0.277076199458079
94.0333333333333,0.669270833333333,-0.2925,-0.278080769569357
94.0666666666667,0.669270833333333,-0.2925,-0.279126278862321
94.1,0.669270833333333,-0.2925,-0.280206147719775
94.1333333333333,0.669270833333333,-0.2925,-0.281314757365667
94.1666666666667,0.669270833333333,-0.2925,-0.282447315524829
94.2,0.669270833333333,-0.2925,-0.283599740458963
94.2333333333333,0.669270833333333,-0.2925,-0.284768560894118
94.2666666666667,0.669541454315186,-0.2925,-0.285950829688755
94.3,0.669541454315186,-0.2925,-0.287612389365623
94.3333333333333,0.669541454315186,-0.2925,-0.289195538505657
94.3666666666667,0.669541454315186,-0.2925,-0.290712023919458
94.4,0.669541454315186,-0.2925,-0.292171929870826
94.4333333333333,0.669541454315186,-0.2925,-0.293583906927851
94.4666666666667,0.669541454315186,-0.2925,-0.29495536976548
94.5,0.669541454315186,-0.2925,-0.296292668099279
94.5333333333333,0.66947816212972,-0.2925,-0.297601234369768
94.5666666666667,0.66947816212972,-0.2925,-0.298776177080245
94.6,0.66947816212972,-0.2925,-0.299951399353237
94.6333333333333,0.66947816212972,-0.2925,-0.301127115925081
94.6666666666667,0.66947816212972,-0.2925,-0.302303494116788
94.7,0.66947816212972,-0.2925,-0.30348066155615
94.7333333333333,0.66947816212972,-0.2925,-0.304658712765871
94.7666666666667,0.66947816212972,-0.2925,-0.305837714776716
94.8,0.669468116760254,-0.2925,-0.307017711902858
94.8333333333333,0.669468116760254,-0.2925,-0.308181345158388
94.8666666666667,0.669468116760254,-0.2925,-0.309349248288041
94.9,0.669468116760254,-0.2925,-0.310520917232907
94.9333333333333,0.669468116760254,-0.2925,-0.311695910277917
94.9666666666667,0.669468116760254,-0.2925,-0.312873840101866
95,0.669468116760254,-0.2925,-0.314054366860424
95.0333333333333,0.669480005900065,-0.2925,-0.315237192166394
95.0666666666667,0.669480005900065,-0.2925,-0.316442629340403
95.1,0.669480005900065,-0.2925,-0.317646039261026
95.1333333333333,0.669480005900065,-0.2925,-0.318847813440654
95.1666666666667,0.669480005900065,-0.2925,-0.320048282155422
95.2,0.669480005900065,-0.2925,-0.321247723283444
95.2333333333333,0.669480005900065,-0.2925,-0.322446369914419
95.2666666666667,0.669480005900065,-0.2925,-0.323644416898178
95.3,0.669415791829427,-0.2925,-0.324842026477103
95.3333333333333,0.669415791829427,-0.2925,-0.325928203470823
95.3666666666667,0.669415791829427,-0.2925,-0.327034891321988
95.4,0.669415791829427,-0.2925,-0.328158970742995
95.4333333333333,0.669415791829427,-0.2925,-0.329297767010686
95.4666666666667,0.669415791829427,-0.2925,-0.330448988554939
95.5,0.669415791829427,-0.2925,-0.331610673894672
95.5333333333333,0.669415791829427,-0.2925,-0.332781145796387
95.5666666666667,0.669415791829427,-0.2925,-0.33395897168129
95.6,0.66946128209432,-0.2925,-0.335142929437655
95.6333333333333,0.66946128209432,-0.2925,-0.336410703917792
95.6666666666667,0.66946128209432,-0.2925,-0.337668017166882
95.7,0.66946128209432,-0.2925,-0.33891639112582
95.7333333333333,0.66946128209432,-0.2925,-0.340157135335824
95.7666666666667,0.66946128209432,-0.2925,-0.341391375964555
95.8,0.66946128209432,-0.2925,-0.342620080909461
95.8333333333333,0.66946128209432,-0.2925,-0.343844081505288
95.8666666666667,0.669335714975993,-0.2925,-0.345064091292188
95.9,0.669335714975993,-0.2925,-0.346063414247141
95.9333333333333,0.669335714975993,-0.2925,-0.34710036620794
95.9666666666667,0.669335714975993,-0.2925,-0.348169118945733
96,0.669335714975993,-0.2925,-0.349264681779314
96.0333333333333,0.669335714975993,-0.2925,-0.350382785396391
96.0666666666667,0.669335714975993,-0.2925,-0.351519781501184
96.1,0.669335714975993,-0.2925,-0.352672556153158
96.1333333333333,0.669320297241211,-0.2925,-0.353838454948219
96.1666666666667,0.669320297241211,-0.2925,-0.354988536321354
96.2,0.669320297241211,-0.2925,-0.356152532937825
96.2333333333333,0.669320297241211,-0.2925,-0.357328045022388
96.2666666666667,0.669320297241211,-0.2925,-0.358513033347714
96.3,0.669320297241211,-0.2925,-0.359705768136845
96.3333333333333,0.669320297241211,-0.2925,-0.36090478500407
96.3666666666667,0.669320297241211,-0.2925,-0.362108846979001
96.4,0.66953125,-0.2925,-0.363316911787168
96.4333333333333,0.66953125,-0.2925,-0.364893181099353
96.4666666666667,0.66953125,-0.2925,-0.366403831840885
96.5,0.66953125,-0.2925,-0.367858797637432
96.5333333333333,0.66953125,-0.2925,-0.369266599345097
96.5666666666667,0.66953125,-0.2925,-0.370634540000152
96.6,0.66953125,-0.2925,-0.371968873285
96.6333333333333,0.66953125,-0.2925,-0.373274949078081
96.6666666666667,0.66953125,-0.2925,-0.374557339177046
96.7,0.66953125,-0.2925,-0.375819945870061
96.7333333333333,0.66953125,-0.2925,-0.377066095671133
96.7666666666667,0.66953125,-0.2925,-0.378298620224426
96.8,0.66953125,-0.2925,-0.379519926113159
96.8333333333333,0.66953125,-0.2925,-0.380732055075469
96.8666666666667,0.66953125,-0.2925,-0.381936735927548
96.9,0.669287014007568,-0.2925,-0.383135429319441
96.9333333333333,0.669287014007568,-0.2925,-0.383906688498195
96.9666666666667,0.669287014007568,-0.2925,-0.384752968739082
97,0.669287014007568,-0.2925,-0.385662927306393
97.0333333333333,0.669287014007568,-0.2925,-0.386626833701476
97.0666666666667,0.669287014007568,-0.2925,-0.387636347253747
97.1,0.669287014007568,-0.2925,-0.388684324921096
97.1333333333333,0.669287014007568,-0.2925,-0.389764655230376
97.1666666666667,0.669471295674642,-0.2925,-0.390872114834392
97.2,0.669471295674642,-0.2925,-0.392321164743961
97.2333333333333,0.669471295674642,-0.2925,-0.393729669777409
97.2666666666667,0.669471295674642,-0.2925,-0.395103605523352
97.3,0.669471295674642,-0.2925,-0.396448108369399
97.3333333333333,0.669471295674642,-0.2925,-0.397767590560089
97.3666666666667,0.669471295674642,-0.2925,-0.399065839677908
97.4,0.669471295674642,-0.2925,-0.40034610464189
97.4333333333333,0.669431654612223,-0.2925,-0.401611170037708
97.4666666666667,0.669431654612223,-0.2925,-0.40279481704212
97.5,0.669431654612223,-0.2925,-0.403980469305436
97.5333333333333,0.669431654612223,-0.2925,-0.405167888342549
97.5666666666667,0.669431654612223,-0.2925,-0.406356865313572
97.6,0.669431654612223,-0.2925,-0.407547217231606
97.6333333333333,0.669431654612223,-0.2925,-0.40873878366417
97.6666666666667,0.669431654612223,-0.2925,-0.409931423863381
97.7,0.669395891825358,-0.2925,-0.411125014268521
97.7333333333333,0.669395891825358,-0.2925,-0.41225755481527
97.7666666666667,0.669395891825358,-0.2925,-0.413402371682627
97.8,0.669395891825358,-0.2925,-0.414557593100082
97.8333333333333,0.669395891825358,-0.2925,-0.41572161437701
97.8666666666667,0.669395891825358,-0.2925,-0.416893060986862
97.9,0.669395891825358,-0.2925,-0.418070756670751
97.9333333333333,0.669395891825358,-0.2925,-0.419253695883914
97.9666666666667,0.669599405924479,-0.2925,-0.42044101999931
98,0.669599405924479,-0.2925,-0.42198420075312
98.0333333333333,0.669599405924479,-0.2925,-0.42346479663922
98.0666666666667,0.669599405924479,-0.2925,-0.424892451229532
98.1,0.669599405924479,-0.2925,-0.426275425470397
98.1333333333333,0.669599405924479,-0.2925,-0.427620789248884
98.1666666666667,0.669599405924479,-0.2925,-0.428934586879067
98.2,0.669599405924479,-0.2925,-0.430221980025684
98.2333333333333,0.669480005900065,-0.2925,-0.431487371110638
98.2666666666667,0.669480005900065,-0.2925,-0.432527874694666
98.3,0.669480005900065,-0.2925,-0.433591809962541
98.3333333333333,0.669480005900065,-0.2925,-0.434675915427746
98.3666666666667,0.669480005900065,-0.2925,-0.435777374699532
98.4,0.669480005900065,-0.2925,-0.436893756374263
98.4333333333333,0.669480005900065,-0.2925,-0.438022961998062
98.4666666666667,0.669480005900065,-0.2925,-0.439163181020384
98.5,0.669528643290202,-0.2925,-0.440312851802468
98.5333333333333,0.669528643290202,-0.2925,-0.441554800332628
98.5666666666667,0.669528643290202,-0.2925,-0.442788012709939
98.6,0.669528643290202,-0.2925,-0.444013920530914
98.6333333333333,0.669528643290202,-0.2925,-0.445233744628215
98.6666666666667,0.669528643290202,-0.2925,-0.446448524654583
98.7,0.669528643290202,-0.2925,-0.447659144611788
98.7333333333333,0.669528643290202,-0.2925,-0.448866354873473
98.7666666666667,0.669445959726969,-0.2925,-0.450070791177014
98.8,0.669445959726969,-0.2925,-0.451129897808584
98.8333333333333,0.669445959726969,-0.2925,-0.452213878838332
98.8666666666667,0.669445959726969,-0.2925,-0.453318982150089
98.9,0.669445959726969,-0.2925,-0.454441988372312
98.9333333333333,0.669445959726969,-0.2925,-0.455580137425859
98.9666666666667,0.669445959726969,-0.2925,-0.456731065045737
99,0.669445959726969,-0.2925,-0.457892747933525
99.0333333333333,0.669642353057861,-0.2925,-0.459063456377276
99.0666666666667,0.669642353057861,-0.2925,-0.460581594034959
99.1,0.669642353057861,-0.2925,-0.462042702367906
99.1333333333333,0.669642353057861,-0.2925,-0.463455526390004
99.1666666666667,0.669642353057861,-0.2925,-0.464827560060428
99.2,0.669642353057861,-0.2925,-0.466165219430393
99.2333333333333,0.669642353057861,-0.2925,-0.467473992231175
99.2666666666667,0.669642353057861,-0.2925,-0.468758567079751
99.3,0.669642353057861,-0.2925,-0.47002294505232
99.3333333333333,0.669587357838949,-0.2925,-0.47127053600683
99.3666666666667,0.669587357838949,-0.2925,-0.472409066316601
99.4,0.669587357838949,-0.2925,-0.473553907510741
99.4333333333333,0.669587357838949,-0.2925,-0.474704401251029
99.4666666666667,0.669587357838949,-0.2925,-0.475859963329237
99.5,0.669587357838949,-0.2925,-0.477020074800418
99.5333333333333,0.669587357838949,-0.2925,-0.478184274222615
99.5666666666667,0.669587357838949,-0.2925,-0.479352150861083
99.6,0.669491036732991,-0.2925,-0.480523338733688
99.6333333333333,0.669491036732991,-0.2925,-0.481530816904732
99.6666666666667,0.669491036732991,-0.2925,-0.482572042734409
99.7,0.669491036732991,-0.2925,-0.483641940471915
99.7333333333333,0.669491036732991,-0.2925,-0.484736154070418
99.7666666666667,0.669491036732991,-0.2925,-0.485850948026179
99.8,0.669491036732991,-0.2925,-0.486983121677668
99.8333333333333,0.669491036732991,-0.2925,-0.488129935152214
99.8666666666667,0.66953125,-0.2925,-0.489289045390748
99.9,0.66953125,-0.2925,-0.490528044463952
99.9333333333333,0.66953125,-0.2925,-0.491762666196986
99.9666666666667,0.66953125,-0.2925,-0.492993465884892
100,0.66953125,-0.2925,-0.494220926896479
