0,0.19375,0,1.75765306122449
0.0333333333333333,0.19375,0.03,1.44323452316381
0.0666666666666667,0.19375,0.0735,1.17099965857251
0.1,0.19375,0.096,0.936034222152021
0.133333333333333,0.18984375,0.114,0.750850472760984
0.166666666666667,0.18984375,0.135,0.574708697993522
0.2,0.18984375,0.165,0.424447633377858
0.233333333333333,0.18984375,0.195,0.296910833825001
0.266666666666667,0.18984375,0.2145,0.189289249615029
0.3,0.189372380574544,0.2235,0.101124831241223
0.333333333333333,0.189372380574544,0.225,0.0257558649489712
0.366666666666667,0.189372380574544,0.225,-0.0363323465948359
0.4,0.189372380574544,0.222,-0.0868893101292474
0.433333333333333,0.188541666666667,0.219,-0.123869358270067
0.466666666666667,0.188541666666667,0.213,-0.156472320342346
0.5,0.188541666666667,0.207,-0.181582971620065
0.533333333333333,0.188541666666667,0.2025,-0.20027607116359
0.566666666666667,0.188147989908854,0.198,-0.211794171452267
0.6,0.188147989908854,0.1935,-0.220679348362932
0.633333333333333,0.188147989908854,0.186,-0.225611326070872
0.666666666666667,0.188147989908854,0.1755,-0.227232376511081
0.7,0.188147989908854,0.165,-0.226103362668012
0.733333333333333,0.190441195170085,0.153,-0.232634497368004
0.766666666666667,0.190441195170085,0.141,-0.22563220240303
0.8,0.190441195170085,0.129,-0.217398791874216
0.833333333333333,0.190441195170085,0.1185,-0.208224055675077
0.866666666666667,0.190441195170085,0.108,-0.198356402858699
0.9,0.190441195170085,0.0975,-0.188007794631936
0.933333333333333,0.190441195170085,0.0885,-0.177358143981108
0.966666666666667,0.190441195170085,0.078,-0.16655923611272
1,0.196269353230794,0.0705,-0.180953922886342
1.03333333333333,0.196269353230794,0.0615,-0.165705687498611
1.06666666666667,0.196269353230794,0.0525,-0.151232971612233
1.1,0.196269353230794,0.0435,-0.137535783988419
1.13333333333333,0.196269353230794,0.0375,-0.12460752019519
1.16666666666667,0.196269353230794,0.03,-0.11243612008403
1.2,0.22214781443278,0.0225,-0.212969031251329
1.23333333333333,0.22214781443278,0.0135,-0.182229546552296
1.26666666666667,0.22214781443278,0.0045,-0.154874589740234
1.3,0.22214781443278,-0.003,-0.130566078927334
1.33333333333333,0.22214781443278,-0.009,-0.108997849646606
1.36666666666667,0.22214781443278,-0.015,-0.0898927511098936
1.4,0.22214781443278,-0.021,-0.072999999800515
1.43333333333333,0.231907272338867,-0.027,-0.100317361427497
1.46666666666667,0.231907272338867,-0.0315,-0.079637215563741
1.5,0.231907272338867,-0.036,-0.0615655998134761
1.53333333333333,0.231907272338867,-0.039,-0.0458170824499372
1.56666666666667,0.231907272338867,-0.0405,-0.0321351440914469
1.6,0.231907272338867,-0.042,-0.0202893897424319
1.63333333333333,0.231907272338867,-0.042,-0.0100730205620732
1.66666666666667,0.231907272338867,-0.0435,-0.0013005417774931
1.7,0.231907272338867,-0.0435,0.00619431474261783
1.73333333333333,0.255097007751465,-0.0435,-0.0877706273295904
1.76666666666667,0.255097007751465,-0.0435,-0.0644521102903037
1.8,0.255097007751465,-0.045,-0.0444177641467339
1.83333333333333,0.255097007751465,-0.045,-0.0272805799547102
1.86666666666667,0.255097007751465,-0.045,-0.0126950063060678
1.9,0.255097007751465,-0.045,-0.000352769359483963
1.93333333333333,0.255097007751465,-0.045,0.0100209031628583
1.96666666666667,0.255097007751465,-0.045,0.018670691843145
2,0.26953125,-0.045,-0.0366359272793734
2.03333333333333,0.26953125,-0.045,-0.0196337115537777
2.06666666666667,0.26953125,-0.045,-0.00527138594706256
2.1,0.290104166666667,-0.045,-0.0822314702049628
2.13333333333333,0.293511199951172,-0.045,-0.0710227039284329
2.16666666666667,0.293511199951172,-0.045,-0.0463366817103327
2.2,0.293511199951172,-0.0465,-0.025426569545304
2.23333333333333,0.293511199951172,-0.0465,-0.00782567968577502
2.26666666666667,0.293511199951172,-0.0465,0.00688103074471056
2.3,0.293511199951172,-0.0465,0.0190622933206082
2.33333333333333,0.293511199951172,-0.0465,0.0290453367598583
2.36666666666667,0.293511199951172,-0.0465,0.0371202201595891
2.4,0.2953125,-0.0465,0.0357503565152139
2.43333333333333,0.2953125,-0.0465,0.0421436685993874
2.46666666666667,0.2953125,-0.0465,0.0471260655116129
2.5,0.2953125,-0.0465,0.050896045452311
2.53333333333333,0.2953125,-0.0465,0.0536285889425494
2.56666666666667,0.2953125,-0.0465,0.0554776934748283
2.6,0.307760429382324,-0.0465,0.00272230363289582
2.63333333333333,0.307760429382324,-0.0465,0.0128278631597479
2.66666666666667,0.307760429382324,-0.0465,0.0211151646307158
2.7,0.307760429382324,-0.0465,0.0278254181599969
2.73333333333333,0.307760429382324,-0.0465,0.033172017364083
2.76666666666667,0.307760429382324,-0.0465,0.0373434920675751
2.8,0.307760429382324,-0.0465,0.0405061644903135
2.83333333333333,0.311636543273926,-0.0465,0.0260364121175265
2.86666666666667,0.3125,-0.0465,0.0268674749111649
2.9,0.3125,-0.0465,0.0310797170109875
2.93333333333333,0.3125,-0.0465,0.0343253906510285
2.96666666666667,0.3125,-0.0465,0.0367434181962022
3,0.3125,-0.0465,0.0384560232673255
3.03333333333333,0.3125,-0.0465,0.0395705495641712
3.06666666666667,0.3125,-0.0465,0.0401810937738249
3.1,0.3125,-0.0465,0.040369970737148
3.13333333333333,0.312559191385905,-0.0465,0.0399529339849091
3.16666666666667,0.312559191385905,-0.0465,0.0395505379669044
3.2,0.312559191385905,-0.0465,0.038909052216835
3.23333333333333,0.312559191385905,-0.0465,0.0380762211837423
3.26666666666667,0.312559191385905,-0.0465,0.0370932647889993
3.3,0.312559191385905,-0.0465,0.0359956406181013
3.33333333333333,0.312559191385905,-0.0465,0.0348137246529781
3.36666666666667,0.312559191385905,-0.0465,0.0335734187582478
3.4,0.309797286987305,-0.0465,0.0442461562689295
3.43333333333333,0.309797286987305,-0.0465,0.0408139437155213
3.46666666666667,0.309797286987305,-0.0465,0.0376661162524562
3.5,0.309797286987305,-0.0465,0.0347821245611129
3.53333333333333,0.309797286987305,-0.0465,0.0321426957721392
3.56666666666667,0.309797286987305,-0.0465,0.0297297727712881
3.6,0.309797286987305,-0.0465,0.0275264543119272
3.63333333333333,0.309797286987305,-0.0465,0.0255169362368515
3.66666666666667,0.30241444905599,-0.0465,0.0556285283711244
3.7,0.30241444905599,-0.0465,0.0482493294324225
3.73333333333333,0.30241444905599,-0.0465,0.0417891444282692
3.76666666666667,0.30241444905599,-0.0465,0.036146692348673
3.8,0.30241444905599,-0.0465,0.031231078034911
3.83333333333333,0.30241444905599,-0.0465,0.0269607772980047
3.86666666666667,0.30241444905599,-0.0465,0.0232627178131984
3.9,0.30241444905599,-0.0465,0.0200714469883233
3.93333333333333,0.30241444905599,-0.0465,0.0173283787961287
3.96666666666667,0.294010416666667,-0.0465,0.051341415681458
4,0.294010416666667,-0.0465,0.0428387897147807
4.03333333333333,0.294010416666667,-0.0465,0.0355159592570255
4.06666666666667,0.294010416666667,-0.0465,0.0292339502359613
4.1,0.294010416666667,-0.0465,0.0238687216921462
4.13333333333333,0.294010416666667,-0.0465,0.0193096543303483
4.16666666666667,0.294010416666667,-0.0465,0.0154581857032407
4.2,0.294010416666667,-0.0465,0.0122265782466024
4.23333333333333,0.278534507751465,-0.0465,0.0764938013226676
4.26666666666667,0.278534507751465,-0.0465,0.0622989227067198
4.3,0.278534507751465,-0.0465,0.0501220279227093
4.33333333333333,0.278534507751465,-0.0465,0.0397213957096325
4.36666666666667,0.278534507751465,-0.0465,0.0308816001696517
4.4,0.278534507751465,-0.0465,0.0234108240136362
4.43333333333333,0.278534507751465,-0.0465,0.0171384344207602
4.46666666666667,0.278534507751465,-0.0465,0.0119127966805528
4.5,0.265364583333333,-0.0465,0.0645793842299562
4.53333333333333,0.265364583333333,-0.0465,0.050865770901331
4.56666666666667,0.265364583333333,-0.0465,0.0392067600320339
4.6,0.265364583333333,-0.0465,0.0293495434576731
4.63333333333333,0.265364583333333,-0.0465,0.0210692778879934
4.66666666666667,0.265364583333333,-0.0465,0.0141661944568527
4.7,0.265364583333333,-0.0465,0.00846299319972467
4.73333333333333,0.265364583333333,-0.0465,0.00380249534128436
4.76666666666667,0.251591237386068,-0.0465,0.0596363316612612
4.8,0.251591237386068,-0.0465,0.045999900488854
4.83333333333333,0.251591237386068,-0.0465,0.0344654318819286
4.86666666666667,0.251591237386068,-0.0465,0.0247704855233388
4.9,0.251591237386068,-0.0465,0.0166819184897037
4.93333333333333,0.251591237386068,-0.0465,0.00999283776562858
4.96666666666667,0.251591237386068,-0.0465,0.00451985457959883
5,0.251591237386068,-0.0465,0.000100611731943215
5.03333333333333,0.239525731404622,-0.0465,0.0487933387442588
5.06666666666667,0.239525731404622,-0.0465,0.0367295867622117
5.1,0.239525731404622,-0.0465,0.0265903714937622
5.13333333333333,0.239525731404622,-0.0465,0.0181313777957411
5.16666666666667,0.239525731404622,-0.0465,0.0111358408786875
5.2,0.239525731404622,-0.0465,0.00541166085454722
5.23333333333333,0.239525731404622,-0.0465,0.00078880448620143
5.26666666666667,0.239525731404622,-0.0465,-0.00288303339882011
5.3,0.225585619608561,-0.0465,0.0545757866214277
5.33333333333333,0.225585619608561,-0.0465,0.0416346791587496
5.36666666666667,0.225585619608561,-0.0465,0.0307395395414689
5.4,0.225585619608561,-0.0465,0.0216313277529087
5.43333333333333,0.225585619608561,-0.0465,0.0140801861609189
5.46666666666667,0.225585619608561,-0.0465,0.00788238426393581
5.5,0.225585619608561,-0.0465,0.00285756750453213
5.53333333333333,0.225585619608561,-0.0465,-0.00115371900423694
5.56666666666667,0.203802680969238,-0.0465,0.0899522925698313
5.6,0.203802680969238,-0.0465,0.07070340831757
5.63333333333333,0.203802680969238,-0.0465,0.0543557797108048
5.66666666666667,0.203802680969238,-0.0465,0.0405499114438969
5.7,0.203802680969238,-0.0465,0.0289663102507864
5.73333333333333,0.203802680969238,-0.0465,0.0193213303941782
5.76666666666667,0.203802680969238,-0.0465,0.0113634302931395
5.8,0.203802680969238,-0.0465,0.00486980103330042
5.83333333333333,0.190104166666667,-0.0465,0.0589103726220863
5.86666666666667,0.190104166666667,-0.0465,0.0441749061750183
5.9,0.190104166666667,-0.0465,0.0318012272543849
5.93333333333333,0.190104166666667,-0.0465,0.0214882960416125
5.96666666666667,0.190104166666667,-0.0465,0.0129691259026349
6,0.190104166666667,-0.0465,0.00600720820994741
6.03333333333333,0.190104166666667,-0.0465,0.000393293702251815
6.06666666666667,0.190104166666667,-0.0465,-0.00405750385720789
6.1,0.190104166666667,-0.0465,-0.00750831276832616
6.13333333333333,0.19028574625651,-0.0465,-0.0108884550236024
6.16666666666667,0.19028574625651,-0.0465,-0.0126125779320296
6.2,0.19028574625651,-0.0465,-0.01373665892301
6.23333333333333,0.19028574625651,-0.0465,-0.0143557550855829
6.26666666666667,0.19028574625651,-0.0465,-0.0145529548598277
6.3,0.19028574625651,-0.0465,-0.014400718492668
6.33333333333333,0.19028574625651,-0.0465,-0.0139620788742579
6.36666666666667,0.19028574625651,-0.0465,-0.0132917165899238
6.4,0.190057754516602,-0.0465,-0.0114505084589241
6.43333333333333,0.190057754516602,-0.0465,-0.0106284952918047
6.46666666666667,0.190057754516602,-0.0465,-0.00967413171958206
6.5,0.190057754516602,-0.0465,-0.00862009542462911
6.53333333333333,0.190057754516602,-0.0465,-0.00749430336217951
6.56666666666667,0.190057754516602,-0.0465,-0.00632048646777618
6.6,0.190057754516602,-0.0465,-0.00511870167028667
6.63333333333333,0.190057754516602,-0.0465,-0.00390578762228685
6.66666666666667,0.190104166666667,-0.0465,-0.00289657352084573
6.7,0.190104166666667,-0.0465,-0.00166510387012641
6.73333333333333,0.190104166666667,-0.0465,-0.00046236118537029
6.76666666666667,0.190104166666667,-0.0465,0.000704627835886387
6.8,0.190104166666667,-0.0465,0.0018303765610512
6.83333333333333,0.190104166666667,-0.0465,0.00291072306056333
6.86666666666667,0.190104166666667,-0.0465,0.00394264014428291
6.9,0.190104166666667,-0.0465,0.00492406806859168
6.93333333333333,0.190104166666667,-0.0465,0.00585376746240009
6.96666666666667,0.190104166666667,-0.0465,0.00673119026930759
7,0.190104166666667,-0.0465,0.00755636672801184
7.03333333333333,0.190104166666667,-0.0465,0.00832980661596161
7.06666666666667,0.190104166666667,-0.0465,0.00905241316429081
7.1,0.190104166666667,-0.0465,0.00972540821712569
7.13333333333333,0.190104166666667,-0.0465,0.0103502673571251
7.16666666666667,0.190104166666667,-0.0465,0.0109286638531586
7.2,0.19031442006429,-0.0465,0.0105527526455941
7.23333333333333,0.19031442006429,-0.0465,0.0112065263374249
7.26666666666667,0.19031442006429,-0.0465,0.0117977623504667
7.3,0.19031442006429,-0.0465,0.0123310503583542
7.33333333333333,0.19031442006429,-0.0465,0.0128107253281783
7.36666666666667,0.19031442006429,-0.0465,0.0132408738760591
7.4,0.19031442006429,-0.0465,0.0136253415461556
7.43333333333333,0.19031442006429,-0.0465,0.0139677408061698
7.46666666666667,0.190253512064616,-0.0465,0.0145349799057778
7.5,0.190253512064616,-0.0465,0.0147560505447283
7.53333333333333,0.190253512064616,-0.0465,0.0149509033278171
7.56666666666667,0.190253512064616,-0.0465,0.0151215701726943
7.6,0.190253512064616,-0.0465,0.0152699740682714
7.63333333333333,0.190253512064616,-0.0465,0.0153979304230995
7.66666666666667,0.190253512064616,-0.0465,0.0155071490863277
7.7,0.190253512064616,-0.0465,0.0155992369134843
7.73333333333333,0.190231323242188,-0.0465,0.0157717013856045
7.76666666666667,0.190231323242188,-0.0465,0.015816778355838
7.8,0.190231323242188,-0.0465,0.0158512627122378
7.83333333333333,0.190231323242188,-0.0465,0.0158761138980823
7.86666666666667,0.190231323242188,-0.0465,0.0158922346964026
7.9,0.190231323242188,-0.0465,0.0159004722951373
7.93333333333333,0.190231323242188,-0.0465,0.0159016196611574
7.96666666666667,0.190231323242188,-0.0465,0.0158964171598034
8,0.190183766682943,-0.0465,0.0160913092745435
8.03333333333333,0.190183766682943,-0.0465,0.0160386203661238
8.06666666666667,0.190183766682943,-0.0465,0.0159864439749655
8.1,0.190183766682943,-0.0465,0.0159347541290939
8.13333333333333,0.190183766682943,-0.0465,0.0158835439398643
8.16666666666667,0.190183766682943,-0.0465,0.0158328215554391
8.2,0.190183766682943,-0.0465,0.0157826067117951
8.23333333333333,0.190183766682943,-0.0465,0.0157329278071862
8.26666666666667,0.190364583333333,-0.0465,0.0149015106611556
8.3,0.190364583333333,-0.0465,0.0149929551861143
8.33333333333333,0.190364583333333,-0.0465,0.0150662746739821
8.36666666666667,0.190364583333333,-0.0465,0.015123698500929
8.4,0.190364583333333,-0.0465,0.0151672217574521
8.43333333333333,0.190364583333333,-0.0465,0.0151986279853113
8.46666666666667,0.190364583333333,-0.0465,0.0152195098119378
8.5,0.190364583333333,-0.0465,0.0152312876705204
8.53333333333333,0.19024600982666,-0.0465,0.0157482386839412
8.56666666666667,0.19024600982666,-0.0465,0.0156536940710457
8.6,0.19024600982666,-0.0465,0.0155657478987105
8.63333333333333,0.19024600982666,-0.0465,0.0154838521050734
8.66666666666667,0.19024600982666,-0.0465,0.0154075103542836
8.7,0.19024600982666,-0.0465,0.0153362728722532
8.73333333333333,0.19024600982666,-0.0465,0.0152697318020122
8.76666666666667,0.19024600982666,-0.0465,0.0152075170271367
8.8,0.190349706013997,-0.0465,0.0147006476878249
8.83333333333333,0.190349706013997,-0.0465,0.0147263637298653
8.86666666666667,0.190349706013997,-0.0465,0.0147447189971636
8.9,0.190349706013997,-0.0465,0.0147567147662784
8.93333333333333,0.190349706013997,-0.0465,0.0147632404524322
8.96666666666667,0.190349706013997,-0.0465,0.0147650849825225
9,0.190349706013997,-0.0465,0.0147629470747914
9.03333333333333,0.190349706013997,-0.0465,0.0147574445264002
9.06666666666667,0.190164693196615,-0.0465,0.015549586219098
9.1,0.190164693196615,-0.0465,0.0153957339333175
9.13333333333333,0.190164693196615,-0.0465,0.0152591758701149
9.16666666666667,0.190164693196615,-0.0465,0.0151380442040806
9.2,0.190164693196615,-0.0465,0.0150306642393997
9.23333333333333,0.190164693196615,-0.0465,0.0149355351938794
9.26666666666667,0.190164693196615,-0.0465,0.0148513128344114
9.3,0.190164693196615,-0.0465,0.0147767937901738
9.33333333333333,0.190104166666667,-0.0465,0.0149727712704809
9.36666666666667,0.190104166666667,-0.0465,0.014867698026923
9.4,0.190104166666667,-0.0465,0.0147757131224085
9.43333333333333,0.190104166666667,-0.0465,0.0146953159305109
9.46666666666667,0.190104166666667,-0.0465,0.0146251667455184
9.5,0.190104166666667,-0.0465,0.0145640703902018
9.53333333333333,0.190104166666667,-0.0465,0.0145109614283744
9.56666666666667,0.190104166666667,-0.0465,0.0144648908299712
9.6,0.190238316853841,-0.0465,0.0138446090590129
9.63333333333333,0.190238316853841,-0.0465,0.0139140007911212
9.66666666666667,0.190238316853841,-0.0465,0.013974238141036
9.7,0.190238316853841,-0.0465,0.0140263515906268
9.73333333333333,0.190238316853841,-0.0465,0.0140712650378585
9.76666666666667,0.190238316853841,-0.0465,0.0141098062456853
9.8,0.190238316853841,-0.0465,0.0141427163041938
9.83333333333333,0.190238316853841,-0.0465,0.0141706581966191
9.86666666666667,0.19030278523763,-0.0465,0.0139153001157427
9.9,0.19030278523763,-0.0465,0.0139849157415873
9.93333333333333,0.19030278523763,-0.0465,0.0140444632226861
9.96666666666667,0.19030278523763,-0.0465,0.0140951434366494
10,0.19030278523763,-0.0465,0.0141380277122019
10.0333333333333,0.19030278523763,-0.0465,0.0141740709516499
10.0666666666667,0.19030278523763,-0.0465,0.0142041234809592
10.1,0.19030278523763,-0.0465,0.0142289417468916
10.1333333333333,0.190240414937337,-0.0465,0.0145190449832267
10.1666666666667,0.190240414937337,-0.0465,0.0144870641622986
10.2,0.190240414937337,-0.0465,0.0144581233586454
10.2333333333333,0.190240414937337,-0.0465,0.0144319365410798
10.2666666666667,0.190240414937337,-0.0465,0.0144082442128098
10.3,0.190240414937337,-0.0465,0.0143868109865224
10.3333333333333,0.190240414937337,-0.0465,0.0143674233778985
10.3666666666667,0.190240414937337,-0.0465,0.0143498877981407
10.4,0.190364583333333,-0.0465,0.0137968103614584
10.4333333333333,0.190364583333333,-0.0465,0.013878569232328
10.4666666666667,0.190364583333333,-0.0465,0.0139488080473838
10.5,0.190364583333333,-0.0465,0.0140088981333117
10.5333333333333,0.190364583333333,-0.0465,0.0140600623245011
10.5666666666667,0.190364583333333,-0.0465,0.0141033900817879
10.6,0.190364583333333,-0.0465,0.0141398511375689
10.6333333333333,0.190364583333333,-0.0465,0.0141703078063071
10.6666666666667,0.190339724222819,-0.0465,0.014303079789302
10.7,0.190339724222819,-0.0465,0.0143044995812993
10.7333333333333,0.190339724222819,-0.0465,0.0143045443674502
10.7666666666667,0.190339724222819,-0.0465,0.014303446673827
10.8,0.190339724222819,-0.0465,0.0143014093609389
10.8333333333333,0.190339724222819,-0.0465,0.0142986089510897
10.8666666666667,0.190339724222819,-0.0465,0.0142951986098585
10.9,0.190339724222819,-0.0465,0.014291310815866
10.9333333333333,0.190202522277832,-0.0465,0.014880668164794
10.9666666666667,0.190202522277832,-0.0465,0.0147699639438985
11,0.190202522277832,-0.0465,0.0146733248371744
11.0333333333333,0.190202522277832,-0.0465,0.0145891623832482
11.0666666666667,0.190202522277832,-0.0465,0.0145160547340788
11.1,0.190202522277832,-0.0465,0.0144527300492649
11.1333333333333,0.190202522277832,-0.0465,0.014398051484368
11.1666666666667,0.190202522277832,-0.0465,0.0143510036245905
11.2,0.190202522277832,-0.0465,0.0143106802286948
11.2333333333333,0.190364583333333,-0.0465,0.0135751110427115
11.2666666666667,0.190364583333333,-0.0465,0.0136713279706395
11.3,0.190364583333333,-0.0465,0.0137552723814642
11.3333333333333,0.190364583333333,-0.0465,0.0138283346924441
11.3666666666667,0.190364583333333,-0.0465,0.0138917591138921
11.4,0.190364583333333,-0.0465,0.0139466582503073
11.4333333333333,0.190364583333333,-0.0465,0.0139940262976231
11.4666666666667,0.190364583333333,-0.0465,0.0140347509676811
11.5,0.19010435740153,-0.0465,0.0151954997191189
11.5333333333333,0.19010435740153,-0.0465,0.0150238249176132
11.5666666666667,0.19010435740153,-0.0465,0.0148746545607017
11.6,0.19010435740153,-0.0465,0.0147454003111008
11.6333333333333,0.19010435740153,-0.0465,0.0146337486155074
11.6666666666667,0.19010435740153,-0.0465,0.0145376330811969
11.7,0.19010435740153,-0.0465,0.0144552095214659
11.7333333333333,0.19010435740153,-0.0465,0.0143848334197504
11.7666666666667,0.1903289159139,-0.0465,0.0133534803071464
11.8,0.1903289159139,-0.0465,0.0134767623221307
11.8333333333333,0.1903289159139,-0.0465,0.0135848451363175
11.8666666666667,0.1903289159139,-0.0465,0.0136794147940838
11.9,0.1903289159139,-0.0465,0.0137619825993978
11.9333333333333,0.1903289159139,-0.0465,0.0138339023820088
11.9666666666667,0.1903289159139,-0.0465,0.0138963861169711
12,0.1903289159139,-0.0465,0.0139505180502965
12.0333333333333,0.190104166666667,-0.0465,0.0149696519678893
12.0666666666667,0.190104166666667,-0.0465,0.0148359393175901
12.1,0.190104166666667,-0.0465,0.014719820135889
12.1333333333333,0.190104166666667,-0.0465,0.0146192650338738
12.1666666666667,0.190104166666667,-0.0465,0.0145324605519371
12.2,0.190104166666667,-0.0465,0.0144577874144426
12.2333333333333,0.190104166666667,-0.0465,0.0143938008883197
12.2666666666667,0.190104166666667,-0.0465,0.0143392130481375
12.3,0.190104166666667,-0.0465,0.0142928767683065
12.3333333333333,0.190104166666667,-0.0465,0.0142537712795191
12.3666666666667,0.190104166666667,-0.0465,0.014220989141514
12.4,0.190104166666667,-0.0465,0.0141937244978924
12.4333333333333,0.190104166666667,-0.0465,0.0141712624911061
12.4666666666667,0.190104166666667,-0.0465,0.0141529697270203
12.5,0.190104166666667,-0.0465,0.0141382856887123
12.5333333333333,0.190104166666667,-0.0465,0.014126715008493
12.5666666666667,0.190364583333333,-0.0465,0.0129911198353436
12.6,0.190364583333333,-0.0465,0.013186066649486
12.6333333333333,0.190364583333333,-0.0465,0.0133559247113007
12.6666666666667,0.190364583333333,-0.0465,0.0135035465602306
12.7,0.190364583333333,-0.0465,0.0136314843095044
12.7333333333333,0.190364583333333,-0.0465,0.0137420196700747
12.7666666666667,0.190364583333333,-0.0465,0.0138371910869033
12.8,0.190364583333333,-0.0465,0.0139188182572981
12.8333333333333,0.190003649393717,-0.0465,0.0155501160151355
12.8666666666667,0.190003649393717,-0.0465,0.0153300013487001
12.9,0.190003649393717,-0.0465,0.0151381781497214
12.9333333333333,0.190003649393717,-0.0465,0.0149714259958632
12.9666666666667,0.190003649393717,-0.0465,0.0148268641952049
13,0.190003649393717,-0.0465,0.0147019177787978
13.0333333333333,0.190003649393717,-0.0465,0.0145942867688772
13.0666666666667,0.190003649393717,-0.0465,0.014501918416384
13.1,0.190364583333333,-0.0465,0.0128613903906932
13.1333333333333,0.190364583333333,-0.0465,0.0130736011236227
13.1666666666667,0.190364583333333,-0.0465,0.0132586826827416
13.2,0.190364583333333,-0.0465,0.0134197098468598
13.2333333333333,0.190364583333333,-0.0465,0.0135594341326058
13.2666666666667,0.190364583333333,-0.0465,0.0136803160655646
13.3,0.190364583333333,-0.0465,0.0137845543498457
13.3333333333333,0.190364583333333,-0.0465,0.0138741122256238
13.3666666666667,0.190074030558268,-0.0465,0.0152078267535659
13.4,0.190074030558268,-0.0465,0.0150482141242767
13.4333333333333,0.190074030558268,-0.0465,0.0149087948292127
13.4666666666667,0.190074030558268,-0.0465,0.0147872916050732
13.5,0.190074030558268,-0.0465,0.0146816659380028
13.5333333333333,0.190074030558268,-0.0465,0.0145900942701895
13.5666666666667,0.190074030558268,-0.0465,0.0145109464906578
13.6,0.190074030558268,-0.0465,0.0144427664971867
13.6333333333333,0.189969253540039,-0.0465,0.014837575612539
13.6666666666667,0.189969253540039,-0.0465,0.0147064802964982
13.7,0.189969253540039,-0.0465,0.0145937409576457
13.7333333333333,0.189969253540039,-0.0465,0.0144971707074231
13.7666666666667,0.189969253540039,-0.0465,0.0144148200122876
13.8,0.189969253540039,-0.0465,0.0143449524666959
13.8333333333333,0.189969253540039,-0.0465,0.0142860229330554
13.8666666666667,0.189969253540039,-0.0465,0.0142366578248743
13.9,0.190142631530762,-0.0465,0.013445512145607
13.9333333333333,0.190142631530762,-0.0465,0.0135459406772094
13.9666666666667,0.190142631530762,-0.0465,0.0136346700198506
14,0.190142631530762,-0.0465,0.0137129490436165
14.0333333333333,0.190142631530762,-0.0465,0.0137819007631197
14.0666666666667,0.190142631530762,-0.0465,0.0138425345096156
14.1,0.190142631530762,-0.0465,0.0138957569618007
14.1333333333333,0.190142631530762,-0.0465,0.0139423821397482
14.1666666666667,0.190142186482747,-0.0465,0.0139850659709124
14.2,0.190142186482747,-0.0465,0.0140202679852026
14.2333333333333,0.190142186482747,-0.0465,0.0140508913700101
14.2666666666667,0.190142186482747,-0.0465,0.0140774564828758
14.3,0.190142186482747,-0.0465,0.0141004290596635
14.3333333333333,0.190142186482747,-0.0465,0.0141202256516629
14.3666666666667,0.190142186482747,-0.0465,0.0141372185418058
14.4,0.190142186482747,-0.0465,0.0141517401884719
14.4333333333333,0.190007400512695,-0.0465,0.0147472428664783
14.4666666666667,0.190007400512695,-0.0465,0.0146533617425014
14.5,0.190007400512695,-0.0465,0.014571801787367
14.5333333333333,0.190007400512695,-0.0465,0.0145011421589964
14.5666666666667,0.190007400512695,-0.0465,0.014440113247365
14.6,0.190007400512695,-0.0465,0.0143875814366577
14.6333333333333,0.190007400512695,-0.0465,0.0143425353425259
14.6666666666667,0.190007400512695,-0.0465,0.0143040733859451
14.7,0.190104166666667,-0.0465,0.0138527308504835
14.7333333333333,0.190104166666667,-0.0465,0.013900009159598
14.7666666666667,0.190104166666667,-0.0465,0.0139416710451709
14.8,0.190104166666667,-0.0465,0.0139783229940949
14.8333333333333,0.190104166666667,-0.0465,0.0140105099084126
14.8666666666667,0.190104166666667,-0.0465,0.0140387210936784
14.9,0.190104166666667,-0.0465,0.0140633956835596
14.9333333333333,0.190104166666667,-0.0465,0.0140849275524287
14.9666666666667,0.1903289159139,-0.0465,0.0131312852648189
15,0.1903289159139,-0.0465,0.0133214995210585
15.0333333333333,0.1903289159139,-0.0465,0.0134861863012912
15.0666666666667,0.1903289159139,-0.0465,0.0136283175930886
15.1,0.1903289159139,-0.0465,0.0137505475201459
15.1333333333333,0.1903289159139,-0.0465,0.0138552444562664
15.1666666666667,0.1903289159139,-0.0465,0.0139445200255105
15.2,0.1903289159139,-0.0465,0.0140202552811782
15.2333333333333,0.190104166666667,-0.0465,0.0150565088276744
15.2666666666667,0.190104166666667,-0.0465,0.0149360547101888
15.3,0.190104166666667,-0.0465,0.0148298821281391
15.3333333333333,0.190104166666667,-0.0465,0.014736445321568
15.3666666666667,0.190104166666667,-0.0465,0.0146543560258044
15.4,0.190104166666667,-0.0465,0.0145823681033211
15.4333333333333,0.190104166666667,-0.0465,0.0145193636271678
15.4666666666667,0.190104166666667,-0.0465,0.0144643402823208
15.5,0.190125592549642,-0.0465,0.0143237002247558
15.5333333333333,0.190125592549642,-0.0465,0.0142986213525056
15.5666666666667,0.190125592549642,-0.0465,0.0142768768487842
15.6,0.190125592549642,-0.0465,0.0142580823663329
15.6333333333333,0.190125592549642,-0.0465,0.0142418943125703
15.6666666666667,0.190125592549642,-0.0465,0.0142280057616394
15.7,0.190125592549642,-0.0465,0.0142161427604582
15.7333333333333,0.190125592549642,-0.0465,0.0142060609919254
15.7666666666667,0.190224838256836,-0.0465,0.0137681531714976
15.8,0.190224838256836,-0.0465,0.0138378162335882
15.8333333333333,0.190224838256836,-0.0465,0.0138983713502633
15.8666666666667,0.190224838256836,-0.0465,0.0139508659501917
15.9,0.190224838256836,-0.0465,0.0139962362024172
15.9333333333333,0.190224838256836,-0.0465,0.0140353182091014
15.9666666666667,0.190224838256836,-0.0465,0.0140688581160933
16,0.190224838256836,-0.0465,0.0140975212428341
16.0333333333333,0.190178044637044,-0.0465,0.0143243543522926
16.0666666666667,0.190178044637044,-0.0465,0.0143087608961597
16.1,0.190178044637044,-0.0465,0.0142947390233411
16.1333333333333,0.190178044637044,-0.0465,0.014282139444433
16.1666666666667,0.190178044637044,-0.0465,0.0142708265161439
16.2,0.190178044637044,-0.0465,0.0142606770273161
16.2333333333333,0.190178044637044,-0.0465,0.0142515790907855
16.2666666666667,0.190178044637044,-0.0465,0.0142434311319935
16.3,0.190236727396647,-0.0465,0.0139822482102063
16.3333333333333,0.190236727396647,-0.0465,0.0140211499166142
16.3666666666667,0.190236727396647,-0.0465,0.0140546564942983
16.4,0.190236727396647,-0.0465,0.0140834090258376
16.4333333333333,0.190236727396647,-0.0465,0.0141079790535221
16.4666666666667,0.190236727396647,-0.0465,0.0141288756783764
16.5,0.190236727396647,-0.0465,0.0141465519653331
16.5333333333333,0.190236727396647,-0.0465,0.0141614107201849
16.5666666666667,0.190082232157389,-0.0465,0.014842238079992
16.6,0.190082232157389,-0.0465,0.014732922574404
16.6333333333333,0.190082232157389,-0.0465,0.0146377882397495
16.6666666666667,0.190082232157389,-0.0465,0.014555215155759
16.7,0.190082232157389,-0.0465,0.0144837545405905
16.7333333333333,0.190082232157389,-0.0465,0.0144221116095521
16.7666666666667,0.190082232157389,-0.0465,0.0143691300852095
16.8,0.190082232157389,-0.0465,0.0143237782044419
16.8333333333333,0.190082232157389,-0.0465,0.0142851360821128
16.8666666666667,0.190364583333333,-0.0465,0.0130307832977467
16.9,0.190364583333333,-0.0465,0.013221719257451
16.9333333333333,0.190364583333333,-0.0465,0.0133878495534696
16.9666666666667,0.190364583333333,-0.0465,0.0135320138481636
17,0.190364583333333,-0.0465,0.013656751199781
17.0333333333333,0.190364583333333,-0.0465,0.0137643302235677
17.0666666666667,0.190364583333333,-0.0465,0.0138567763428519
17.1,0.190364583333333,-0.0465,0.0139358964025943
17.1333333333333,0.190104166666667,-0.0465,0.015130001573248
17.1666666666667,0.190104166666667,-0.0465,0.0149855743432749
17.2,0.190104166666667,-0.0465,0.0148591825495192
17.2333333333333,0.190104166666667,-0.0465,0.0147488101537996
17.2666666666667,0.190104166666667,-0.0465,0.0146526511325625
17.3,0.190104166666667,-0.0465,0.0145690886485869
17.3333333333333,0.190104166666667,-0.0465,0.0144966762146073
17.3666666666667,0.190260060628255,-0.0465,0.0137596406665468
17.4,0.190260060628255,-0.0465,0.0138264414102698
17.4333333333333,0.190260060628255,-0.0465,0.0138847250635478
17.4666666666667,0.190260060628255,-0.0465,0.0139354576612596
17.5,0.190260060628255,-0.0465,0.0139795035165282
17.5333333333333,0.190260060628255,-0.0465,0.0140176353926294
17.5666666666667,0.190260060628255,-0.0465,0.0140505436957331
17.6,0.190260060628255,-0.0465,0.0140788447800147
17.6333333333333,0.190496699015299,-0.0465,0.013079265222735
17.6666666666667,0.190496699015299,-0.0465,0.0132830885646792
17.7,0.190496699015299,-0.0465,0.0134592091117474
17.7333333333333,0.190496699015299,-0.0465,0.0136108775855628
17.7666666666667,0.190496699015299,-0.0465,0.0137409951370159
17.8,0.190496699015299,-0.0465,0.0138521488053223
17.8333333333333,0.190496699015299,-0.0465,0.0139466435282894
17.8666666666667,0.190496699015299,-0.0465,0.0140265310287397
17.9,0.190324529012044,-0.0465,0.014838534661756
17.9333333333333,0.190324529012044,-0.0465,0.0147612262067068
17.9666666666667,0.190324529012044,-0.0465,0.0146920719940452
18,0.190324529012044,-0.0465,0.0146302643756756
18.0333333333333,0.190324529012044,-0.0465,0.0145750724074671
18.0666666666667,0.190324529012044,-0.0465,0.0145258347819637
18.1,0.190324529012044,-0.0465,0.0144819533974269
18.1333333333333,0.190324529012044,-0.0465,0.0144428875069452
18.1666666666667,0.190324529012044,-0.0465,0.0144081483962538
18.2,0.190094757080078,-0.0465,0.0153714098408673
18.2333333333333,0.190094757080078,-0.0465,0.0151662097642121
18.2666666666667,0.190094757080078,-0.0465,0.0149879950402019
18.3,0.190094757080078,-0.0465,0.0148336614201993
18.3333333333333,0.190094757080078,-0.0465,0.0147004340014023
18.3666666666667,0.190094757080078,-0.0465,0.0145858341460779
18.4,0.190094757080078,-0.0465,0.0144876495942136
18.4333333333333,0.190094757080078,-0.0465,0.0144039074704798
18.4666666666667,0.19015261332194,-0.0465,0.0140825331122372
18.5,0.19015261332194,-0.0465,0.0140673733116236
18.5333333333333,0.19015261332194,-0.0465,0.0140559339677812
18.5666666666667,0.19015261332194,-0.0465,0.014047678560445
18.6,0.19015261332194,-0.0465,0.0140421348087872
18.6333333333333,0.19015261332194,-0.0465,0.0140388877084549
18.6666666666667,0.19015261332194,-0.0465,0.0140375732770823
18.7,0.19015261332194,-0.0465,0.0140378729393063
18.7333333333333,0.190428670247396,-0.0465,0.0128451397501056
18.7666666666667,0.190428670247396,-0.0465,0.0130615240073262
18.8,0.190428670247396,-0.0465,0.0132501263958721
18.8333333333333,0.190428670247396,-0.0465,0.013414103893473
18.8666666666667,0.190428670247396,-0.0465,0.0135562809854874
18.9,0.190428670247396,-0.0465,0.0136791829002631
18.9333333333333,0.190428670247396,-0.0465,0.0137850656471217
18.9666666666667,0.190428670247396,-0.0465,0.0138759431556819
19,0.190364583333333,-0.0465,0.0142308857834989
19.0333333333333,0.190364583333333,-0.0465,0.0142473461852417
19.0666666666667,0.190364583333333,-0.0465,0.0142602786773173
19.1,0.190364583333333,-0.0465,0.0142701760511802
19.1333333333333,0.190364583333333,-0.0465,0.0142774728892283
19.1666666666667,0.190364583333333,-0.0465,0.014282551828411
19.2,0.190364583333333,-0.0465,0.0142857491893491
19.2333333333333,0.190364583333333,-0.0465,0.0142873600325434
19.2666666666667,0.190055720011393,-0.0465,0.0156239493148506
19.3,0.190055720011393,-0.0465,0.0153840836977029
19.3333333333333,0.190055720011393,-0.0465,0.0151753836463405
19.3666666666667,0.190055720011393,-0.0465,0.0149942839333295
19.4,0.190055720011393,-0.0465,0.0148375964393832
19.4333333333333,0.190055720011393,-0.0465,0.0147024723446271
19.4666666666667,0.190055720011393,-0.0465,0.0145863679653345
19.5,0.190204302469889,-0.0465,0.0138441673398408
19.5333333333333,0.190204302469889,-0.0465,0.0138745364721239
19.5666666666667,0.190204302469889,-0.0465,0.0139024028687092
19.6,0.190204302469889,-0.0465,0.0139279607051778
19.6333333333333,0.190204302469889,-0.0465,0.0139513898749397
19.6666666666667,0.190204302469889,-0.0465,0.0139728569829142
19.7,0.190204302469889,-0.0465,0.0139925162746477
19.7333333333333,0.190204302469889,-0.0465,0.0140105105046567
19.7666666666667,0.190204302469889,-0.0465,0.0140269717476049
19.8,0.190364583333333,-0.0465,0.0133485620934945
19.8333333333333,0.190364583333333,-0.0465,0.0134863645107199
19.8666666666667,0.190364583333333,-0.0465,0.0136063303693182
19.9,0.190364583333333,-0.0465,0.0137104949634655
19.9333333333333,0.190364583333333,-0.0465,0.0138006786955594
19.9666666666667,0.190364583333333,-0.0465,0.0138785085917913
20,0.190364583333333,-0.0465,0.0139454377454351
20.0333333333333,0.190220260620117,-0.0465,0.0146271795183864
20.0666666666667,0.190220260620117,-0.0465,0.0145643578127059
20.1,0.190220260620117,-0.0465,0.0145091043414226
20.1333333333333,0.190220260620117,-0.0465,0.0144605900597578
20.1666666666667,0.190220260620117,-0.0465,0.0144180711793712
20.2,0.190220260620117,-0.0465,0.0143808807879498
20.2333333333333,0.190220260620117,-0.0465,0.01434842126507
20.2666666666667,0.190220260620117,-0.0465,0.0143201574206491
20.3,0.190220260620117,-0.0465,0.0142956102889809
20.3333333333333,0.190176264444987,-0.0465,0.0144647023159513
20.3666666666667,0.190176264444987,-0.0465,0.0144122981069019
20.4,0.190176264444987,-0.0465,0.0143670260118337
20.4333333333333,0.190176264444987,-0.0465,0.01432804879073
20.4666666666667,0.190176264444987,-0.0465,0.0142946192474508
20.5,0.190176264444987,-0.0465,0.0142660710959968
20.5333333333333,0.190176264444987,-0.0465,0.0142418107150976
20.5666666666667,0.190176264444987,-0.0465,0.014221309707432
20.6,0.190040842692057,-0.0465,0.0147900045470921
20.6333333333333,0.190040842692057,-0.0465,0.01467085497272
20.6666666666667,0.190040842692057,-0.0465,0.0145682687899434
20.7,0.190040842692057,-0.0465,0.0144802795213276
20.7333333333333,0.190040842692057,-0.0465,0.0144051336888833
20.7666666666667,0.190040842692057,-0.0465,0.0143412691018862
20.8,0.190040842692057,-0.0465,0.0142872952639908
20.8333333333333,0.190040842692057,-0.0465,0.0142419756994155
20.8666666666667,0.190204302469889,-0.0465,0.0134969982837639
20.9,0.190204302469889,-0.0465,0.0135923260489065
20.9333333333333,0.190204302469889,-0.0465,0.0136763980003455
20.9666666666667,0.190204302469889,-0.0465,0.0137504266755994
21,0.190204302469889,-0.0465,0.013815501603495
21.0333333333333,0.190204302469889,-0.0465,0.013872601261669
21.0666666666667,0.190204302469889,-0.0465,0.0139226039083428
21.1,0.190204302469889,-0.0465,0.0139662973917319
21.1333333333333,0.190114466349284,-0.0465,0.0143930667570377
21.1666666666667,0.190114466349284,-0.0465,0.0143566584171005
21.2,0.190114466349284,-0.0465,0.0143251749632543
21.2333333333333,0.190114466349284,-0.0465,0.0142980366578732
21.2666666666667,0.190114466349284,-0.0465,0.0142747263913779
21.3,0.190114466349284,-0.0465,0.014254783301144
21.3333333333333,0.190114466349284,-0.0465,0.0142377970135247
21.3666666666667,0.190114466349284,-0.0465,0.0142234024500764
21.4,0.190162340799967,-0.0465,0.014004144868075
21.4333333333333,0.190162340799967,-0.0465,0.0140310493356006
21.4666666666667,0.190162340799967,-0.0465,0.0140547063727955
21.5,0.190162340799967,-0.0465,0.014075468775289
21.5333333333333,0.190162340799967,-0.0465,0.014093653434267
21.5666666666667,0.190162340799967,-0.0465,0.0141095448297405
21.6,0.190162340799967,-0.0465,0.0141233981950142
21.6333333333333,0.190162340799967,-0.0465,0.0141354423825237
21.6666666666667,0.190578333536784,-0.0465,0.0123460771481926
21.7,0.190578333536784,-0.0465,0.0126770557027427
21.7333333333333,0.190578333536784,-0.0465,0.0129635827625805
21.7666666666667,0.190578333536784,-0.0465,0.0132108373523009
21.8,0.190578333536784,-0.0465,0.013423444235834
21.8333333333333,0.190578333536784,-0.0465,0.0136055299425917
21.8666666666667,0.190578333536784,-0.0465,0.0137607733589
21.9,0.190578333536784,-0.0465,0.0138924513956995
21.9333333333333,0.19033317565918,-0.0465,0.0150641632589006
21.9666666666667,0.19033317565918,-0.0465,0.0149673946157228
22,0.19033317565918,-0.0465,0.0148803281393828
22.0333333333333,0.19033317565918,-0.0465,0.0148020408381038
22.0666666666667,0.19033317565918,-0.0465,0.0147316944751678
22.1,0.19033317565918,-0.0465,0.0146685279827683
22.1333333333333,0.19033317565918,-0.0465,0.0146118505417878
22.1666666666667,0.19033317565918,-0.0465,0.0145610352699421
22.2,0.190254847208659,-0.0465,0.0148544039046202
22.2333333333333,0.190254847208659,-0.0465,0.014753037233662
22.2666666666667,0.190254847208659,-0.0465,0.0146641140088043
22.3,0.190254847208659,-0.0465,0.0145862628845796
22.3333333333333,0.190254847208659,-0.0465,0.0145182537415075
22.3666666666667,0.190254847208659,-0.0465,0.0144589838100961
22.4,0.190254847208659,-0.0465,0.0144074651117013
22.4333333333333,0.190254847208659,-0.0465,0.0143628130945715
22.4666666666667,0.190364583333333,-0.0465,0.0138494596517365
22.5,0.190364583333333,-0.0465,0.0139011812746514
22.5333333333333,0.190364583333333,-0.0465,0.0139462438775903
22.5666666666667,0.190364583333333,-0.0465,0.0139854106460118
22.6,0.190364583333333,-0.0465,0.0140193636783505
22.6333333333333,0.190364583333333,-0.0465,0.0140487121552796
22.6666666666667,0.190364583333333,-0.0465,0.0140739997176979
22.7,0.190364583333333,-0.0465,0.014095711127796
22.7333333333333,0.190104166666667,-0.0465,0.0152409789610113
22.7666666666667,0.190104166666667,-0.0465,0.0150552359636551
22.8,0.190104166666667,-0.0465,0.0148941158768558
22.8333333333333,0.190104166666667,-0.0465,0.0147547723002566
22.8666666666667,0.190104166666667,-0.0465,0.0146346618398249
22.9,0.190104166666667,-0.0465,0.0145315135975656
22.9333333333333,0.190104166666667,-0.0465,0.0144433016120925
22.9666666666667,0.190104166666667,-0.0465,0.0143682199732609
23,0.190048217773438,-0.0465,0.0145467249586864
23.0333333333333,0.190048217773438,-0.0465,0.0144499545361905
23.0666666666667,0.190048217773438,-0.0465,0.0143678127239033
23.1,0.190048217773438,-0.0465,0.0142984933219262
23.1333333333333,0.190048217773438,-0.0465,0.0142403902701057
23.1666666666667,0.190048217773438,-0.0465,0.0141920769412479
23.2,0.190048217773438,-0.0465,0.0141522874767673
23.2333333333333,0.190048217773438,-0.0465,0.0141198999703123
23.2666666666667,0.190186818440755,-0.0465,0.0134942612928894
23.3,0.190186818440755,-0.0465,0.0135810840268304
23.3333333333333,0.190186818440755,-0.0465,0.013658270836084
23.3666666666667,0.190186818440755,-0.0465,0.0137268151744347
23.4,0.190186818440755,-0.0465,0.0137876129992557
23.4333333333333,0.190186818440755,-0.0465,0.0138414720049145
23.4666666666667,0.190186818440755,-0.0465,0.0138891200050906
23.5,0.190186818440755,-0.0465,0.0139312125407943
23.5333333333333,0.190070215861003,-0.0465,0.0144728244148389
23.5666666666667,0.190070215861003,-0.0465,0.0144152724776895
23.6,0.190070215861003,-0.0465,0.0143658715866247
23.6333333333333,0.190070215861003,-0.0465,0.0143236406136362
23.6666666666667,0.190070215861003,-0.0465,0.0142877057983296
23.7,0.190070215861003,-0.0465,0.01425728971669
23.7333333333333,0.190070215861003,-0.0465,0.0142317013333177
23.7666666666667,0.190070215861003,-0.0465,0.0142103270342595
23.8,0.19009469350179,-0.0465,0.0140867192848858
23.8333333333333,0.19009469350179,-0.0465,0.0140911469526686
23.8666666666667,0.19009469350179,-0.0465,0.0140957938496596
23.9,0.19009469350179,-0.0465,0.0141005789927664
23.9333333333333,0.19009469350179,-0.0465,0.0141054340200091
23.9666666666667,0.19009469350179,-0.0465,0.0141103016272908
24,0.19009469350179,-0.0465,0.0141151341779006
24.0333333333333,0.19009469350179,-0.0465,0.0141198924669508
24.0666666666667,0.19009469350179,-0.0465,0.0141245446246998
24.1,0.190187009175618,-0.0465,0.0137296585554869
24.1333333333333,0.190187009175618,-0.0465,0.01380547545475
24.1666666666667,0.190187009175618,-0.0465,0.013871539688845
24.2,0.190187009175618,-0.0465,0.0139289567684988
24.2333333333333,0.190187009175618,-0.0465,0.0139787161543771
24.2666666666667,0.190187009175618,-0.0465,0.0140217028199372
24.3,0.190187009175618,-0.0465,0.0140587077051381
24.3333333333333,0.190187009175618,-0.0465,0.0140904371643616
24.3666666666667,0.19030278523763,-0.0465,0.0136166128260239
24.4,0.19030278523763,-0.0465,0.013729219276085
24.4333333333333,0.19030278523763,-0.0465,0.0138262213474774
24.4666666666667,0.19030278523763,-0.0465,0.0139094650260363
24.5,0.19030278523763,-0.0465,0.0139805969667655
24.5333333333333,0.19030278523763,-0.0465,0.0140410847606989
24.5666666666667,0.19030278523763,-0.0465,0.014092235227739
24.6,0.19030278523763,-0.0465,0.0141352109216343
24.6333333333333,0.190069643656413,-0.0465,0.0151797392042617
24.6666666666667,0.190069643656413,-0.0465,0.0150289082120919
24.7,0.190069643656413,-0.0465,0.0148968748457699
24.7333333333333,0.190069643656413,-0.0465,0.0147815392648119
24.7666666666667,0.190069643656413,-0.0465,0.0146810203306789
24.8,0.190069643656413,-0.0465,0.0145936339170297
24.8333333333333,0.190069643656413,-0.0465,0.0145178732944334
24.8666666666667,0.190069643656413,-0.0465,0.0144523913966108
24.9,0.190082232157389,-0.0465,0.0143415202579867
24.9333333333333,0.190082232157389,-0.0465,0.0143028575843555
24.9666666666667,0.190082232157389,-0.0465,0.0142699305795122
25,0.190082232157389,-0.0465,0.0142420375882499
25.0333333333333,0.190082232157389,-0.0465,0.0142185542654533
25.0666666666667,0.190082232157389,-0.0465,0.0141989256082255
25.1,0.190082232157389,-0.0465,0.0141826587717321
25.1333333333333,0.190082232157389,-0.0465,0.0141693165942984
25.1666666666667,0.190317980448405,-0.0465,0.0131385395663277
25.2,0.190317980448405,-0.0465,0.0133123875424792
25.2333333333333,0.190317980448405,-0.0465,0.0134636479729579
25.2666666666667,0.190317980448405,-0.0465,0.0135949053810855
25.3,0.190317980448405,-0.0465,0.0137084708441663
25.3333333333333,0.190317980448405,-0.0465,0.0138064094156888
25.3666666666667,0.190317980448405,-0.0465,0.0138905649029521
25.4,0.190317980448405,-0.0465,0.0139625822476588
25.4333333333333,0.189981778462728,-0.0465,0.0154785159173092
25.4666666666667,0.189981778462728,-0.0465,0.0152702907696245
25.5,0.189981778462728,-0.0465,0.0150887716584098
25.5333333333333,0.189981778462728,-0.0465,0.0149309244779394
25.5666666666667,0.189981778462728,-0.0465,0.0147940346918004
25.6,0.189981778462728,-0.0465,0.0146756753848391
25.6333333333333,0.189981778462728,-0.0465,0.0145736783891343
25.6666666666667,0.189981778462728,-0.0465,0.0144861081967656
25.7,0.190245310465495,-0.0465,0.0132710591210861
25.7333333333333,0.190245310465495,-0.0465,0.0134113126026676
25.7666666666667,0.190245310465495,-0.0465,0.0135339936344833
25.8,0.190245310465495,-0.0465,0.0136410714055223
25.8333333333333,0.190245310465495,-0.0465,0.013734309577796
25.8666666666667,0.190245310465495,-0.0465,0.0138152867002683
25.9,0.190245310465495,-0.0465,0.0138854146681266
25.9333333333333,0.190245310465495,-0.0465,0.0139459554093437
25.9666666666667,0.190224329630534,-0.0465,0.0140888101886456
26,0.190224329630534,-0.0465,0.0141171981438523
26.0333333333333,0.190224329630534,-0.0465,0.0141412070783398
26.0666666666667,0.190224329630534,-0.0465,0.0141613821470131
26.1,0.190224329630534,-0.0465,0.0141782078330392
26.1333333333333,0.190224329630534,-0.0465,0.0141921142418397
26.1666666666667,0.190224329630534,-0.0465,0.0142034827731576
26.2,0.190224329630534,-0.0465,0.0142126512304887
26.2333333333333,0.19002259572347,-0.0465,0.01509272634611
26.2666666666667,0.19002259572347,-0.0465,0.0149422235958319
26.3,0.19002259572347,-0.0465,0.0148112637446357
26.3333333333333,0.19002259572347,-0.0465,0.0146976115383553
26.3666666666667,0.19002259572347,-0.0465,0.0145992681470482
26.4,0.19002259572347,-0.0465,0.0145144474607126
26.4333333333333,0.19002259572347,-0.0465,0.0144415546706324
26.4666666666667,0.19002259572347,-0.0465,0.0143791669224309
26.5,0.190226682027181,-0.0465,0.0134430302059421
26.5333333333333,0.190226682027181,-0.0465,0.0135559394218381
26.5666666666667,0.190226682027181,-0.0465,0.0136547588349488
26.6,0.190226682027181,-0.0465,0.0137410636845441
26.6333333333333,0.190226682027181,-0.0465,0.0138162650515316
26.6666666666667,0.190226682027181,-0.0465,0.0138816261457927
26.7,0.190226682027181,-0.0465,0.0139382770352496
26.7333333333333,0.190226682027181,-0.0465,0.0139872279616168
26.7666666666667,0.190226682027181,-0.0465,0.014029381374617
26.8,0.190075047810872,-0.0465,0.0147215928831435
26.8333333333333,0.190075047810872,-0.0465,0.0146351229540497
26.8666666666667,0.190075047810872,-0.0465,0.0145597648692371
26.9,0.190075047810872,-0.0465,0.0144942543316681
26.9333333333333,0.190075047810872,-0.0465,0.0144374603583565
26.9666666666667,0.190075047810872,-0.0465,0.0143883719407904
27,0.190075047810872,-0.0465,0.014346085989803
27.0333333333333,0.190075047810872,-0.0465,0.0143097964448017
27.0666666666667,0.190083122253418,-0.0465,0.0142438501153873
27.1,0.190083122253418,-0.0465,0.0142237243349822
27.1333333333333,0.190083122253418,-0.0465,0.0142068268616625
27.1666666666667,0.190083122253418,-0.0465,0.014192748186268
27.2,0.190083122253418,-0.0465,0.0141811248973692
27.2333333333333,0.190083122253418,-0.0465,0.014171634861856
27.2666666666667,0.190083122253418,-0.0465,0.0141639928844546
27.3,0.190083122253418,-0.0465,0.0141579468003191
27.3333333333333,0.190317980448405,-0.0465,0.0131371527889577
27.3666666666667,0.190317980448405,-0.0465,0.0133154261734593
27.4,0.190317980448405,-0.0465,0.013470316806599
27.4333333333333,0.190317980448405,-0.0465,0.0136045138425369
27.4666666666667,0.190317980448405,-0.0465,0.0137204210141742
27.5,0.190317980448405,-0.0465,0.0138201853185368
27.5333333333333,0.190317980448405,-0.0465,0.0139057229313902
27.5666666666667,0.190317980448405,-0.0465,0.0139787426107464
27.6,0.190032005310059,-0.0465,0.0152780470155647
27.6333333333333,0.190032005310059,-0.0465,0.0151090996024999
27.6666666666667,0.190032005310059,-0.0465,0.0149614119209834
27.7,0.190032005310059,-0.0465,0.0148325953588051
27.7333333333333,0.190032005310059,-0.0465,0.0147205110436942
27.7666666666667,0.190032005310059,-0.0465,0.0146232450066022
27.8,0.190032005310059,-0.0465,0.0145390857254064
27.8333333333333,0.190032005310059,-0.0465,0.0144665038272849
27.8666666666667,0.190094757080078,-0.0465,0.0141326362942503
27.9,0.190094757080078,-0.0465,0.0141278266534734
27.9333333333333,0.190094757080078,-0.0465,0.0141244085325421
27.9666666666667,0.190094757080078,-0.0465,0.0141221737568194
28,0.190094757080078,-0.0465,0.0141209395005429
28.0333333333333,0.190094757080078,-0.0465,0.0141205455120112
28.0666666666667,0.190094757080078,-0.0465,0.0141208516229602
28.1,0.190094757080078,-0.0465,0.0141217355143285
28.1333333333333,0.190254656473796,-0.0465,0.0134312810914512
28.1666666666667,0.190254656473796,-0.0465,0.0135567698440302
28.2,0.190254656473796,-0.0465,0.0136659540756423
28.2333333333333,0.190254656473796,-0.0465,0.013760699056862
28.2666666666667,0.190254656473796,-0.0465,0.0138426727498813
28.3,0.190254656473796,-0.0465,0.0139133655916465
28.3333333333333,0.190254656473796,-0.0465,0.0139741083694415
28.3666666666667,0.190254656473796,-0.0465,0.0140260883674423
28.4,0.190416526794434,-0.0465,0.0133700270489941
28.4333333333333,0.190416526794434,-0.0465,0.0135328208794799
28.4666666666667,0.190416526794434,-0.0465,0.0136728835123133
28.5,0.190416526794434,-0.0465,0.013792918559845
28.5333333333333,0.190416526794434,-0.0465,0.0138953365308658
28.5666666666667,0.190416526794434,-0.0465,0.0139822847230351
28.6,0.190416526794434,-0.0465,0.0140556741966883
28.6333333333333,0.190416526794434,-0.0465,0.0141172041058111
28.6666666666667,0.1903289159139,-0.0465,0.0145474347931575
28.7,0.1903289159139,-0.0465,0.0145217962049707
28.7333333333333,0.1903289159139,-0.0465,0.0144974300694826
28.7666666666667,0.1903289159139,-0.0465,0.0144743268668034
28.8,0.1903289159139,-0.0465,0.0144524686148064
28.8333333333333,0.1903289159139,-0.0465,0.0144318303931035
28.8666666666667,0.1903289159139,-0.0465,0.0144123816712246
28.9,0.1903289159139,-0.0465,0.0143940874628918
28.9333333333333,0.190104166666667,-0.0465,0.0153492938242463
28.9666666666667,0.190104166666667,-0.0465,0.0151592452971408
29,0.190104166666667,-0.0465,0.0149935661500319
29.0333333333333,0.190104166666667,-0.0465,0.0148494935808081
29.0666666666667,0.190104166666667,-0.0465,0.0147245551089187
29.1,0.190104166666667,-0.0465,0.0146165396131645
29.1333333333333,0.190104166666667,-0.0465,0.0145234711509845
29.1666666666667,0.190104166666667,-0.0465,0.0144435852997588
29.2,0.189969253540039,-0.0465,0.0149590135566573
29.2333333333333,0.189969253540039,-0.0465,0.0147965244857974
29.2666666666667,0.189969253540039,-0.0465,0.0146569992561243
29.3,0.189969253540039,-0.0465,0.01453769357278
29.3333333333333,0.189969253540039,-0.0465,0.014436161337763
29.3666666666667,0.189969253540039,-0.0465,0.0143502242003101
29.4,0.189969253540039,-0.0465,0.0142779440824503
29.4333333333333,0.189969253540039,-0.0465,0.0142175983984731
29.4666666666667,0.190104166666667,-0.0465,0.0135839519406238
29.5,0.190104166666667,-0.0465,0.0136474762962133
29.5333333333333,0.190104166666667,-0.0465,0.0137048387477292
29.5666666666667,0.190104166666667,-0.0465,0.0137566082855401
29.6,0.190104166666667,-0.0465,0.0138033030637127
29.6333333333333,0.190104166666667,-0.0465,0.0138453948357446
29.6666666666667,0.190104166666667,-0.0465,0.0138833130100962
29.7,0.190104166666667,-0.0465,0.0139174483576621
29.7333333333333,0.189969253540039,-0.0465,0.0145318621729757
29.7666666666667,0.189969253540039,-0.0465,0.0144550498191861
29.8,0.189969253540039,-0.0465,0.0143894365196169
29.8333333333333,0.189969253540039,-0.0465,0.0143336575981561
29.8666666666667,0.189969253540039,-0.0465,0.0142864986856155
29.9,0.189969253540039,-0.0465,0.0142468802173015
29.9333333333333,0.189969253540039,-0.0465,0.0142138434570179
29.9666666666667,0.189969253540039,-0.0465,0.0141865379023049
30,0.190428034464518,-0.0465,0.0121792802251065
30.0333333333333,0.190428034464518,-0.0465,0.0125163379344829
30.0666666666667,0.190428034464518,-0.0465,0.0128094785202396
30.1,0.190428034464518,-0.0465,0.0130637314212541
30.1333333333333,0.190428034464518,-0.0465,0.0132835938406394
30.1666666666667,0.190428034464518,-0.0465,0.0134730841187944
30.2,0.190428034464518,-0.0465,0.0136357899598476
30.2333333333333,0.190428034464518,-0.0465,0.0137749119931543
30.2666666666667,0.189975547790527,-0.0465,0.015851000554132
30.3,0.189975547790527,-0.0465,0.0156009978364492
30.3333333333333,0.189975547790527,-0.0465,0.0153820500432231
30.3666666666667,0.189975547790527,-0.0465,0.0151906927690249
30.4,0.189975547790527,-0.0465,0.015023822213747
30.4333333333333,0.189975547790527,-0.0465,0.0148786594294611
30.4666666666667,0.189975547790527,-0.0465,0.0147527179864
30.5,0.189975547790527,-0.0465,0.0146437747400823
30.5333333333333,0.190254910786947,-0.0465,0.0133411708545946
30.5666666666667,0.190254910786947,-0.0465,0.0134766920747393
30.6,0.190254910786947,-0.0465,0.0135948619288824
30.6333333333333,0.190254910786947,-0.0465,0.013697649871274
30.6666666666667,0.190254910786947,-0.0465,0.0137868180447099
30.7,0.190254910786947,-0.0465,0.0138639419975131
30.7333333333333,0.190254910786947,-0.0465,0.0139304294077246
30.7666666666667,0.190254910786947,-0.0465,0.013987537000666
30.8,0.190151786804199,-0.0465,0.0144825548972563
30.8333333333333,0.190151786804199,-0.0465,0.01444433098823
30.8666666666667,0.190151786804199,-0.0465,0.0144104453010934
30.9,0.190151786804199,-0.0465,0.0143804419490691
30.9333333333333,0.190151786804199,-0.0465,0.014353910509075
30.9666666666667,0.190151786804199,-0.0465,0.0143304816574455
31,0.190151786804199,-0.0465,0.0143098232125852
31.0333333333333,0.190151786804199,-0.0465,0.0142916365474705
31.0666666666667,0.190254910786947,-0.0465,0.0138294842700259
31.1,0.190254910786947,-0.0465,0.0138952766991908
31.1333333333333,0.190254910786947,-0.0465,0.0139521072814692
31.1666666666667,0.190254910786947,-0.0465,0.0140010294600507
31.2,0.190254910786947,-0.0465,0.0140429832414146
31.2333333333333,0.190254910786947,-0.0465,0.0140788067141435
31.2666666666667,0.190254910786947,-0.0465,0.0141092464464476
31.3,0.190254910786947,-0.0465,0.0141349668681199
31.3333333333333,0.190013186136882,-0.0465,0.01520238783116
31.3666666666667,0.190013186136882,-0.0465,0.0150332922502592
31.4,0.190013186136882,-0.0465,0.01488615825682
31.4333333333333,0.190013186136882,-0.0465,0.0147584743675279
31.4666666666667,0.190013186136882,-0.0465,0.014647994677577
31.5,0.190013186136882,-0.0465,0.0145527122395644
31.5333333333333,0.190013186136882,-0.0465,0.0144708350087094
31.5666666666667,0.190013186136882,-0.0465,0.0144007641142598
31.6,0.190050824483236,-0.0465,0.0141782307812043
31.6333333333333,0.190050824483236,-0.0465,0.014156782773543
31.6666666666667,0.190050824483236,-0.0465,0.014139408454234
31.7,0.190050824483236,-0.0465,0.0141255589532383
31.7333333333333,0.190050824483236,-0.0465,0.0141147491181158
31.7666666666667,0.190050824483236,-0.0465,0.0141065507273127
31.8,0.190050824483236,-0.0465,0.0141005863863204
31.8333333333333,0.190050824483236,-0.0465,0.0140965240407457
31.8666666666667,0.190032005310059,-0.0465,0.0141754937753424
31.9,0.190032005310059,-0.0465,0.0141598313101101
31.9333333333333,0.190032005310059,-0.0465,0.0141472540068076
31.9666666666667,0.190032005310059,-0.0465,0.014137339013999
32,0.190032005310059,-0.0465,0.014129713098956
32.0333333333333,0.190032005310059,-0.0465,0.0141240473225779
32.0666666666667,0.190032005310059,-0.0465,0.0141200522531531
32.1,0.190032005310059,-0.0465,0.0141174736666797
32.1333333333333,0.190106709798177,-0.0465,0.0137928774316611
32.1666666666667,0.190106709798177,-0.0465,0.0138503088507009
32.2,0.190106709798177,-0.0465,0.0139008115945293
32.2333333333333,0.190106709798177,-0.0465,0.0139451411079868
32.2666666666667,0.190106709798177,-0.0465,0.0139839756096484
32.3,0.190106709798177,-0.0465,0.014017923638465
32.3333333333333,0.190106709798177,-0.0465,0.0140475308872115
32.3666666666667,0.190106709798177,-0.0465,0.0140732863884138
32.4,0.190302467346191,-0.0465,0.0132486770884472
32.4333333333333,0.190302467346191,-0.0465,0.0134195042136035
32.4666666666667,0.190302467346191,-0.0465,0.0135673332666937
32.5,0.190302467346191,-0.0465,0.0136948455309102
32.5333333333333,0.190302467346191,-0.0465,0.0138044353002647
32.5666666666667,0.190302467346191,-0.0465,0.0138982388874601
32.6,0.190302467346191,-0.0465,0.0139781608182771
32.6333333333333,0.190302467346191,-0.0465,0.0140458974769591
32.6666666666667,0.190302467346191,-0.0465,0.0141029584428267
32.7,0.190284474690755,-0.0465,0.0142285315108058
32.7333333333333,0.190284474690755,-0.0465,0.014254191471197
32.7666666666667,0.190284474690755,-0.0465,0.0142746351226072
32.8,0.190284474690755,-0.0465,0.0142905815911052
32.8333333333333,0.190284474690755,-0.0465,0.0143026655143179
32.8666666666667,0.190284474690755,-0.0465,0.0143114461081901
32.9,0.190284474690755,-0.0465,0.0143174153167145
32.9333333333333,0.190284474690755,-0.0465,0.0143210051335612
32.9666666666667,0.190040715535482,-0.0465,0.0153772256234793
33,0.190040715535482,-0.0465,0.0151884868240354
33.0333333333333,0.190040715535482,-0.0465,0.0150236785010441
33.0666666666667,0.190040715535482,-0.0465,0.0148801035086423
33.1,0.190040715535482,-0.0465,0.014755347114061
33.1333333333333,0.190040715535482,-0.0465,0.0146472488912786
33.1666666666667,0.190040715535482,-0.0465,0.0145538773094105
33.2,0.190040715535482,-0.0465,0.0144735067647703
33.2333333333333,0.190151786804199,-0.0465,0.0139240435841559
33.2666666666667,0.190151786804199,-0.0465,0.0139511842351409
33.3,0.190151786804199,-0.0465,0.0139756537250033
33.3333333333333,0.190151786804199,-0.0465,0.0139977053754074
33.3666666666667,0.190151786804199,-0.0465,0.0140175691443418
33.4,0.190151786804199,-0.0465,0.0140354537344603
33.4333333333333,0.190151786804199,-0.0465,0.0140515485144816
33.4666666666667,0.190151786804199,-0.0465,0.0140660252699835
33.5,0.190458742777507,-0.0465,0.0127509853833929
33.5333333333333,0.190458742777507,-0.0465,0.0130002485435672
33.5666666666667,0.190458742777507,-0.0465,0.0132164454845569
33.6,0.190458742777507,-0.0465,0.0134034053761252
33.6333333333333,0.190458742777507,-0.0465,0.0135645490467494
33.6666666666667,0.190458742777507,-0.0465,0.0137029301642934
33.7,0.190458742777507,-0.0465,0.0138212724284791
33.7333333333333,0.190458742777507,-0.0465,0.0139220031496964
33.7666666666667,0.189902750651042,-0.0465,0.0164128005096633
33.8,0.189902750651042,-0.0465,0.0160542411263436
33.8333333333333,0.189902750651042,-0.0465,0.0157415947135856
33.8666666666667,0.189902750651042,-0.0465,0.0154696521931049
33.9,0.189902750651042,-0.0465,0.0152337525304143
33.9333333333333,0.189902750651042,-0.0465,0.0150297279945269
33.9666666666667,0.189902750651042,-0.0465,0.0148538546809101
34,0.189902750651042,-0.0465,0.0147028078061899
34.0333333333333,0.190251859029134,-0.0465,0.013063193243148
34.0666666666667,0.190251859029134,-0.0465,0.0132234169888693
34.1,0.190251859029134,-0.0465,0.0133642527021255
34.1333333333333,0.190251859029134,-0.0465,0.0134878286914337
34.1666666666667,0.190251859029134,-0.0465,0.0135960541484169
34.2,0.190251859029134,-0.0465,0.0136906407003491
34.2333333333333,0.190251859029134,-0.0465,0.013773121914046
34.2666666666667,0.190251859029134,-0.0465,0.0138448709407254
34.3,0.190364583333333,-0.0465,0.0134194113214035
34.3333333333333,0.190364583333333,-0.0465,0.0135604953767743
34.3666666666667,0.190364583333333,-0.0465,0.0136824513575906
34.4,0.190364583333333,-0.0465,0.01378751931808
34.4333333333333,0.190364583333333,-0.0465,0.0138776988013344
34.4666666666667,0.190364583333333,-0.0465,0.0139547732056784
34.5,0.190364583333333,-0.0465,0.0140203317834942
34.5333333333333,0.190364583333333,-0.0465,0.0140757894953886
34.5666666666667,0.190428034464518,-0.0465,0.0138478816606647
34.6,0.190428034464518,-0.0465,0.0139358813705253
34.6333333333333,0.190428034464518,-0.0465,0.0140105612811773
34.6666666666667,0.190428034464518,-0.0465,0.0140735690828256
34.7,0.190428034464518,-0.0465,0.0141263695880918
34.7333333333333,0.190428034464518,-0.0465,0.0141702636787332
34.7666666666667,0.190428034464518,-0.0465,0.0142064053814185
34.8,0.190428034464518,-0.0465,0.0142358172508682
34.8333333333333,0.190506172180176,-0.0465,0.0139213390033607
34.8666666666667,0.190506172180176,-0.0465,0.0140003758047267
34.9,0.190506172180176,-0.0465,0.0140669797752045
34.9333333333333,0.190506172180176,-0.0465,0.0141227181170486
34.9666666666667,0.190506172180176,-0.0465,0.0141689820811997
35,0.190506172180176,-0.0465,0.0142070053394243
35.0333333333333,0.190506172180176,-0.0465,0.014237880531888
35.0666666666667,0.190506172180176,-0.0465,0.0142625741647951
35.1,0.190104166666667,-0.0465,0.0160212291769869
35.1333333333333,0.190104166666667,-0.0465,0.0157248868525522
35.1666666666667,0.190104166666667,-0.0465,0.0154663760749834
35.2,0.190104166666667,-0.0465,0.0152414171339663
35.2333333333333,0.190104166666667,-0.0465,0.0150461794771281
35.2666666666667,0.190104166666667,-0.0465,0.014877236938235
35.3,0.190104166666667,-0.0465,0.0147315272628745
35.3333333333333,0.190104166666667,-0.0465,0.0146063155308804
35.3666666666667,0.190104166666667,-0.0465,0.0144991611112874
35.4,0.190104166666667,-0.0465,0.0144078878188482
35.4333333333333,0.190104166666667,-0.0465,0.0143305569714317
35.4666666666667,0.190104166666667,-0.0465,0.0142654430751735
35.5,0.190104166666667,-0.0465,0.014211011889336
35.5333333333333,0.190104166666667,-0.0465,0.0141659006456596
35.5666666666667,0.190104166666667,-0.0465,0.0141289002177537
35.6,0.190104166666667,-0.0465,0.0140989390549669
35.6333333333333,0.190224965413411,-0.0465,0.0135524292366465
35.6666666666667,0.190224965413411,-0.0465,0.0136273039399447
35.7,0.190224965413411,-0.0465,0.0136941477413567
35.7333333333333,0.190224965413411,-0.0465,0.0137537697011916
35.7666666666667,0.190224965413411,-0.0465,0.0138069008121227
35.8,0.190224965413411,-0.0465,0.0138542012967918
35.8333333333333,0.190224965413411,-0.0465,0.0138962672397267
35.8666666666667,0.190224965413411,-0.0465,0.0139336366131231
35.9,0.190142186482747,-0.0465,0.0143249403283659
35.9333333333333,0.190142186482747,-0.0465,0.0142902578688286
35.9666666666667,0.190142186482747,-0.0465,0.0142607918493786
36,0.190142186482747,-0.0465,0.0142358963872091
36.0333333333333,0.190142186482747,-0.0465,0.014214997444174
36.0666666666667,0.190142186482747,-0.0465,0.0141975853664907
36.1,0.190142186482747,-0.0465,0.0141832081626531
36.1333333333333,0.190142186482747,-0.0465,0.0141714654490794
36.1666666666667,0.190167681376139,-0.0465,0.0140516985628413
36.2,0.190167681376139,-0.0465,0.0140639352612814
36.2333333333333,0.190167681376139,-0.0465,0.0140752158112408
36.2666666666667,0.190167681376139,-0.0465,0.014085605357075
36.3,0.190167681376139,-0.0465,0.0140951653451736
36.3333333333333,0.190167681376139,-0.0465,0.0141039536610386
36.3666666666667,0.190167681376139,-0.0465,0.0141120247703715
36.4,0.190167681376139,-0.0465,0.0141194298625115
36.4333333333333,0.190009498596191,-0.0465,0.0148105996346071
36.4666666666667,0.190009498596191,-0.0465,0.014694387788262
36.5,0.190009498596191,-0.0465,0.0145940704597035
36.5333333333333,0.190009498596191,-0.0465,0.0145077736951803
36.5666666666667,0.190009498596191,-0.0465,0.0144338257828855
36.6,0.190009498596191,-0.0465,0.014370736681136
36.6333333333333,0.190009498596191,-0.0465,0.0143171794518333
36.6666666666667,0.190009498596191,-0.0465,0.014271973509927
36.7,0.190156618754069,-0.0465,0.0135975496502879
36.7333333333333,0.190156618754069,-0.0465,0.0136798800316864
36.7666666666667,0.190156618754069,-0.0465,0.013752477822031
36.8,0.190156618754069,-0.0465,0.0138163906254096
36.8333333333333,0.190156618754069,-0.0465,0.0138725599124528
36.8666666666667,0.190156618754069,-0.0465,0.0139218313225649
36.9,0.190156618754069,-0.0465,0.013964963997596
36.9333333333333,0.190156618754069,-0.0465,0.0140026390357821
36.9666666666667,0.190156618754069,-0.0465,0.0140354671467805
37,0.190046310424805,-0.0465,0.0145412479447144
37.0333333333333,0.190046310424805,-0.0465,0.0144805932679101
37.0666666666667,0.190046310424805,-0.0465,0.0144280215838903
37.1,0.190046310424805,-0.0465,0.0143825907035074
37.1333333333333,0.190046310424805,-0.0465,0.0143434595172589
37.1666666666667,0.190046310424805,-0.0465,0.0143098777492838
37.2,0.190046310424805,-0.0465,0.0142811767079233
37.2333333333333,0.190046310424805,-0.0465,0.0142567609389162
37.2666666666667,0.190094757080078,-0.0465,0.0140264947588395
37.3,0.190094757080078,-0.0465,0.014046614663874
37.3333333333333,0.190094757080078,-0.0465,0.0140645706950589
37.3666666666667,0.190094757080078,-0.0465,0.0140805781473198
37.4,0.190094757080078,-0.0465,0.014094831907354
37.4333333333333,0.190094757080078,-0.0465,0.0141075083248296
37.4666666666667,0.190094757080078,-0.0465,0.0141187669161625
37.5,0.190094757080078,-0.0465,0.0141287519155637
37.5333333333333,0.190364583333333,-0.0465,0.0129701821420995
37.5666666666667,0.190364583333333,-0.0465,0.0131868313889313
37.6,0.190364583333333,-0.0465,0.0133745436697746
37.6333333333333,0.190364583333333,-0.0465,0.0135366789736134
37.6666666666667,0.190364583333333,-0.0465,0.0136762385442581
37.7,0.190364583333333,-0.0465,0.013795901080799
37.7333333333333,0.190364583333333,-0.0465,0.0138980554311548
37.7666666666667,0.190364583333333,-0.0465,0.0139848301080881
37.8,0.190023994445801,-0.0465,0.0155316881749816
37.8333333333333,0.190023994445801,-0.0465,0.0153295783826978
37.8666666666667,0.190023994445801,-0.0465,0.0151525316725744
37.9,0.190023994445801,-0.0465,0.0149977567690656
37.9333333333333,0.190023994445801,-0.0465,0.0148627525177446
37.9666666666667,0.190023994445801,-0.0465,0.0147452791552211
38,0.190023994445801,-0.0465,0.0146433323237782
38.0333333333333,0.190023994445801,-0.0465,0.0145551195756893
38.0666666666667,0.190104166666667,-0.0465,0.0141321715675301
38.1,0.190104166666667,-0.0465,0.0141288426975754
38.1333333333333,0.190104166666667,-0.0465,0.0141266148713606
38.1666666666667,0.190104166666667,-0.0465,0.0141253202447415
38.2,0.190104166666667,-0.0465,0.0141248115323768
38.2333333333333,0.190104166666667,-0.0465,0.0141249597521154
38.2666666666667,0.190104166666667,-0.0465,0.0141256522006088
38.3,0.190104166666667,-0.0465,0.0141267906375256
38.3333333333333,0.190364583333333,-0.0465,0.0130015889776132
38.3666666666667,0.190364583333333,-0.0465,0.0132049248986067
38.4,0.190364583333333,-0.0465,0.0133814426032419
38.4333333333333,0.190364583333333,-0.0465,0.0135342371972957
38.4666666666667,0.190364583333333,-0.0465,0.0136660744714333
38.5,0.190364583333333,-0.0465,0.0137794240582746
38.5333333333333,0.190364583333333,-0.0465,0.0138764893822601
38.5666666666667,0.190364583333333,-0.0465,0.0139592347032115
38.6,0.190177218119303,-0.0465,0.0148400508611013
38.6333333333333,0.190177218119303,-0.0465,0.0147542000349759
38.6666666666667,0.190177218119303,-0.0465,0.0146781747974678
38.7,0.190177218119303,-0.0465,0.0146109376324452
38.7333333333333,0.190177218119303,-0.0465,0.0145515548093077
38.7666666666667,0.190177218119303,-0.0465,0.0144991863991268
38.8,0.190177218119303,-0.0465,0.0144530772231067
38.8333333333333,0.190177218119303,-0.0465,0.0144125486483166
38.8666666666667,0.190364583333333,-0.0465,0.0135663498190832
38.9,0.190364583333333,-0.0465,0.0136802281888549
38.9333333333333,0.190364583333333,-0.0465,0.0137785842323724
38.9666666666667,0.190364583333333,-0.0465,0.0138632443168538
39,0.190364583333333,-0.0465,0.0139358379713153
39.0333333333333,0.190364583333333,-0.0465,0.0139978178890659
39.0666666666667,0.190364583333333,-0.0465,0.0140504779818713
39.1,0.190364583333333,-0.0465,0.014094969669578
39.1333333333333,0.190082232157389,-0.0465,0.0153539175782117
39.1666666666667,0.190082232157389,-0.0465,0.015166502130011
39.2,0.190082232157389,-0.0465,0.0150029758353618
39.2333333333333,0.190082232157389,-0.0465,0.0148606377891423
39.2666666666667,0.190082232157389,-0.0465,0.0147370704806557
39.3,0.190082232157389,-0.0465,0.0146301115476133
39.3333333333333,0.190082232157389,-0.0465,0.0145378282412916
39.3666666666667,0.190082232157389,-0.0465,0.0144584943500365
39.4,0.19043935139974,-0.0465,0.012845482017093
39.4333333333333,0.19043935139974,-0.0465,0.0130639858743077
39.4666666666667,0.19043935139974,-0.0465,0.0132542190680108
39.5,0.19043935139974,-0.0465,0.0134194122522979
39.5333333333333,0.19043935139974,-0.0465,0.0135624543832403
39.5666666666667,0.19043935139974,-0.0465,0.0136859269871553
39.6,0.19043935139974,-0.0465,0.0137921351234544
39.6333333333333,0.19043935139974,-0.0465,0.0138831353515418
39.6666666666667,0.190104166666667,-0.0465,0.0154109479913238
39.7,0.190104166666667,-0.0465,0.0152174145438947
39.7333333333333,0.190104166666667,-0.0465,0.015048396810863
39.7666666666667,0.190104166666667,-0.0465,0.014901131820588
39.8,0.190104166666667,-0.0465,0.0147731459650491
39.8333333333333,0.190104166666667,-0.0465,0.0146622261940707
39.8666666666667,0.190104166666667,-0.0465,0.0145663939720959
39.9,0.190104166666667,-0.0465,0.0144838817400615
39.9333333333333,0.19021053314209,-0.0465,0.0139529138363383
39.9666666666667,0.19021053314209,-0.0465,0.013974801223575
40,0.19021053314209,-0.0465,0.0139947244639059
40.0333333333333,0.19021053314209,-0.0465,0.0140128535434394
40.0666666666667,0.19021053314209,-0.0465,0.0140293441107413
40.1,0.19021053314209,-0.0465,0.0140443386630319
40.1333333333333,0.19021053314209,-0.0465,0.0140579676357116
40.1666666666667,0.19021053314209,-0.0465,0.0140703504029979
40.2,0.190075047810872,-0.0465,0.0146677776298613
40.2333333333333,0.190075047810872,-0.0465,0.0145731270612001
40.2666666666667,0.190075047810872,-0.0465,0.0144915992166148
40.3,0.190075047810872,-0.0465,0.014421638780848
40.3333333333333,0.190075047810872,-0.0465,0.0143618586991755
40.3666666666667,0.190075047810872,-0.0465,0.0143110230411856
40.4,0.190075047810872,-0.0465,0.0142680315360224
40.4333333333333,0.190075047810872,-0.0465,0.0142319056212799
40.4666666666667,0.190364583333333,-0.0465,0.0129490915609856
40.5,0.190364583333333,-0.0465,0.0131482732903167
40.5333333333333,0.190364583333333,-0.0465,0.0133219310260848
40.5666666666667,0.190364583333333,-0.0465,0.0134729614520595
40.6,0.190364583333333,-0.0465,0.0136039564552238
40.6333333333333,0.190364583333333,-0.0465,0.0137172335714899
40.6666666666667,0.190364583333333,-0.0465,0.0138148635040147
40.7,0.190364583333333,-0.0465,0.0138986949874843
40.7333333333333,0.190189679463704,-0.0465,0.0147271041929439
40.7666666666667,0.190189679463704,-0.0465,0.0146527397906305
40.8,0.190189679463704,-0.0465,0.0145871666715997
40.8333333333333,0.190189679463704,-0.0465,0.0145294337481331
40.8666666666667,0.190189679463704,-0.0465,0.0144786868741112
40.9,0.190189679463704,-0.0465,0.0144341593793205
40.9333333333333,0.190189679463704,-0.0465,0.0143951634984956
40.9666666666667,0.190189679463704,-0.0465,0.0143610826126421
41,0.190245310465495,-0.0465,0.0140906749954051
41.0333333333333,0.190245310465495,-0.0465,0.014107880188447
41.0666666666667,0.190245310465495,-0.0465,0.014122733924795
41.1,0.190245310465495,-0.0465,0.0141355132887258
41.1333333333333,0.190245310465495,-0.0465,0.014146465473092
41.1666666666667,0.190245310465495,-0.0465,0.014155810818883
41.2,0.190245310465495,-0.0465,0.0141637455585747
41.2333333333333,0.190245310465495,-0.0465,0.0141704442912158
41.2666666666667,0.18998057047526,-0.0465,0.0153214678866751
41.3,0.18998057047526,-0.0465,0.0151212464143153
41.3333333333333,0.18998057047526,-0.0465,0.0149476939114532
41.3666666666667,0.18998057047526,-0.0465,0.0147977162150087
41.4,0.18998057047526,-0.0465,0.0146685494640166
41.4333333333333,0.18998057047526,-0.0465,0.0145577267679476
41.4666666666667,0.18998057047526,-0.0465,0.0144630481044373
41.5,0.18998057047526,-0.0465,0.0143825531430569
41.5333333333333,0.190364583333333,-0.0465,0.0126530533336303
41.5666666666667,0.190364583333333,-0.0465,0.0128930913526863
41.6,0.190364583333333,-0.0465,0.0131027621096597
41.6333333333333,0.190364583333333,-0.0465,0.0132854869234034
41.6666666666667,0.190364583333333,-0.0465,0.0134443288071107
41.7,0.190364583333333,-0.0465,0.0135820281405933
41.7333333333333,0.190364583333333,-0.0465,0.0137010349210335
41.7666666666667,0.190364583333333,-0.0465,0.0138035379111213
41.8,0.190094757080078,-0.0465,0.0150589025191197
41.8333333333333,0.190094757080078,-0.0465,0.0149252154803478
41.8666666666667,0.190094757080078,-0.0465,0.0148082922555631
41.9,0.190094757080078,-0.0465,0.0147062517228051
41.9333333333333,0.190094757080078,-0.0465,0.014617409352891
41.9666666666667,0.190094757080078,-0.0465,0.0145402576602947
42,0.190094757080078,-0.0465,0.0144734485277446
42.0333333333333,0.190094757080078,-0.0465,0.0144157772299739
42.0666666666667,0.190104166666667,-0.0465,0.0143254571335363
42.1,0.190104166666667,-0.0465,0.0142902326958702
42.1333333333333,0.190104166666667,-0.0465,0.0142602777013888
42.1666666666667,0.190104166666667,-0.0465,0.0142349437793165
42.2,0.190104166666667,-0.0465,0.0142136543009068
42.2333333333333,0.190104166666667,-0.0465,0.0141958969616111
42.2666666666667,0.190104166666667,-0.0465,0.0141812170947057
42.3,0.190104166666667,-0.0465,0.0141692116467408
42.3333333333333,0.190163930257161,-0.0465,0.0139009547478542
42.3666666666667,0.190163930257161,-0.0465,0.013939523071822
42.4,0.190163930257161,-0.0465,0.0139736090734358
42.4333333333333,0.190163930257161,-0.0465,0.01400368998784
42.4666666666667,0.190163930257161,-0.0465,0.014030195071901
42.5,0.190163930257161,-0.0465,0.0140535102346261
42.5333333333333,0.190163930257161,-0.0465,0.0140739822342125
42.5666666666667,0.190163930257161,-0.0465,0.0140919224813214
42.6,0.190128962198893,-0.0465,0.0142589008591757
42.6333333333333,0.190128962198893,-0.0465,0.0142455237010592
42.6666666666667,0.190128962198893,-0.0465,0.0142340007670291
42.7,0.190128962198893,-0.0465,0.0142241104358738
42.7333333333333,0.190128962198893,-0.0465,0.0142156552779598
42.7666666666667,0.190128962198893,-0.0465,0.0142084595717073
42.8,0.190128962198893,-0.0465,0.0142023670639754
42.8333333333333,0.190128962198893,-0.0465,0.0141972389511957
42.8666666666667,0.190364583333333,-0.0465,0.0131735300091779
42.9,0.190364583333333,-0.0465,0.0133523349191145
42.9333333333333,0.190364583333333,-0.0465,0.013507309075988
42.9666666666667,0.190364583333333,-0.0465,0.0136412172201705
43,0.190364583333333,-0.0465,0.0137565290157825
43.0333333333333,0.190364583333333,-0.0465,0.0138554488207392
43.0666666666667,0.190364583333333,-0.0465,0.013939942573107
43.1,0.190364583333333,-0.0465,0.0140117620646052
43.1333333333333,0.190151786804199,-0.0465,0.0149931375447319
43.1666666666667,0.190151786804199,-0.0465,0.0148794201129065
43.2,0.190151786804199,-0.0465,0.0147793035661714
43.2333333333333,0.190151786804199,-0.0465,0.0146913076232077
43.2666666666667,0.190151786804199,-0.0465,0.0146141034111158
43.3,0.190151786804199,-0.0465,0.0145464986488736
43.3333333333333,0.190151786804199,-0.0465,0.0144874242333651
43.3666666666667,0.190151786804199,-0.0465,0.0144359220986026
43.4,0.190104166666667,-0.0465,0.0145971642132449
43.4333333333333,0.190104166666667,-0.0465,0.0145214669488555
43.4666666666667,0.190104166666667,-0.0465,0.0144559740018373
43.5,0.190104166666667,-0.0465,0.0143994955668347
43.5333333333333,0.190104166666667,-0.0465,0.0143509691603288
43.5666666666667,0.190104166666667,-0.0465,0.0143094467552272
43.6,0.190104166666667,-0.0465,0.0142740831628975
43.6333333333333,0.190104166666667,-0.0465,0.014244125545413
43.6666666666667,0.190162595113118,-0.0465,0.0139661114893188
43.7,0.190162595113118,-0.0465,0.0139902512078002
43.7333333333333,0.190162595113118,-0.0465,0.0140119353794891
43.7666666666667,0.190162595113118,-0.0465,0.0140314015540932
43.8,0.190162595113118,-0.0465,0.0140488650934349
43.8333333333333,0.190162595113118,-0.0465,0.0140645211904619
43.8666666666667,0.190162595113118,-0.0465,0.0140785467082219
43.9,0.190162595113118,-0.0465,0.0140911018546036
43.9333333333333,0.190157508850098,-0.0465,0.0141243375799241
43.9666666666667,0.190157508850098,-0.0465,0.0141304369444011
44,0.190157508850098,-0.0465,0.0141359893492814
44.0333333333333,0.190157508850098,-0.0465,0.014141040797353
44.0666666666667,0.190157508850098,-0.0465,0.0141456335951961
44.1,0.190157508850098,-0.0465,0.0141498066394554
44.1333333333333,0.190157508850098,-0.0465,0.0141535956816539
44.1666666666667,0.190157508850098,-0.0465,0.014157033573109
44.2,0.190214729309082,-0.0465,0.0139125844239484
44.2333333333333,0.190214729309082,-0.0465,0.013959694046698
44.2666666666667,0.190214729309082,-0.0465,0.0140005942661317
44.3,0.190214729309082,-0.0465,0.0140360006056884
44.3333333333333,0.190214729309082,-0.0465,0.0140665525754903
44.3666666666667,0.190214729309082,-0.0465,0.0140928213152786
44.4,0.190214729309082,-0.0465,0.0141153164989356
44.4333333333333,0.190214729309082,-0.0465,0.0141344925698021
44.4666666666667,0.190041414896647,-0.0465,0.0149006044806094
44.5,0.190041414896647,-0.0465,0.0147801750637951
44.5333333333333,0.190041414896647,-0.0465,0.0146755084792739
44.5666666666667,0.190041414896647,-0.0465,0.0145847927846627
44.6,0.190041414896647,-0.0465,0.0145064083545551
44.6333333333333,0.190041414896647,-0.0465,0.0144389085490009
44.6666666666667,0.190041414896647,-0.0465,0.0143810022496604
44.7,0.190041414896647,-0.0465,0.0143315380885696
44.7333333333333,0.190041414896647,-0.0465,0.0142894902104664
44.7666666666667,0.190094757080078,-0.0465,0.014023158834683
44.8,0.190094757080078,-0.0465,0.0140345893828439
44.8333333333333,0.190094757080078,-0.0465,0.0140454505310379
44.8666666666667,0.190094757080078,-0.0465,0.0140557472429678
44.9,0.190094757080078,-0.0465,0.0140654881291812
44.9333333333333,0.190094757080078,-0.0465,0.0140746847846627
44.9666666666667,0.190094757080078,-0.0465,0.0140833512117104
45,0.190094757080078,-0.0465,0.0140915033185549
45.0333333333333,0.190176264444987,-0.0465,0.0137465143757646
45.0666666666667,0.190176264444987,-0.0465,0.0138167739752236
45.1,0.190176264444987,-0.0465,0.0138781109049739
45.1333333333333,0.190176264444987,-0.0465,0.0139315308790073
45.1666666666667,0.190176264444987,-0.0465,0.0139779343444286
45.2,0.190176264444987,-0.0465,0.0140181269527066
45.2333333333333,0.190176264444987,-0.0465,0.0140528290274762
45.2666666666667,0.190114466349284,-0.0465,0.0143500554751786
45.3,0.190114466349284,-0.0465,0.0143278092648358
45.3333333333333,0.190114466349284,-0.0465,0.014308219967259
45.3666666666667,0.190114466349284,-0.0465,0.0142909967539796
45.4,0.190114466349284,-0.0465,0.0142758787577311
45.4333333333333,0.190114466349284,-0.0465,0.0142626321198693
45.4666666666667,0.190114466349284,-0.0465,0.0142510473190858
45.5,0.190114466349284,-0.0465,0.0142409367553144
45.5333333333333,0.190104166666667,-0.0465,0.0142766944572506
45.5666666666667,0.190104166666667,-0.0465,0.0142610750654694
45.6,0.190104166666667,-0.0465,0.0142475473070645
45.6333333333333,0.190104166666667,-0.0465,0.0142358668323439
45.6666666666667,0.190104166666667,-0.0465,0.0142258155370941
45.7,0.190104166666667,-0.0465,0.0142171989002887
45.7333333333333,0.190104166666667,-0.0465,0.0142098435808632
45.7666666666667,0.190104166666667,-0.0465,0.0142035952491261
45.8,0.19037233988444,-0.0465,0.0130380569945515
45.8333333333333,0.19037233988444,-0.0465,0.0132411796597266
45.8666666666667,0.19037233988444,-0.0465,0.0134171955425689
45.9,0.19037233988444,-0.0465,0.0135692526163421
45.9333333333333,0.19037233988444,-0.0465,0.0137001626154083
45.9666666666667,0.19037233988444,-0.0465,0.0138124349788677
46,0.19037233988444,-0.0465,0.0139083075046182
46.0333333333333,0.19037233988444,-0.0465,0.0139897740229113
46.0666666666667,0.19037233988444,-0.0465,0.0140586093701405
46.1,0.190050824483236,-0.0465,0.0155074381434265
46.1333333333333,0.190050824483236,-0.0465,0.0153067322001278
46.1666666666667,0.190050824483236,-0.0465,0.0151310051742342
46.2,0.190050824483236,-0.0465,0.0149774708696015
46.2333333333333,0.190050824483236,-0.0465,0.0148436328968474
46.2666666666667,0.190050824483236,-0.0465,0.0147272559637556
46.3,0.190050824483236,-0.0465,0.014626339908954
46.3333333333333,0.190162595113118,-0.0465,0.0140555171722035
46.3666666666667,0.190162595113118,-0.0465,0.0140668530305431
46.4,0.190162595113118,-0.0465,0.0140772304634528
46.4333333333333,0.190162595113118,-0.0465,0.014086728630095
46.4666666666667,0.190162595113118,-0.0465,0.0140954202688344
46.5,0.190162595113118,-0.0465,0.0141033722105247
46.5333333333333,0.190162595113118,-0.0465,0.014110645851253
46.5666666666667,0.190162595113118,-0.0465,0.0141172975877176
46.6,0.190412521362305,-0.0465,0.0130420656502465
46.6333333333333,0.190412521362305,-0.0465,0.0132410559950328
46.6666666666667,0.190412521362305,-0.0465,0.0134136159566949
46.7,0.190412521362305,-0.0465,0.0135628088972116
46.7333333333333,0.190412521362305,-0.0465,0.013691371297137
46.7666666666667,0.190412521362305,-0.0465,0.0138017457369448
46.8,0.190412521362305,-0.0465,0.0138961106830475
46.8333333333333,0.190412521362305,-0.0465,0.0139764073786526
46.8666666666667,0.190412521362305,-0.0465,0.0140443641121017
46.9,0.190151405334473,-0.0465,0.0152312445980536
46.9333333333333,0.190151405334473,-0.0465,0.0150768701519312
46.9666666666667,0.190151405334473,-0.0465,0.0149413847028984
47,0.190151405334473,-0.0465,0.0148227045372628
47.0333333333333,0.190151405334473,-0.0465,0.0147189609816603
47.0666666666667,0.190151405334473,-0.0465,0.0146284792254536
47.1,0.190151405334473,-0.0465,0.0145497591574228
47.1333333333333,0.190151405334473,-0.0465,0.0144814580302463
47.1666666666667,0.19015744527181,-0.0465,0.0143962428093984
47.2,0.19015744527181,-0.0465,0.014349978524553
47.2333333333333,0.19015744527181,-0.0465,0.0143102725612584
47.2666666666667,0.19015744527181,-0.0465,0.0142763422692093
47.3,0.19015744527181,-0.0465,0.0142474898560935
47.3333333333333,0.19015744527181,-0.0465,0.014223093741225
47.3666666666667,0.19015744527181,-0.0465,0.0142026007523507
47.4,0.19015744527181,-0.0465,0.0141855190860558
47.4333333333333,0.190177981058757,-0.0465,0.0140825632486469
47.4666666666667,0.190177981058757,-0.0465,0.0140869369177261
47.5,0.190177981058757,-0.0465,0.0140914219299116
47.5333333333333,0.190177981058757,-0.0465,0.0140959628533984
47.5666666666667,0.190177981058757,-0.0465,0.0141005129845134
47.6,0.190177981058757,-0.0465,0.0141050332738035
47.6333333333333,0.190177981058757,-0.0465,0.0141094913697431
47.6666666666667,0.190177981058757,-0.0465,0.0141138607680421
47.7,0.190051968892415,-0.0465,0.014663315550904
47.7333333333333,0.190051968892415,-0.0465,0.0145699202002469
47.7666666666667,0.190051968892415,-0.0465,0.0144894692711031
47.8,0.190051968892415,-0.0465,0.0144204285760453
47.8333333333333,0.190051968892415,-0.0465,0.0143614299157941
47.8666666666667,0.190051968892415,-0.0465,0.0143112541728182
47.9,0.190051968892415,-0.0465,0.014268816054138
47.9333333333333,0.190051968892415,-0.0465,0.0142331503275987
47.9666666666667,0.190247027079264,-0.0465,0.0133594741936466
48,0.190247027079264,-0.0465,0.0134858428958567
48.0333333333333,0.190247027079264,-0.0465,0.0135964363390889
48.0666666666667,0.190247027079264,-0.0465,0.0136930166251386
48.1,0.190247027079264,-0.0465,0.0137771624312508
48.1333333333333,0.190247027079264,-0.0465,0.0138502871890562
48.1666666666667,0.190247027079264,-0.0465,0.0139136555259895
48.2,0.190247027079264,-0.0465,0.0139683981306763
48.2333333333333,0.190247027079264,-0.0465,0.0140155251891072
48.2666666666667,0.190104166666667,-0.0465,0.0146740284734211
48.3,0.190104166666667,-0.0465,0.0145979652230139
48.3333333333333,0.190104166666667,-0.0465,0.0145315437689638
48.3666666666667,0.190104166666667,-0.0465,0.0144736743607394
48.4,0.190104166666667,-0.0465,0.014423381723608
48.4333333333333,0.190104166666667,-0.0465,0.0143797936310377
48.4666666666667,0.190104166666667,-0.0465,0.0143421305757106
48.5,0.190104166666667,-0.0465,0.014309696436544
48.5333333333333,0.190174039204915,-0.0465,0.0139795643728014
48.5666666666667,0.190174039204915,-0.0465,0.0140098699979693
48.6,0.190174039204915,-0.0465,0.0140364808685896
48.6333333333333,0.190174039204915,-0.0465,0.0140598031298549
48.6666666666667,0.190174039204915,-0.0465,0.0140802011402189
48.7,0.190174039204915,-0.0465,0.0140980015760577
48.7333333333333,0.190174039204915,-0.0465,0.0141134971467668
48.7666666666667,0.190174039204915,-0.0465,0.0141269499562956
48.8,0.190304247538249,-0.0465,0.0135752442037287
48.8333333333333,0.190304247538249,-0.0465,0.0136860654659605
48.8666666666667,0.190304247538249,-0.0465,0.0137819552170574
48.9,0.190304247538249,-0.0465,0.0138646558474679
48.9333333333333,0.190304247538249,-0.0465,0.0139357231062037
48.9666666666667,0.190304247538249,-0.0465,0.0139965449782331
49,0.190304247538249,-0.0465,0.0140483587299503
49.0333333333333,0.190304247538249,-0.0465,0.0140922662950143
49.0666666666667,0.190180397033691,-0.0465,0.0146650911563487
49.1,0.190180397033691,-0.0465,0.0146001643608048
49.1333333333333,0.190180397033691,-0.0465,0.0145428175657985
49.1666666666667,0.190180397033691,-0.0465,0.0144922390530329
49.2,0.190180397033691,-0.0465,0.0144476991619177
49.2333333333333,0.190180397033691,-0.0465,0.01440854233077
49.2666666666667,0.190180397033691,-0.0465,0.0143741798861487
49.3,0.190180397033691,-0.0465,0.0143440835117048
49.3333333333333,0.190240414937337,-0.0465,0.0140581100366884
49.3666666666667,0.190240414937337,-0.0465,0.0140816243277847
49.4,0.190240414937337,-0.0465,0.0141018934280719
49.4333333333333,0.190240414937337,-0.0465,0.0141193026700955
49.4666666666667,0.190240414937337,-0.0465,0.0141341955729839
49.5,0.190240414937337,-0.0465,0.0141468781137933
49.5333333333333,0.190240414937337,-0.0465,0.0141576225810818
49.5666666666667,0.190240414937337,-0.0465,0.0141666710502489
49.6,0.190153948465983,-0.0465,0.0145483383517914
49.6333333333333,0.190153948465983,-0.0465,0.0144876945406028
49.6666666666667,0.190153948465983,-0.0465,0.0144349078854195
49.7,0.190153948465983,-0.0465,0.0143890820358779
49.7333333333333,0.190153948465983,-0.0465,0.0143494152308419
49.7666666666667,0.190153948465983,-0.0465,0.0143151908332386
49.8,0.190153948465983,-0.0465,0.0142857687760472
49.8333333333333,0.190153948465983,-0.0465,0.0142605778342879
49.8666666666667,0.190364583333333,-0.0465,0.0133277904440324
49.9,0.190364583333333,-0.0465,0.0134726107635466
49.9333333333333,0.190364583333333,-0.0465,0.0135984234727515
49.9666666666667,0.190364583333333,-0.0465,0.0137074173571649
50,0.190364583333333,-0.0465,0.0138015486003263
50.0333333333333,0.190364583333333,-0.0465,0.01388256418622
50.0666666666667,0.190364583333333,-0.0465,0.0139520230391093
50.1,0.190364583333333,-0.0465,0.0140113151129907
50.1333333333333,0.190432929992676,-0.0465,0.0137659747095514
50.1666666666667,0.190432929992676,-0.0465,0.0138614088072747
50.2,0.190432929992676,-0.0465,0.0139428993373321
50.2333333333333,0.190432929992676,-0.0465,0.0140121434087421
50.2666666666667,0.190432929992676,-0.0465,0.014070651520218
50.3,0.190432929992676,-0.0465,0.0141197667761949
50.3333333333333,0.190432929992676,-0.0465,0.0141606822134455
50.3666666666667,0.190432929992676,-0.0465,0.0141944564177729
50.4,0.190317980448405,-0.0465,0.0147193603158231
50.4333333333333,0.190317980448405,-0.0465,0.0146525933749644
50.4666666666667,0.190317980448405,-0.0465,0.0145931240725611
50.5,0.190317980448405,-0.0465,0.0145402100534406
50.5333333333333,0.190317980448405,-0.0465,0.0144931809780857
50.5666666666667,0.190317980448405,-0.0465,0.014451431770175
50.6,0.190317980448405,-0.0465,0.0144144164811602
50.6333333333333,0.190317980448405,-0.0465,0.0143816427166207
50.6666666666667,0.190104166666667,-0.0465,0.0152777384460288
50.7,0.190104166666667,-0.0465,0.0150866780307218
50.7333333333333,0.190104166666667,-0.0465,0.0149208566692433
50.7666666666667,0.190104166666667,-0.0465,0.014777363589433
50.8,0.190104166666667,-0.0465,0.0146535973522448
50.8333333333333,0.190104166666667,-0.0465,0.0145472347444732
50.8666666666667,0.190104166666667,-0.0465,0.0144562026770385
50.9,0.190104166666667,-0.0465,0.0143786528071291
50.9333333333333,0.190246454874674,-0.0465,0.0136973243405749
50.9666666666667,0.190246454874674,-0.0465,0.013752104939858
51,0.190246454874674,-0.0465,0.0138011783100466
51.0333333333333,0.190246454874674,-0.0465,0.0138451085170248
51.0666666666667,0.190246454874674,-0.0465,0.0138844059342798
51.1,0.190246454874674,-0.0465,0.0139195322110763
51.1333333333333,0.190246454874674,-0.0465,0.0139509047910146
51.1666666666667,0.190246454874674,-0.0465,0.0139789010209398
51.2,0.190174229939779,-0.0465,0.0143163452784629
51.2333333333333,0.190174229939779,-0.0465,0.0142826800721275
51.2666666666667,0.190174229939779,-0.0465,0.0142540652652428
51.3,0.190174229939779,-0.0465,0.01422987824843
51.3333333333333,0.190174229939779,-0.0465,0.0142095653989888
51.3666666666667,0.190174229939779,-0.0465,0.0141926349405264
51.4,0.190174229939779,-0.0465,0.0141786505072593
51.4333333333333,0.190174229939779,-0.0465,0.0141672253458566
51.4666666666667,0.190174039204915,-0.0465,0.0141588423141435
51.5,0.190174039204915,-0.0465,0.0141514006801847
51.5333333333333,0.190174039204915,-0.0465,0.0141456258797124
51.5666666666667,0.190174039204915,-0.0465,0.0141412800547689
51.6,0.190174039204915,-0.0465,0.014138153834976
51.6333333333333,0.190174039204915,-0.0465,0.0141360632416045
51.6666666666667,0.190174039204915,-0.0465,0.0141348469076153
51.7,0.190174039204915,-0.0465,0.0141343635828217
51.7333333333333,0.190223630269368,-0.0465,0.0139199326377857
51.7666666666667,0.190223630269368,-0.0465,0.0139589422610568
51.8,0.190223630269368,-0.0465,0.0139932112299201
51.8333333333333,0.190223630269368,-0.0465,0.0140232584751958
51.8666666666667,0.190223630269368,-0.0465,0.0140495497487865
51.9,0.190223630269368,-0.0465,0.0140725028290405
51.9333333333333,0.190223630269368,-0.0465,0.0140924922335918
51.9666666666667,0.190223630269368,-0.0465,0.0141098534850755
52,0.190364583333333,-0.0465,0.0135150492248824
52.0333333333333,0.190364583333333,-0.0465,0.0136371147817637
52.0666666666667,0.190364583333333,-0.0465,0.0137427254693038
52.1,0.190364583333333,-0.0465,0.0138338009674676
52.1333333333333,0.190364583333333,-0.0465,0.0139120554048333
52.1666666666667,0.190364583333333,-0.0465,0.0139790181403561
52.2,0.190364583333333,-0.0465,0.0140360525291302
52.2333333333333,0.190364583333333,-0.0465,0.0140843728616946
52.2666666666667,0.190246454874674,-0.0465,0.0146361460416046
52.3,0.190246454874674,-0.0465,0.0145787338889172
52.3333333333333,0.190246454874674,-0.0465,0.0145277677398763
52.3666666666667,0.190246454874674,-0.0465,0.0144825752405651
52.4,0.190246454874674,-0.0465,0.0144425507201852
52.4333333333333,0.190246454874674,-0.0465,0.0144071488169531
52.4666666666667,0.190246454874674,-0.0465,0.0143758786963167
52.5,0.190246454874674,-0.0465,0.0143482988076671
52.5333333333333,0.189969253540039,-0.0465,0.0155233321905813
52.5666666666667,0.189969253540039,-0.0465,0.0152874410311357
52.6,0.189969253540039,-0.0465,0.0150829494823455
52.6333333333333,0.189969253540039,-0.0465,0.0149062166452792
52.6666666666667,0.189969253540039,-0.0465,0.0147539901032942
52.7,0.189969253540039,-0.0465,0.0146233667342466
52.7333333333333,0.189969253540039,-0.0465,0.0145117573182975
52.7666666666667,0.189969253540039,-0.0465,0.0144168545848631
52.8,0.190151786804199,-0.0465,0.0135468686197813
52.8333333333333,0.190151786804199,-0.0465,0.0136207160961194
52.8666666666667,0.190151786804199,-0.0465,0.0136868119432786
52.9,0.190151786804199,-0.0465,0.0137459232461491
52.9333333333333,0.190151786804199,-0.0465,0.0137987441787901
52.9666666666667,0.190151786804199,-0.0465,0.0138459027328849
53,0.190151786804199,-0.0465,0.0138879668392089
53.0333333333333,0.190151786804199,-0.0465,0.0139254499358881
53.0666666666667,0.19037405649821,-0.0465,0.0129971593972169
53.1,0.19037405649821,-0.0465,0.0131988540483003
53.1333333333333,0.19037405649821,-0.0465,0.0133741496744584
53.1666666666667,0.19037405649821,-0.0465,0.0135260767003687
53.2,0.19037405649821,-0.0465,0.0136573443918347
53.2333333333333,0.19037405649821,-0.0465,0.0137703730934993
53.2666666666667,0.19037405649821,-0.0465,0.013867323355776
53.3,0.19037405649821,-0.0465,0.0139501222422822
53.3333333333333,0.190114466349284,-0.0465,0.0151436118083867
53.3666666666667,0.190114466349284,-0.0465,0.0150021609767315
53.4,0.190114466349284,-0.0465,0.0148781202047351
53.4333333333333,0.190114466349284,-0.0465,0.0147695579025904
53.4666666666667,0.190114466349284,-0.0465,0.0146747428023436
53.5,0.190114466349284,-0.0465,0.0145921241484556
53.5333333333333,0.190114466349284,-0.0465,0.0145203137790374
53.5666666666667,0.190114466349284,-0.0465,0.0144580699221974
53.6,0.190176264444987,-0.0465,0.01413691119505
53.6333333333333,0.190176264444987,-0.0465,0.0141384176189422
53.6666666666667,0.190176264444987,-0.0465,0.0141400871059266
53.7,0.190176264444987,-0.0465,0.0141418779665217
53.7333333333333,0.190176264444987,-0.0465,0.0141437544917888
53.7666666666667,0.190176264444987,-0.0465,0.0141456862433443
53.8,0.190176264444987,-0.0465,0.0141476474197188
53.8333333333333,0.190176264444987,-0.0465,0.0141496162913441
53.8666666666667,0.190158081054688,-0.0465,0.0142302456919707
53.9,0.190158081054688,-0.0465,0.0142181054962563
53.9333333333333,0.190158081054688,-0.0465,0.0142078155800633
53.9666666666667,0.190158081054688,-0.0465,0.0141991460365493
54,0.190158081054688,-0.0465,0.0141918925567063
54.0333333333333,0.190158081054688,-0.0465,0.0141858737711148
54.0666666666667,0.190158081054688,-0.0465,0.0141809288546714
54.1,0.190158081054688,-0.0465,0.0141769153691911
54.1333333333333,0.190254847208659,-0.0465,0.0137550455937294
54.1666666666667,0.190254847208659,-0.0465,0.0138274241728502
54.2,0.190254847208659,-0.0465,0.0138903508390696
54.2333333333333,0.190254847208659,-0.0465,0.0139449096734781
54.2666666666667,0.190254847208659,-0.0465,0.0139920699101427
54.3,0.190254847208659,-0.0465,0.0140326974625747
54.3333333333333,0.190254847208659,-0.0465,0.0140675653380143
54.3666666666667,0.190254847208659,-0.0465,0.0140973630436743
54.4,0.19030278523763,-0.0465,0.0139152997297206
54.4333333333333,0.19030278523763,-0.0465,0.0139738350508464
54.4666666666667,0.19030278523763,-0.0465,0.0140239708641139
54.5,0.19030278523763,-0.0465,0.0140667196004877
54.5333333333333,0.19030278523763,-0.0465,0.014102983057589
54.5666666666667,0.19030278523763,-0.0465,0.0141335637423372
54.6,0.19030278523763,-0.0465,0.014159175101955
54.6333333333333,0.19030278523763,-0.0465,0.0141804507486756
54.6666666666667,0.190459632873535,-0.0465,0.0135193466755597
54.7,0.190459632873535,-0.0465,0.0136549658886464
54.7333333333333,0.190459632873535,-0.0465,0.0137714637685722
54.7666666666667,0.190459632873535,-0.0465,0.0138711271986562
54.8,0.190459632873535,-0.0465,0.0139559942303404
54.8333333333333,0.190459632873535,-0.0465,0.0140278795268556
54.8666666666667,0.190459632873535,-0.0465,0.0140883973177422
54.9,0.190459632873535,-0.0465,0.0141389820997878
54.9333333333333,0.190459632873535,-0.0465,0.0141809072982332
54.9666666666667,0.190184847513835,-0.0465,0.0154041693528563
55,0.190184847513835,-0.0465,0.015219362739152
55.0333333333333,0.190184847513835,-0.0465,0.0150574431702353
55.0666666666667,0.190184847513835,-0.0465,0.0149158680594208
55.1,0.190184847513835,-0.0465,0.0147923584348969
55.1333333333333,0.190184847513835,-0.0465,0.014684872892874
55.1666666666667,0.190184847513835,-0.0465,0.0145915840342529
55.2,0.190184847513835,-0.0465,0.0145108571544423
55.2333333333333,0.190380859375,-0.0465,0.0135931796591536
55.2666666666667,0.190380859375,-0.0465,0.013685052953504
55.3,0.190380859375,-0.0465,0.0137652034763811
55.3333333333333,0.190380859375,-0.0465,0.0138349633968278
55.3666666666667,0.190380859375,-0.0465,0.0138955243378513
55.4,0.190380859375,-0.0465,0.0139479514548995
55.4333333333333,0.190380859375,-0.0465,0.0139931961570919
55.4666666666667,0.190380859375,-0.0465,0.0140321075982571
55.5,0.190364583333333,-0.0465,0.0141358618457161
55.5333333333333,0.190364583333333,-0.0465,0.0141516991800107
55.5666666666667,0.190364583333333,-0.0465,0.014164926042364
55.6,0.190364583333333,-0.0465,0.0141758798115212
55.6333333333333,0.190364583333333,-0.0465,0.0141848593758835
55.6666666666667,0.190364583333333,-0.0465,0.0141921291981938
55.7,0.190364583333333,-0.0465,0.0141979229731312
55.7333333333333,0.190364583333333,-0.0465,0.0142024469170386
55.7666666666667,0.190104166666667,-0.0465,0.0153325834056084
55.8,0.190104166666667,-0.0465,0.0151335405652003
55.8333333333333,0.190104166666667,-0.0465,0.0149607505919468
55.8666666666667,0.190104166666667,-0.0465,0.0148111863479882
55.9,0.190104166666667,-0.0465,0.0146821424572671
55.9333333333333,0.190104166666667,-0.0465,0.0145712029387384
55.9666666666667,0.190104166666667,-0.0465,0.0144762119678133
56,0.190104166666667,-0.0465,0.0143952474727527
56.0333333333333,0.190094757080078,-0.0465,0.0143673081639971
56.0666666666667,0.190094757080078,-0.0465,0.0143021659870589
56.1,0.190094757080078,-0.0465,0.014247436710431
56.1333333333333,0.190094757080078,-0.0465,0.014201803285257
56.1666666666667,0.190094757080078,-0.0465,0.0141640965899266
56.2,0.190094757080078,-0.0465,0.0141332799915077
56.2333333333333,0.190094757080078,-0.0465,0.0141084354392674
56.2666666666667,0.190094757080078,-0.0465,0.0140887509437485
56.3,0.190051968892415,-0.0465,0.0142586337122611
56.3333333333333,0.190051968892415,-0.0465,0.0142140863375846
56.3666666666667,0.190051968892415,-0.0465,0.0141772352732341
56.4,0.190051968892415,-0.0465,0.0141470732855377
56.4333333333333,0.190051968892415,-0.0465,0.0141227085397545
56.4666666666667,0.190051968892415,-0.0465,0.0141033523963774
56.5,0.190051968892415,-0.0465,0.0140883084300323
56.5333333333333,0.190051968892415,-0.0465,0.0140769625532024
56.5666666666667,0.190152295430501,-0.0465,0.0136347082997684
56.6,0.190152295430501,-0.0465,0.0137068502587894
56.6333333333333,0.190152295430501,-0.0465,0.013770840128587
56.6666666666667,0.190152295430501,-0.0465,0.0138275265843989
56.7,0.190152295430501,-0.0465,0.0138776745270404
56.7333333333333,0.190152295430501,-0.0465,0.0139219730465203
56.7666666666667,0.190152295430501,-0.0465,0.0139610426497515
56.8,0.190152295430501,-0.0465,0.0139954418188741
56.8333333333333,0.190176582336426,-0.0465,0.0139205949188454
56.8666666666667,0.190176582336426,-0.0465,0.0139659066928451
56.9,0.190176582336426,-0.0465,0.0140053862355096
56.9333333333333,0.190176582336426,-0.0465,0.0140396919259059
56.9666666666667,0.190176582336426,-0.0465,0.01406941336592
57,0.190176582336426,-0.0465,0.0140950782013675
57.0333333333333,0.190176582336426,-0.0465,0.0141171582915171
57.0666666666667,0.190176582336426,-0.0465,0.0141360752875213
57.1,0.1901154200236,-0.0465,0.0144168262935132
57.1333333333333,0.1901154200236,-0.0465,0.0143831691724926
57.1666666666667,0.1901154200236,-0.0465,0.0143537115953401
57.2,0.1901154200236,-0.0465,0.0143279803100572
57.2333333333333,0.1901154200236,-0.0465,0.0143055518315757
57.2666666666667,0.1901154200236,-0.0465,0.0142860474620939
57.3,0.1901154200236,-0.0465,0.0142691287914138
57.3333333333333,0.1901154200236,-0.0465,0.0142544936323424
57.3666666666667,0.190224329630534,-0.0465,0.013770671601951
57.4,0.190224329630534,-0.0465,0.0138441147541491
57.4333333333333,0.190224329630534,-0.0465,0.0139078084246875
57.4666666666667,0.190224329630534,-0.0465,0.0139628794570399
57.5,0.190224329630534,-0.0465,0.0140103348043507
57.5333333333333,0.190224329630534,-0.0465,0.0140510735941332
57.5666666666667,0.190224329630534,-0.0465,0.0140858980267801
57.6,0.190224329630534,-0.0465,0.0141155232172231
57.6333333333333,0.190147590637207,-0.0465,0.0144725996828441
57.6666666666667,0.190147590637207,-0.0465,0.0144342745461739
57.7,0.190147590637207,-0.0465,0.0144004259125149
57.7333333333333,0.190147590637207,-0.0465,0.014370572844081
57.7666666666667,0.190147590637207,-0.0465,0.0143442832055891
57.8,0.190147590637207,-0.0465,0.0143211689136568
57.8333333333333,0.190147590637207,-0.0465,0.0143008816342423
57.8666666666667,0.190147590637207,-0.0465,0.0142831088869098
57.9,0.190104166666667,-0.0465,0.014455445656266
57.9333333333333,0.190104166666667,-0.0465,0.0144082825230048
57.9666666666667,0.190104166666667,-0.0465,0.0143673869863689
58,0.190104166666667,-0.0465,0.0143320326334339
58.0333333333333,0.190104166666667,-0.0465,0.0143015705518247
58.0666666666667,0.190104166666667,-0.0465,0.0142754215116186
58.1,0.190104166666667,-0.0465,0.0142530689045519
58.1333333333333,0.190104166666667,-0.0465,0.0142340523693986
58.1666666666667,0.190349578857422,-0.0465,0.0131561786829947
58.2,0.190349578857422,-0.0465,0.0133325875746552
58.2333333333333,0.190349578857422,-0.0465,0.0134857513668722
58.2666666666667,0.190349578857422,-0.0465,0.0136183511775292
58.3,0.190349578857422,-0.0465,0.0137327829780802
58.3333333333333,0.190349578857422,-0.0465,0.013831186294418
58.3666666666667,0.190349578857422,-0.0465,0.0139154701322565
58.4,0.190349578857422,-0.0465,0.0139873363873764
58.4333333333333,0.190364583333333,-0.0465,0.0139833836528823
58.4666666666667,0.190364583333333,-0.0465,0.0140464083483974
58.5,0.190364583333333,-0.0465,0.0140995216651278
58.5333333333333,0.190364583333333,-0.0465,0.0141439701973845
58.5666666666667,0.190364583333333,-0.0465,0.0141808608844775
58.6,0.190364583333333,-0.0465,0.0142111755661203
58.6333333333333,0.190364583333333,-0.0465,0.0142357840945345
58.6666666666667,0.190364583333333,-0.0465,0.0142554561412207
58.7,0.190625,-0.0465,0.0131441711432766
58.7333333333333,0.190625,-0.0465,0.0133574809292917
58.7666666666667,0.190625,-0.0465,0.0135406223827527
58.8,0.190625,-0.0465,0.0136972107133203
58.8333333333333,0.190625,-0.0465,0.0138304672220051
58.8666666666667,0.190625,-0.0465,0.0139432596206289
58.9,0.190625,-0.0465,0.0140381384037155
58.9333333333333,0.190625,-0.0465,0.0141173696466332
58.9666666666667,0.190170097351074,-0.0465,0.0161511148054934
59,0.190170097351074,-0.0465,0.0158527829923081
59.0333333333333,0.190170097351074,-0.0465,0.0155914122402256
59.0666666666667,0.190170097351074,-0.0465,0.0153628959147558
59.1,0.190170097351074,-0.0465,0.015163553170336
59.1333333333333,0.190170097351074,-0.0465,0.0149900868798582
59.1666666666667,0.190170097351074,-0.0465,0.0148395455754606
59.2,0.190170097351074,-0.0465,0.0147092890284979
59.2333333333333,0.190104166666667,-0.0465,0.0148822082547489
59.2666666666667,0.190104166666667,-0.0465,0.0147346656186667
59.3,0.190104166666667,-0.0465,0.0146079040116427
59.3333333333333,0.190104166666667,-0.0465,0.0144994479936158
59.3666666666667,0.190104166666667,-0.0465,0.0144070903947034
59.4,0.190104166666667,-0.0465,0.0143288649803536
59.4333333333333,0.190104166666667,-0.0465,0.0142630217826313
59.4666666666667,0.190104166666667,-0.0465,0.0142080048459679
59.5,0.190313784281413,-0.0465,0.0132555151317961
59.5333333333333,0.190313784281413,-0.0465,0.0133803947868126
59.5666666666667,0.190313784281413,-0.0465,0.013490639922987
59.6,0.190313784281413,-0.0465,0.0135878244735851
59.6333333333333,0.190313784281413,-0.0465,0.0136733626273428
59.6666666666667,0.190313784281413,-0.0465,0.0137485243761669
59.7,0.190313784281413,-0.0465,0.0138144495969288
59.7333333333333,0.190313784281413,-0.0465,0.0138721608021561
59.7666666666667,0.190188407897949,-0.0465,0.0144650194433892
59.8,0.190188407897949,-0.0465,0.0144119218433475
59.8333333333333,0.190188407897949,-0.0465,0.0143661022932325
59.8666666666667,0.190188407897949,-0.0465,0.0143267021719109
59.9,0.190188407897949,-0.0465,0.0142929555379467
59.9333333333333,0.190188407897949,-0.0465,0.0142641797024007
59.9666666666667,0.190188407897949,-0.0465,0.0142397667204968
60,0.190188407897949,-0.0465,0.014219175715434
60.0333333333333,0.190027681986491,-0.0465,0.0148973115317088
60.0666666666667,0.190027681986491,-0.0465,0.0147585818363332
60.1,0.190027681986491,-0.0465,0.0146390772659823
60.1333333333333,0.190027681986491,-0.0465,0.0145365182511172
60.1666666666667,0.190027681986491,-0.0465,0.0144488719768103
60.2,0.190027681986491,-0.0465,0.0143743272386938
60.2333333333333,0.190027681986491,-0.0465,0.0143112717526532
60.2666666666667,0.190027681986491,-0.0465,0.0142582716864785
60.3,0.190027681986491,-0.0465,0.014214053203036
60.3333333333333,0.190432294209798,-0.0465,0.0124269186537109
60.3666666666667,0.190432294209798,-0.0465,0.0127101512454772
60.4,0.190432294209798,-0.0465,0.0129571319820747
60.4333333333333,0.190432294209798,-0.0465,0.0131719707767184
60.4666666666667,0.190432294209798,-0.0465,0.013358345452838
60.5,0.190432294209798,-0.0465,0.013519544875147
60.5333333333333,0.190432294209798,-0.0465,0.0136585079359478
60.5666666666667,0.190432294209798,-0.0465,0.0137778587835425
60.6,0.190260060628255,-0.0465,0.0146251125073308
60.6333333333333,0.190260060628255,-0.0465,0.0145787076680198
60.6666666666667,0.190260060628255,-0.0465,0.0145368618459873
60.7,0.190260060628255,-0.0465,0.014499145548908
60.7333333333333,0.190260060628255,-0.0465,0.0144651685538637
60.7666666666667,0.190260060628255,-0.0465,0.0144345763968141
60.8,0.190260060628255,-0.0465,0.0144070471704031
60.8333333333333,0.190260060628255,-0.0465,0.0143822886034015
60.8666666666667,0.190215428670247,-0.0465,0.0145531369299789
60.9,0.190215428670247,-0.0465,0.0144986052785748
60.9333333333333,0.190215428670247,-0.0465,0.0144507542472045
60.9666666666667,0.190215428670247,-0.0465,0.0144088458294255
61,0.190215428670247,-0.0465,0.0143722182792142
61.0333333333333,0.190215428670247,-0.0465,0.0143402785923714
61.0666666666667,0.190215428670247,-0.0465,0.0143124957037245
61.1,0.190215428670247,-0.0465,0.0142883943338073
61.1333333333333,0.190330441792806,-0.0465,0.0137699416291425
61.1666666666667,0.190330441792806,-0.0465,0.0138409881032102
61.2,0.190330441792806,-0.0465,0.0139026293649698
61.2333333333333,0.190330441792806,-0.0465,0.0139559540029862
61.2666666666667,0.190330441792806,-0.0465,0.0140019345241622
61.3,0.190330441792806,-0.0465,0.0140414390618176
61.3333333333333,0.190330441792806,-0.0465,0.0140752419496868
61.3666666666667,0.190330441792806,-0.0465,0.0141040332683553
61.4,0.190200996398926,-0.0465,0.0146884769201295
61.4333333333333,0.190200996398926,-0.0465,0.0146088358718582
61.4666666666667,0.190200996398926,-0.0465,0.0145392711857016
61.5,0.190200996398926,-0.0465,0.0144786481985174
61.5333333333333,0.190200996398926,-0.0465,0.0144259510044826
61.5666666666667,0.190200996398926,-0.0465,0.014380270638714
61.6,0.190200996398926,-0.0465,0.0143407943936737
61.6333333333333,0.190200996398926,-0.0465,0.0143067961628209
61.6666666666667,0.190317980448405,-0.0465,0.0137714926443757
61.7,0.190317980448405,-0.0465,0.0138371159393191
61.7333333333333,0.190317980448405,-0.0465,0.0138943281844684
61.7666666666667,0.190317980448405,-0.0465,0.0139440855895579
61.8,0.190317980448405,-0.0465,0.0139872435597572
61.8333333333333,0.190317980448405,-0.0465,0.0140245667823321
61.8666666666667,0.190317980448405,-0.0465,0.0140567383419815
61.9,0.190317980448405,-0.0465,0.0140843679556756
61.9333333333333,0.19018128712972,-0.0465,0.014699407237305
61.9666666666667,0.19018128712972,-0.0465,0.0146137308520095
62,0.19018128712972,-0.0465,0.0145391660749806
62.0333333333333,0.19018128712972,-0.0465,0.0144744431003333
62.0666666666667,0.19018128712972,-0.0465,0.0144184263433878
62.1,0.19018128712972,-0.0465,0.0143701009901581
62.1333333333333,0.19018128712972,-0.0465,0.0143285608432558
62.1666666666667,0.19018128712972,-0.0465,0.0142929973429192
62.2,0.190151405334473,-0.0465,0.0143919741548434
62.2333333333333,0.190151405334473,-0.0465,0.01434315309861
62.2666666666667,0.190151405334473,-0.0465,0.0143014772559802
62.3,0.190151405334473,-0.0465,0.014266077210613
62.3333333333333,0.190151405334473,-0.0465,0.0142361790828259
62.3666666666667,0.190151405334473,-0.0465,0.0142110946984836
62.4,0.190151405334473,-0.0465,0.0141902127239261
62.4333333333333,0.190151405334473,-0.0465,0.014172990675214
62.4666666666667,0.190200169881185,-0.0465,0.0139479664143072
62.5,0.190200169881185,-0.0465,0.0139744183645485
62.5333333333333,0.190200169881185,-0.0465,0.0139981838482769
62.5666666666667,0.190200169881185,-0.0465,0.0140195204883174
62.6,0.190200169881185,-0.0465,0.0140386621223224
62.6333333333333,0.190200169881185,-0.0465,0.014055820940014
62.6666666666667,0.190200169881185,-0.0465,0.0140711894322665
62.7,0.190200169881185,-0.0465,0.0140849421683285
62.7333333333333,0.190241877237956,-0.0465,0.0139167892602735
62.7666666666667,0.190241877237956,-0.0465,0.0139600500106803
62.8,0.190241877237956,-0.0465,0.0139977959257643
62.8333333333333,0.190241877237956,-0.0465,0.0140306492364484
62.8666666666667,0.190241877237956,-0.0465,0.0140591670388132
62.9,0.190241877237956,-0.0465,0.0140838477717958
62.9333333333333,0.190241877237956,-0.0465,0.0141051370743524
62.9666666666667,0.190241877237956,-0.0465,0.0141234330798544
63,0.190307362874349,-0.0465,0.013855765589705
63.0333333333333,0.190307362874349,-0.0465,0.0139197856629985
63.0666666666667,0.190307362874349,-0.0465,0.0139749675632082
63.1,0.190307362874349,-0.0465,0.0140223549839737
63.1333333333333,0.190307362874349,-0.0465,0.0140628790349686
63.1666666666667,0.190307362874349,-0.0465,0.0140973696813156
63.2,0.190307362874349,-0.0465,0.014126566069291
63.2333333333333,0.190307362874349,-0.0465,0.014151125843315
63.2666666666667,0.190625,-0.0465,0.012797366801853
63.3,0.190625,-0.0465,0.0130601777744469
63.3333333333333,0.190625,-0.0465,0.0132869336339407
63.3666666666667,0.190625,-0.0465,0.013481884501418
63.4,0.190625,-0.0465,0.0136488222340299
63.4333333333333,0.190625,-0.0465,0.013791126990516
63.4666666666667,0.190625,-0.0465,0.013911809262171
63.5,0.190625,-0.0465,0.0140135477968851
63.5333333333333,0.190132395426432,-0.0465,0.0162299925718289
63.5666666666667,0.190132395426432,-0.0465,0.0159194676163101
63.6,0.190132395426432,-0.0465,0.0156475207010461
63.6333333333333,0.190132395426432,-0.0465,0.0154098547211856
63.6666666666667,0.190132395426432,-0.0465,0.015202619050638
63.7,0.190132395426432,-0.0465,0.0150223653501489
63.7333333333333,0.190132395426432,-0.0465,0.014866007595053
63.7666666666667,0.190132395426432,-0.0465,0.0147307859308041
63.8,0.190203348795573,-0.0465,0.0143072520763619
63.8333333333333,0.190203348795573,-0.0465,0.0142620820892619
63.8666666666667,0.190203348795573,-0.0465,0.0142240467977982
63.9,0.190203348795573,-0.0465,0.0141922526241709
63.9333333333333,0.190203348795573,-0.0465,0.0141659055933462
63.9666666666667,0.190203348795573,-0.0465,0.014144300999781
64,0.190203348795573,-0.0465,0.0141268140947122
64.0333333333333,0.190203348795573,-0.0465,0.0141128916967798
64.0666666666667,0.190745798746745,-0.0465,0.0117551183184127
64.1,0.190745798746745,-0.0465,0.0121667455871493
64.1333333333333,0.190745798746745,-0.0465,0.0125243091520072
64.1666666666667,0.190745798746745,-0.0465,0.0128340355556348
64.2,0.190745798746745,-0.0465,0.0131014896557884
64.2333333333333,0.190745798746745,-0.0465,0.0133316411939179
64.2666666666667,0.190745798746745,-0.0465,0.0135289249283207
64.3,0.190745798746745,-0.0465,0.0136972949353841
64.3333333333333,0.190745798746745,-0.0465,0.0138402736271827
64.3666666666667,0.190364583333333,-0.0465,0.0156103361393833
64.4,0.190364583333333,-0.0465,0.0154165466692016
64.4333333333333,0.190364583333333,-0.0465,0.015245348360182
64.4666666666667,0.190364583333333,-0.0465,0.0150943265545293
64.5,0.190364583333333,-0.0465,0.0149613102546273
64.5333333333333,0.190364583333333,-0.0465,0.0148443485285654
64.5666666666667,0.190364583333333,-0.0465,0.014741689130423
64.6,0.190364583333333,-0.0465,0.0146517591324237
64.6333333333333,0.190211232503255,-0.0465,0.0152366244450393
64.6666666666667,0.190211232503255,-0.0465,0.0150493793077681
64.7,0.190211232503255,-0.0465,0.0148869768820686
64.7333333333333,0.190211232503255,-0.0465,0.0147465469228769
64.7666666666667,0.190211232503255,-0.0465,0.0146255244819586
64.8,0.190211232503255,-0.0465,0.0145216191918434
64.8333333333333,0.190211232503255,-0.0465,0.0144327875183319
64.8666666666667,0.190211232503255,-0.0465,0.0143572077032948
64.9,0.190255355834961,-0.0465,0.0141023561996167
64.9333333333333,0.190255355834961,-0.0465,0.0140827404399507
64.9666666666667,0.190255355834961,-0.0465,0.0140674449316763
65,0.190255355834961,-0.0465,0.0140558636213284
65.0333333333333,0.190255355834961,-0.0465,0.0140474620915514
65.0666666666667,0.190255355834961,-0.0465,0.0140417698547109
65.1,0.190255355834961,-0.0465,0.0140383734267283
65.1333333333333,0.190255355834961,-0.0465,0.0140369101054553
65.1666666666667,0.19022954305013,-0.0465,0.0141487421887661
65.2,0.19022954305013,-0.0465,0.0141302548570716
65.2333333333333,0.19022954305013,-0.0465,0.014115544488834
65.2666666666667,0.19022954305013,-0.0465,0.0141040888684724
65.3,0.19022954305013,-0.0465,0.0140954272573266
65.3333333333333,0.19022954305013,-0.0465,0.0140891537866017
65.3666666666667,0.19022954305013,-0.0465,0.0140849115193239
65.4,0.19022954305013,-0.0465,0.0140823871163704
65.4333333333333,0.190198580423991,-0.0465,0.0142152667975733
65.4666666666667,0.190198580423991,-0.0465,0.0141914254182157
65.5,0.190198580423991,-0.0465,0.0141717930552499
65.5333333333333,0.190198580423991,-0.0465,0.0141558130140672
65.5666666666667,0.190198580423991,-0.0465,0.0141429928028818
65.6,0.190198580423991,-0.0465,0.014132897311889
65.6333333333333,0.190198580423991,-0.0465,0.0141251426780828
65.6666666666667,0.190198580423991,-0.0465,0.0141193907695096
65.7,0.190443929036458,-0.0465,0.0130538359464288
65.7333333333333,0.190443929036458,-0.0465,0.0132411221143421
65.7666666666667,0.190443929036458,-0.0465,0.0134041477118111
65.8,0.190443929036458,-0.0465,0.0135456806614918
65.8333333333333,0.190443929036458,-0.0465,0.0136681967498555
65.8666666666667,0.190443929036458,-0.0465,0.013773908864759
65.9,0.190443929036458,-0.0465,0.0138647934180743
65.9333333333333,0.190443929036458,-0.0465,0.0139426142164893
65.9666666666667,0.190443929036458,-0.0465,0.0140089440195764
66,0.190364583333333,-0.0465,0.0144084756158638
66.0333333333333,0.190364583333333,-0.0465,0.0143944630623806
66.0666666666667,0.190364583333333,-0.0465,0.0143809558219697
66.1,0.190364583333333,-0.0465,0.0143679791750705
66.1333333333333,0.190364583333333,-0.0465,0.0143555501297717
66.1666666666667,0.190364583333333,-0.0465,0.0143436786409801
66.2,0.190364583333333,-0.0465,0.0143323686843811
66.2333333333333,0.190364583333333,-0.0465,0.0143216192007633
66.2666666666667,0.190245310465495,-0.0465,0.0148274626386312
66.3,0.190245310465495,-0.0465,0.0147255031916336
66.3333333333333,0.190245310465495,-0.0465,0.0146364635188679
66.3666666666667,0.190245310465495,-0.0465,0.0145588869369635
66.4,0.190245310465495,-0.0465,0.0144914693773295
66.4333333333333,0.190245310465495,-0.0465,0.0144330441886042
66.4666666666667,0.190245310465495,-0.0465,0.0143825683969908
66.5,0.190245310465495,-0.0465,0.0143391102885865
66.5333333333333,0.190142186482747,-0.0465,0.014748007258404
66.5666666666667,0.190142186482747,-0.0465,0.0146363662552845
66.6,0.190142186482747,-0.0465,0.0145402165479566
66.6333333333333,0.190142186482747,-0.0465,0.0144577221820514
66.6666666666667,0.190142186482747,-0.0465,0.0143872457758644
66.7,0.190142186482747,-0.0465,0.0143273283026586
66.7333333333333,0.190142186482747,-0.0465,0.0142766708444814
66.7666666666667,0.190142186482747,-0.0465,0.0142341181313879
66.8,0.190364583333333,-0.0465,0.0132364369149614
66.8333333333333,0.190364583333333,-0.0465,0.0133792544973587
66.8666666666667,0.190364583333333,-0.0465,0.0135043386726854
66.9,0.190364583333333,-0.0465,0.0136136645131832
66.9333333333333,0.190364583333333,-0.0465,0.0137090018694432
66.9666666666667,0.190364583333333,-0.0465,0.0137919356846582
67,0.190364583333333,-0.0465,0.0138638843689806
67.0333333333333,0.19002259572347,-0.0465,0.0154057362772493
67.0666666666667,0.19002259572347,-0.0465,0.0151947028278287
67.1,0.19002259572347,-0.0465,0.0150116094722911
67.1333333333333,0.19002259572347,-0.0465,0.014853222518379
67.1666666666667,0.19002259572347,-0.0465,0.0147166530673108
67.2,0.19002259572347,-0.0465,0.0145993222408665
67.2333333333333,0.19002259572347,-0.0465,0.0144989297764042
67.2666666666667,0.19002259572347,-0.0465,0.0144134256734901
67.3,0.190364583333333,-0.0465,0.0128613647417381
67.3333333333333,0.190364583333333,-0.0465,0.0130650454149995
67.3666666666667,0.190364583333333,-0.0465,0.0132432115341605
67.4,0.190364583333333,-0.0465,0.0133987190163695
67.4333333333333,0.190364583333333,-0.0465,0.0135341260774051
67.4666666666667,0.190364583333333,-0.0465,0.0136517227663432
67.5,0.190364583333333,-0.0465,0.0137535576751642
67.5333333333333,0.190364583333333,-0.0465,0.0138414620860332
67.5666666666667,0.190157508850098,-0.0465,0.0148129858858232
67.6,0.190157508850098,-0.0465,0.0147174949358466
67.6333333333333,0.190157508850098,-0.0465,0.0146339733167976
67.6666666666667,0.190157508850098,-0.0465,0.0145610763156494
67.7,0.190157508850098,-0.0465,0.0144975999590296
67.7333333333333,0.190157508850098,-0.0465,0.0144424669984187
67.7666666666667,0.190157508850098,-0.0465,0.014394714240324
67.8,0.190157508850098,-0.0465,0.014353481095977
67.8333333333333,0.190419324239095,-0.0465,0.0131852469413025
67.8666666666667,0.190419324239095,-0.0465,0.0133574638457946
67.9,0.190419324239095,-0.0465,0.0135069496387482
67.9333333333333,0.190419324239095,-0.0465,0.013636327336909
67.9666666666667,0.190419324239095,-0.0465,0.0137479409717831
68,0.190419324239095,-0.0465,0.0138438836683377
68.0333333333333,0.190419324239095,-0.0465,0.0139260230087115
68.0666666666667,0.190419324239095,-0.0465,0.0139960239355688
68.1,0.190419324239095,-0.0465,0.0140553694264223
68.1333333333333,0.190317916870117,-0.0465,0.0145441212352078
68.1666666666667,0.190317916870117,-0.0465,0.0145074838044181
68.2,0.190317916870117,-0.0465,0.0144742554756457
68.2333333333333,0.190317916870117,-0.0465,0.0144441338034751
68.2666666666667,0.190317916870117,-0.0465,0.0144168423240462
68.3,0.190317916870117,-0.0465,0.0143921283744951
68.3333333333333,0.190317916870117,-0.0465,0.0143697610921951
68.3666666666667,0.190317916870117,-0.0465,0.0143495295791789
68.4,0.190428034464518,-0.0465,0.0138548140751717
68.4333333333333,0.190428034464518,-0.0465,0.0139235188638779
68.4666666666667,0.190428034464518,-0.0465,0.013982396111538
68.5,0.190428034464518,-0.0465,0.014032631327091
68.5333333333333,0.190428034464518,-0.0465,0.0140752802742322
68.5666666666667,0.190428034464518,-0.0465,0.0141112822943039
68.6,0.190428034464518,-0.0465,0.0141414723216123
68.6333333333333,0.190428034464518,-0.0465,0.0141665917152353
68.6666666666667,0.190364583333333,-0.0465,0.0144618212813632
68.7,0.190364583333333,-0.0465,0.0144295888057082
68.7333333333333,0.190364583333333,-0.0465,0.0144006297383342
68.7666666666667,0.190364583333333,-0.0465,0.0143746319704169
68.8,0.190364583333333,-0.0465,0.0143513119730191
68.8333333333333,0.190364583333333,-0.0465,0.0143304122527748
68.8666666666667,0.190364583333333,-0.0465,0.014311699029405
68.9,0.190364583333333,-0.0465,0.0142949601160377
68.9333333333333,0.190238316853841,-0.0465,0.0148262987737315
68.9666666666667,0.190238316853841,-0.0465,0.0147152244297519
69,0.190238316853841,-0.0465,0.0146187099841383
69.0333333333333,0.190238316853841,-0.0465,0.0145350845077405
69.0666666666667,0.190238316853841,-0.0465,0.014462854031957
69.1,0.190238316853841,-0.0465,0.0144006837989118
69.1333333333333,0.190238316853841,-0.0465,0.0143473822231815
69.1666666666667,0.190238316853841,-0.0465,0.0143018864049068
69.2,0.190429941813151,-0.0465,0.0134341777962478
69.2333333333333,0.190429941813151,-0.0465,0.0135498641784304
69.2666666666667,0.190429941813151,-0.0465,0.013650917459858
69.3,0.190429941813151,-0.0465,0.0137389888312653
69.3333333333333,0.190429941813151,-0.0465,0.013815556246739
69.3666666666667,0.190429941813151,-0.0465,0.0138819417001363
69.4,0.190429941813151,-0.0465,0.0139393268419203
69.4333333333333,0.190429941813151,-0.0465,0.0139887670912999
69.4666666666667,0.190112050374349,-0.0465,0.0154065714257848
69.5,0.190112050374349,-0.0465,0.0151968125920876
69.5333333333333,0.190112050374349,-0.0465,0.0150146479631524
69.5666666666667,0.190112050374349,-0.0465,0.0148568983183549
69.6,0.190112050374349,-0.0465,0.0147207222873369
69.6333333333333,0.190112050374349,-0.0465,0.014603582365008
69.6666666666667,0.190112050374349,-0.0465,0.0145032142114593
69.7,0.190112050374349,-0.0465,0.0144175989287788
69.7333333333333,0.190169461568197,-0.0465,0.0140965467472834
69.7666666666667,0.190169461568197,-0.0465,0.014079673177368
69.8,0.190169461568197,-0.0465,0.014066768768569
69.8333333333333,0.190169461568197,-0.0465,0.0140572639071249
69.8666666666667,0.190169461568197,-0.0465,0.0140506571832184
69.9,0.190169461568197,-0.0465,0.0140465079900968
69.9333333333333,0.190169461568197,-0.0465,0.0140444298772165
69.9666666666667,0.190169461568197,-0.0465,0.0140440845839118
70,0.190195147196452,-0.0465,0.0139340470300827
70.0333333333333,0.190195147196452,-0.0465,0.0139561986226496
70.0666666666667,0.190195147196452,-0.0465,0.0139766394704483
70.1,0.190195147196452,-0.0465,0.0139954865267359
70.1333333333333,0.190195147196452,-0.0465,0.0140128499329604
70.1666666666667,0.190195147196452,-0.0465,0.014028833301102
70.2,0.190195147196452,-0.0465,0.0140435339979851
70.2333333333333,0.190195147196452,-0.0465,0.0140570434292297
70.2666666666667,0.190243911743164,-0.0465,0.0138584660167497
70.3,0.190243911743164,-0.0465,0.0139075861760663
70.3333333333333,0.190243911743164,-0.0465,0.0139506927634356
70.3666666666667,0.190243911743164,-0.0465,0.0139884459955824
70.4,0.190243911743164,-0.0465,0.0140214383464798
70.4333333333333,0.190243911743164,-0.0465,0.0140502011816177
70.4666666666667,0.190243911743164,-0.0465,0.0140752107644612
70.5,0.190243911743164,-0.0465,0.0140968936929637
70.5333333333333,0.190243911743164,-0.0465,0.0141156318187747
70.5666666666667,0.190364583333333,-0.0465,0.0136096773681283
70.6,0.190364583333333,-0.0465,0.0137169084597091
70.6333333333333,0.190364583333333,-0.0465,0.0138095840898684
70.6666666666667,0.190364583333333,-0.0465,0.0138894072748852
70.7,0.190364583333333,-0.0465,0.0139578984130797
70.7333333333333,0.190364583333333,-0.0465,0.0140164137630497
70.7666666666667,0.190364583333333,-0.0465,0.0140661621284819
70.8,0.190364583333333,-0.0465,0.0141082199182108
70.8333333333333,0.190364583333333,-0.0465,0.0141435447347227
70.8666666666667,0.190364583333333,-0.0465,0.0141729876302043
70.9,0.190364583333333,-0.0465,0.0141973041564396
70.9333333333333,0.190364583333333,-0.0465,0.014217164323179
70.9666666666667,0.190364583333333,-0.0465,0.0142331615690149
71,0.190364583333333,-0.0465,0.014245820839146
71.0333333333333,0.190364583333333,-0.0465,0.0142556058556408
71.0666666666667,0.190364583333333,-0.0465,0.0142629256578437
71.1,0.190364583333333,-0.0465,0.0142681404833128
71.1333333333333,0.190364583333333,-0.0465,0.0142715670531
71.1666666666667,0.190364583333333,-0.0465,0.0142734833191899
71.2,0.190364583333333,-0.0465,0.0142741327264853
71.2333333333333,0.190364583333333,-0.0465,0.0142737280367858
71.2666666666667,0.190364583333333,-0.0465,0.0142724547577192
71.3,0.190364583333333,-0.0465,0.0142704742155188
71.3333333333333,0.190625,-0.0465,0.0131412256265696
71.3666666666667,0.190625,-0.0465,0.0133397816261069
71.4,0.190625,-0.0465,0.0135109545379046
71.4333333333333,0.190625,-0.0465,0.0136579838880903
71.4666666666667,0.190625,-0.0465,0.0137837589881321
71.5,0.190625,-0.0465,0.013890854592087
71.5333333333333,0.190625,-0.0465,0.0139815630761115
71.5666666666667,0.190625,-0.0465,0.0140579234686141
71.6,0.190150324503581,-0.0465,0.016175445695335
71.6333333333333,0.190150324503581,-0.0465,0.0158609652346635
71.6666666666667,0.190150324503581,-0.0465,0.0155862715669707
71.7,0.190150324503581,-0.0465,0.0153468855573317
71.7333333333333,0.190150324503581,-0.0465,0.0151387967447866
71.7666666666667,0.190150324503581,-0.0465,0.0149584167207251
71.8,0.190150324503581,-0.0465,0.0148025369756975
71.8333333333333,0.190150324503581,-0.0465,0.0146682907984381
71.8666666666667,0.190485127766927,-0.0465,0.0131045822808383
71.9,0.190485127766927,-0.0465,0.0132653235914557
71.9333333333333,0.190485127766927,-0.0465,0.0134060563148087
71.9666666666667,0.190485127766927,-0.0465,0.0135290184116384
72,0.190485127766927,-0.0465,0.0136362143350734
72.0333333333333,0.190485127766927,-0.0465,0.0137294382304618
72.0666666666667,0.190485127766927,-0.0465,0.0138102949126479
72.1,0.190485127766927,-0.0465,0.0138802188276992
72.1333333333333,0.190364583333333,-0.0465,0.0144620303693199
72.1666666666667,0.190364583333333,-0.0465,0.0144204988633344
72.2,0.190364583333333,-0.0465,0.0143839958727876
72.2333333333333,0.190364583333333,-0.0465,0.014351971732221
72.2666666666667,0.190364583333333,-0.0465,0.0143239330741622
72.3,0.190364583333333,-0.0465,0.0142994373193608
72.3333333333333,0.190364583333333,-0.0465,0.0142780876883562
72.3666666666667,0.190364583333333,-0.0465,0.0142595286863195
72.4,0.190104166666667,-0.0465,0.0153701426977227
72.4333333333333,0.190104166666667,-0.0465,0.0151546932245303
72.4666666666667,0.190104166666667,-0.0465,0.01496821747671
72.5,0.190104166666667,-0.0465,0.0148073378050865
72.5333333333333,0.190104166666667,-0.0465,0.0146690381451312
72.5666666666667,0.190104166666667,-0.0465,0.0145506274606964
72.6,0.190104166666667,-0.0465,0.0144497067342087
72.6333333333333,0.190104166666667,-0.0465,0.0143641391698511
72.6666666666667,0.190407752990723,-0.0465,0.0129785477823756
72.7,0.190407752990723,-0.0465,0.0131531548882015
72.7333333333333,0.190407752990723,-0.0465,0.0133064987453968
72.7666666666667,0.190407752990723,-0.0465,0.013440920067103
72.8,0.190407752990723,-0.0465,0.0135585182520952
72.8333333333333,0.190407752990723,-0.0465,0.0136611751372564
72.8666666666667,0.190407752990723,-0.0465,0.0137505764914858
72.9,0.190407752990723,-0.0465,0.0138282314601215
72.9333333333333,0.190407752990723,-0.0465,0.0138954901500131
72.9666666666667,0.190294329325358,-0.0465,0.0144442904884794
73,0.190294329325358,-0.0465,0.0144064641283066
73.0333333333333,0.190294329325358,-0.0465,0.0143732666043816
73.0666666666667,0.190294329325358,-0.0465,0.0143441842225616
73.1,0.190294329325358,-0.0465,0.0143187566703269
73.1333333333333,0.190294329325358,-0.0465,0.0142965717251162
73.1666666666667,0.190294329325358,-0.0465,0.0142772604689348
73.2,0.190294329325358,-0.0465,0.0142604929621199
73.2333333333333,0.190364583333333,-0.0465,0.0139420182172947
73.2666666666667,0.190364583333333,-0.0465,0.0139838584544491
73.3,0.190364583333333,-0.0465,0.0140201542977797
73.3333333333333,0.190364583333333,-0.0465,0.0140515460572559
73.3666666666667,0.190364583333333,-0.0465,0.0140786059462647
73.4,0.190364583333333,-0.0465,0.0141018449324967
73.4333333333333,0.190364583333333,-0.0465,0.014121718926725
73.4666666666667,0.190364583333333,-0.0465,0.014138634371549
73.5,0.190524482727051,-0.0465,0.0134611436646874
73.5333333333333,0.190524482727051,-0.0465,0.0135969428661758
73.5666666666667,0.190524482727051,-0.0465,0.0137141506413503
73.6,0.190524482727051,-0.0465,0.013814955554582
73.6333333333333,0.190524482727051,-0.0465,0.0139013104168386
73.6666666666667,0.190524482727051,-0.0465,0.0139749562241366
73.7,0.190524482727051,-0.0465,0.0140374437661609
73.7333333333333,0.190524482727051,-0.0465,0.0140901531246674
73.7666666666667,0.190461349487305,-0.0465,0.0144074591555028
73.8,0.190461349487305,-0.0465,0.0143952935880432
73.8333333333333,0.190461349487305,-0.0465,0.0143831887759617
73.8666666666667,0.190461349487305,-0.0465,0.0143712376567248
73.9,0.190461349487305,-0.0465,0.0143595164113594
73.9333333333333,0.190461349487305,-0.0465,0.0143480866371903
73.9666666666667,0.190461349487305,-0.0465,0.01433699727553
74,0.190461349487305,-0.0465,0.0143262863198387
74.0333333333333,0.190364583333333,-0.0465,0.0147346440547425
74.0666666666667,0.190364583333333,-0.0465,0.0146498749957446
74.1,0.190364583333333,-0.0465,0.014575594773343
74.1333333333333,0.190364583333333,-0.0465,0.0145106404973438
74.1666666666667,0.190364583333333,-0.0465,0.0144539695954983
74.2,0.190364583333333,-0.0465,0.0144046479478095
74.2333333333333,0.190364583333333,-0.0465,0.0143618391503249
74.2666666666667,0.190364583333333,-0.0465,0.0143247948037971
74.3,0.190234311421712,-0.0465,0.0148564711456151
74.3333333333333,0.190234311421712,-0.0465,0.0147281950781585
74.3666666666667,0.190234311421712,-0.0465,0.0146174096234464
74.4,0.190234311421712,-0.0465,0.0145220627834938
74.4333333333333,0.190234311421712,-0.0465,0.0144403230082104
74.4666666666667,0.190234311421712,-0.0465,0.0143705568590896
74.5,0.190234311421712,-0.0465,0.0143113088430222
74.5333333333333,0.190234311421712,-0.0465,0.0142612832119672
74.5666666666667,0.190364583333333,-0.0465,0.0136557021294232
74.6,0.190364583333333,-0.0465,0.0137216168956086
74.6333333333333,0.190364583333333,-0.0465,0.0137801419699283
74.6666666666667,0.190364583333333,-0.0465,0.0138320476010605
74.7,0.190364583333333,-0.0465,0.0138780276719482
74.7333333333333,0.190364583333333,-0.0465,0.0139187069981925
74.7666666666667,0.190364583333333,-0.0465,0.0139546479482862
74.8,0.190364583333333,-0.0465,0.0139863564473144
74.8333333333333,0.190364583333333,-0.0465,0.0140142874202436
74.8666666666667,0.190364583333333,-0.0465,0.0140388497259077
74.9,0.190364583333333,-0.0465,0.0140604106282283
74.9333333333333,0.190364583333333,-0.0465,0.0140792998470286
74.9666666666667,0.190364583333333,-0.0465,0.0140958132270039
75,0.190364583333333,-0.0465,0.0141102160599409
75.0333333333333,0.190364583333333,-0.0465,0.0141227460921198
75.0666666666667,0.190364583333333,-0.0465,0.0141336162459501
75.1,0.190183957417806,-0.0465,0.0149245006351611
75.1333333333333,0.190183957417806,-0.0465,0.0147928065524181
75.1666666666667,0.190183957417806,-0.0465,0.0146787214889171
75.2,0.190183957417806,-0.0465,0.0145801964886898
75.2333333333333,0.190183957417806,-0.0465,0.0144954018053597
75.2666666666667,0.190183957417806,-0.0465,0.0144227047429937
75.3,0.190183957417806,-0.0465,0.0143606496468414
75.3333333333333,0.190183957417806,-0.0465,0.0143079398417813
75.3666666666667,0.19019947052002,-0.0465,0.0141963034232264
75.4,0.19019947052002,-0.0465,0.0141709566204813
75.4333333333333,0.19019947052002,-0.0465,0.0141502529918757
75.4666666666667,0.19019947052002,-0.0465,0.01413357169229
75.5,0.19019947052002,-0.0465,0.014120363811331
75.5333333333333,0.19019947052002,-0.0465,0.0141101447129807
75.5666666666667,0.19019947052002,-0.0465,0.0141024871463219
75.6,0.19019947052002,-0.0465,0.0140970150528111
75.6333333333333,0.190104166666667,-0.0465,0.0145057330415444
75.6666666666667,0.190104166666667,-0.0465,0.0144299205032101
75.7,0.190104166666667,-0.0465,0.0143653156038458
75.7333333333333,0.190104166666667,-0.0465,0.0143105439702268
75.7666666666667,0.190104166666667,-0.0465,0.0142643831473031
75.8,0.190104166666667,-0.0465,0.0142257468935477
75.8333333333333,0.190104166666667,-0.0465,0.0141936710251147
75.8666666666667,0.190104166666667,-0.0465,0.0141673006613155
75.9,0.190589904785156,-0.0465,0.0120443178984175
75.9333333333333,0.190589904785156,-0.0465,0.0124031134570719
75.9666666666667,0.190589904785156,-0.0465,0.0127151589873511
76,0.190589904785156,-0.0465,0.0129858086535029
76.0333333333333,0.190589904785156,-0.0465,0.0132198499869372
76.0666666666667,0.190589904785156,-0.0465,0.0134215607116728
76.1,0.190589904785156,-0.0465,0.0135947600900205
76.1333333333333,0.190589904785156,-0.0465,0.0137428553013599
76.1666666666667,0.190589904785156,-0.0465,0.0138688833199856
76.2,0.19019718170166,-0.0465,0.015674677158207
76.2333333333333,0.19019718170166,-0.0465,0.0154604368658131
76.2666666666667,0.19019718170166,-0.0465,0.0152721580411662
76.3,0.19019718170166,-0.0465,0.0151069890065657
76.3333333333333,0.19019718170166,-0.0465,0.0149623717617484
76.3666666666667,0.19019718170166,-0.0465,0.0148360130932816
76.4,0.19019718170166,-0.0465,0.0147258584303092
76.4333333333333,0.19019718170166,-0.0465,0.0146300681924515
76.4666666666667,0.19024403889974,-0.0465,0.0143442672967927
76.5,0.19024403889974,-0.0465,0.0143087075093668
76.5333333333333,0.19024403889974,-0.0465,0.0142782140020526
76.5666666666667,0.19024403889974,-0.0465,0.0142521796281293
76.6,0.19024403889974,-0.0465,0.0142300632898414
76.6333333333333,0.19024403889974,-0.0465,0.0142113831906349
76.6666666666667,0.19024403889974,-0.0465,0.0141957107468332
76.7,0.19024403889974,-0.0465,0.014182665096413
76.7333333333333,0.190162976582845,-0.0465,0.0145226267438221
76.7666666666667,0.190162976582845,-0.0465,0.0144511202665546
76.8,0.190162976582845,-0.0465,0.0143897544645613
76.8333333333333,0.190162976582845,-0.0465,0.0143373139389204
76.8666666666667,0.190162976582845,-0.0465,0.0142927156607954
76.9,0.190162976582845,-0.0465,0.0142549954301136
76.9333333333333,0.190162976582845,-0.0465,0.01422329565929
76.9666666666667,0.190162976582845,-0.0465,0.014196854356582
77,0.190239016215007,-0.0465,0.0138460073989365
77.0333333333333,0.190239016215007,-0.0465,0.0138869818948513
77.0666666666667,0.190239016215007,-0.0465,0.0139235122615209
77.1,0.190239016215007,-0.0465,0.0139560487677822
77.1333333333333,0.190239016215007,-0.0465,0.0139849981011285
77.1666666666667,0.190239016215007,-0.0465,0.0140107274485669
77.2,0.190239016215007,-0.0465,0.0140335682048757
77.2333333333333,0.190239016215007,-0.0465,0.0140538193416073
77.2666666666667,0.190233103434245,-0.0465,0.0140973322942168
77.3,0.190233103434245,-0.0465,0.0141086102169101
77.3333333333333,0.190233103434245,-0.0465,0.0141186440805024
77.3666666666667,0.190233103434245,-0.0465,0.014127559553738
77.4,0.190233103434245,-0.0465,0.0141354702692568
77.4333333333333,0.190233103434245,-0.0465,0.0141424789356179
77.4666666666667,0.190233103434245,-0.0465,0.0141486783492319
77.5,0.190233103434245,-0.0465,0.0141541523150321
77.5333333333333,0.190119870503743,-0.0465,0.0146488822240776
77.5666666666667,0.190119870503743,-0.0465,0.0145654878516832
77.6,0.190119870503743,-0.0465,0.0144933312374824
77.6333333333333,0.190119870503743,-0.0465,0.0144310981360467
77.6666666666667,0.190119870503743,-0.0465,0.0143776154126864
77.7,0.190119870503743,-0.0465,0.0143318367408161
77.7333333333333,0.190119870503743,-0.0465,0.0142928296898492
77.7666666666667,0.190119870503743,-0.0465,0.0142597640726419
77.8,0.190432294209798,-0.0465,0.0128801907052908
77.8333333333333,0.190432294209798,-0.0465,0.013098676206654
77.8666666666667,0.190432294209798,-0.0465,0.0132886849288258
77.9,0.190432294209798,-0.0465,0.0134534796494421
77.9333333333333,0.190432294209798,-0.0465,0.0135959777079347
77.9666666666667,0.190432294209798,-0.0465,0.0137187856600881
78,0.190432294209798,-0.0465,0.0138242305898347
78.0333333333333,0.190432294209798,-0.0465,0.0139143883912139
78.0666666666667,0.190432294209798,-0.0465,0.0139911093048186
78.1,0.190240732828776,-0.0465,0.0148848371461172
78.1333333333333,0.190240732828776,-0.0465,0.0147911858178477
78.1666666666667,0.190240732828776,-0.0465,0.0147084049529215
78.2,0.190240732828776,-0.0465,0.0146353339467582
78.2333333333333,0.190240732828776,-0.0465,0.0145709293192278
78.2666666666667,0.190240732828776,-0.0465,0.0145142533669242
78.3,0.190240732828776,-0.0465,0.0144644638813815
78.3333333333333,0.190240732828776,-0.0465,0.0144208048355157
78.3666666666667,0.190311241149902,-0.0465,0.014077541539577
78.4,0.190311241149902,-0.0465,0.0140987487938476
78.4333333333333,0.190311241149902,-0.0465,0.0141169337163646
78.4666666666667,0.190311241149902,-0.0465,0.014132461196047
78.5,0.190311241149902,-0.0465,0.0141456561207258
78.5333333333333,0.190311241149902,-0.0465,0.0141568074916849
78.5666666666667,0.190311241149902,-0.0465,0.0141661721337509
78.6,0.190311241149902,-0.0465,0.0141739780393598
78.6333333333333,0.190040842692057,-0.0465,0.0153503145868401
78.6666666666667,0.190040842692057,-0.0465,0.0151463106469514
78.7,0.190040842692057,-0.0465,0.0149693649067478
78.7333333333333,0.190040842692057,-0.0465,0.0148163464008756
78.7666666666667,0.190040842692057,-0.0465,0.0146844577744337
78.8,0.190040842692057,-0.0465,0.0145712016637248
78.8333333333333,0.190040842692057,-0.0465,0.0144743503308161
78.8666666666667,0.190040842692057,-0.0465,0.0143919182465118
78.9,0.190254910786947,-0.0465,0.0133959651786803
78.9333333333333,0.190254910786947,-0.0465,0.0135029412415406
78.9666666666667,0.190254910786947,-0.0465,0.0135973694920099
79,0.190254910786947,-0.0465,0.0136805983401199
79.0333333333333,0.190254910786947,-0.0465,0.0137538395150992
79.0666666666667,0.190254910786947,-0.0465,0.0138181813505108
79.1,0.190254910786947,-0.0465,0.0138746008183976
79.1333333333333,0.190254910786947,-0.0465,0.0139239744273447
79.1666666666667,0.19014212290446,-0.0465,0.014455068315292
79.2,0.19014212290446,-0.0465,0.0144053337180022
79.2333333333333,0.19014212290446,-0.0465,0.0143623856022488
79.2666666666667,0.19014212290446,-0.0465,0.0143254239988931
79.3,0.19014212290446,-0.0465,0.0142937353037423
79.3333333333333,0.19014212290446,-0.0465,0.0142666834883868
79.3666666666667,0.19014212290446,-0.0465,0.0142437021681973
79.4,0.19014212290446,-0.0465,0.0142242874465329
79.4333333333333,0.190364583333333,-0.0465,0.0132455096061423
79.4666666666667,0.190364583333333,-0.0465,0.0134041087027395
79.5,0.190364583333333,-0.0465,0.0135419766602242
79.5333333333333,0.190364583333333,-0.0465,0.0136614920819833
79.5666666666667,0.190364583333333,-0.0465,0.0137647815447321
79.6,0.190364583333333,-0.0465,0.0138537448944893
79.6333333333333,0.190364583333333,-0.0465,0.0139300781016975
79.6666666666667,0.190364583333333,-0.0465,0.01399529390404
79.7,0.190364583333333,-0.0465,0.0140507404446108
79.7333333333333,0.190364583333333,-0.0465,0.0140976180940615
79.7666666666667,0.190364583333333,-0.0465,0.0141369946280413
79.8,0.190364583333333,-0.0465,0.014169818915486
79.8333333333333,0.190364583333333,-0.0465,0.0141969332589678
79.8666666666667,0.190364583333333,-0.0465,0.0142190845152899
79.9,0.190364583333333,-0.0465,0.0142369341126303
79.9333333333333,0.190364583333333,-0.0465,0.0142510670697618
79.9666666666667,0.190464019775391,-0.0465,0.0138317853025254
80,0.190464019775391,-0.0465,0.0139169333324587
80.0333333333333,0.190464019775391,-0.0465,0.0139894133382983
80.0666666666667,0.190464019775391,-0.0465,0.0140507809464303
80.1,0.190464019775391,-0.0465,0.0141024198096775
80.1333333333333,0.190464019775391,-0.0465,0.0141455593803103
80.1666666666667,0.190464019775391,-0.0465,0.0141812909309544
80.2,0.190464019775391,-0.0465,0.0142105819901705
80.2333333333333,0.19031442006429,-0.0465,0.0148815370736924
80.2666666666667,0.19031442006429,-0.0465,0.0147846352769115
80.3,0.19031442006429,-0.0465,0.0146991107122065
80.3333333333333,0.19031442006429,-0.0465,0.0146237439429345
80.3666666666667,0.19031442006429,-0.0465,0.0145574387119829
80.4,0.19031442006429,-0.0465,0.0144992100107722
80.4333333333333,0.19031442006429,-0.0465,0.0144481732680727
80.4666666666667,0.19031442006429,-0.0465,0.0144035345560771
80.5,0.190496699015299,-0.0465,0.0135759462588775
80.5333333333333,0.190496699015299,-0.0465,0.0136831162875589
80.5666666666667,0.190496699015299,-0.0465,0.0137758345903422
80.6,0.190496699015299,-0.0465,0.0138557940793112
80.6333333333333,0.190496699015299,-0.0465,0.0139245056043187
80.6666666666667,0.190496699015299,-0.0465,0.0139833164324039
80.7,0.190496699015299,-0.0465,0.0140334269284466
80.7333333333333,0.190496699015299,-0.0465,0.014075905606668
80.7666666666667,0.190364583333333,-0.0465,0.0146833052493856
80.8,0.190364583333333,-0.0465,0.0146110136072598
80.8333333333333,0.190364583333333,-0.0465,0.0145473522610837
80.8666666666667,0.190364583333333,-0.0465,0.0144913872047521
80.9,0.190364583333333,-0.0465,0.014442279379013
80.9333333333333,0.190364583333333,-0.0465,0.0143992754337842
80.9666666666667,0.190364583333333,-0.0465,0.0143616993603896
81,0.190491676330566,-0.0465,0.0137790731707114
81.0333333333333,0.190491676330566,-0.0465,0.0138489610570779
81.0666666666667,0.190491676330566,-0.0465,0.0139094436593336
81.1,0.190491676330566,-0.0465,0.013961622799755
81.1333333333333,0.190491676330566,-0.0465,0.014006481740762
81.1666666666667,0.190491676330566,-0.0465,0.0140448972266043
81.2,0.190491676330566,-0.0465,0.0140776503521952
81.2333333333333,0.190491676330566,-0.0465,0.0141054363697459
81.2666666666667,0.190491676330566,-0.0465,0.0141288735336779
81.3,0.190625,-0.0465,0.0135716821378814
81.3333333333333,0.190625,-0.0465,0.0136911937481391
81.3666666666667,0.190625,-0.0465,0.0137939812672897
81.4,0.190625,-0.0465,0.0138820399575444
81.4333333333333,0.190625,-0.0465,0.013957148173608
81.4666666666667,0.190625,-0.0465,0.0140208895355262
81.5,0.190625,-0.0465,0.014074672932444
81.5333333333333,0.190625,-0.0465,0.0141197505625752
81.5666666666667,0.190564473470052,-0.0465,0.014419104080409
81.6,0.190564473470052,-0.0465,0.0144031350031835
81.6333333333333,0.190564473470052,-0.0465,0.0143877162227679
81.6666666666667,0.190564473470052,-0.0465,0.0143728883036367
81.7,0.190564473470052,-0.0465,0.0143586801807406
81.7333333333333,0.190564473470052,-0.0465,0.0143451108560018
81.7666666666667,0.190564473470052,-0.0465,0.0143321908924899
81.8,0.190564473470052,-0.0465,0.0143199237280585
81.8333333333333,0.190189425150553,-0.0465,0.0159309648634056
81.8666666666667,0.190189425150553,-0.0465,0.0156297208361459
81.9,0.190189425150553,-0.0465,0.015368051788821
81.9333333333333,0.190189425150553,-0.0465,0.0151414060179617
81.9666666666667,0.190189425150553,-0.0465,0.0149457147700709
82,0.190189425150553,-0.0465,0.0147773437249799
82.0333333333333,0.190189425150553,-0.0465,0.0146330491634897
82.0666666666667,0.190189425150553,-0.0465,0.0145099383804861
82.1,0.190451367696126,-0.0465,0.0132721315027896
82.1333333333333,0.190451367696126,-0.0465,0.0133866703059912
82.1666666666667,0.190451367696126,-0.0465,0.0134882812919118
82.2,0.190451367696126,-0.0465,0.0135783202587488
82.2333333333333,0.190451367696126,-0.0465,0.0136580078736372
82.2666666666667,0.190451367696126,-0.0465,0.0137284426454725
82.3,0.190451367696126,-0.0465,0.0137906126876919
82.3333333333333,0.190451367696126,-0.0465,0.013845406381323
82.3666666666667,0.190491676330566,-0.0465,0.0137192254979081
82.4,0.190491676330566,-0.0465,0.013792777120429
82.4333333333333,0.190491676330566,-0.0465,0.0138569258076994
82.4666666666667,0.190491676330566,-0.0465,0.0139127365766287
82.5,0.190491676330566,-0.0465,0.0139611625579477
82.5333333333333,0.190491676330566,-0.0465,0.0140030561580658
82.5666666666667,0.190491676330566,-0.0465,0.0140391791488242
82.6,0.190491676330566,-0.0465,0.014070211785168
82.6333333333333,0.190364583333333,-0.0465,0.0146466327847857
82.6666666666667,0.190364583333333,-0.0465,0.0145708757458035
82.7,0.190364583333333,-0.0465,0.0145048553850009
82.7333333333333,0.190364583333333,-0.0465,0.0144474632438783
82.7666666666667,0.190364583333333,-0.0465,0.0143977078148009
82.8,0.190364583333333,-0.0465,0.0143547028324711
82.8333333333333,0.190364583333333,-0.0465,0.0143176566933222
82.8666666666667,0.190364583333333,-0.0465,0.0142858628973402
82.9,0.190364583333333,-0.0465,0.0142586914164528
82.9333333333333,0.190364583333333,-0.0465,0.0142355809024075
82.9666666666667,0.190364583333333,-0.0465,0.0142160316550388
83,0.190364583333333,-0.0465,0.0141995992791019
83.0333333333333,0.190364583333333,-0.0465,0.0141858889644605
83.0666666666667,0.190364583333333,-0.0465,0.0141745503304344
83.1,0.190364583333333,-0.0465,0.0141652727805849
83.1333333333333,0.190364583333333,-0.0465,0.0141577813191957
83.1666666666667,0.190248171488444,-0.0465,0.0146554921957789
83.2,0.190248171488444,-0.0465,0.0145607745398905
83.2333333333333,0.190248171488444,-0.0465,0.0144792836056722
83.2666666666667,0.190248171488444,-0.0465,0.0144094445473622
83.3,0.190248171488444,-0.0465,0.0143498534413736
83.3333333333333,0.190248171488444,-0.0465,0.0142992598373536
83.3666666666667,0.190248171488444,-0.0465,0.0142565510143662
83.4,0.190248171488444,-0.0465,0.0142207377809569
83.4333333333333,0.190364583333333,-0.0465,0.0136872822621817
83.4666666666667,0.190364583333333,-0.0465,0.013752821338354
83.5,0.190364583333333,-0.0465,0.0138108199591701
83.5333333333333,0.190364583333333,-0.0465,0.0138620752696379
83.5666666666667,0.190364583333333,-0.0465,0.0139073047031216
83.6,0.190364583333333,-0.0465,0.0139471536420585
83.6333333333333,0.190364583333333,-0.0465,0.0139822023641282
83.6666666666667,0.190364583333333,-0.0465,0.0140129723389808
83.7,0.190145683288574,-0.0465,0.0149870096794799
83.7333333333333,0.190145683288574,-0.0465,0.014841160916042
83.7666666666667,0.190145683288574,-0.0465,0.0147150292659835
83.8,0.190145683288574,-0.0465,0.0146063049649026
83.8333333333333,0.190145683288574,-0.0465,0.0145129265028907
83.8666666666667,0.190145683288574,-0.0465,0.0144330554446189
83.9,0.190145683288574,-0.0465,0.0143650536986941
83.9333333333333,0.190145683288574,-0.0465,0.0143074630054737
83.9666666666667,0.190646107991536,-0.0465,0.0120938836372621
84,0.190646107991536,-0.0465,0.0124406742620354
84.0333333333333,0.190646107991536,-0.0465,0.01274244157102
84.0666666666667,0.190646107991536,-0.0465,0.0130043323759811
84.1,0.190646107991536,-0.0465,0.01323094941381
84.1333333333333,0.190646107991536,-0.0465,0.0134264058687238
84.1666666666667,0.190646107991536,-0.0465,0.0135943746396173
84.2,0.190646107991536,-0.0465,0.0137381328441815
84.2333333333333,0.190200169881185,-0.0465,0.0157899668920723
84.2666666666667,0.190200169881185,-0.0465,0.0155486139363028
84.3,0.190200169881185,-0.0465,0.0153371945277563
84.3333333333333,0.190200169881185,-0.0465,0.0151523728997143
84.3666666666667,0.190200169881185,-0.0465,0.0149911602341581
84.4,0.190200169881185,-0.0465,0.0148508802827111
84.4333333333333,0.190200169881185,-0.0465,0.0147291382737889
84.4666666666667,0.190200169881185,-0.0465,0.0146237928004591
84.5,0.190200169881185,-0.0465,0.0145329304112836
84.5333333333333,0.190485127766927,-0.0465,0.0132219636358587
84.5666666666667,0.190485127766927,-0.0465,0.0133756704138408
84.6,0.190485127766927,-0.0465,0.0135096798697018
84.6333333333333,0.190485127766927,-0.0465,0.0136262289993386
84.6666666666667,0.190485127766927,-0.0465,0.0137273192319343
84.7,0.190485127766927,-0.0465,0.0138147399774097
84.7333333333333,0.190485127766927,-0.0465,0.0138900899083077
84.7666666666667,0.190493075052897,-0.0465,0.0139204120117578
84.8,0.190493075052897,-0.0465,0.0139818984884807
84.8333333333333,0.190493075052897,-0.0465,0.0140343236708832
84.8666666666667,0.190493075052897,-0.0465,0.0140787939397046
84.9,0.190493075052897,-0.0465,0.014116293842272
84.9333333333333,0.190493075052897,-0.0465,0.0141476986477619
84.9666666666667,0.190493075052897,-0.0465,0.0141737856674382
85,0.190493075052897,-0.0465,0.0141952444572244
85.0333333333333,0.190493075052897,-0.0465,0.0142126860091046
85.0666666666667,0.19031925201416,-0.0465,0.0149787017261881
85.1,0.19031925201416,-0.0465,0.0148551371611363
85.1333333333333,0.19031925201416,-0.0465,0.0147470448808078
85.1666666666667,0.19031925201416,-0.0465,0.0146526938425815
85.2,0.19031925201416,-0.0465,0.0145705333717602
85.2333333333333,0.19031925201416,-0.0465,0.0144991752739195
85.2666666666667,0.19031925201416,-0.0465,0.0144373776577286
85.3,0.19031925201416,-0.0465,0.0143840303092051
85.3333333333333,0.190151405334473,-0.0465,0.015064335270668
85.3666666666667,0.190151405334473,-0.0465,0.0148951142102464
85.4,0.190151405334473,-0.0465,0.0147491055598737
85.4333333333333,0.190151405334473,-0.0465,0.0146235754198291
85.4666666666667,0.190151405334473,-0.0465,0.0145160844076365
85.5,0.190151405334473,-0.0465,0.0144244577550536
85.5333333333333,0.190151405334473,-0.0465,0.0143467583150261
85.5666666666667,0.190151405334473,-0.0465,0.0142812622043503
85.6,0.1904296875,-0.0465,0.0130224405249957
85.6333333333333,0.1904296875,-0.0465,0.0131923021930941
85.6666666666667,0.1904296875,-0.0465,0.0133413701032949
85.7,0.1904296875,-0.0465,0.013471940588274
85.7333333333333,0.1904296875,-0.0465,0.0135860727302914
85.7666666666667,0.1904296875,-0.0465,0.0136856117502041
85.8,0.1904296875,-0.0465,0.0137722101698276
85.8333333333333,0.1904296875,-0.0465,0.0138473469539707
85.8666666666667,0.190176264444987,-0.0465,0.0150087874251107
85.9,0.190176264444987,-0.0465,0.0148686908731848
85.9333333333333,0.190176264444987,-0.0465,0.014747007798118
85.9666666666667,0.190176264444987,-0.0465,0.0146416146111269
86,0.190176264444987,-0.0465,0.014550613693149
86.0333333333333,0.190176264444987,-0.0465,0.0144723106348463
86.0666666666667,0.190176264444987,-0.0465,0.0144051936790911
86.1,0.190176264444987,-0.0465,0.0143479151591968
86.1333333333333,0.190243911743164,-0.0465,0.0140065966387206
86.1666666666667,0.190243911743164,-0.0465,0.014017882071993
86.2,0.190243911743164,-0.0465,0.0140287637034141
86.2333333333333,0.190243911743164,-0.0465,0.0140392166068337
86.2666666666667,0.190243911743164,-0.0465,0.014049223486642
86.3,0.190243911743164,-0.0465,0.0140587735541733
86.3333333333333,0.190243911743164,-0.0465,0.0140678615384997
86.3666666666667,0.190214983622233,-0.0465,0.0142016452178939
86.4,0.190214983622233,-0.0465,0.0141874220390004
86.4333333333333,0.190214983622233,-0.0465,0.0141757497018989
86.4666666666667,0.190214983622233,-0.0465,0.0141662873931681
86.5,0.190214983622233,-0.0465,0.0141587338831834
86.5333333333333,0.190214983622233,-0.0465,0.0141528232988648
86.5666666666667,0.190214983622233,-0.0465,0.0141483213230638
86.6,0.190214983622233,-0.0465,0.0141450217792524
86.6333333333333,0.190214983622233,-0.0465,0.0141427435640613
86.6666666666667,0.190348370869954,-0.0465,0.0135642238831914
86.7,0.190348370869954,-0.0465,0.013666767327085
86.7333333333333,0.190348370869954,-0.0465,0.0137560625849775
86.7666666666667,0.190348370869954,-0.0465,0.0138336175389846
86.8,0.190348370869954,-0.0465,0.0139007812397586
86.8333333333333,0.190348370869954,-0.0465,0.0139587597768116
86.8666666666667,0.190348370869954,-0.0465,0.0140086306229235
86.9,0.190348370869954,-0.0465,0.0140513555951058
86.9333333333333,0.190364583333333,-0.0465,0.014017648842483
86.9666666666667,0.190364583333333,-0.0465,0.0140611099833131
87,0.190364583333333,-0.0465,0.0140980448124783
87.0333333333333,0.190364583333333,-0.0465,0.0141292548707577
87.0666666666667,0.190364583333333,-0.0465,0.0141554532441458
87.1,0.190364583333333,-0.0465,0.0141772736863893
87.1333333333333,0.190364583333333,-0.0465,0.0141952788440015
87.1666666666667,0.190364583333333,-0.0465,0.0142099676690331
87.2,0.190215619405111,-0.0465,0.0148662790925629
87.2333333333333,0.190215619405111,-0.0465,0.0147603189282022
87.2666666666667,0.190215619405111,-0.0465,0.0146676885681932
87.3,0.190215619405111,-0.0465,0.0145868906744364
87.3333333333333,0.190215619405111,-0.0465,0.0145165844370946
87.3666666666667,0.190215619405111,-0.0465,0.0144555700097502
87.4,0.190215619405111,-0.0465,0.0144027744361911
87.4333333333333,0.190215619405111,-0.0465,0.014357238929883
87.4666666666667,0.190469106038411,-0.0465,0.0132213897010715
87.5,0.190469106038411,-0.0465,0.0133840851119211
87.5333333333333,0.190469106038411,-0.0465,0.0135254185368178
87.5666666666667,0.190469106038411,-0.0465,0.0136478498585487
87.6,0.190469106038411,-0.0465,0.0137535775764877
87.6333333333333,0.190469106038411,-0.0465,0.0138445651013706
87.6666666666667,0.190469106038411,-0.0465,0.0139225645081651
87.7,0.190469106038411,-0.0465,0.013989137985412
87.7333333333333,0.190260060628255,-0.0465,0.0149501185639797
87.7666666666667,0.190260060628255,-0.0465,0.0148360707334204
87.8,0.190260060628255,-0.0465,0.0147360351639472
87.8333333333333,0.190260060628255,-0.0465,0.0146484613561724
87.8666666666667,0.190260060628255,-0.0465,0.0145719592009126
87.9,0.190260060628255,-0.0465,0.0145052831542136
87.9333333333333,0.190260060628255,-0.0465,0.0144473179198206
87.9666666666667,0.190260060628255,-0.0465,0.0143970654993488
88,0.190226364135742,-0.0465,0.014499422389476
88.0333333333333,0.190226364135742,-0.0465,0.0144359338599364
88.0666666666667,0.190226364135742,-0.0465,0.0143812552988256
88.1,0.190226364135742,-0.0465,0.0143343439299701
88.1333333333333,0.190226364135742,-0.0465,0.0142942696059829
88.1666666666667,0.190226364135742,-0.0465,0.0142602033552148
88.2,0.190226364135742,-0.0465,0.0142314070443367
88.2333333333333,0.190226364135742,-0.0465,0.0142072240513389
88.2666666666667,0.190040842692057,-0.0465,0.0149897350587358
88.3,0.190040842692057,-0.0465,0.0148295087101573
88.3333333333333,0.190040842692057,-0.0465,0.0146915987629757
88.3666666666667,0.190040842692057,-0.0465,0.01457335423482
88.4,0.190040842692057,-0.0465,0.0144724113285683
88.4333333333333,0.190040842692057,-0.0465,0.0143866641578899
88.4666666666667,0.190040842692057,-0.0465,0.0143142383300699
88.5,0.190040842692057,-0.0465,0.0142534671161974
88.5333333333333,0.190498924255371,-0.0465,0.012220966057073
88.5666666666667,0.190498924255371,-0.0465,0.0125337629706757
88.6,0.190498924255371,-0.0465,0.0128066901228279
88.6333333333333,0.190498924255371,-0.0465,0.0130442580037357
88.6666666666667,0.190498924255371,-0.0465,0.0132505034983287
88.7,0.190498924255371,-0.0465,0.0134290371223178
88.7333333333333,0.190498924255371,-0.0465,0.0135830857216388
88.7666666666667,0.190498924255371,-0.0465,0.0137155310585429
88.8,0.190215619405111,-0.0465,0.0150546717762529
88.8333333333333,0.190215619405111,-0.0465,0.0149320817175297
88.8666666666667,0.190215619405111,-0.0465,0.0148242126274641
88.9,0.190215619405111,-0.0465,0.0147294552481693
88.9333333333333,0.190215619405111,-0.0465,0.0146463655761917
88.9666666666667,0.190215619405111,-0.0465,0.0145736486357047
89,0.190215619405111,-0.0465,0.0145101437922579
89.0333333333333,0.190215619405111,-0.0465,0.0144548114646202
89.0666666666667,0.190300496419271,-0.0465,0.0140394981051153
89.1,0.190300496419271,-0.0465,0.0140635081781552
89.1333333333333,0.190300496419271,-0.0465,0.0140843704408666
89.1666666666667,0.190300496419271,-0.0465,0.0141024470336627
89.2,0.190300496419271,-0.0465,0.014118061641152
89.2333333333333,0.190300496419271,-0.0465,0.014131503358912
89.2666666666667,0.190300496419271,-0.0465,0.0141430301865963
89.3,0.190300496419271,-0.0465,0.0141528721824102
89.3333333333333,0.19039675394694,-0.0465,0.0137447731706582
89.3666666666667,0.19039675394694,-0.0465,0.0138263367055373
89.4,0.19039675394694,-0.0465,0.0138967699805341
89.4333333333333,0.19039675394694,-0.0465,0.013957381503737
89.4666666666667,0.19039675394694,-0.0465,0.0140093389218896
89.5,0.19039675394694,-0.0465,0.0140536833183702
89.5333333333333,0.19039675394694,-0.0465,0.0140913421198974
89.5666666666667,0.19039675394694,-0.0465,0.0141231407430919
89.6,0.190364583333333,-0.0465,0.0142890002445507
89.6333333333333,0.190364583333333,-0.0465,0.014286299661683
89.6666666666667,0.190364583333333,-0.0465,0.0142830435694261
89.7,0.190364583333333,-0.0465,0.0142793553956474
89.7333333333333,0.190364583333333,-0.0465,0.0142753413456693
89.7666666666667,0.190364583333333,-0.0465,0.0142710924262452
89.8,0.190364583333333,-0.0465,0.0142666862528929
89.8333333333333,0.190364583333333,-0.0465,0.014262188662429
89.8666666666667,0.190402984619141,-0.0465,0.0140915108118345
89.9,0.190402984619141,-0.0465,0.0141167086156576
89.9333333333333,0.190402984619141,-0.0465,0.0141379679809119
89.9666666666667,0.190402984619141,-0.0465,0.0141557850356688
90,0.190402984619141,-0.0465,0.0141706001769589
90.0333333333333,0.190402984619141,-0.0465,0.0141828038946652
90.0666666666667,0.190402984619141,-0.0465,0.0141927420165644
90.1,0.190402984619141,-0.0465,0.0142007204299657
90.1333333333333,0.190166346232096,-0.0465,0.0152308325558093
90.1666666666667,0.190166346232096,-0.0465,0.0150525232009954
90.2,0.190166346232096,-0.0465,0.014897544303111
90.2333333333333,0.190166346232096,-0.0465,0.014763217879478
90.2666666666667,0.190166346232096,-0.0465,0.0146471497571265
90.3,0.190166346232096,-0.0465,0.0145472010832279
90.3333333333333,0.190166346232096,-0.0465,0.0144614625847446
90.3666666666667,0.190166346232096,-0.0465,0.0143882313198564
90.4,0.190166346232096,-0.0465,0.0143259896872657
90.4333333333333,0.19018128712972,-0.0465,0.0142087442299738
90.4666666666667,0.19018128712972,-0.0465,0.0141761411036087
90.5,0.19018128712972,-0.0465,0.0141493550689917
90.5333333333333,0.19018128712972,-0.0465,0.0141276188328135
90.5666666666667,0.19018128712972,-0.0465,0.0141102532227558
90.6,0.19018128712972,-0.0465,0.0140966578624796
90.6333333333333,0.19018128712972,-0.0465,0.0140863027807935
90.6666666666667,0.19018128712972,-0.0465,0.0140787208650382
90.7,0.190364583333333,-0.0465,0.0132804644410934
90.7333333333333,0.190364583333333,-0.0465,0.0134191084284862
90.7666666666667,0.190364583333333,-0.0465,0.0135404040530156
90.8,0.190364583333333,-0.0465,0.0136462916171262
90.8333333333333,0.190364583333333,-0.0465,0.0137385092872019
90.8666666666667,0.190364583333333,-0.0465,0.0138186131379137
90.9,0.190364583333333,-0.0465,0.0138879952799983
90.9333333333333,0.190188852945964,-0.0465,0.0147082031501068
90.9666666666667,0.190188852945964,-0.0465,0.0146237356044617
91,0.190188852945964,-0.0465,0.0145501423275777
91.0333333333333,0.190188852945964,-0.0465,0.0144861826862623
91.0666666666667,0.190188852945964,-0.0465,0.0144307472004097
91.1,0.190188852945964,-0.0465,0.0143828443906093
91.1333333333333,0.190188852945964,-0.0465,0.0143415888945628
91.1666666666667,0.190188852945964,-0.0465,0.0143061907334957
91.2,0.190188852945964,-0.0465,0.0142759456206083
91.2333333333333,0.190269915262858,-0.0465,0.0138995076179753
91.2666666666667,0.190269915262858,-0.0465,0.0139404940757418
91.3,0.190269915262858,-0.0465,0.0139765343450708
91.3333333333333,0.190269915262858,-0.0465,0.0140081681626965
91.3666666666667,0.190269915262858,-0.0465,0.0140358800410789
91.4,0.190269915262858,-0.0465,0.0140601046694655
91.4333333333333,0.190269915262858,-0.0465,0.0140812318041448
91.4666666666667,0.190269915262858,-0.0465,0.0140996106949642
91.5,0.190082232157389,-0.0465,0.0149275707921423
91.5333333333333,0.190082232157389,-0.0465,0.0147961006016359
91.5666666666667,0.190082232157389,-0.0465,0.0146822134606003
91.6,0.190082232157389,-0.0465,0.0145838626752102
91.6333333333333,0.190082232157389,-0.0465,0.0144992205955206
91.6666666666667,0.190082232157389,-0.0465,0.0144266564664236
91.7,0.190082232157389,-0.0465,0.0143647164280586
91.7333333333333,0.190082232157389,-0.0465,0.014312105463493
91.7666666666667,0.190321159362793,-0.0465,0.0132339452417654
91.8,0.190321159362793,-0.0465,0.0133815814041421
91.8333333333333,0.190321159362793,-0.0465,0.0135106501725876
91.8666666666667,0.190321159362793,-0.0465,0.0136232344489504
91.9,0.190321159362793,-0.0465,0.0137211997064654
91.9333333333333,0.190321159362793,-0.0465,0.0138062155817512
91.9666666666667,0.190321159362793,-0.0465,0.0138797753999954
92,0.190321159362793,-0.0465,0.0139432138256526
92.0333333333333,0.190231323242188,-0.0465,0.0143864015393621
92.0666666666667,0.190231323242188,-0.0465,0.0143635157804599
92.1,0.190231323242188,-0.0465,0.014343040898158
92.1333333333333,0.190231323242188,-0.0465,0.0143247350132214
92.1666666666667,0.190231323242188,-0.0465,0.0143083796276667
92.2,0.190231323242188,-0.0465,0.014293777429565
92.2333333333333,0.190231323242188,-0.0465,0.0142807502991758
92.2666666666667,0.190231323242188,-0.0465,0.0142691374982993
92.3,0.190364583333333,-0.0465,0.0136822401626034
92.3333333333333,0.190364583333333,-0.0465,0.0137761723548378
92.3666666666667,0.190364583333333,-0.0465,0.0138572879636956
92.4,0.190364583333333,-0.0465,0.0139270927815411
92.4333333333333,0.190364583333333,-0.0465,0.0139869306089849
92.4666666666667,0.190364583333333,-0.0465,0.0140379996879782
92.5,0.190364583333333,-0.0465,0.0140813675366887
92.5333333333333,0.190364583333333,-0.0465,0.0141179843367266
92.5666666666667,0.190303103129069,-0.0465,0.0144146909952452
92.6,0.190303103129069,-0.0465,0.0143926632828003
92.6333333333333,0.190303103129069,-0.0465,0.0143725298926589
92.6666666666667,0.190303103129069,-0.0465,0.0143541374067941
92.7,0.190303103129069,-0.0465,0.0143373442618367
92.7333333333333,0.190303103129069,-0.0465,0.0143220198708459
92.7666666666667,0.190303103129069,-0.0465,0.0143080438074103
92.8,0.190303103129069,-0.0465,0.0142953050478674
92.8333333333333,0.190364583333333,-0.0465,0.0140177052819027
92.8666666666667,0.190364583333333,-0.0465,0.0140547250110992
92.9,0.190364583333333,-0.0465,0.0140863146989713
92.9333333333333,0.190364583333333,-0.0465,0.0141131380862874
92.9666666666667,0.190364583333333,-0.0465,0.014135785668181
93,0.190364583333333,-0.0465,0.0141547822585336
93.0333333333333,0.190364583333333,-0.0465,0.0141705938088257
93.0666666666667,0.190364583333333,-0.0465,0.0141836335524162
93.1,0.190364583333333,-0.0465,0.0141942675386429
93.1333333333333,0.190364583333333,-0.0465,0.014202819615149
93.1666666666667,0.190364583333333,-0.0465,0.0142095759114159
93.2,0.190364583333333,-0.0465,0.0142147888715309
93.2333333333333,0.190364583333333,-0.0465,0.0142186808797377
93.2666666666667,0.190364583333333,-0.0465,0.014221447518228
93.3,0.190364583333333,-0.0465,0.0142232604929343
93.3333333333333,0.190364583333333,-0.0465,0.0142242702597079
93.3666666666667,0.190339279174805,-0.0465,0.0143340875967088
93.4,0.190339279174805,-0.0465,0.0143142846129949
93.4333333333333,0.190339279174805,-0.0465,0.0142966521539863
93.4666666666667,0.190339279174805,-0.0465,0.0142809708204105
93.5,0.190339279174805,-0.0465,0.0142670422969021
93.5333333333333,0.190339279174805,-0.0465,0.0142546873953697
93.5666666666667,0.190339279174805,-0.0465,0.0142437442753263
93.6,0.190339279174805,-0.0465,0.0142340668255011
93.6333333333333,0.190364583333333,-0.0465,0.0141160439759146
93.6666666666667,0.190364583333333,-0.0465,0.0141280994639078
93.7,0.190364583333333,-0.0465,0.0141384351055648
93.7333333333333,0.190364583333333,-0.0465,0.0141472603667781
93.7666666666667,0.190364583333333,-0.0465,0.0141547615475328
93.8,0.190364583333333,-0.0465,0.0141611041830263
93.8333333333333,0.190364583333333,-0.0465,0.0141664352072454
93.8666666666667,0.190364583333333,-0.0465,0.0141708849016876
93.9,0.190364583333333,-0.0465,0.0141745686498086
93.9333333333333,0.190364583333333,-0.0465,0.0141775885158633
93.9666666666667,0.190364583333333,-0.0465,0.0141800346650579
94,0.190364583333333,-0.0465,0.0141819866403556
94.0333333333333,0.190364583333333,-0.0465,0.0141835145098342
94.0666666666667,0.190364583333333,-0.0465,0.0141846798971864
94.1,0.190364583333333,-0.0465,0.014185536906772
94.1333333333333,0.190364583333333,-0.0465,0.0141861329535461
94.1666666666667,0.190327517191569,-0.0465,0.0143468773042374
94.2,0.190327517191569,-0.0465,0.0143183830924629
94.2333333333333,0.190327517191569,-0.0465,0.0142935859161006
94.2666666666667,0.190327517191569,-0.0465,0.0142720647640379
94.3,0.190327517191569,-0.0465,0.0142534429479261
94.3333333333333,0.190327517191569,-0.0465,0.0142373836772662
94.3666666666667,0.190327517191569,-0.0465,0.0142235860595609
94.4,0.190327517191569,-0.0465,0.0142117814858752
94.4333333333333,0.190436744689941,-0.0465,0.0137291542503647
94.4666666666667,0.190436744689941,-0.0465,0.0138051800489533
94.5,0.190436744689941,-0.0465,0.0138712138420972
94.5333333333333,0.190436744689941,-0.0465,0.01392840780648
94.5666666666667,0.190436744689941,-0.0465,0.0139777915364012
94.6,0.190436744689941,-0.0465,0.0140202843886428
94.6333333333333,0.190436744689941,-0.0465,0.0140567066328771
94.6666666666667,0.190436744689941,-0.0465,0.014087789519719
94.7,0.190598487854004,-0.0465,0.0134143976176147
94.7333333333333,0.190598487854004,-0.0465,0.0135618656744063
94.7666666666667,0.190598487854004,-0.0465,0.0136889456483024
94.8,0.190598487854004,-0.0465,0.0137980516636159
94.8333333333333,0.190598487854004,-0.0465,0.0138913367668786
94.8666666666667,0.190598487854004,-0.0465,0.0139707195126363
94.9,0.190598487854004,-0.0465,0.014037907956118
94.9333333333333,0.190598487854004,-0.0465,0.0140944212976338
94.9666666666667,0.190545590718587,-0.0465,0.0143704704766928
95,0.190545590718587,-0.0465,0.0143685915497538
95.0333333333333,0.190545590718587,-0.0465,0.0143651404048251
95.0666666666667,0.190545590718587,-0.0465,0.0143604177884435
95.1,0.190545590718587,-0.0465,0.0143546841798481
95.1333333333333,0.190545590718587,-0.0465,0.014348164433613
95.1666666666667,0.190545590718587,-0.0465,0.0143410519307434
95.2,0.190545590718587,-0.0465,0.014333512287443
95.2333333333333,0.190364583333333,-0.0465,0.0151088206593661
95.2666666666667,0.190364583333333,-0.0465,0.0149607374539161
95.3,0.190364583333333,-0.0465,0.0148313839407118
95.3333333333333,0.190364583333333,-0.0465,0.0147186548124488
95.3666666666667,0.190364583333333,-0.0465,0.0146206646805912
95.4,0.190364583333333,-0.0465,0.0145357262327777
95.4333333333333,0.190364583333333,-0.0465,0.014462330480849
95.4666666666667,0.190364583333333,-0.0465,0.014399128904996
95.5,0.190364583333333,-0.0465,0.0143449173172191
95.5333333333333,0.190364583333333,-0.0465,0.0142986212834083
95.5666666666667,0.190364583333333,-0.0465,0.0142592829580202
95.6,0.190364583333333,-0.0465,0.0142260491986807
95.6333333333333,0.190364583333333,-0.0465,0.0141981608402142
95.6666666666667,0.190364583333333,-0.0465,0.014174943018647
95.7,0.190364583333333,-0.0465,0.0141557964458195
95.7333333333333,0.190364583333333,-0.0465,0.0141401895443938
95.7666666666667,0.19029541015625,-0.0465,0.0144269312295806
95.8,0.19029541015625,-0.0465,0.0143635082437377
95.8333333333333,0.19029541015625,-0.0465,0.0143095517680739
95.8666666666667,0.19029541015625,-0.0465,0.0142639001548447
95.9,0.19029541015625,-0.0465,0.0142255199960807
95.9333333333333,0.19029541015625,-0.0465,0.0141934928891422
95.9666666666667,0.19029541015625,-0.0465,0.0141670035052793
96,0.19029541015625,-0.0465,0.0141453288373079
96.0333333333333,0.190598487854004,-0.0465,0.0128165535767575
96.0666666666667,0.190598487854004,-0.0465,0.0130372291335652
96.1,0.190598487854004,-0.0465,0.0132295415902702
96.1333333333333,0.190598487854004,-0.0465,0.0133967157734886
96.1666666666667,0.190598487854004,-0.0465,0.0135416367562133
96.2,0.190598487854004,-0.0465,0.0136668838267054
96.2333333333333,0.190598487854004,-0.0465,0.0137747611889132
96.2666666666667,0.190598487854004,-0.0465,0.0138673256998097
96.3,0.190399551391602,-0.0465,0.0148071166156382
96.3333333333333,0.190399551391602,-0.0465,0.0147203918959145
96.3666666666667,0.190399551391602,-0.0465,0.014643936306164
96.4,0.190399551391602,-0.0465,0.0145766381673325
96.4333333333333,0.190399551391602,-0.0465,0.0145174991387434
96.4666666666667,0.190399551391602,-0.0465,0.0144656231505395
96.5,0.190399551391602,-0.0465,0.014420206382266
96.5333333333333,0.190399551391602,-0.0465,0.014380528191196
96.5666666666667,0.190321413675944,-0.0465,0.0146840081214672
96.6,0.190321413675944,-0.0465,0.0145934626568895
96.6333333333333,0.190321413675944,-0.0465,0.0145150282155722
96.6666666666667,0.190321413675944,-0.0465,0.0144472970351741
96.7,0.190321413675944,-0.0465,0.0143890117818654
96.7333333333333,0.190321413675944,-0.0465,0.014339050361181
96.7666666666667,0.190321413675944,-0.0465,0.0142964122010668
96.8,0.190321413675944,-0.0465,0.014260205868784
96.8333333333333,0.190364583333333,-0.0465,0.0140428630518133
96.8666666666667,0.190364583333333,-0.0465,0.0140506391538023
96.9,0.190364583333333,-0.0465,0.01405823864321
96.9333333333333,0.190364583333333,-0.0465,0.0140656275347158
96.9666666666667,0.190364583333333,-0.0465,0.0140727791659115
97,0.190364583333333,-0.0465,0.0140796731994019
97.0333333333333,0.190364583333333,-0.0465,0.0140862947400689
97.0666666666667,0.190364583333333,-0.0465,0.0140926335553441
97.1,0.190575408935547,-0.0465,0.0131865399657288
97.1333333333333,0.190575408935547,-0.0465,0.0133554671023608
97.1666666666667,0.190575408935547,-0.0465,0.0135022108747524
97.2,0.190575408935547,-0.0465,0.0136293238765906
97.2333333333333,0.190575408935547,-0.0465,0.0137390876965255
97.2666666666667,0.190575408935547,-0.0465,0.0138335401593457
97.3,0.190575408935547,-0.0465,0.0139144999355969
97.3333333333333,0.190575408935547,-0.0465,0.0139835887662798
97.3666666666667,0.190251604715983,-0.0465,0.0154432003950045
97.4,0.190251604715983,-0.0465,0.0152421138490175
97.4333333333333,0.190251604715983,-0.0465,0.0150666538125397
97.4666666666667,0.190251604715983,-0.0465,0.0149139193491272
97.5,0.190251604715983,-0.0465,0.0147813143502094
97.5333333333333,0.190251604715983,-0.0465,0.0146665171108498
97.5666666666667,0.190251604715983,-0.0465,0.014567452829347
97.6,0.190251604715983,-0.0465,0.0144822687577332
97.6333333333333,0.190251604715983,-0.0465,0.0144093117551217
97.6666666666667,0.190500958760579,-0.0465,0.0132682701112992
97.7,0.190500958760579,-0.0465,0.0134084952710036
97.7333333333333,0.190500958760579,-0.0465,0.0135311005957535
97.7666666666667,0.190500958760579,-0.0465,0.01363806383304
97.8,0.190500958760579,-0.0465,0.0137311560911185
97.8333333333333,0.190500958760579,-0.0465,0.0138119623786262
97.8666666666667,0.190500958760579,-0.0465,0.0138819001764324
97.9,0.190500958760579,-0.0465,0.0139422362249611
97.9333333333333,0.190364583333333,-0.0465,0.0145841341542944
97.9666666666667,0.190364583333333,-0.0465,0.0145229901286986
98,0.190364583333333,-0.0465,0.0144694454097032
98.0333333333333,0.190364583333333,-0.0465,0.0144226517992482
98.0666666666667,0.190364583333333,-0.0465,0.0143818494259424
98.1,0.190364583333333,-0.0465,0.0143463579844809
98.1333333333333,0.190364583333333,-0.0465,0.014315568813107
98.1666666666667,0.190364583333333,-0.0465,0.014288937731158
98.2,0.190421803792318,-0.0465,0.0140184124983888
98.2333333333333,0.190421803792318,-0.0465,0.0140429772007783
98.2666666666667,0.190421803792318,-0.0465,0.0140644510847469
98.3,0.190421803792318,-0.0465,0.014083181295741
98.3333333333333,0.190421803792318,-0.0465,0.0140994786968506
98.3666666666667,0.190421803792318,-0.0465,0.0141136214758988
98.4,0.190421803792318,-0.0465,0.0141258584069218
98.4333333333333,0.190421803792318,-0.0465,0.0141364117982217
98.4666666666667,0.190567143758138,-0.0465,0.0135166623449457
98.5,0.190567143758138,-0.0465,0.0136369091303305
98.5333333333333,0.190567143758138,-0.0465,0.0137409142541166
98.5666666666667,0.190567143758138,-0.0465,0.0138305764632637
98.6,0.190567143758138,-0.0465,0.0139075908337744
98.6333333333333,0.190567143758138,-0.0465,0.0139734693925769
98.6666666666667,0.190567143758138,-0.0465,0.0140295597364856
98.7,0.190567143758138,-0.0465,0.0140770618367449
98.7333333333333,0.190134429931641,-0.0465,0.0159891928170366
98.7666666666667,0.190134429931641,-0.0465,0.0156877018557475
98.8,0.190134429931641,-0.0465,0.0154254127174344
98.8333333333333,0.190134429931641,-0.0465,0.0151978379314265
98.8666666666667,0.190134429931641,-0.0465,0.0150009649356687
98.9,0.190134429931641,-0.0465,0.014831208442154
98.9333333333333,0.190134429931641,-0.0465,0.0146853673968248
98.9666666666667,0.190134429931641,-0.0465,0.0145605861038485
99,0.190364583333333,-0.0465,0.0134585533855539
99.0333333333333,0.190364583333333,-0.0465,0.0135466618410396
99.0666666666667,0.190364583333333,-0.0465,0.013625102482432
99.1,0.190364583333333,-0.0465,0.0136948667038693
99.1333333333333,0.190364583333333,-0.0465,0.0137568488627194
99.1666666666667,0.190364583333333,-0.0465,0.0138118554577395
99.2,0.190364583333333,-0.0465,0.013860613461691
99.2333333333333,0.190364583333333,-0.0465,0.0139037778846968
99.2666666666667,0.190343729654948,-0.0465,0.0140321627157626
99.3,0.190343729654948,-0.0465,0.0140497110646233
99.3333333333333,0.190343729654948,-0.0465,0.0140654299767419
99.3666666666667,0.190343729654948,-0.0465,0.0140794969084862
99.4,0.190343729654948,-0.0465,0.0140920728598488
99.4333333333333,0.190343729654948,-0.0465,0.0141033038541439
99.4666666666667,0.190343729654948,-0.0465,0.0141133222876241
99.5,0.190343729654948,-0.0465,0.0141222481602578
99.5333333333333,0.190566889444987,-0.0465,0.0131646825349198
99.5666666666667,0.190566889444987,-0.0465,0.0133444544739471
99.6,0.190566889444987,-0.0465,0.0135002580254214
99.6333333333333,0.190566889444987,-0.0465,0.0136348733526456
99.6666666666667,0.190566889444987,-0.0465,0.0137507839874735
99.7,0.190566889444987,-0.0465,0.0138502067480518
99.7333333333333,0.190566889444987,-0.0465,0.0139351187593822
99.7666666666667,0.190566889444987,-0.0465,0.014007281848732
99.8,0.190566889444987,-0.0465,0.0140682645629971
99.8333333333333,0.190308125813802,-0.0465,0.015239010804083
99.8666666666667,0.190308125813802,-0.0465,0.0150813916835252
99.9,0.190308125813802,-0.0465,0.0149431963897177
99.9333333333333,0.190308125813802,-0.0465,0.0148222702332546
99.9666666666667,0.190308125813802,-0.0465,0.014716681865458
100,0.190308125813802,-0.0465,0.0146247012062147
