0,0.669468752543132,0,0
0.0333333333333333,0.669468752543132,0,-0.12022347378893
0.0666666666666667,0.669468752543132,0,-0.218049897967709
0.1,0.669468752543132,-0.003,-0.266952080748331
0.133333333333333,0.187466049194336,-0.009,-0.269903525075242
0.166666666666667,0.187466049194336,-0.015,0.574712074856488
0.2,0.187466049194336,-0.012,1.18516173537839
0.233333333333333,0.187486139933268,0.009,1.49368645546814
0.266666666666667,0.187486139933268,0.039,1.60930198473226
0.3,0.187486139933268,0.0735,1.5933517774567
0.333333333333333,0.187486139933268,0.105,1.53477068866195
0.366666666666667,0.187823867797852,0.1455,1.32545724713602
0.4,0.187823867797852,0.195,0.974973982714278
0.433333333333333,0.187962404886882,0.2475,0.552655577932206
0.466666666666667,0.187962404886882,0.2895,0.200593175932772
0.5,0.187962404886882,0.315,-0.0147060119653908
0.533333333333333,0.187962404886882,0.327,-0.117976738302509
0.566666666666667,0.187962404886882,0.3285,-0.134767617553679
0.6,0.187550417582194,0.3285,-0.151324275967143
0.633333333333333,0.187550417582194,0.324,-0.133775712421785
0.666666666666667,0.187550417582194,0.315,-0.0803194418229697
0.7,0.184181276957194,0.3015,0.0112782926777993
0.733333333333333,0.184181276957194,0.291,0.0737079552314551
0.766666666666667,0.185485076904297,0.2865,0.0715939998134418
0.8,0.186335182189941,0.2865,0.0191191152105047
0.833333333333333,0.186335182189941,0.2865,-0.0363260981439073
0.866666666666667,0.186335182189941,0.2865,-0.0920919461139841
0.9,0.186335182189941,0.2865,-0.147489613706038
0.933333333333333,0.186335182189941,0.2865,-0.201970282671441
0.966666666666667,0.186335182189941,0.2835,-0.2251028760311
1,0.186335182189941,0.2745,-0.18655503752305
1.03333333333333,0.186335182189941,0.2685,-0.176076894709818
1.06666666666667,0.186335182189941,0.261,-0.148487216136959
1.1,0.188008181254069,0.2535,-0.11866162625743
1.13333333333333,0.188008181254069,0.2475,-0.104417900613562
1.16666666666667,0.188008181254069,0.243,-0.102282144943855
1.2,0.188008181254069,0.2385,-0.0973299346127954
1.23333333333333,0.188008181254069,0.2355,-0.104649876439998
1.26666666666667,0.188008181254069,0.2325,-0.10934014879152
1.3,0.188008181254069,0.231,-0.126505631371075
1.33333333333333,0.188008181254069,0.228,-0.126255536515672
1.36666666666667,0.21387627919515,0.2265,-0.138701466272886
1.4,0.259153429667155,0.2235,-0.178723477342396
1.43333333333333,0.259153429667155,0.219,-0.27168305861805
1.46666666666667,0.259153429667155,0.213,-0.326029076573244
1.5,0.264317385355631,0.204,-0.330240381993485
1.53333333333333,0.269292577107747,0.1935,-0.311244159090467
1.56666666666667,0.269292577107747,0.1815,-0.269617720002822
1.6,0.269292577107747,0.171,-0.227610328579232
1.63333333333333,0.269292577107747,0.156,-0.127583446006963
1.66666666666667,0.274893951416016,0.147,-0.0765605161902005
1.7,0.274893951416016,0.138,-0.0259675676180643
1.73333333333333,0.300639724731445,0.132,0.00421368978019782
1.76666666666667,0.306024805704753,0.129,-0.032118260776472
1.8,0.306024805704753,0.1275,-0.077745978893973
1.83333333333333,0.306024805704753,0.1275,-0.124026067746176
1.86666666666667,0.306024805704753,0.126,-0.143287869922547
1.9,0.306024805704753,0.126,-0.167519117940871
1.93333333333333,0.311045328776042,0.126,-0.183413795175447
1.96666666666667,0.311045328776042,0.1245,-0.186102021636374
2,0.332660039265951,0.1215,-0.16650131774299
2.03333333333333,0.332660039265951,0.114,-0.133308024097309
2.06666666666667,0.332660039265951,0.1095,-0.118240790755903
2.1,0.332660039265951,0.105,-0.0933063828004702
2.13333333333333,0.332660039265951,0.1005,-0.060212425358657
2.16666666666667,0.349246406555176,0.099,-0.0504096421152736
2.2,0.378343518575033,0.0975,-0.0638328569551477
2.23333333333333,0.384114583333333,0.096,-0.117826990688797
2.26666666666667,0.384114583333333,0.093,-0.14935103317368
2.3,0.384114583333333,0.0915,-0.179461984798537
2.33333333333333,0.384114583333333,0.087,-0.165923056338419
2.36666666666667,0.384114583333333,0.0825,-0.141086187502438
2.4,0.406270027160645,0.081,-0.136950076401784
2.43333333333333,0.406270027160645,0.0765,-0.13355271611757
2.46666666666667,0.406270027160645,0.0705,-0.101844089230965
2.5,0.41160717010498,0.0645,-0.0591444246184997
2.53333333333333,0.41160717010498,0.06,-0.0316604610200939
2.56666666666667,0.41160717010498,0.057,-0.0101048511197306
2.6,0.41160717010498,0.0555,0.00384316903098612
2.63333333333333,0.41160717010498,0.0555,0.00876326964028118
2.66666666666667,0.41160717010498,0.0555,0.0184568969903905
2.7,0.432473436991374,0.0555,0.0319152884327385
2.73333333333333,0.432473436991374,0.0555,0.0121805150646837
2.76666666666667,0.452595202128092,0.0555,0.00138341264579768
2.8,0.452595202128092,0.0555,-0.0369319174927357
2.83333333333333,0.452595202128092,0.0555,-0.0628374656842409
2.86666666666667,0.452595202128092,0.0555,-0.0785067071470261
2.9,0.452595202128092,0.0555,-0.0857846485303045
2.93333333333333,0.467669296264648,0.0555,-0.0862345061546591
2.96666666666667,0.467669296264648,0.0555,-0.10726535753684
3,0.498381360371908,0.054,-0.104044623017082
3.03333333333333,0.503093528747559,0.054,-0.161414328301774
3.06666666666667,0.507966772715251,0.054,-0.210908737922226
3.1,0.507966772715251,0.0495,-0.209031951361528
3.13333333333333,0.507966772715251,0.0435,-0.178348047131161
3.16666666666667,0.507966772715251,0.039,-0.151282705341973
3.2,0.507966772715251,0.0345,-0.114894598807974
3.23333333333333,0.507966772715251,0.0285,-0.0559275758586217
3.26666666666667,0.516687711079915,0.024,-0.00585564331346558
3.3,0.543367036183675,0.021,0.0189857096343647
3.33333333333333,0.543367036183675,0.0195,-0.0107160815803352
3.36666666666667,0.543367036183675,0.0195,-0.0415001587065457
3.4,0.543367036183675,0.018,-0.0458055918607165
3.43333333333333,0.543367036183675,0.018,-0.0557027596123316
3.46666666666667,0.543367036183675,0.018,-0.0579457488285307
3.5,0.543367036183675,0.018,-0.054017526305014
3.53333333333333,0.543367036183675,0.018,-0.0451688639504564
3.56666666666667,0.543367036183675,0.018,-0.0324518670473207
3.6,0.543367036183675,0.018,-0.0167488406002229
3.63333333333333,0.543367036183675,0.018,0.0012028703679199
3.66666666666667,0.543367036183675,0.018,0.0207895165568581
3.7,0.543367036183675,0.018,0.0415025804718191
3.73333333333333,0.543367036183675,0.018,0.0629230014900126
3.76666666666667,0.543367036183675,0.018,0.0847076342436338
3.8,0.543367036183675,0.018,0.106577632854794
3.83333333333333,0.570900662740072,0.018,0.128308495275271
3.86666666666667,0.570900662740072,0.018,0.102071506820306
3.9,0.570900662740072,0.018,0.0842535103479494
3.93333333333333,0.570900662740072,0.018,0.0733702090531288
3.96666666666667,0.570900662740072,0.018,0.06816217670828
4,0.570900662740072,0.018,0.0675628651166731
4.03333333333333,0.570900662740072,0.018,0.0706710270405024
4.06666666666667,0.570900662740072,0.018,0.0767269547081961
4.1,0.596875,0.018,0.0850920148237105
4.13333333333333,0.596875,0.018,0.0502795248659324
4.16666666666667,0.596875,0.018,0.0251683601471552
4.2,0.596875,0.018,0.008088423319609
4.23333333333333,0.596875,0.018,-0.00237963415684626
4.26666666666667,0.596875,0.018,-0.00743993734082606
4.3,0.596875,0.018,-0.00811202048559501
4.33333333333333,0.596875,0.018,-0.00525723104169755
4.36666666666667,0.618794441223145,0.018,0.000398520434081451
4.4,0.618794441223145,0.018,-0.0296888860861313
4.43333333333333,0.618794441223145,0.018,-0.0510295561323083
4.46666666666667,0.618794441223145,0.018,-0.0651458858778615
4.5,0.618794441223145,0.018,-0.0733307383946098
4.53333333333333,0.618794441223145,0.018,-0.0766800267587892
4.56666666666667,0.618794441223145,0.018,-0.076120805259899
4.6,0.618794441223145,0.018,-0.0724354786247437
4.63333333333333,0.633936723073324,0.018,-0.0662826570280278
4.66666666666667,0.633936723073324,0.018,-0.0844205319186873
4.7,0.633936723073324,0.018,-0.0962241335439877
4.73333333333333,0.633936723073324,0.018,-0.102835741640776
4.76666666666667,0.633936723073324,0.0165,-0.0902231419901089
4.8,0.633936723073324,0.015,-0.0742045462222921
4.83333333333333,0.633936723073324,0.015,-0.0704700657035207
4.86666666666667,0.633936723073324,0.015,-0.0646002081484866
4.9,0.633936723073324,0.015,-0.0570818024325266
4.93333333333333,0.63442169825236,0.015,-0.0483217023799133
4.96666666666667,0.63442169825236,0.015,-0.0394978769314049
5,0.63442169825236,0.015,-0.0298952709372911
5.03333333333333,0.63442169825236,0.015,-0.0197693807357002
5.06666666666667,0.63442169825236,0.015,-0.00933033249696166
5.1,0.63442169825236,0.015,0.00125022587106491
5.13333333333333,0.63442169825236,0.015,0.0118332145383125
5.16666666666667,0.63442169825236,0.015,0.0223070577115623
5.2,0.637170251210531,0.015,0.0325833485861263
5.23333333333333,0.637170251210531,0.015,0.0378364626769196
5.26666666666667,0.637170251210531,0.015,0.0436565754244547
5.3,0.637170251210531,0.015,0.0498672266579545
5.33333333333333,0.637170251210531,0.015,0.0563230019160313
5.36666666666667,0.637170251210531,0.015,0.0629048326834905
5.4,0.636264991760254,0.015,0.0695159650281538
5.43333333333333,0.636264991760254,0.015,0.0776451574941824
5.46666666666667,0.633940060933431,0.015,0.0853719032352536
5.5,0.633940060933431,0.015,0.0967163864132664
5.53333333333333,0.633940060933431,0.015,0.106906815122227
5.56666666666667,0.633940060933431,0.015,0.116064501714069
5.6,0.633940060933431,0.015,0.124297010557146
5.63333333333333,0.633940060933431,0.015,0.131699810203051
5.66666666666667,0.633940060933431,0.015,0.138357718747853
5.7,0.633940060933431,0.015,0.144346168956821
5.73333333333333,0.634329827626546,0.015,0.149732316254106
5.76666666666667,0.636045837402344,0.015,0.153901474656197
5.8,0.636045837402344,0.015,0.154737488252124
5.83333333333333,0.636045837402344,0.015,0.155791555322435
5.86666666666667,0.636045837402344,0.015,0.157003841444097
5.9,0.636045837402344,0.015,0.158324782878872
5.93333333333333,0.636045837402344,0.015,0.159713546256313
5.96666666666667,0.636045837402344,0.015,0.161136706369915
6,0.636045837402344,0.015,0.162567112055289
6.03333333333333,0.636045837402344,0.015,0.163982914194091
6.06666666666667,0.636045837402344,0.015,0.165366733413815
6.1,0.636045837402344,0.015,0.166704948104779
6.13333333333333,0.636045837402344,0.015,0.167987086015571
6.16666666666667,0.636045837402344,0.015,0.169205304971954
6.2,0.636045837402344,0.015,0.170353950239597
6.23333333333333,0.636045837402344,0.015,0.171429177759438
6.26666666666667,0.634591229756673,0.015,0.172428633961744
6.3,0.635068194071452,0.015,0.175868545945377
6.33333333333333,0.635068194071452,0.015,0.177936993525775
6.36666666666667,0.635068194071452,0.015,0.179686558502725
6.4,0.635068194071452,0.015,0.18115693889966
6.43333333333333,0.635068194071452,0.015,0.182382749835049
6.46666666666667,0.635068194071452,0.015,0.183394185578298
6.5,0.635068194071452,0.015,0.184217594499109
6.53333333333333,0.635068194071452,0.015,0.184875978437489
6.56666666666667,0.635068194071452,0.015,0.185389426491099
6.6,0.635068194071452,0.015,0.185775491889774
6.63333333333333,0.635068194071452,0.015,0.186049519476602
6.66666666666667,0.635068194071452,0.015,0.186224930317521
6.7,0.635068194071452,0.015,0.186313469096546
6.73333333333333,0.635068194071452,0.015,0.186325419203858
6.76666666666667,0.635068194071452,0.015,0.186269789773796
6.8,0.634998798370361,0.015,0.186154478365893
6.83333333333333,0.634998798370361,0.015,0.18610650954331
6.86666666666667,0.634998798370361,0.015,0.185989493381131
6.9,0.634998798370361,0.015,0.185812239963827
6.93333333333333,0.634998798370361,0.015,0.185582414230992
6.96666666666667,0.634998798370361,0.015,0.185306686462061
7,0.634998798370361,0.015,0.184990862860478
7.03333333333333,0.635021845499674,0.015,0.184639998878475
7.06666666666667,0.63484099706014,0.015,0.184218611928215
7.1,0.63484099706014,0.015,0.184090832711575
7.13333333333333,0.63484099706014,0.015,0.183887567293311
7.16666666666667,0.63484099706014,0.015,0.183619784499534
7.2,0.63484099706014,0.015,0.18329692326608
7.23333333333333,0.63484099706014,0.015,0.182927101646102
7.26666666666667,0.63484099706014,0.015,0.182517297575644
7.3,0.63484099706014,0.015,0.182073505190706
7.33333333333333,0.634951527913411,0.015,0.181600869981422
7.36666666666667,0.634951527913411,0.015,0.180912519580861
7.4,0.634951527913411,0.015,0.180239158555683
7.43333333333333,0.634951527913411,0.015,0.179578500661434
7.46666666666667,0.634951527913411,0.015,0.178928585927245
7.5,0.634951527913411,0.015,0.178287735554571
7.53333333333333,0.634951527913411,0.015,0.177654512948543
7.56666666666667,0.634951527913411,0.015,0.177027690055386
7.6,0.634895833333333,0.015,0.176406218290198
7.63333333333333,0.634895833333333,0.015,0.175885589157701
7.66666666666667,0.634895833333333,0.015,0.175350699226003
7.7,0.634895833333333,0.015,0.174803685204747
7.73333333333333,0.634895833333333,0.015,0.174246381372984
7.76666666666667,0.634895833333333,0.015,0.17368036121031
7.8,0.634895833333333,0.015,0.173106973379752
7.83333333333333,0.634895833333333,0.015,0.172527372822791
7.86666666666667,0.634895833333333,0.015,0.171942547624924
7.9,0.634895833333333,0.015,0.171353342221942
7.93333333333333,0.634895833333333,0.015,0.17076047744057
7.96666666666667,0.634895833333333,0.015,0.170164567800877
8,0.634895833333333,0.015,0.169566136450499
8.03333333333333,0.634895833333333,0.015,0.168965628050974
8.06666666666667,0.634895833333333,0.015,0.168363419893484
8.1,0.634895833333333,0.015,0.167759831483976
8.13333333333333,0.634840138753255,0.015,0.167155132805369
8.16666666666667,0.634840138753255,0.015,0.16664593715883
8.2,0.634840138753255,0.015,0.166118093936165
8.23333333333333,0.634840138753255,0.015,0.165574547673646
8.26666666666667,0.634840138753255,0.015,0.165017816151036
8.3,0.634840138753255,0.015,0.164450049837971
8.33333333333333,0.634840138753255,0.015,0.163873083224426
8.36666666666667,0.634840138753255,0.015,0.163288479131534
8.4,0.634856700897217,0.015,0.162697566951787
8.43333333333333,0.634799639383952,0.015,0.162072812991019
8.46666666666667,0.634799639383952,0.015,0.161547927934928
8.5,0.634799639383952,0.015,0.161005745091724
8.53333333333333,0.634799639383952,0.015,0.160449091306555
8.56666666666667,0.634799639383952,0.015,0.159880377718077
8.6,0.634799639383952,0.015,0.159301658077505
8.63333333333333,0.634799639383952,0.015,0.158714679076268
8.66666666666667,0.634839916229248,0.015,0.15812092376386
8.7,0.634895833333333,0.015,0.157451945390388
8.73333333333333,0.634895833333333,0.015,0.156694725109982
8.76666666666667,0.634895833333333,0.015,0.155962945041862
8.8,0.634895833333333,0.015,0.155252840550521
8.83333333333333,0.634895833333333,0.015,0.154561176724356
8.86666666666667,0.634895833333333,0.015,0.153885175675772
8.9,0.634895833333333,0.015,0.153222453688897
8.93333333333333,0.634895833333333,0.015,0.1525709668904
8.96666666666667,0.634793599446615,0.015,0.15192896429634
9,0.634793599446615,0.015,0.15147187445794
9.03333333333333,0.634793599446615,0.015,0.150988528083546
9.06666666666667,0.634793599446615,0.015,0.15048294154839
9.1,0.634793599446615,0.015,0.149958557287624
9.13333333333333,0.634793599446615,0.015,0.149418323185575
9.16666666666667,0.634793599446615,0.015,0.148864761166301
9.2,0.634793599446615,0.015,0.148300026441185
9.23333333333333,0.63481658299764,0.015,0.147725958674029
9.26666666666667,0.63481658299764,0.015,0.147104350540089
9.3,0.63481658299764,0.015,0.146483722702002
9.33333333333333,0.63481658299764,0.015,0.145864060886871
9.36666666666667,0.63481658299764,0.015,0.145245344046431
9.4,0.63481658299764,0.015,0.144627545907285
9.43333333333333,0.634895833333333,0.015,0.144010636266227
9.46666666666667,0.634895833333333,0.015,0.143257430466867
9.5,0.634842109680176,0.015,0.142530595774298
9.53333333333333,0.634842109680176,0.015,0.141919108964731
9.56666666666667,0.634842109680176,0.015,0.141309245423466
9.6,0.634842109680176,0.015,0.140700752246756
9.63333333333333,0.634842109680176,0.015,0.140093412969513
9.66666666666667,0.634842109680176,0.015,0.139487042504225
9.7,0.634842109680176,0.015,0.138881482769777
9.73333333333333,0.634842109680176,0.015,0.138276598917079
9.76666666666667,0.634895833333333,0.015,0.137672276070866
9.8,0.634895833333333,0.015,0.136975441705912
9.83333333333333,0.634895833333333,0.015,0.136296308413379
9.86666666666667,0.634895833333333,0.015,0.135632120164452
9.9,0.634895833333333,0.015,0.134980517908411
9.93333333333333,0.634895833333333,0.015,0.134339484442854
9.96666666666667,0.634895833333333,0.015,0.133707296798487
10,0.634895833333333,0.015,0.133082485124317
10.0333333333333,0.634775225321452,0.015,0.132463797195234
10.0666666666667,0.634775225321452,0.015,0.132058893484036
10.1,0.634775225321452,0.015,0.131619259043783
10.1333333333333,0.634775225321452,0.015,0.131150156301432
10.1666666666667,0.634775225321452,0.015,0.130656098945623
10.2,0.634729258219401,0.015,0.130140955267699
10.2333333333333,0.634729258219401,0.015,0.129687588692024
10.2666666666667,0.634729258219401,0.015,0.129204461230847
10.3,0.634831651051839,0.015,0.128696291768733
10.3333333333333,0.634831651051839,0.015,0.1279899117572
10.3666666666667,0.634831651051839,0.015,0.127298979533351
10.4,0.634831651051839,0.015,0.126621313360348
10.4333333333333,0.634831651051839,0.015,0.125955031495314
10.4666666666667,0.634831651051839,0.015,0.125298511512181
10.5,0.634831651051839,0.015,0.124650355098693
10.5333333333333,0.634831651051839,0.015,0.124009357593909
10.5666666666667,0.634651056925456,0.015,0.123374481630648
10.6,0.634651056925456,0.015,0.123057372738807
10.6333333333333,0.634651056925456,0.015,0.122686500012177
10.6666666666667,0.634651056925456,0.015,0.122270231112834
10.7,0.634651056925456,0.015,0.121815728635155
10.7333333333333,0.634651056925456,0.015,0.121329117443459
10.7666666666667,0.634651056925456,0.015,0.120815629201415
10.8,0.634651056925456,0.015,0.120279727171316
10.8333333333333,0.634895833333333,0.015,0.119725213948157
10.8666666666667,0.634895833333333,0.015,0.118731711386855
10.9,0.634895833333333,0.015,0.117804497018139
10.9333333333333,0.634895833333333,0.015,0.116933663372628
10.9666666666667,0.634895833333333,0.015,0.116110703658668
11,0.634895833333333,0.015,0.115328319066178
11.0333333333333,0.634895833333333,0.015,0.114580252205977
11.0666666666667,0.634895833333333,0.015,0.113861143166896
11.1,0.634895833333333,0.015,0.113166405144416
11.1333333333333,0.634895833333333,0.015,0.112492117003035
11.1666666666667,0.634895833333333,0.015,0.111834930488392
11.2,0.634895833333333,0.015,0.111191990111635
11.2333333333333,0.634777100880941,0.015,0.110560863993998
11.2666666666667,0.634777100880941,0.015,0.110144964025479
11.3,0.634777100880941,0.015,0.109698774978736
11.3333333333333,0.634777100880941,0.015,0.109226744958616
11.3666666666667,0.634777100880941,0.015,0.108732698462436
11.4,0.634777100880941,0.015,0.108219921802998
11.4333333333333,0.634777100880941,0.015,0.107691236972268
11.4666666666667,0.634777100880941,0.015,0.107149065499611
11.5,0.634913730621338,0.015,0.106595483650348
11.5333333333333,0.634913730621338,0.015,0.105795817028319
11.5666666666667,0.634913730621338,0.015,0.105032091165592
11.6,0.634913730621338,0.015,0.104298777446147
11.6333333333333,0.634913730621338,0.015,0.103591139299339
11.6666666666667,0.634913730621338,0.015,0.102905122502097
11.7,0.634913730621338,0.015,0.102237260412478
11.7333333333333,0.634711805979411,0.015,0.101584592121001
11.7666666666667,0.63474915822347,0.015,0.101294045034211
11.8,0.63474915822347,0.015,0.100884270395095
11.8333333333333,0.63474915822347,0.015,0.100440216990089
11.8666666666667,0.63474915822347,0.015,0.0999671061879901
11.9,0.63474915822347,0.015,0.0994694146623492
11.9333333333333,0.63474915822347,0.015,0.0989509773000999
11.9666666666667,0.63474915822347,0.015,0.0984150761195167
12,0.63474915822347,0.015,0.0978645170830204
12.0333333333333,0.634895833333333,0.015,0.0973016964374405
12.0666666666667,0.634895833333333,0.015,0.0964748202541278
12.1,0.634895833333333,0.015,0.0956867558375283
12.1333333333333,0.634895833333333,0.015,0.0949316512673189
12.1666666666667,0.634895833333333,0.015,0.0942044853411693
12.2,0.634895833333333,0.015,0.0935009530511306
12.2333333333333,0.634895833333333,0.015,0.0928173666101842
12.2666666666667,0.634895833333333,0.015,0.0921505699346988
12.3,0.634777736663818,0.015,0.0914978647693365
12.3333333333333,0.634777736663818,0.015,0.0910613264265302
12.3666666666667,0.634777736663818,0.015,0.0905965351525884
12.4,0.634777736663818,0.015,0.0901077207970993
12.4333333333333,0.634777736663818,0.015,0.0895985147352192
12.4666666666667,0.634777736663818,0.015,0.0890720322353308
12.5,0.634895833333333,0.015,0.0885309436527106
12.5333333333333,0.634895833333333,0.015,0.0877731564110111
12.5666666666667,0.634708499908447,0.015,0.0870430817025045
12.6,0.634708499908447,0.015,0.0866606897002565
12.6333333333333,0.634708499908447,0.015,0.0862377545260165
12.6666666666667,0.634708499908447,0.015,0.0857805345859655
12.7,0.634708499908447,0.015,0.085294390279355
12.7333333333333,0.634708499908447,0.015,0.0847839084697075
12.7666666666667,0.634708499908447,0.015,0.0842530100067874
12.8,0.634708499908447,0.015,0.0837050425855532
12.8333333333333,0.634871832529704,0.015,0.0831428609215177
12.8666666666667,0.634871832529704,0.015,0.0822862305218605
12.9,0.634871832529704,0.015,0.0814725429058774
12.9333333333333,0.634871832529704,0.015,0.0806953872708279
12.9666666666667,0.634871832529704,0.015,0.0799492586518789
13,0.634871832529704,0.015,0.0792294333376159
13.0333333333333,0.634871832529704,0.015,0.0785318611805085
13.0666666666667,0.634871832529704,0.015,0.0778530725285269
13.1,0.634779707590739,0.015,0.0771900978088513
13.1333333333333,0.634779707590739,0.015,0.0766998306060523
13.1666666666667,0.634779707590739,0.015,0.0761909685115002
13.2,0.634779707590739,0.015,0.0756662673911705
13.2333333333333,0.634779707590739,0.015,0.0751280950496397
13.2666666666667,0.634779707590739,0.015,0.0745784845079785
13.3,0.634835465749105,0.015,0.0740191800634102
13.3333333333333,0.634835465749105,0.015,0.0733551813500823
13.3666666666667,0.634835465749105,0.015,0.072702241690065
13.4,0.634895833333333,0.015,0.0720586697832342
13.4333333333333,0.634895833333333,0.015,0.0713185431120013
13.4666666666667,0.634895833333333,0.015,0.0706045559472673
13.5,0.634895833333333,0.015,0.0699126284143312
13.5333333333333,0.634895833333333,0.015,0.0692392689411869
13.5666666666667,0.634895833333333,0.015,0.0685814925147907
13.6,0.634895833333333,0.015,0.0679367500827126
13.6333333333333,0.634895833333333,0.015,0.0673028675957665
13.6666666666667,0.634651056925456,0.015,0.0666779933891729
13.7,0.634651056925456,0.015,0.0664841658234662
13.7333333333333,0.634651056925456,0.015,0.0662175179106666
13.7666666666667,0.634651056925456,0.015,0.0658891533900509
13.8,0.634651056925456,0.015,0.0655085915728925
13.8333333333333,0.634651056925456,0.015,0.0650839863459712
13.8666666666667,0.634651056925456,0.015,0.0646223153972288
13.9,0.634651056925456,0.015,0.0641295436769885
13.9333333333333,0.634651056925456,0.015,0.0636107645698216
13.9666666666667,0.634651056925456,0.015,0.0630703217858374
14,0.634651056925456,0.015,0.0625119145762507
14.0333333333333,0.634651056925456,0.015,0.0619386885282262
14.0666666666667,0.634651056925456,0.015,0.0613533138909789
14.1,0.634651056925456,0.015,0.0607580531226706
14.1333333333333,0.634651056925456,0.015,0.0601548191203502
14.1666666666667,0.634708499908447,0.015,0.0595452253983592
14.2,0.634708499908447,0.015,0.0588312177804235
14.2333333333333,0.634708499908447,0.015,0.0581318660870055
14.2666666666667,0.634708499908447,0.015,0.0574452501695003
14.3,0.634708499908447,0.015,0.0567697033667948
14.3333333333333,0.634708499908447,0.015,0.0561037788956839
14.3666666666667,0.634708499908447,0.015,0.0554462207084958
14.4,0.634708499908447,0.015,0.0547959382233472
14.4333333333333,0.634782473246256,0.015,0.0541519844116488
14.4666666666667,0.634839502970378,0.015,0.0533855176319163
14.5,0.634839502970378,0.015,0.0525489956537022
14.5333333333333,0.634839502970378,0.015,0.0517551828449538
14.5666666666667,0.634839502970378,0.015,0.0509975226853169
14.6,0.634839502970378,0.015,0.0502703971041857
14.6333333333333,0.634839502970378,0.015,0.0495689965653795
14.6666666666667,0.634839502970378,0.015,0.0488892078307884
14.7,0.634839502970378,0.015,0.0482275170191918
14.7333333333333,0.634839502970378,0.015,0.0475809258962709
14.7666666666667,0.634839502970378,0.015,0.0469468796088694
14.8,0.634839502970378,0.015,0.046323204316517
14.8333333333333,0.634839502970378,0.015,0.0457080533810639
14.8666666666667,0.634839502970378,0.015,0.0450998609552839
14.9,0.634839502970378,0.015,0.0444973019672024
14.9333333333333,0.634839502970378,0.015,0.0438992576319164
14.9666666666667,0.634743404388428,0.015,0.0433047857395929
15,0.634743404388428,0.015,0.0428794044522105
15.0333333333333,0.634743404388428,0.015,0.0424251595027078
15.0666666666667,0.634743404388428,0.015,0.0419463027177578
15.1,0.634743404388428,0.015,0.0414464889507419
15.1333333333333,0.634743404388428,0.015,0.0409288579189574
15.1666666666667,0.634743404388428,0.015,0.0403961049621809
15.2,0.634743404388428,0.015,0.0398505422121872
15.2333333333333,0.634806664784749,0.015,0.0392941514632861
15.2666666666667,0.634638118743897,0.015,0.0386191506445769
15.3,0.634638118743897,0.015,0.0382485542325737
15.3333333333333,0.634638118743897,0.015,0.0378344128040401
15.3666666666667,0.634638118743897,0.015,0.0373835036346893
15.4,0.634638118743897,0.015,0.0369016279690196
15.4333333333333,0.634638118743897,0.015,0.0363937465537736
15.4666666666667,0.634638118743897,0.015,0.0358640966980789
15.5,0.634638118743897,0.015,0.0353162933533543
15.5333333333333,0.634743404388428,0.015,0.0347534163714264
15.5666666666667,0.634743404388428,0.015,0.0339958771837973
15.6,0.634743404388428,0.015,0.0332620542303017
15.6333333333333,0.634743404388428,0.015,0.0325485706224551
15.6666666666667,0.634743404388428,0.015,0.0318525157281479
15.7,0.634743404388428,0.015,0.0311713818112183
15.7333333333333,0.634743404388428,0.015,0.0305030092079958
15.7666666666667,0.634691174825033,0.015,0.0298455388959264
15.8,0.63494701385498,0.015,0.0292877605844922
15.8333333333333,0.63494701385498,0.015,0.0282783126469557
15.8666666666667,0.63494701385498,0.015,0.0273438660775319
15.9,0.63494701385498,0.015,0.0264728518722464
15.9333333333333,0.63494701385498,0.015,0.025655360494043
15.9666666666667,0.63494701385498,0.015,0.024882911894853
16,0.63494701385498,0.015,0.0241482568510157
16.0333333333333,0.63494701385498,0.015,0.0234452053885181
16.0666666666667,0.634957218170166,0.015,0.0227684786412653
16.1,0.634957218170166,0.015,0.0220959212636954
16.1333333333333,0.634957218170166,0.015,0.0214446601399035
16.1666666666667,0.634957218170166,0.015,0.0208109400903676
16.2,0.634957218170166,0.015,0.0201915748768525
16.2333333333333,0.634957218170166,0.015,0.0195838662564669
16.2666666666667,0.634957218170166,0.015,0.0189855342076814
16.3,0.634957218170166,0.015,0.0183946568104546
16.3333333333333,0.634722232818604,0.015,0.0178096184670946
16.3666666666667,0.634722232818604,0.015,0.0176357338543405
16.4,0.634722232818604,0.015,0.0173894436171415
16.4333333333333,0.634722232818604,0.015,0.0170815548506451
16.4666666666667,0.634722232818604,0.015,0.0167213477635469
16.5,0.634722232818604,0.015,0.016316785668573
16.5333333333333,0.634895833333333,0.015,0.0158746964967833
16.5666666666667,0.634895833333333,0.015,0.015100494491597
16.6,0.634667015075684,0.015,0.0143555908989596
16.6333333333333,0.634667015075684,0.015,0.0140315835276775
16.6666666666667,0.634667015075684,0.015,0.0136549297672145
16.7,0.634667015075684,0.015,0.0132338308104232
16.7333333333333,0.634667015075684,0.015,0.0127753062809739
16.7666666666667,0.634667015075684,0.015,0.01228535834077
16.8,0.634667015075684,0.015,0.011769113427058
16.8333333333333,0.634667015075684,0.015,0.0112309446384132
16.8666666666667,0.634777736663818,0.015,0.0106745773835013
16.9,0.634895833333333,0.015,0.00991156441928584
16.9333333333333,0.634895833333333,0.015,0.00896753053224154
16.9666666666667,0.634895833333333,0.015,0.00808167612392503
17,0.634895833333333,0.015,0.00724528765101089
17.0333333333333,0.634895833333333,0.015,0.00645088465281565
17.0666666666667,0.634895833333333,0.015,0.00569205002761496
17.1,0.634895833333333,0.015,0.00496328333476771
17.1333333333333,0.634895833333333,0.015,0.00425987402302506
17.1666666666667,0.634895833333333,0.015,0.0035777919008838
17.2,0.634895833333333,0.015,0.00291359252476725
17.2333333333333,0.634895833333333,0.015,0.00226433549259396
17.2666666666667,0.634895833333333,0.015,0.00162751390036582
17.3,0.634895833333333,0.015,0.00100099345333475
17.3333333333333,0.634895833333333,0.015,0.000382959925928125
17.3666666666667,0.634895833333333,0.015,-0.000228126159897563
17.4,0.634809652964274,0.015,-0.000833568616213469
17.4333333333333,0.634809652964274,0.015,-0.00128532447533292
17.4666666666667,0.634809652964274,0.015,-0.00176125237588979
17.5,0.634809652964274,0.015,-0.00225782501486102
17.5333333333333,0.634809652964274,0.015,-0.00277200808225882
17.5666666666667,0.634809652964274,0.015,-0.00330119283781381
17.6,0.634809652964274,0.015,-0.00384313780346691
17.6333333333333,0.634809652964274,0.015,-0.0043959183468352
17.6666666666667,0.634809652964274,0.015,-0.00495788309482719
17.7,0.634809652964274,0.015,-0.00552761625867615
17.7333333333333,0.634809652964274,0.015,-0.00610390507475574
17.7666666666667,0.634809652964274,0.015,-0.00668571167218256
17.8,0.634809652964274,0.015,-0.00727214877059026
17.8333333333333,0.634809652964274,0.015,-0.00786245869148322
17.8666666666667,0.634809652964274,0.015,-0.0084559952358973
17.9,0.634809652964274,0.015,-0.00905220804113784
17.9333333333333,0.634752909342448,0.015,-0.00965062908137386
17.9666666666667,0.634752909342448,0.015,-0.010152659815158
18,0.634752909342448,0.015,-0.0106744591706263
18.0333333333333,0.634752909342448,0.015,-0.011212905783884
18.0666666666667,0.634752909342448,0.015,-0.0117653306634753
18.1,0.634752909342448,0.015,-0.0123294541765713
18.1333333333333,0.634752909342448,0.015,-0.0129033316380586
18.1666666666667,0.63476889928182,0.015,-0.0134853063404876
18.2,0.634895833333333,0.015,-0.0141016414037719
18.2333333333333,0.634895833333333,0.015,-0.014937986042318
18.2666666666667,0.634895833333333,0.015,-0.0157335273715159
18.3,0.634895833333333,0.015,-0.0164944371932655
18.3333333333333,0.634895833333333,0.015,-0.0172260098901424
18.3666666666667,0.634895833333333,0.015,-0.0179327834777554
18.4,0.634895833333333,0.015,-0.0186186442139438
18.4333333333333,0.634895833333333,0.015,-0.0192869169798075
18.4666666666667,0.634895833333333,0.015,-0.0199404433505493
18.5,0.634895833333333,0.015,-0.0205816490168224
18.5333333333333,0.634895833333333,0.015,-0.0212126019944059
18.5666666666667,0.634895833333333,0.015,-0.0218350628669919
18.6,0.634895833333333,0.015,-0.0224505281396591
18.6333333333333,0.634895833333333,0.015,-0.0230602676357906
18.6666666666667,0.634895833333333,0.015,-0.0236653567447697
18.7,0.634895833333333,0.015,-0.0242667042191607
18.7333333333333,0.634840806325277,0.015,-0.0248650761260217
18.7666666666667,0.634840806325277,0.015,-0.0253658860615898
18.8,0.634840806325277,0.015,-0.0258826451155825
18.8333333333333,0.634840806325277,0.015,-0.0264130531299299
18.8666666666667,0.634840806325277,0.015,-0.0269551295743517
18.9,0.634840806325277,0.015,-0.0275071699648245
18.9333333333333,0.634832286834717,0.015,-0.0280677081648089
18.9666666666667,0.634832286834717,0.015,-0.0286207398448278
19,0.634770425160726,0.015,-0.0291826728132464
19.0333333333333,0.634770425160726,0.015,-0.029645092917268
19.0666666666667,0.634770425160726,0.015,-0.0301338409588513
19.1,0.634770425160726,0.015,-0.0306448287622542
19.1333333333333,0.634770425160726,0.015,-0.0311745563073148
19.1666666666667,0.634770425160726,0.015,-0.0317200300987966
19.2,0.634770425160726,0.015,-0.0322786926590728
19.2333333333333,0.634770425160726,0.015,-0.0328483616432056
19.2666666666667,0.634586588541667,0.015,-0.0334271772769322
19.3,0.634586588541667,0.015,-0.0336954070885564
19.3333333333333,0.634586588541667,0.015,-0.0340291262637507
19.3666666666667,0.634586588541667,0.015,-0.0344180044436
19.4,0.634586588541667,0.015,-0.0348532077913424
19.4333333333333,0.634586588541667,0.015,-0.0353271905758386
19.4666666666667,0.634586588541667,0.015,-0.035833515205807
19.5,0.634586588541667,0.015,-0.0363666968720532
19.5333333333333,0.634842109680176,0.015,-0.0369220694709711
19.5666666666667,0.634842109680176,0.015,-0.0379378779406919
19.6,0.634842109680176,0.015,-0.038886173255546
19.6333333333333,0.634842109680176,0.015,-0.0397768865987062
19.6666666666667,0.634842109680176,0.015,-0.0406185557200274
19.7,0.634840138753255,0.015,-0.0414185158906512
19.7333333333333,0.634840138753255,0.015,-0.0421796541018691
19.7666666666667,0.634840138753255,0.015,-0.0429114199703348
19.8,0.634757328033447,0.015,-0.043618346983717
19.8333333333333,0.634757328033447,0.015,-0.0441610049174232
19.8666666666667,0.634757328033447,0.015,-0.0447127282913917
19.9,0.634757328033447,0.015,-0.045272217604235
19.9333333333333,0.634757328033447,0.015,-0.0458383533874624
19.9666666666667,0.634757328033447,0.015,-0.0464101716967822
20,0.634757328033447,0.015,-0.0469868429088202
20.0333333333333,0.634757328033447,0.015,-0.0475676533797288
20.0666666666667,0.634810288747152,0.015,-0.0481519895815106
20.1,0.634810288747152,0.015,-0.048830978842928
20.1333333333333,0.634810288747152,0.015,-0.0494954393276638
20.1666666666667,0.634810288747152,0.015,-0.0501476302760877
20.2,0.634810288747152,0.015,-0.0507894856908287
20.2333333333333,0.634810288747152,0.015,-0.0514226594910858
20.2666666666667,0.634810288747152,0.015,-0.0520485645129994
20.3,0.634810288747152,0.015,-0.0526684061865474
20.3333333333333,0.634785970052083,0.015,-0.0532832116079654
20.3666666666667,0.634785970052083,0.015,-0.0538517683986656
20.4,0.634785970052083,0.015,-0.0544247455074404
20.4333333333333,0.634785970052083,0.015,-0.0550015565507133
20.4666666666667,0.634785970052083,0.015,-0.0555816931063615
20.5,0.634785970052083,0.015,-0.0561647143354792
20.5333333333333,0.634785970052083,0.015,-0.0567502379866652
20.5666666666667,0.634785970052083,0.015,-0.057337932598594
20.6,0.634785970052083,0.015,-0.0579275107411815
20.6333333333333,0.634785970052083,0.015,-0.0585187231569469
20.6666666666667,0.634785970052083,0.015,-0.0591113536826177
20.7,0.634785970052083,0.015,-0.059705214847013
20.7333333333333,0.634779135386149,0.015,-0.0603001440550962
20.7666666666667,0.634779135386149,0.015,-0.060884172123546
20.8,0.634779135386149,0.015,-0.0614712084110854
20.8333333333333,0.634779135386149,0.015,-0.0620608051353605
20.8666666666667,0.634779135386149,0.015,-0.0626525776981356
20.9,0.634779135386149,0.015,-0.0632461960013749
20.9333333333333,0.634779135386149,0.015,-0.0638413769405121
20.9666666666667,0.634779135386149,0.015,-0.0644378779165087
21,0.634779135386149,0.015,-0.065035491229529
21.0333333333333,0.634889570871989,0.015,-0.0656340392354486
21.0666666666667,0.634889570871989,0.015,-0.0664244911664092
21.1,0.634889570871989,0.015,-0.0671799915906672
21.1333333333333,0.634889570871989,0.015,-0.0679059509104696
21.1666666666667,0.634889570871989,0.015,-0.0686070022243893
21.2,0.634889570871989,0.015,-0.0692871091356012
21.2333333333333,0.634889570871989,0.015,-0.0699496588750713
21.2666666666667,0.634834162394206,0.015,-0.070597542720828
21.3,0.634899425506592,0.015,-0.0711373348384751
21.3333333333333,0.634899425506592,0.015,-0.0717978330714718
21.3666666666667,0.634899425506592,0.015,-0.0724440644988238
21.4,0.634899425506592,0.015,-0.0730784330011765
21.4333333333333,0.634899425506592,0.015,-0.0737029845517265
21.4666666666667,0.634899425506592,0.015,-0.0743194577241019
21.5,0.634899425506592,0.015,-0.0749293272581383
21.5333333333333,0.634899425506592,0.015,-0.0755338416246434
21.5666666666667,0.634801546732585,0.015,-0.0761340554036163
21.6,0.634801546732585,0.015,-0.0765614669759075
21.6333333333333,0.634801546732585,0.015,-0.0770177697351697
21.6666666666667,0.634801546732585,0.015,-0.0774986959559149
21.7,0.634801546732585,0.015,-0.0780005779172726
21.7333333333333,0.634801546732585,0.015,-0.0785202655936666
21.7666666666667,0.634801546732585,0.015,-0.0790550554921507
21.8,0.634801546732585,0.015,-0.0796026291373528
21.8333333333333,0.634775225321452,0.015,-0.0801609999058117
21.8666666666667,0.634775225321452,0.015,-0.0806829149290589
21.9,0.634775225321452,0.015,-0.0812209580196034
21.9333333333333,0.634775225321452,0.015,-0.0817725707981642
21.9666666666667,0.634775225321452,0.015,-0.0823355664110092
22,0.634775225321452,0.015,-0.0829080777267133
22.0333333333333,0.634897327423096,0.015,-0.0834885126089515
22.0666666666667,0.634897327423096,0.015,-0.0842868267014943
22.1,0.634895833333333,0.015,-0.0850511896499138
22.1333333333333,0.634895833333333,0.015,-0.085784141421374
22.1666666666667,0.634895833333333,0.015,-0.086493147008909
22.2,0.634895833333333,0.015,-0.0871819016683252
22.2333333333333,0.634895833333333,0.015,-0.0878535705056376
22.2666666666667,0.634895833333333,0.015,-0.0885108619549942
22.3,0.634895833333333,0.015,-0.0891560912514932
22.3333333333333,0.634895833333333,0.015,-0.089791235248414
22.3666666666667,0.63482920328776,0.015,-0.0904179797472942
22.4,0.63482920328776,0.015,-0.0909224495796714
22.4333333333333,0.63482920328776,0.015,-0.0914426580171809
22.4666666666667,0.63482920328776,0.015,-0.0919763102929774
22.5,0.63482920328776,0.015,-0.0925214322394346
22.5333333333333,0.63482920328776,0.015,-0.0930763264511047
22.5666666666667,0.63482920328776,0.015,-0.0936395343738949
22.6,0.63482920328776,0.015,-0.0942098035242421
22.6333333333333,0.634812800089518,0.015,-0.0947860591486795
22.6666666666667,0.634812800089518,0.0135,-0.0803389921508192
22.7,0.634812800089518,0.0135,-0.0809014891147644
22.7333333333333,0.634812800089518,0.0135,-0.0814720543381538
22.7666666666667,0.634812800089518,0.0135,-0.082049407981263
22.8,0.634768295288086,0.0135,-0.0826324560602777
22.8333333333333,0.634768295288086,0.0135,-0.0831432439784585
22.8666666666667,0.634768295288086,0.0135,-0.0836723443697557
22.9,0.634755611419678,0.0135,-0.0842168541749478
22.9333333333333,0.634755611419678,0.0135,-0.0847523409418337
22.9666666666667,0.634755611419678,0.0135,-0.0853027259788214
23,0.634755611419678,0.0135,-0.0858655682927998
23.0333333333333,0.634755611419678,0.0135,-0.0864387862370918
23.0666666666667,0.634755611419678,0.0135,-0.0870206070732787
23.1,0.634755611419678,0.0135,-0.0876095234463419
23.1333333333333,0.634755611419678,0.0135,-0.0882042558373143
23.1666666666667,0.634754498799642,0.0135,-0.0888037201834585
23.2,0.634952131907145,0.0135,-0.0894050744510923
23.2333333333333,0.634952131907145,0.0135,-0.0903518561134264
23.2666666666667,0.634952131907145,0.0135,-0.091237615179203
23.3,0.634952131907145,0.0135,-0.0920716385627764
23.3333333333333,0.634952131907145,0.0135,-0.0928618891649674
23.3666666666667,0.634952131907145,0.0135,-0.0936151888002463
23.4,0.634952131907145,0.0135,-0.0943373762571899
23.4333333333333,0.634952131907145,0.0135,-0.0950334438432877
23.4666666666667,0.634952131907145,0.0135,-0.0957076553157142
23.5,0.634952131907145,0.0135,-0.0963636477103548
23.5333333333333,0.634952131907145,0.0135,-0.0970045192441316
23.5666666666667,0.634952131907145,0.0135,-0.0976329051735728
23.6,0.634952131907145,0.0135,-0.0982510432395685
23.6333333333333,0.634952131907145,0.0135,-0.0988608301091323
23.6666666666667,0.634952131907145,0.0135,-0.0994638700352155
23.7,0.634895833333333,0.0135,-0.100061516791279
23.7333333333333,0.634895833333333,0.0135,-0.100557478793792
23.7666666666667,0.634895833333333,0.0135,-0.101068294132464
23.8,0.634895833333333,0.0135,-0.101591948071535
23.8333333333333,0.634895833333333,0.0135,-0.102126697062576
23.8666666666667,0.634895833333333,0.0135,-0.102671032395673
23.9,0.634895833333333,0.0135,-0.103223648711318
23.9333333333333,0.634895833333333,0.0135,-0.103783416723856
23.9666666666667,0.634816614786784,0.0135,-0.104349359593972
24,0.634816614786784,0.0135,-0.104783535876077
24.0333333333333,0.634816614786784,0.0135,-0.10524785198028
24.0666666666667,0.634816614786784,0.0135,-0.105737715991964
24.1,0.634816614786784,0.0135,-0.106249190980943
24.1333333333333,0.634816614786784,0.0135,-0.106778904485359
24.1666666666667,0.634816614786784,0.0135,-0.107323970301783
24.2,0.634816614786784,0.0135,-0.107881920922987
24.2333333333333,0.634649753570557,0.0135,-0.108450649187335
24.2666666666667,0.634649753570557,0.0135,-0.108739585832407
24.3,0.634649753570557,0.0135,-0.109089769030272
24.3333333333333,0.634649753570557,0.0135,-0.109491555448125
24.3666666666667,0.634649753570557,0.0135,-0.109936697629325
24.4,0.634649753570557,0.012,-0.0954181496703144
24.4333333333333,0.634649753570557,0.0075,-0.050929899418949
24.4666666666667,0.634897931416829,0.0075,-0.0514668236124441
24.5,0.634897931416829,0.0075,-0.0524540624738144
24.5333333333333,0.634897931416829,0.006,-0.0383783992898337
24.5666666666667,0.634897931416829,0.006,-0.0392491002650722
24.6,0.634897931416829,0.006,-0.0400741305735994
24.6333333333333,0.634897931416829,0.006,-0.0408603327145245
24.6666666666667,0.634897931416829,0.006,-0.0416135807227053
24.7,0.634897931416829,0.006,-0.042338913481076
24.7333333333333,0.634897931416829,0.006,-0.0430406499461579
24.7666666666667,0.634635416666667,0.006,-0.0437224887215736
24.8,0.634635416666667,0.006,-0.0439332828469086
24.8333333333333,0.634635416666667,0.006,-0.0442146838121459
24.8666666666667,0.634635416666667,0.006,-0.0445558766923982
24.9,0.634635416666667,0.006,-0.044947592953254
24.9333333333333,0.634635416666667,0.006,-0.0453818964838277
24.9666666666667,0.634635416666667,0.006,-0.0458519987387393
25,0.634635416666667,0.006,-0.0463520990646012
25.0333333333333,0.634635416666667,0.006,-0.0468772468130712
25.0666666666667,0.634635416666667,0.006,-0.0474232222985677
25.1,0.634635416666667,0.006,-0.0479864340537595
25.1333333333333,0.634635416666667,0.006,-0.0485638301780812
25.1666666666667,0.634635416666667,0.006,-0.049152821870855
25.2,0.634635416666667,0.006,-0.0497512174972429
25.2333333333333,0.634635416666667,0.006,-0.0503571657575153
25.2666666666667,0.634635416666667,0.006,-0.050969106722598
25.3,0.634635416666667,0.006,-0.0515857296655291
25.3333333333333,0.634635416666667,0.006,-0.0522059367627821
25.3666666666667,0.634635416666667,0.006,-0.0528288118643651
25.4,0.634635416666667,0.006,-0.0534535936397952
25.4333333333333,0.634635416666667,0.006,-0.0540796525007038
25.4666666666667,0.634635416666667,0.006,-0.0547064707819078
25.5,0.634848213195801,0.006,-0.0553336257329554
25.5333333333333,0.634848213195801,0.006,-0.0563290432118917
25.5666666666667,0.634848213195801,0.006,-0.0572555737587776
25.6,0.634848213195801,0.006,-0.05812363781942
25.6333333333333,0.634848213195801,0.006,-0.0589421743565135
25.6666666666667,0.634848213195801,0.006,-0.0597188452447307
25.7,0.634848213195801,0.006,-0.0604602119015209
25.7333333333333,0.634848213195801,0.006,-0.0611718878936555
25.7666666666667,0.634561602274577,0.006,-0.0618586707580458
25.8,0.634561602274577,0.006,-0.0620286434711322
25.8333333333333,0.634561602274577,0.006,-0.0622737145404626
25.8666666666667,0.634561602274577,0.006,-0.0625825283855886
25.9,0.634561602274577,0.006,-0.0629453435649841
25.9333333333333,0.634561602274577,0.006,-0.0633538100993756
25.9666666666667,0.634561602274577,0.006,-0.0638007770411939
26,0.634561602274577,0.006,-0.0642801262158942
26.0333333333333,0.634706878662109,0.006,-0.0647866286072188
26.0666666666667,0.634706878662109,0.006,-0.0655672374268785
26.1,0.634706878662109,0.006,-0.066319891963652
26.1333333333333,0.634706878662109,0.006,-0.0670486145148019
26.1666666666667,0.634706878662109,0.006,-0.067756869078849
26.2,0.634706878662109,0.006,-0.0684476374346245
26.2333333333333,0.634706878662109,0.006,-0.069123484954268
26.2666666666667,0.634706878662109,0.006,-0.0697866175280855
26.3,0.634706878662109,0.006,-0.0704389307947817
26.3333333333333,0.634706878662109,0.006,-0.0710820527108144
26.3666666666667,0.634706878662109,0.006,-0.0717173803542091
26.4,0.634706878662109,0.006,-0.0723461117382505
26.4333333333333,0.634706878662109,0.006,-0.072969273306585
26.4666666666667,0.634706878662109,0.006,-0.0735877436912662
26.5,0.634706878662109,0.006,-0.0742022742373142
26.5333333333333,0.634706878662109,0.006,-0.0748135067298198
26.5666666666667,0.63477471669515,0.006,-0.075421988701123
26.6,0.63477471669515,0.006,-0.0761455879755699
26.6333333333333,0.63477471669515,0.0045,-0.0618454287835186
26.6666666666667,0.63477471669515,0.0045,-0.0625252394752112
26.7,0.63477471669515,0.0045,-0.0631882095062429
26.7333333333333,0.63477471669515,0.0045,-0.0638370644043747
26.7666666666667,0.63477471669515,0.0045,-0.0644741305086524
26.8,0.634708340962728,0.0045,-0.065101390861826
26.8333333333333,0.634561252593994,0.0045,-0.0656056627963477
26.8666666666667,0.634561252593994,0.0045,-0.0658700984388774
26.9,0.634561252593994,0.0045,-0.0661945715446888
26.9333333333333,0.634561252593994,0.0045,-0.0665699183847955
26.9666666666667,0.634561252593994,0.0045,-0.0669882834276672
27,0.634561252593994,0.0045,-0.0674429384754913
27.0333333333333,0.634561252593994,0.0045,-0.0679281263954163
27.0666666666667,0.634561252593994,0.0045,-0.0684389261306828
27.1,0.634624799092611,0.0045,-0.0689711361212246
27.1333333333333,0.634624799092611,0.0045,-0.0696311479971405
27.1666666666667,0.634624799092611,0.0045,-0.0702854489629843
27.2,0.634624799092611,0.0045,-0.0709346219950828
27.2333333333333,0.634624799092611,0.0045,-0.0715791856425762
27.2666666666667,0.634624799092611,0.0045,-0.0722196016261642
27.3,0.634624799092611,0.0045,-0.0728562814975895
27.3333333333333,0.634624799092611,0.0045,-0.073489592479589
27.3666666666667,0.634672260284424,0.0045,-0.0741198625904823
27.4,0.634672260284424,0.0045,-0.0748295220637726
27.4333333333333,0.634672260284424,0.0045,-0.0755213948336846
27.4666666666667,0.634672260284424,0.0045,-0.0761980888198529
27.5,0.634672260284424,0.0045,-0.0768618466021204
27.5333333333333,0.634672260284424,0.0045,-0.0775145954456176
27.5666666666667,0.634547360738118,0.0045,-0.0781579905579576
27.6,0.634547360738118,0.0045,-0.0785772998040084
27.6333333333333,0.634496720631917,0.0045,-0.0790301622830592
27.6666666666667,0.634496720631917,0.0045,-0.0794237395914267
27.7,0.634496720631917,0.003,-0.0648575441744722
27.7333333333333,0.634496720631917,0.003,-0.0653252357069471
27.7666666666667,0.634496720631917,0.003,-0.0658213920383746
27.8,0.634496720631917,0.003,-0.0663413813436989
27.8333333333333,0.634496720631917,0.003,-0.066881251724948
27.8666666666667,0.634496720631917,0.003,-0.0674376359069642
27.9,0.634496720631917,0.003,-0.0680076689867615
27.9333333333333,0.634677378336589,0.003,-0.0685889174702081
27.9666666666667,0.634677378336589,0.003,-0.0694919665030025
28,0.634677378336589,0.003,-0.0703441769074838
28.0333333333333,0.634677378336589,0.003,-0.0711531060310004
28.0666666666667,0.634677378336589,0.003,-0.0719252455215239
28.1,0.634677378336589,0.003,-0.0726661677479202
28.1333333333333,0.634677378336589,0.003,-0.073380652374999
28.1666666666667,0.634677378336589,0.003,-0.074072795763413
28.2,0.634636211395264,0.003,-0.0747461055066733
28.2333333333333,0.634636211395264,0.003,-0.0753323380948445
28.2666666666667,0.634636211395264,0.003,-0.0759185739161902
28.3,0.634636211395264,0.003,-0.0765049433414338
28.3333333333333,0.634635416666667,0.003,-0.0770915496091442
28.3666666666667,0.634635416666667,0.003,-0.0776770978029917
28.4,0.634635416666667,0.003,-0.0782632808879701
28.4333333333333,0.634635416666667,0.003,-0.0788501045976182
28.4666666666667,0.634732405344645,0.0015,-0.0644375671640515
28.5,0.634732405344645,0.0015,-0.0651935106140206
28.5333333333333,0.634732405344645,0.0015,-0.0659188030504875
28.5666666666667,0.634732405344645,0.0015,-0.0666182768539689
28.6,0.634732405344645,0.0015,-0.0672960645154225
28.6333333333333,0.634732405344645,0.0015,-0.0679556960969594
28.6666666666667,0.634732405344645,0.0015,-0.0686001833890599
28.7,0.634732405344645,0.0015,-0.0692320925611049
28.7333333333333,0.634621651967367,0.0015,-0.0698536068607437
28.7666666666667,0.634621651967367,0.0015,-0.070274909557747
28.8,0.634621651967367,0.0015,-0.0707249514573312
28.8333333333333,0.634621651967367,0.0015,-0.0711995261972982
28.8666666666667,0.634621651967367,0,-0.0566950161749789
28.9,0.634621651967367,0,-0.0572083119655814
28.9333333333333,0.634621651967367,0,-0.0577367426398227
28.9666666666667,0.634621651967367,0,-0.0582780155160476
29,0.634571043650309,0,-0.0588301640782061
29.0333333333333,0.634571043650309,0,-0.0593039195878182
29.0666666666667,0.634571043650309,0,-0.0598017386617394
29.1,0.634666887919108,0,-0.0603198568733602
29.1333333333333,0.634666887919108,0,-0.0610209224229738
29.1666666666667,0.634666887919108,0,-0.0617054121663835
29.2,0.634666887919108,0,-0.0623757667984295
29.2333333333333,0.634666887919108,0,-0.0630340844010075
29.2666666666667,0.634566434224447,0,-0.0636821674058352
29.3,0.634566434224447,0,-0.064147716806007
29.3333333333333,0.634566434224447,0,-0.0646382931805799
29.3666666666667,0.634566434224447,0,-0.0651500126001147
29.4,0.634566434224447,0,-0.0656795497633677
29.4333333333333,0.634566434224447,0,-0.0662240604746452
29.4666666666667,0.634566434224447,0,-0.0667811146840156
29.5,0.634566434224447,0,-0.0673486386651161
29.5333333333333,0.634638118743897,0,-0.0679248650965832
29.5666666666667,0.63462069829305,0,-0.0686323480859602
29.6,0.63462069829305,0,-0.069292492206938
29.6333333333333,0.63462069829305,0,-0.0699435617522774
29.6666666666667,0.63462069829305,0,-0.070586836880319
29.7,0.63462069829305,0,-0.0712234218281132
29.7333333333333,0.63462069829305,0,-0.0718542687576752
29.7666666666667,0.63462069829305,0,-0.0724801983936646
29.8,0.63462069829305,0,-0.0731019178824653
29.8333333333333,0.634701379140218,0,-0.073720036245154
29.8666666666667,0.634701379140218,0,-0.0744747050090628
29.9,0.634557056427002,0,-0.0752007361060844
29.9333333333333,0.634557056427002,0,-0.0756527840815614
29.9666666666667,0.634557056427002,0,-0.0761309326789615
30,0.634557056427002,0,-0.0766312073562348
30.0333333333333,0.634557056427002,0,-0.0771502003650784
30.0666666666667,0.634557056427002,0,-0.0776849924314423
30.1,0.634624067942301,0,-0.0782330850833822
30.1333333333333,0.634624067942301,0,-0.0789083131402805
30.1666666666667,0.634624067942301,0,-0.0795712765514831
30.2,0.634624067942301,0,-0.0802237692659724
30.2333333333333,0.634624067942301,0,-0.0808673342134997
30.2666666666667,0.634624067942301,0,-0.0815032976552764
30.3,0.634624067942301,0,-0.0821327988888729
30.3333333333333,0.634624067942301,0,-0.0827568159316612
30.3666666666667,0.63458890914917,0,-0.0833761877235275
30.4,0.63458890914917,0,-0.0839307870792363
30.4333333333333,0.63458890914917,0,-0.084493411344313
30.4666666666667,0.63458890914917,0,-0.0850628296703091
30.5,0.63458890914917,0,-0.0856379873117391
30.5333333333333,0.63458890914917,0,-0.0862179812520154
30.5666666666667,0.63458890914917,0,-0.0868020391458691
30.6,0.63458890914917,0,-0.0873895011310936
30.6333333333333,0.634698009490967,0,-0.0879798041224397
30.6666666666667,0.634635416666667,0,-0.0887612786398918
30.7,0.634635416666667,0,-0.0894012075770683
30.7333333333333,0.634635416666667,0,-0.0900332021554984
30.7666666666667,0.634635416666667,0,-0.0906585089493737
30.8,0.634635416666667,0,-0.0912781942611304
30.8333333333333,0.634635416666667,0,-0.0918931692057927
30.8666666666667,0.634635416666667,0,-0.0925042113726158
30.9,0.634635416666667,0,-0.0931119835262109
30.9333333333333,0.634635416666667,0,-0.0937170497472773
30.9666666666667,0.634635416666667,0,-0.0943198893593142
31,0.634635416666667,0,-0.0949209089411304
31.0333333333333,0.634635416666667,0,-0.0955204526846501
31.0666666666667,0.634635416666667,0,-0.0961188113225954
31.1,0.634635416666667,0,-0.0967162298203864
31.1333333333333,0.634635416666667,0,-0.0973129140004172
31.1666666666667,0.634488773345947,0,-0.0979090362441882
31.2,0.634347788492839,-0.0015,-0.0832509576716803
31.2333333333333,0.634347788492839,-0.0015,-0.0833958689161349
31.2666666666667,0.634347788492839,-0.0015,-0.0836259822653502
31.3,0.634347788492839,-0.0015,-0.0839280541725837
31.3333333333333,0.634347788492839,-0.0015,-0.0842907472676931
31.3666666666667,0.634347788492839,-0.0015,-0.0847043657376668
31.4,0.634347788492839,-0.0015,-0.0851606267695857
31.4333333333333,0.634558264414469,-0.0015,-0.0856524631895666
31.4666666666667,0.634375,-0.0015,-0.0865381052916606
31.5,0.634375,-0.0015,-0.0870631591151877
31.5333333333333,0.634375,-0.003,-0.0726100391471466
31.5666666666667,0.634375,-0.003,-0.0731749025134891
31.6,0.634375,-0.003,-0.0737544882436899
31.6333333333333,0.634375,-0.003,-0.0743460345018721
31.6666666666667,0.634375,-0.0045,-0.0599472072400061
31.7,0.634375,-0.0045,-0.0605560387214523
31.7333333333333,0.634375,-0.006,-0.0461708745721588
31.7666666666667,0.634375,-0.006,-0.0467903281978391
31.8,0.634375,-0.006,-0.0474132415621794
31.8333333333333,0.634375,-0.006,-0.0480386514568219
31.8666666666667,0.634375,-0.006,-0.0486657605113427
31.9,0.634375,-0.006,-0.049293912293139
31.9333333333333,0.634375,-0.006,-0.0499225699351659
31.9666666666667,0.634375,-0.006,-0.0505512978056513
32,0.634375,-0.006,-0.0511797457998548
32.0333333333333,0.634375,-0.006,-0.051807635890999
32.0666666666667,0.634375,-0.006,-0.0524347506268686
32.1,0.634375,-0.006,-0.0530609233012934
32.1333333333333,0.634375,-0.006,-0.0536860295666795
32.1666666666667,0.634375,-0.006,-0.0543099802857167
32.2,0.634375,-0.006,-0.0549327154480302
32.2333333333333,0.634354718526204,-0.006,-0.05555419900145
32.2666666666667,0.634354718526204,-0.006,-0.0561393151013367
32.3,0.634354718526204,-0.006,-0.0567297013423243
32.3333333333333,0.634354718526204,-0.006,-0.0573243559505037
32.3666666666667,0.634354718526204,-0.006,-0.0579224330145557
32.4,0.634354718526204,-0.006,-0.0585232200424698
32.4333333333333,0.634354718526204,-0.006,-0.0591261186345493
32.4666666666667,0.634354718526204,-0.006,-0.0597306278479665
32.5,0.634488836924235,-0.006,-0.0603363298854508
32.5333333333333,0.634488836924235,-0.006,-0.0611749847322192
32.5666666666667,0.634488836924235,-0.006,-0.0619709583601825
32.6,0.634488836924235,-0.006,-0.0627307199720802
32.6333333333333,0.634488836924235,-0.006,-0.0634598181937465
32.6666666666667,0.634488836924235,-0.006,-0.0641630081419953
32.7,0.634488836924235,-0.006,-0.0648443612278057
32.7333333333333,0.634488836924235,-0.006,-0.0655073600207944
32.7666666666667,0.634594853719076,-0.006,-0.0661549801890325
32.8,0.634594853719076,-0.006,-0.0669732352213898
32.8333333333333,0.634594853719076,-0.006,-0.0677466353168447
32.8666666666667,0.634594853719076,-0.006,-0.068482322495372
32.9,0.634594853719076,-0.006,-0.0691863999448248
32.9333333333333,0.634594853719076,-0.006,-0.0698640769838935
32.9666666666667,0.634594853719076,-0.006,-0.0705197942157658
33,0.634594853719076,-0.006,-0.0711573315495728
33.0333333333333,0.634594853719076,-0.006,-0.0717799014070877
33.0666666666667,0.634594853719076,-0.006,-0.0723902291206781
33.1,0.634594853719076,-0.006,-0.0729906222587568
33.1333333333333,0.634594853719076,-0.006,-0.0735830303813583
33.1666666666667,0.634594853719076,-0.006,-0.0741690965261588
33.2,0.634594853719076,-0.006,-0.0747502015500685
33.2333333333333,0.634594853719076,-0.006,-0.0753275022998276
33.2666666666667,0.634468841552734,-0.006,-0.0759019644536951
33.3,0.634468841552734,-0.006,-0.0762563125645257
33.3333333333333,0.634468841552734,-0.006,-0.0766499158343041
33.3666666666667,0.634468841552734,-0.006,-0.0770770210784281
33.4,0.634468841552734,-0.006,-0.0775326808997314
33.4333333333333,0.634468841552734,-0.006,-0.0780126433659181
33.4666666666667,0.634468841552734,-0.006,-0.0785132566116503
33.5,0.634468841552734,-0.006,-0.0790313863593135
33.5333333333333,0.634546756744385,-0.006,-0.0795643446211379
33.5666666666667,0.634546756744385,-0.006,-0.0802446690628403
33.6,0.634546756744385,-0.006,-0.0809104265812304
33.6333333333333,0.634546756744385,-0.006,-0.0815638257522777
33.6666666666667,0.634546756744385,-0.006,-0.0822067608248703
33.7,0.634546756744385,-0.006,-0.0828408551106453
33.7333333333333,0.634546756744385,-0.006,-0.0834674984782288
33.7666666666667,0.634405326843262,-0.006,-0.0840878797461852
33.8,0.634375,-0.006,-0.0844582543437748
33.8333333333333,0.634375,-0.006,-0.0848173630814428
33.8666666666667,0.634375,-0.006,-0.0852211360560257
33.9,0.634375,-0.006,-0.0856626322523942
33.9333333333333,0.634375,-0.006,-0.0861359096000699
33.9666666666667,0.634375,-0.0075,-0.0716358863040301
34,0.634375,-0.0075,-0.0721582210729378
34.0333333333333,0.634375,-0.0075,-0.0726992096947165
34.0666666666667,0.634546724955241,-0.0075,-0.073255695751664
34.1,0.634578386942546,-0.0075,-0.074122182874071
34.1333333333333,0.634578386942546,-0.0075,-0.0749986300232822
34.1666666666667,0.634578386942546,-0.0075,-0.0758266847838346
34.2,0.634578386942546,-0.0075,-0.076613643352002
34.2333333333333,0.634578386942546,-0.0075,-0.077365766198952
34.2666666666667,0.634578386942546,-0.0075,-0.0780884208556367
34.3,0.634578386942546,-0.0075,-0.0787862053102593
34.3333333333333,0.634578386942546,-0.0075,-0.0794630546293525
34.3666666666667,0.63443702061971,-0.0075,-0.0801223330634247
34.4,0.63443702061971,-0.0075,-0.0805222633055565
34.4333333333333,0.63443702061971,-0.0075,-0.0809555232059171
34.4666666666667,0.63443702061971,-0.0075,-0.0814171328356803
34.5,0.63443702061971,-0.0075,-0.081902816205703
34.5333333333333,0.63443702061971,-0.0075,-0.082408904430265
34.5666666666667,0.634381167093913,-0.0075,-0.0829322520242503
34.6,0.634381167093913,-0.009,-0.0683735037704357
34.6333333333333,0.634418900807699,-0.009,-0.0688450220415181
34.6666666666667,0.634418900807699,-0.009,-0.0694073458034146
34.7,0.634418900807699,-0.009,-0.0699789330270502
34.7333333333333,0.634418900807699,-0.009,-0.0705581894019801
34.7666666666667,0.634418900807699,-0.009,-0.0711437599643467
34.8,0.634418900807699,-0.009,-0.0717344951885453
34.8333333333333,0.634418900807699,-0.009,-0.072329421748732
34.8666666666667,0.634418900807699,-0.009,-0.0729277173164453
34.9,0.634441216786703,-0.009,-0.0735286888459313
34.9333333333333,0.634441216786703,-0.009,-0.0741703741791723
34.9666666666667,0.634441216786703,-0.009,-0.074806470251824
35,0.634441216786703,-0.009,-0.0754376853094579
35.0333333333333,0.634441216786703,-0.009,-0.0760646359219126
35.0666666666667,0.634441216786703,-0.009,-0.0766878590012301
35.1,0.634441216786703,-0.009,-0.0773078222325159
35.1333333333333,0.634441216786703,-0.0105,-0.0629249331281943
35.1666666666667,0.634411843617757,-0.0105,-0.063539546888147
35.2,0.634411843617757,-0.0105,-0.0641011396581263
35.2333333333333,0.634411843617757,-0.0105,-0.0646702851994703
35.2666666666667,0.634411843617757,-0.0105,-0.0652457508520091
35.3,0.634411843617757,-0.0105,-0.0658264851272808
35.3333333333333,0.634507433573405,-0.0105,-0.0664115922988381
35.3666666666667,0.634507433573405,-0.0105,-0.0671657396216736
35.4,0.634507433573405,-0.0105,-0.0678920323237107
35.4333333333333,0.634443155924479,-0.0105,-0.0685947006595432
35.4666666666667,0.634443155924479,-0.0105,-0.0691661326804008
35.5,0.634443155924479,-0.0105,-0.0697413999106403
35.5333333333333,0.634443155924479,-0.0105,-0.0703199500578633
35.5666666666667,0.634443155924479,-0.0105,-0.0709013075194855
35.6,0.634443155924479,-0.0105,-0.0714850629300328
35.6333333333333,0.634443155924479,-0.0105,-0.0720708641190806
35.6666666666667,0.634443155924479,-0.0105,-0.0726584082904863
35.7,0.634440104166667,-0.0105,-0.0732474352589082
35.7333333333333,0.634440104166667,-0.0105,-0.073832440192117
35.7666666666667,0.634440104166667,-0.0105,-0.0744194966842057
35.8,0.634440104166667,-0.0105,-0.0750082877947439
35.8333333333333,0.634440104166667,-0.0105,-0.0755985420768139
35.8666666666667,0.634440104166667,-0.0105,-0.0761900272701024
35.9,0.634440104166667,-0.0105,-0.0767825448528838
35.9333333333333,0.634440104166667,-0.0105,-0.0773759253370378
35.9666666666667,0.634483750661214,-0.0105,-0.0779700242057893
36,0.634424463907878,-0.0105,-0.0786402535652393
36.0333333333333,0.634424463907878,-0.0105,-0.0791942994303912
36.0666666666667,0.634424463907878,-0.0105,-0.0797559716541138
36.1,0.634424463907878,-0.0105,-0.0803240994520453
36.1333333333333,0.634424463907878,-0.0105,-0.0808976796181585
36.1666666666667,0.634424463907878,-0.0105,-0.08147585332578
36.2,0.634424463907878,-0.0105,-0.0820578860855496
36.2333333333333,0.634424463907878,-0.0105,-0.0826431504346438
36.2666666666667,0.634424463907878,-0.0105,-0.0832311109886981
36.3,0.634424463907878,-0.0105,-0.0838213115373312
36.3333333333333,0.634424463907878,-0.0105,-0.0844133639070266
36.3666666666667,0.63449109395345,-0.0105,-0.0850069383522373
36.4,0.63449109395345,-0.0105,-0.0857170660404717
36.4333333333333,0.63449109395345,-0.0105,-0.0864067177512281
36.4666666666667,0.63449109395345,-0.0105,-0.08707902460879
36.5,0.63449109395345,-0.0105,-0.0877366703658786
36.5333333333333,0.63449109395345,-0.0105,-0.0883819532809387
36.5666666666667,0.63449109395345,-0.0105,-0.089016839579073
36.6,0.63449109395345,-0.0105,-0.089643009631183
36.6333333333333,0.634515317281087,-0.0105,-0.0902618978336742
36.6666666666667,0.634515317281087,-0.0105,-0.0909166482266721
36.7,0.634515317281087,-0.0105,-0.0915585709362445
36.7333333333333,0.634515317281087,-0.0105,-0.0921897617541
36.7666666666667,0.634515317281087,-0.0105,-0.092812008304505
36.8,0.634515317281087,-0.0105,-0.0934268332745744
36.8333333333333,0.634515317281087,-0.0105,-0.0940355317209232
36.8666666666667,0.634453137715658,-0.0105,-0.094639203254388
36.9,0.634375,-0.0105,-0.0951311710794422
36.9333333333333,0.634375,-0.0105,-0.0955046529696682
36.9666666666667,0.634375,-0.0105,-0.0959176235854008
37,0.634375,-0.0105,-0.0963640748980042
37.0333333333333,0.634375,-0.0105,-0.0968388553192329
37.0666666666667,0.634375,-0.0105,-0.0973375513821506
37.1,0.634375,-0.0105,-0.0978563855055369
37.1333333333333,0.634375,-0.0105,-0.0983921276743896
37.1666666666667,0.634293937683105,-0.0105,-0.0989420191598231
37.2,0.634293937683105,-0.0105,-0.0993634192152564
37.2333333333333,0.634293937683105,-0.0105,-0.0998207454019962
37.2666666666667,0.634293937683105,-0.0105,-0.100308240087628
37.3,0.634293937683105,-0.0105,-0.100820985435879
37.3333333333333,0.634293937683105,-0.0105,-0.1013547860589
37.3666666666667,0.634293937683105,-0.0105,-0.101906067716532
37.4,0.634293937683105,-0.0105,-0.102471789893101
37.4333333333333,0.634375,-0.0105,-0.103049370373762
37.4666666666667,0.634375,-0.0105,-0.1037769076331
37.5,0.634375,-0.0105,-0.104486127569231
37.5333333333333,0.634375,-0.0105,-0.105179519604614
37.5666666666667,0.634375,-0.0105,-0.105859237727142
37.6,0.634375,-0.0105,-0.106527145476485
37.6333333333333,0.634490013122559,-0.0105,-0.10718485491275
37.6666666666667,0.634490013122559,-0.0105,-0.108032803489488
37.7,0.634432729085286,-0.0105,-0.108836073169669
37.7333333333333,0.634432729085286,-0.0105,-0.109502319795299
37.7666666666667,0.634432729085286,-0.0105,-0.110154972876314
37.8,0.634432729085286,-0.0105,-0.110796158948378
37.8333333333333,0.634432729085286,-0.0105,-0.111427697600191
37.8666666666667,0.634432729085286,-0.0105,-0.112051144144542
37.9,0.634432729085286,-0.0105,-0.112667826469845
37.9333333333333,0.634432729085286,-0.0105,-0.113278876857776
37.9666666666667,0.634290027618408,-0.0105,-0.113885259447178
38,0.634529940287272,-0.0105,-0.114240833027081
38.0333333333333,0.634529940287272,-0.0105,-0.115054457618726
38.0666666666667,0.634529940287272,-0.012,-0.100827044000832
38.1,0.634529940287272,-0.012,-0.101564975667582
38.1333333333333,0.634529940287272,-0.012,-0.102273717024046
38.1666666666667,0.634529940287272,-0.012,-0.102957940996572
38.2,0.634529940287272,-0.012,-0.103621639250933
38.2333333333333,0.634456125895182,-0.012,-0.104268217365319
38.2666666666667,0.634456125895182,-0.012,-0.104772832899444
38.3,0.634456125895182,-0.012,-0.105289496677
38.3333333333333,0.634456125895182,-0.012,-0.105816615429253
38.3666666666667,0.634456125895182,-0.012,-0.106352807342133
38.4,0.634409141540527,-0.012,-0.10689687393541
38.4333333333333,0.634409141540527,-0.012,-0.107366463986385
38.4666666666667,0.634409141540527,-0.012,-0.107857135471633
38.5,0.634362093607585,-0.012,-0.108365757407911
38.5333333333333,0.634362093607585,-0.012,-0.108808218408292
38.5666666666667,0.634362093607585,-0.012,-0.109278799719752
38.6,0.634362093607585,-0.012,-0.109773168714152
38.6333333333333,0.634362093607585,-0.012,-0.110287613920245
38.6666666666667,0.634362093607585,-0.012,-0.110818958962453
38.7,0.634362093607585,-0.012,-0.111364488216006
38.7333333333333,0.634362093607585,-0.012,-0.111921882598233
38.7666666666667,0.634375,-0.012,-0.112489164127877
38.8,0.634375,-0.012,-0.113086984028688
38.8333333333333,0.634375,-0.012,-0.113687412467064
38.8666666666667,0.634375,-0.012,-0.114289878170597
38.9,0.634375,-0.0135,-0.0998939026928085
38.9333333333333,0.634375,-0.0135,-0.100499086794876
38.9666666666667,0.634375,-0.0135,-0.10110509873566
39,0.634375,-0.0135,-0.1017116642087
39.0333333333333,0.634391307830811,-0.0135,-0.102318557700201
39.0666666666667,0.634391307830811,-0.015,-0.0879538176043169
39.1,0.634391307830811,-0.015,-0.0885838145477644
39.1333333333333,0.634391307830811,-0.015,-0.0892092442211036
39.1666666666667,0.634375,-0.015,-0.0898307100061644
39.2,0.634375,-0.015,-0.0904205127186466
39.2333333333333,0.634375,-0.015,-0.0910125865640658
39.2666666666667,0.634375,-0.015,-0.0916065100814113
39.3,0.634375,-0.015,-0.0922019268476226
39.3333333333333,0.634375,-0.015,-0.0927985361467325
39.3666666666667,0.634375,-0.015,-0.0933960849322547
39.4,0.634375,-0.015,-0.0939943609067186
39.4333333333333,0.634375,-0.015,-0.0945931865660112
39.4666666666667,0.634375,-0.015,-0.095192414076748
39.5,0.634375,-0.015,-0.0957919208727008
39.5333333333333,0.634375,-0.015,-0.0963916058717207
39.5666666666667,0.634187825520833,-0.015,-0.0969913862279381
39.6,0.634187825520833,-0.015,-0.0972672680999916
39.6333333333333,0.634187825520833,-0.015,-0.0976034695239921
39.6666666666667,0.634187825520833,-0.015,-0.0979905901543569
39.7,0.634187825520833,-0.015,-0.0984205842247785
39.7333333333333,0.634187825520833,-0.015,-0.0988865723946623
39.7666666666667,0.634187825520833,-0.015,-0.0993826792449272
39.8,0.634187825520833,-0.015,-0.0999038929613486
39.8333333333333,0.634324836730957,-0.015,-0.100445944208323
39.8666666666667,0.634324836730957,-0.015,-0.101242314876368
39.9,0.634324836730957,-0.015,-0.102008635014979
39.9333333333333,0.634324836730957,-0.015,-0.102749140316194
39.9666666666667,0.634341843922933,-0.015,-0.103467484647829
40,0.634341843922933,-0.015,-0.104196251756699
40.0333333333333,0.634341843922933,-0.015,-0.10490324174719
40.0666666666667,0.634341843922933,-0.015,-0.105591645300846
40.1,0.634206485748291,-0.015,-0.10626420627839
40.1333333333333,0.634206485748291,-0.015,-0.106689030376153
40.1666666666667,0.634206485748291,-0.015,-0.107146035671858
40.2,0.634206485748291,-0.015,-0.107630193919161
40.2333333333333,0.634206485748291,-0.015,-0.108137202268599
40.2666666666667,0.634206485748291,-0.015,-0.108663382451235
40.3,0.634206485748291,-0.015,-0.109205593709825
40.3333333333333,0.634206485748291,-0.015,-0.109761157621774
40.3666666666667,0.634339809417725,-0.015,-0.110327793207218
40.4,0.634339809417725,-0.015,-0.111134292506262
40.4333333333333,0.634339809417725,-0.015,-0.111905293374703
40.4666666666667,0.634339809417725,-0.015,-0.11264606586998
40.5,0.634339809417725,-0.015,-0.113361137354559
40.5333333333333,0.634339809417725,-0.015,-0.11405439450489
40.5666666666667,0.634339809417725,-0.015,-0.114729171496835
40.6,0.634339809417725,-0.015,-0.115388326227277
40.6333333333333,0.634314886728923,-0.015,-0.116034306182413
40.6666666666667,0.634314886728923,-0.015,-0.116626073836965
40.7,0.634314886728923,-0.015,-0.117216585535035
40.7333333333333,0.634314346313477,-0.015,-0.117806123121313
40.7666666666667,0.634314346313477,-0.015,-0.118393987085946
40.8,0.634314346313477,-0.015,-0.118981483328545
40.8333333333333,0.634314346313477,-0.015,-0.119568747759693
40.8666666666667,0.634314346313477,-0.015,-0.120155891692835
40.9,0.634314346313477,-0.015,-0.120743005606568
40.9333333333333,0.634477297465006,-0.015,-0.121330162369321
40.9666666666667,0.634477297465006,-0.015,-0.122199425258932
41,0.634477297465006,-0.015,-0.123016298339838
41.0333333333333,0.634477297465006,-0.015,-0.123788962759155
41.0666666666667,0.634477297465006,-0.015,-0.124524419711786
41.1,0.634477297465006,-0.015,-0.125228654410934
41.1333333333333,0.634477297465006,-0.015,-0.125906777700698
41.1666666666667,0.634477297465006,-0.015,-0.126563148328721
41.2,0.634375,-0.015,-0.127201478491697
41.2333333333333,0.634375,-0.015,-0.127647887670086
41.2666666666667,0.634375,-0.015,-0.128115074117305
41.3,0.634375,-0.015,-0.12860019457803
41.3333333333333,0.634375,-0.015,-0.129100790335225
41.3666666666667,0.634375,-0.0165,-0.114614735533083
41.4,0.634375,-0.0165,-0.115140192420441
41.4333333333333,0.634375,-0.0165,-0.1156755725897
41.4666666666667,0.634396521250407,-0.0165,-0.116219503409765
41.5,0.634326807657878,-0.0165,-0.11680804389801
41.5333333333333,0.634326807657878,-0.0165,-0.117275338983855
41.5666666666667,0.634326807657878,-0.0165,-0.117764703082162
41.6,0.634326807657878,-0.0165,-0.118272808569836
41.6333333333333,0.634326807657878,-0.0165,-0.118796800209631
41.6666666666667,0.634326807657878,-0.0165,-0.119334230025997
41.7,0.634326807657878,-0.0165,-0.119883001023599
41.7333333333333,0.634284019470215,-0.0165,-0.120441318557611
41.7666666666667,0.634284019470215,-0.0165,-0.120933598563041
41.8,0.634284019470215,-0.0165,-0.121446375668829
41.8333333333333,0.634284019470215,-0.0165,-0.121976393342321
41.8666666666667,0.634284019470215,-0.0165,-0.122520868281004
41.9,0.634284019470215,-0.0165,-0.123077424406352
41.9333333333333,0.634284019470215,-0.0165,-0.123644035875288
41.9666666666667,0.634284019470215,-0.0165,-0.124218977890772
42,0.634249846140544,-0.0165,-0.12480078425668
42.0333333333333,0.634249846140544,-0.0165,-0.125329069981094
42.0666666666667,0.634249846140544,-0.0165,-0.12587293969238
42.1,0.634249846140544,-0.0165,-0.126429794436368
42.1333333333333,0.634249846140544,-0.0165,-0.126997420625809
42.1666666666667,0.634249846140544,-0.0165,-0.127573935763182
42.2,0.634249846140544,-0.0165,-0.128157741616229
42.2333333333333,0.634249846140544,-0.0165,-0.128747483836451
42.2666666666667,0.634249846140544,-0.0165,-0.129342017146612
42.3,0.634249846140544,-0.0165,-0.12994037534094
42.3333333333333,0.634249846140544,-0.0165,-0.130541745443591
42.3666666666667,0.634249846140544,-0.0165,-0.131145445459139
42.4,0.634249846140544,-0.0165,-0.131750905225232
42.4333333333333,0.634249846140544,-0.0165,-0.132357649943697
42.4666666666667,0.634249846140544,-0.0165,-0.13296528602361
42.5,0.634249846140544,-0.0165,-0.133573488919412
42.5333333333333,0.634427642822266,-0.0165,-0.134181992690061
42.5666666666667,0.634427642822266,-0.0165,-0.135098278156827
42.6,0.634427642822266,-0.0165,-0.135957151403631
42.6333333333333,0.634427642822266,-0.0165,-0.136767361726643
42.6666666666667,0.634427642822266,-0.0165,-0.137536410282409
42.7,0.634427642822266,-0.0165,-0.138270722586093
42.7333333333333,0.634427642822266,-0.0165,-0.138975797556813
42.7666666666667,0.634427642822266,-0.0165,-0.139656336270889
42.8,0.634311453501384,-0.0165,-0.140316353159874
42.8333333333333,0.634311453501384,-0.0165,-0.140758193361555
42.8666666666667,0.634311453501384,-0.0165,-0.141223311561258
42.9,0.634311453501384,-0.0165,-0.141708379157265
42.9333333333333,0.634311453501384,-0.0165,-0.142210528122143
42.9666666666667,0.634311453501384,-0.0165,-0.142727288343562
43,0.634311453501384,-0.0165,-0.1432565334128
43.0333333333333,0.634311453501384,-0.0165,-0.14379643372761
43.0666666666667,0.634259192148844,-0.0165,-0.144345415927794
43.1,0.634259192148844,-0.0165,-0.144811683676541
43.1333333333333,0.634259192148844,-0.0165,-0.145301369037868
43.1666666666667,0.634259192148844,-0.0165,-0.145810862637202
43.2,0.634259192148844,-0.0165,-0.146337072650708
43.2333333333333,0.634259192148844,-0.0165,-0.146877353092818
43.2666666666667,0.634259192148844,-0.0165,-0.147429441867101
43.3,0.634449768066406,-0.0165,-0.14799140726365
43.3333333333333,0.634375,-0.0165,-0.148891414779406
43.3666666666667,0.634375,-0.0165,-0.149607411096412
43.4,0.634375,-0.0165,-0.150301230083573
43.4333333333333,0.634375,-0.0165,-0.150976278233615
43.4666666666667,0.634375,-0.0165,-0.151635474335335
43.5,0.634375,-0.0165,-0.152281316998096
43.5333333333333,0.634375,-0.0165,-0.152915942986922
43.5666666666667,0.634375,-0.0165,-0.153541177607317
43.6,0.634375,-0.0165,-0.15415857821268
43.6333333333333,0.634375,-0.0165,-0.154769471763189
43.6666666666667,0.634375,-0.0165,-0.155374987240296
43.7,0.634375,-0.0165,-0.155976083612913
43.7333333333333,0.634375,-0.0165,-0.156573573957833
43.7666666666667,0.634375,-0.0165,-0.157168146255856
43.8,0.634375,-0.0165,-0.157760381314938
43.8333333333333,0.634375,-0.0165,-0.158350768210891
43.8666666666667,0.634336376190186,-0.0165,-0.158939717583525
43.9,0.634336376190186,-0.0165,-0.159460730242376
43.9333333333333,0.634336376190186,-0.0165,-0.159993388022237
43.9666666666667,0.634336376190186,-0.0165,-0.160535997899356
44,0.634336376190186,-0.0165,-0.161087103046882
44.0333333333333,0.634336376190186,-0.0165,-0.161645450562264
44.0666666666667,0.634261671702067,-0.0165,-0.162209963555794
44.1,0.634261671702067,-0.0165,-0.16265043251256
44.1333333333333,0.634339809417725,-0.0165,-0.163119433005043
44.1666666666667,0.634339809417725,-0.0165,-0.163747775537345
44.2,0.634339809417725,-0.0165,-0.164371260788765
44.2333333333333,0.634339809417725,-0.0165,-0.164990560009839
44.2666666666667,0.634339809417725,-0.0165,-0.165606253191017
44.3,0.634339809417725,-0.0165,-0.166218841361858
44.3333333333333,0.634339809417725,-0.0165,-0.166828757240553
44.3666666666667,0.634339809417725,-0.0165,-0.167436374454467
44.4,0.634288883209228,-0.0165,-0.168042015522895
44.4333333333333,0.634288883209228,-0.0165,-0.168557825247694
44.4666666666667,0.634288883209228,-0.0165,-0.169088596102349
44.5,0.634288883209228,-0.0165,-0.169631989306764
44.5333333333333,0.634288883209228,-0.0165,-0.17018600355566
44.5666666666667,0.634288883209228,-0.0165,-0.170748928111033
44.6,0.634288883209228,-0.0165,-0.171319302291371
44.6333333333333,0.634288883209228,-0.0165,-0.17189588049413
44.6666666666667,0.634311803181966,-0.0165,-0.172477602003872
44.7,0.634311803181966,-0.0165,-0.173103230524344
44.7333333333333,0.634311803181966,-0.0165,-0.173724945440907
44.7666666666667,0.634311803181966,-0.0165,-0.174343243998257
44.8,0.634311803181966,-0.0165,-0.174958558973074
44.8333333333333,0.634125264485677,-0.0165,-0.175571267133264
44.8666666666667,0.634125264485677,-0.0165,-0.175858870427525
44.9,0.634125264485677,-0.0165,-0.176204621758379
44.9333333333333,0.634211572011312,-0.0165,-0.176599444922542
44.9666666666667,0.634211572011312,-0.0165,-0.177184937358276
45,0.634211572011312,-0.0165,-0.177777267759931
45.0333333333333,0.634211572011312,-0.0165,-0.178375080091754
45.0666666666667,0.634211572011312,-0.0165,-0.178977232239446
45.1,0.634211572011312,-0.0165,-0.179582765018928
45.1333333333333,0.634211572011312,-0.0165,-0.180190875501254
45.1666666666667,0.634211572011312,-0.0165,-0.180800894064472
45.2,0.634421952565511,-0.0165,-0.181412264662815
45.2333333333333,0.634334500630697,-0.0165,-0.18238861503568
45.2666666666667,0.634334500630697,-0.0165,-0.183146307598916
45.3,0.634334500630697,-0.0165,-0.183875091984913
45.3333333333333,0.634334500630697,-0.0165,-0.184579352474363
45.3666666666667,0.634334500630697,-0.0165,-0.185262849283985
45.4,0.634334500630697,-0.0165,-0.185928804718707
45.4333333333333,0.634334500630697,-0.018,-0.171579977617478
45.4666666666667,0.634420871734619,-0.018,-0.172218727669927
45.5,0.634420871734619,-0.0195,-0.157996545859595
45.5333333333333,0.634420871734619,-0.0225,-0.128737831319477
45.5666666666667,0.634420871734619,-0.0255,-0.099448368082715
45.6,0.634420871734619,-0.0255,-0.100133100926843
45.6333333333333,0.634333292643229,-0.027,-0.0857962523467717
45.6666666666667,0.634333292643229,-0.027,-0.0862898581053541
45.7,0.634333292643229,-0.0285,-0.0717967866666936
45.7333333333333,0.634309895833333,-0.0285,-0.0723152681107523
45.7666666666667,0.634309895833333,-0.0285,-0.0728032772201057
45.8,0.634309895833333,-0.0285,-0.0733075177723417
45.8333333333333,0.634309895833333,-0.0285,-0.0738256668274425
45.8666666666667,0.634309895833333,-0.0285,-0.0743557230030764
45.9,0.634309895833333,-0.0285,-0.0748959627183076
45.9333333333333,0.634309895833333,-0.0285,-0.0754449023372143
45.9666666666667,0.634309895833333,-0.0285,-0.0760012654208604
46,0.634190305074056,-0.0285,-0.0765639544019706
46.0333333333333,0.633967940012614,-0.0285,-0.0769250608560401
46.0666666666667,0.633967940012614,-0.0285,-0.0769444689364217
46.1,0.633967940012614,-0.0285,-0.0770720242999287
46.1333333333333,0.633967940012614,-0.0285,-0.0772908957405574
46.1666666666667,0.633967940012614,-0.0285,-0.0775866759607898
46.2,0.633967940012614,-0.0285,-0.0779470449861935
46.2333333333333,0.633967940012614,-0.0285,-0.0783614794566744
46.2666666666667,0.634114583333333,-0.0285,-0.0788210016030616
46.3,0.634114583333333,-0.0285,-0.0795717452752358
46.3333333333333,0.634114583333333,-0.0285,-0.0803061422589272
46.3666666666667,0.634114583333333,-0.0285,-0.0810259969267091
46.4,0.63418649037679,-0.0285,-0.0817329010328497
46.4333333333333,0.63418649037679,-0.0285,-0.082552703187955
46.4666666666667,0.63418649037679,-0.0285,-0.0833390189814356
46.5,0.63418649037679,-0.0285,-0.0840965416499697
46.5333333333333,0.634066232045492,-0.0285,-0.0848293216422743
46.5666666666667,0.634066232045492,-0.0285,-0.0853327330522946
46.6,0.634066232045492,-0.0285,-0.0858566823706184
46.6333333333333,0.634066232045492,-0.0285,-0.0863977564999188
46.6666666666667,0.634066232045492,-0.0285,-0.0869530477123938
46.7,0.634066232045492,-0.0285,-0.0875200825187755
46.7333333333333,0.634066232045492,-0.0285,-0.088096760300862
46.7666666666667,0.634066232045492,-0.0285,-0.0886813003849396
46.8,0.634042453765869,-0.0285,-0.0892721964113762
46.8333333333333,0.634042453765869,-0.0285,-0.0898270260278458
46.8666666666667,0.634042453765869,-0.0285,-0.0903935361865113
46.9,0.634042453765869,-0.0285,-0.0909696398734229
46.9333333333333,0.634042453765869,-0.0285,-0.091553567817831
46.9666666666667,0.634042453765869,-0.0285,-0.0921438231841582
47,0.634042453765869,-0.0285,-0.0927391425243444
47.0333333333333,0.634042453765869,-0.0285,-0.0933384621395048
47.0666666666667,0.634227403004964,-0.0285,-0.0939408891145293
47.1,0.634227403004964,-0.0285,-0.094865751806429
47.1333333333333,0.634227403004964,-0.0285,-0.095732723649318
47.1666666666667,0.634171231587728,-0.0285,-0.0965505337511564
47.2,0.634171231587728,-0.0285,-0.0972294610909505
47.2333333333333,0.634171231587728,-0.0285,-0.0978912481107265
47.2666666666667,0.634171231587728,-0.0285,-0.098538587613759
47.3,0.634171231587728,-0.0285,-0.0991737829950497
47.3333333333333,0.634114583333333,-0.0285,-0.0997988024259162
47.3666666666667,0.634114583333333,-0.0285,-0.10031728948255
47.4,0.634114583333333,-0.0285,-0.100846975691685
47.4333333333333,0.634114583333333,-0.0285,-0.101386247686134
47.4666666666667,0.634114583333333,-0.0285,-0.101933716169552
47.5,0.634114583333333,-0.0285,-0.102488185372844
47.5333333333333,0.634114583333333,-0.0285,-0.103048626632796
47.5666666666667,0.634114583333333,-0.0285,-0.103614155539605
47.6,0.634219264984131,-0.0285,-0.104184012174014
47.6333333333333,0.634219264984131,-0.0285,-0.104938707365617
47.6666666666667,0.634219264984131,-0.0285,-0.105662768027231
47.7,0.634219264984131,-0.0285,-0.106360947263432
47.7333333333333,0.634219264984131,-0.0285,-0.107037314604431
47.7666666666667,0.634219264984131,-0.0285,-0.107695350863212
47.8,0.634219264984131,-0.0285,-0.108338030068233
47.8333333333333,0.634219264984131,-0.0285,-0.108967890215595
47.8666666666667,0.634134451548258,-0.0285,-0.109587094350484
47.9,0.634186045328776,-0.0285,-0.110050704114358
47.9333333333333,0.634186045328776,-0.0285,-0.110623695817997
47.9666666666667,0.634186045328776,-0.0285,-0.111197233204871
48,0.634186045328776,-0.0285,-0.111771388052261
48.0333333333333,0.634186045328776,-0.0285,-0.112346211794142
48.0666666666667,0.634186045328776,-0.0285,-0.112921739036587
48.1,0.634186045328776,-0.0285,-0.113497990544617
48.1333333333333,0.634186045328776,-0.0285,-0.114074975775406
48.1666666666667,0.634186045328776,-0.0285,-0.114652695022464
48.2,0.634265677134196,-0.0285,-0.115231141226495
48.2333333333333,0.634265677134196,-0.0285,-0.115948113278444
48.2666666666667,0.634265677134196,-0.0285,-0.116640108303106
48.3,0.634265677134196,-0.0285,-0.117311086263996
48.3333333333333,0.634265677134196,-0.0285,-0.117964432194933
48.3666666666667,0.634265677134196,-0.0285,-0.118603036355628
48.4,0.634265677134196,-0.0285,-0.119229363439113
48.4333333333333,0.634265677134196,-0.0285,-0.119845512310201
48.4666666666667,0.634044647216797,-0.0285,-0.120453267555491
48.5,0.634044647216797,-0.0285,-0.12067162687182
48.5333333333333,0.634044647216797,-0.0285,-0.12095565173584
48.5666666666667,0.634044647216797,-0.0285,-0.121295377574112
48.6,0.634044647216797,-0.0285,-0.121682258548981
48.6333333333333,0.634044647216797,-0.0285,-0.122108971676209
48.6666666666667,0.634044647216797,-0.0285,-0.122569247560962
48.7,0.634044647216797,-0.0285,-0.123057724165704
48.7333333333333,0.634044647216797,-0.0285,-0.123569820504554
48.7666666666667,0.634044647216797,-0.0285,-0.124101627575264
48.8,0.634044647216797,-0.0285,-0.124649814200911
48.8333333333333,0.634044647216797,-0.0285,-0.125211545765931
48.8666666666667,0.634044647216797,-0.0285,-0.125784414101948
48.9,0.634044647216797,-0.0285,-0.126366377013284
48.9333333333333,0.634044647216797,-0.0285,-0.12695570613518
48.9666666666667,0.634181944529216,-0.0285,-0.127550941993596
49,0.634181944529216,-0.0285,-0.128388463697877
49.0333333333333,0.634181944529216,-0.0285,-0.129185365075592
49.0666666666667,0.634181944529216,-0.0285,-0.129947645412961
49.1,0.634181944529216,-0.0285,-0.130680460619036
49.1333333333333,0.634181944529216,-0.0285,-0.131388238916219
49.1666666666667,0.634181944529216,-0.0285,-0.132074780863879
49.2,0.634181944529216,-0.0285,-0.132743345821968
49.2333333333333,0.634182739257813,-0.03,-0.118396726679299
49.2666666666667,0.634182739257813,-0.03,-0.119038689793671
49.3,0.634182739257813,-0.03,-0.119669648452707
49.3333333333333,0.634182739257813,-0.03,-0.120291389336663
49.3666666666667,0.634182739257813,-0.03,-0.120905437093638
49.4,0.634182739257813,-0.03,-0.12151309105174
49.4333333333333,0.634182739257813,-0.03,-0.122115456904042
49.4666666666667,0.63415428797404,-0.03,-0.122713474046463
49.5,0.634113883972168,-0.03,-0.12325870101723
49.5333333333333,0.634113883972168,-0.03,-0.123740299414007
49.5666666666667,0.634113883972168,-0.03,-0.124240366456884
49.6,0.634113883972168,-0.03,-0.124756144158965
49.6333333333333,0.634113883972168,-0.03,-0.125285264290266
49.6666666666667,0.634113883972168,-0.03,-0.125825694768455
49.7,0.634113883972168,-0.03,-0.126375693319859
49.7333333333333,0.634113883972168,-0.03,-0.12693376743224
49.7666666666667,0.6342254002889,-0.03,-0.127498639752013
49.8,0.6342254002889,-0.03,-0.128262209695388
49.8333333333333,0.6342254002889,-0.03,-0.128994599741644
49.8666666666667,0.6342254002889,-0.03,-0.129700589217459
49.9,0.6342254002889,-0.03,-0.130384273844285
49.9333333333333,0.6342254002889,-0.03,-0.131049160341305
49.9666666666667,0.6342254002889,-0.03,-0.1316982481571
50,0.6342254002889,-0.03,-0.132334100065395
50.0333333333333,0.633940060933431,-0.03,-0.132958903127428
50.0666666666667,0.634259478251139,-0.03,-0.133080709539336
50.1,0.634259478251139,-0.03,-0.133839699662782
50.1333333333333,0.634259478251139,-0.03,-0.134567187815092
50.1666666666667,0.634259478251139,-0.03,-0.135268071647799
50.2,0.634259478251139,-0.03,-0.135946543811944
50.2333333333333,0.63425776163737,-0.03,-0.136606189832526
50.2666666666667,0.63425776163737,-0.03,-0.137247101851435
50.3,0.633898289998372,-0.03,-0.137875417447211
50.3333333333333,0.633898289998372,-0.03,-0.137871171549558
50.3666666666667,0.633898289998372,-0.03,-0.137974186607656
50.4,0.633898289998372,-0.03,-0.138168038751472
50.4333333333333,0.633898289998372,-0.03,-0.138438652155354
50.4666666666667,0.633898289998372,-0.03,-0.138773974174289
50.5,0.633898289998372,-0.03,-0.139163694674184
50.5333333333333,0.633898289998372,-0.03,-0.139599003598125
50.5666666666667,0.633898289998372,-0.03,-0.140072381609876
50.6,0.634079869588216,-0.03,-0.140577419348198
50.6333333333333,0.634079869588216,-0.03,-0.141422905286901
50.6666666666667,0.634079869588216,-0.03,-0.142231417439227
50.7,0.634079869588216,-0.03,-0.143008100383953
50.7333333333333,0.634079869588216,-0.03,-0.143757396750199
50.7666666666667,0.634079869588216,-0.03,-0.14448314200372
50.8,0.634079869588216,-0.03,-0.145188646506103
50.8333333333333,0.634079869588216,-0.03,-0.145876766550447
50.8666666666667,0.634044551849365,-0.03,-0.146549965849455
50.9,0.634044551849365,-0.03,-0.147149247443315
50.9333333333333,0.634044551849365,-0.03,-0.14774895029535
50.9666666666667,0.634044551849365,-0.03,-0.148348886440506
51,0.634044551849365,-0.03,-0.148948902799328
51.0333333333333,0.634036382039388,-0.03,-0.149548875794338
51.0666666666667,0.634036382039388,-0.03,-0.15013456796562
51.1,0.634036382039388,-0.03,-0.150722674329305
51.1333333333333,0.634181944529216,-0.03,-0.151312726298874
51.1666666666667,0.634181944529216,-0.03,-0.152156240927242
51.2,0.634181944529216,-0.03,-0.152954043596451
51.2333333333333,0.634181944529216,-0.03,-0.153713132426795
51.2666666666667,0.634181944529216,-0.03,-0.154439505135877
51.3,0.634181944529216,-0.03,-0.155138297443366
51.3333333333333,0.634181944529216,-0.03,-0.155813902647795
51.3666666666667,0.634181944529216,-0.03,-0.156470074913652
51.4,0.634114583333333,-0.03,-0.157110018466546
51.4333333333333,0.634114583333333,-0.03,-0.157619888488799
51.4666666666667,0.634114583333333,-0.03,-0.158140303478439
51.5,0.634114583333333,-0.03,-0.158669871689817
51.5333333333333,0.634114583333333,-0.03,-0.159207385881238
51.5666666666667,0.634114583333333,-0.03,-0.1597517987936
51.6,0.634114583333333,-0.03,-0.160302201892648
51.6333333333333,0.634114583333333,-0.03,-0.160857806940134
51.6666666666667,0.634114583333333,-0.03,-0.161417930017097
51.7,0.634114583333333,-0.03,-0.161981977672704
51.7333333333333,0.634114583333333,-0.03,-0.162549434915573
51.7666666666667,0.634114583333333,-0.03,-0.163119854802256
51.8,0.634114583333333,-0.03,-0.163692849410212
51.8333333333333,0.634114583333333,-0.03,-0.164268082010952
51.8666666666667,0.634114583333333,-0.03,-0.164845260283595
51.9,0.634114583333333,-0.03,-0.165424130430336
51.9333333333333,0.634140968322754,-0.03,-0.166004472073809
51.9666666666667,0.634140968322754,-0.03,-0.166631756018045
52,0.634140968322754,-0.03,-0.167251647210431
52.0333333333333,0.634140968322754,-0.03,-0.167865320268874
52.0666666666667,0.634140968322754,-0.03,-0.16847377911447
52.1,0.634140968322754,-0.03,-0.16907788078062
52.1333333333333,0.634140968322754,-0.03,-0.169678355969372
52.1666666666667,0.634140968322754,-0.03,-0.170275826794513
52.2,0.634119701385498,-0.03,-0.170870822091928
52.2333333333333,0.634119701385498,-0.03,-0.171426985804528
52.2666666666667,0.634119701385498,-0.03,-0.171988359396675
52.3,0.634119701385498,-0.03,-0.172554200931593
52.3333333333333,0.634119701385498,-0.03,-0.173123870921911
52.3666666666667,0.634119701385498,-0.03,-0.173696818407046
52.4,0.634119701385498,-0.03,-0.174272568906503
52.4333333333333,0.634119701385498,-0.03,-0.17485071399754
52.4666666666667,0.634181944529216,-0.03,-0.175430902299232
52.5,0.634181944529216,-0.03,-0.176120550420868
52.5333333333333,0.634181944529216,-0.03,-0.176791612498118
52.5666666666667,0.634181944529216,-0.03,-0.177446977153968
52.6,0.634181944529216,-0.03,-0.178089117266019
52.6333333333333,0.634181944529216,-0.03,-0.178720147679672
52.6666666666667,0.634181944529216,-0.03,-0.179341875056247
52.7,0.634181944529216,-0.03,-0.179955840917372
52.7333333333333,0.634181944529216,-0.03,-0.180563358804548
52.7666666666667,0.634181944529216,-0.03,-0.181165546349365
52.8,0.634181944529216,-0.03,-0.181763352943008
52.8333333333333,0.634181944529216,-0.03,-0.182357583601098
52.8666666666667,0.634181944529216,-0.03,-0.182948919539762
52.9,0.634181944529216,-0.03,-0.183537935909389
52.9333333333333,0.634181944529216,-0.03,-0.184125117072426
52.9666666666667,0.634114583333333,-0.03,-0.184710869759476
53,0.634114583333333,-0.03,-0.185178958282491
53.0333333333333,0.634114583333333,-0.03,-0.185667960170864
53.0666666666667,0.634114583333333,-0.03,-0.186174743639005
53.1,0.634114583333333,-0.03,-0.186696620063555
53.1333333333333,0.634114583333333,-0.03,-0.187231282987663
53.1666666666667,0.634114583333333,-0.03,-0.187776755400194
53.2,0.634114583333333,-0.03,-0.188331344175953
53.2333333333333,0.634102439880371,-0.03,-0.188893600712314
53.2666666666667,0.634102439880371,-0.03,-0.189441271318594
53.3,0.634102439880371,-0.03,-0.189998229782753
53.3333333333333,0.634102439880371,-0.03,-0.190562967919383
53.3666666666667,0.634102439880371,-0.03,-0.191134198744489
53.4,0.634102439880371,-0.03,-0.191710825483063
53.4333333333333,0.634102439880371,-0.03,-0.192291914820686
53.4666666666667,0.633940060933431,-0.03,-0.192876673824995
53.5,0.634114583333333,-0.03,-0.193183415046076
53.5333333333333,0.634114583333333,-0.03,-0.193846966666679
53.5666666666667,0.634114583333333,-0.03,-0.194500433151056
53.6,0.634114583333333,-0.03,-0.19514518381117
53.6333333333333,0.634114583333333,-0.03,-0.195782403548459
53.6666666666667,0.634114583333333,-0.03,-0.196413117578722
53.7,0.634114583333333,-0.03,-0.197038212850155
53.7333333333333,0.634114583333333,-0.03,-0.197658456596218
53.7666666666667,0.634114583333333,-0.03,-0.198274512406043
53.8,0.634114583333333,-0.03,-0.198886954144045
53.8333333333333,0.634114583333333,-0.03,-0.1994962780061
53.8666666666667,0.634114583333333,-0.03,-0.200102912961313
53.9,0.634114583333333,-0.03,-0.200707229795137
53.9333333333333,0.634114583333333,-0.03,-0.201309548940821
53.9666666666667,0.634114583333333,-0.03,-0.201910147261173
54,0.634114583333333,-0.03,-0.202509263921007
54.0333333333333,0.634114583333333,-0.03,-0.203107105471903
54.0666666666667,0.634114583333333,-0.03,-0.203703850254646
54.1,0.634114583333333,-0.03,-0.204299652210645
54.1333333333333,0.634114583333333,-0.03,-0.204894644181445
54.1666666666667,0.634114583333333,-0.03,-0.205488940764845
54.2,0.634114583333333,-0.03,-0.206082640787021
54.2333333333333,0.634114583333333,-0.03,-0.206675829442074
54.2666666666667,0.634114583333333,-0.03,-0.20726858014357
54.3,0.634114583333333,-0.0315,-0.192860956126682
54.3333333333333,0.634114583333333,-0.033,-0.178453011834374
54.3666666666667,0.634114583333333,-0.0345,-0.16404479411659
54.4,0.634114583333333,-0.036,-0.149636343267549
54.4333333333333,0.634114583333333,-0.0375,-0.135227693922877
54.4666666666667,0.634114583333333,-0.039,-0.120818875835407
54.5,0.634114583333333,-0.0405,-0.106409914545948
54.5333333333333,0.634053643544515,-0.0435,-0.0770008319631485
54.5666666666667,0.634053643544515,-0.0465,-0.0474861837199502
54.6,0.634053643544515,-0.0465,-0.0479910963128373
54.6333333333333,0.634053643544515,-0.048,-0.0335125370606271
54.6666666666667,0.634053643544515,-0.048,-0.0340479092851856
54.7,0.634053643544515,-0.048,-0.0345949918189663
54.7333333333333,0.634053643544515,-0.048,-0.0351518867540208
54.7666666666667,0.634053643544515,-0.048,-0.0357169743205111
54.8,0.634062385559082,-0.048,-0.0362888739319987
54.8333333333333,0.634062385559082,-0.048,-0.0368815396015035
54.8666666666667,0.634062385559082,-0.048,-0.0374760253533209
54.9,0.634062385559082,-0.048,-0.038071921267115
54.9333333333333,0.634062385559082,-0.048,-0.0386688845441295
54.9666666666667,0.634062385559082,-0.048,-0.0392666296285173
55,0.634062385559082,-0.048,-0.039864919715079
55.0333333333333,0.633979733784994,-0.048,-0.0404635594533957
55.0666666666667,0.633922322591146,-0.048,-0.0409193505117558
55.1,0.633922322591146,-0.048,-0.0413024915224816
55.1333333333333,0.633922322591146,-0.048,-0.0417266116660551
55.1666666666667,0.633922322591146,-0.048,-0.0421852192555269
55.2,0.633922322591146,-0.048,-0.0426727647700885
55.2333333333333,0.633922322591146,-0.048,-0.043184509522905
55.2666666666667,0.633922322591146,-0.048,-0.0437164122655041
55.3,0.633922322591146,-0.048,-0.0442650313054566
55.3333333333333,0.633907572428385,-0.048,-0.0448274400395516
55.3666666666667,0.633907572428385,-0.048,-0.0453756272742778
55.4,0.633907572428385,-0.048,-0.0459377703445131
55.4333333333333,0.633907572428385,-0.048,-0.0465113520878447
55.4666666666667,0.633907572428385,-0.048,-0.0470942398875154
55.5,0.633907572428385,-0.048,-0.0476846307530897
55.5333333333333,0.633907572428385,-0.048,-0.048281003995498
55.5666666666667,0.633907572428385,-0.048,-0.0488820804636161
55.6,0.633901691436768,-0.048,-0.0494867874487592
55.6333333333333,0.633901691436768,-0.048,-0.050084050767913
55.6666666666667,0.633901691436768,-0.048,-0.0506851979966353
55.7,0.633901691436768,-0.048,-0.0512893168794899
55.7333333333333,0.633901691436768,-0.048,-0.0518956461920005
55.7666666666667,0.633901691436768,-0.048,-0.0525035534120744
55.8,0.633901691436768,-0.048,-0.0531125155318844
55.8333333333333,0.633940092722575,-0.048,-0.0537221025793107
55.8666666666667,0.633931159973145,-0.048,-0.054398421211839
55.9,0.633931159973145,-0.048,-0.0550468895046225
55.9333333333333,0.633931159973145,-0.048,-0.0556875383270286
55.9666666666667,0.633931159973145,-0.048,-0.0563213843818815
56,0.633931159973145,-0.048,-0.0569493107415958
56.0333333333333,0.633931159973145,-0.048,-0.0575720845217136
56.0666666666667,0.633931159973145,-0.048,-0.0581903722086913
56.1,0.633931159973145,-0.048,-0.0588047529539048
56.1333333333333,0.633854166666667,-0.048,-0.0594157301043034
56.1666666666667,0.633854166666667,-0.048,-0.0598904956451776
56.2,0.633854166666667,-0.048,-0.060387498553959
56.2333333333333,0.633854166666667,-0.048,-0.0609032206803578
56.2666666666667,0.633854166666667,-0.048,-0.0614346541914907
56.3,0.633854166666667,-0.048,-0.061979230456405
56.3333333333333,0.633854166666667,-0.048,-0.0625347586417253
56.3666666666667,0.633854166666667,-0.048,-0.0630993727065345
56.4,0.63374080657959,-0.048,-0.0636714856607888
56.4333333333333,0.63374080657959,-0.048,-0.0640535677493968
56.4666666666667,0.63374080657959,-0.048,-0.0644772073053641
56.5,0.63374080657959,-0.048,-0.0649357717287456
56.5333333333333,0.63374080657959,-0.048,-0.0654235941296356
56.5666666666667,0.63374080657959,-0.048,-0.0659358385023616
56.6,0.633811791737874,-0.048,-0.0664683833284698
56.6333333333333,0.633811791737874,-0.048,-0.067140568901774
56.6666666666667,0.633891836802165,-0.048,-0.0678036813526734
56.7,0.633891836802165,-0.048,-0.0685972687133782
56.7333333333333,0.633891836802165,-0.048,-0.0693578960994487
56.7666666666667,0.633891836802165,-0.048,-0.0700903571754239
56.8,0.633891836802165,-0.048,-0.0707987767107736
56.8333333333333,0.633891836802165,-0.048,-0.0714867019825806
56.8666666666667,0.633891836802165,-0.048,-0.0721571818259789
56.9,0.633891836802165,-0.048,-0.0728128349916261
56.9333333333333,0.633692773183187,-0.048,-0.0734559092473373
56.9666666666667,0.633854166666667,-0.048,-0.0737438305320223
57,0.633854166666667,-0.048,-0.0743662414997705
57.0333333333333,0.633854166666667,-0.048,-0.0749832617855898
57.0666666666667,0.633854166666667,-0.048,-0.0755956489403703
57.1,0.633854166666667,-0.048,-0.0762040566167348
57.1333333333333,0.633854166666667,-0.048,-0.0768090486376596
57.1666666666667,0.633854166666667,-0.048,-0.0774111111732151
57.2,0.633907572428385,-0.048,-0.0780106632788748
57.2333333333333,0.633907572428385,-0.048,-0.0787004906801368
57.2666666666667,0.633907572428385,-0.048,-0.0793712614012716
57.3,0.633907572428385,-0.048,-0.0800259129249618
57.3333333333333,0.633907572428385,-0.048,-0.0806669615093096
57.3666666666667,0.633854166666667,-0.048,-0.0812965605544039
57.4,0.633854166666667,-0.048,-0.0818241263572749
57.4333333333333,0.633854166666667,-0.048,-0.0823608739193964
57.4666666666667,0.633718204498291,-0.048,-0.0829054742126919
57.5,0.633718204498291,-0.048,-0.0832214854302415
57.5333333333333,0.633718204498291,-0.048,-0.0835870559525828
57.5666666666667,0.633718204498291,-0.048,-0.0839945425766367
57.6,0.633718204498291,-0.048,-0.0844373983594589
57.6333333333333,0.633718204498291,-0.048,-0.0849100206985788
57.6666666666667,0.633718204498291,-0.048,-0.0854076200969951
57.7,0.633718204498291,-0.048,-0.0859261068229212
57.7333333333333,0.633927154541016,-0.048,-0.0864619930487403
57.7666666666667,0.633927154541016,-0.048,-0.0873739198804211
57.8,0.633927154541016,-0.048,-0.0882303834867683
57.8333333333333,0.633927154541016,-0.048,-0.0890396852661905
57.8666666666667,0.633927154541016,-0.048,-0.0898089522122349
57.9,0.633927154541016,-0.048,-0.0905442985359117
57.9333333333333,0.633927154541016,-0.048,-0.091250965363088
57.9666666666667,0.633927154541016,-0.048,-0.0919334414582462
58,0.633927154541016,-0.048,-0.0925955675303153
58.0333333333333,0.633927154541016,-0.048,-0.0932406263335862
58.0666666666667,0.633927154541016,-0.048,-0.0938714204798752
58.1,0.633927154541016,-0.048,-0.0944903396209524
58.1333333333333,0.633927154541016,-0.048,-0.0950994184375265
58.1666666666667,0.633927154541016,-0.048,-0.0957003866781495
58.2,0.633927154541016,-0.048,-0.0962947123243194
58.2333333333333,0.633927154541016,-0.048,-0.0968836388133391
58.2666666666667,0.633939266204834,-0.048,-0.0974682171251609
58.3,0.633936182657878,-0.048,-0.0980702940246216
58.3333333333333,0.633936182657878,-0.048,-0.098660412813237
58.3666666666667,0.633936182657878,-0.048,-0.0992461342214143
58.4,0.633936182657878,-0.0495,-0.0848283443516791
58.4333333333333,0.633936182657878,-0.0495,-0.0854077888148889
58.4666666666667,0.633936182657878,-0.0495,-0.0859850931279287
58.5,0.633936182657878,-0.0495,-0.0865607802675762
58.5333333333333,0.633956464131673,-0.0495,-0.0871352857689681
58.5666666666667,0.633956464131673,-0.051,-0.0727440700715107
58.6,0.633956464131673,-0.0525,-0.0583457927265953
58.6333333333333,0.633956464131673,-0.0525,-0.0589417116439232
58.6666666666667,0.633956464131673,-0.054,-0.0445328934320657
58.7,0.633956464131673,-0.054,-0.0451202406628182
58.7333333333333,0.633956464131673,-0.0555,-0.030704515369309
58.7666666666667,0.633956464131673,-0.0555,-0.031286359289791
58.8,0.633956464131673,-0.0555,-0.031866311300063
58.8333333333333,0.633601665496826,-0.0555,-0.0324448224177323
58.8666666666667,0.633601665496826,-0.0555,-0.0324082498478735
58.9,0.633601665496826,-0.0555,-0.0324853134000689
58.9333333333333,0.633601665496826,-0.0555,-0.0326585342539831
58.9666666666667,0.633601665496826,-0.0555,-0.0329129375681464
59,0.633601665496826,-0.0555,-0.0332357056864529
59.0333333333333,0.633601665496826,-0.0555,-0.0336158785475137
59.0666666666667,0.633601665496826,-0.0555,-0.0340440949313157
59.1,0.633601665496826,-0.0555,-0.0345123690317377
59.1333333333333,0.633601665496826,-0.0555,-0.0350138975832848
59.1666666666667,0.633601665496826,-0.0555,-0.0355428934112104
59.2,0.633601665496826,-0.0555,-0.0360944418292129
59.2333333333333,0.633601665496826,-0.0555,-0.0366643767895986
59.2666666666667,0.633601665496826,-0.0555,-0.0372491741071192
59.3,0.633727677663167,-0.0555,-0.0378458594382245
59.3333333333333,0.633727677663167,-0.0555,-0.038670007207767
59.3666666666667,0.633727677663167,-0.0555,-0.0394608108473209
59.4,0.633727677663167,-0.0555,-0.0402228119299348
59.4333333333333,0.633727677663167,-0.0555,-0.0409599393533433
59.4666666666667,0.633727677663167,-0.0555,-0.041675591561615
59.5,0.633727677663167,-0.0555,-0.0423727077642901
59.5333333333333,0.633727677663167,-0.0555,-0.043053829622963
59.5666666666667,0.633805211385091,-0.0555,-0.0437211546790501
59.6,0.633805211385091,-0.0555,-0.0445107634350018
59.6333333333333,0.633805211385091,-0.0555,-0.0452651197692157
59.6666666666667,0.633805211385091,-0.0555,-0.0459895185157819
59.7,0.633805211385091,-0.0555,-0.0466885042186643
59.7333333333333,0.633805211385091,-0.0555,-0.0473659744732228
59.7666666666667,0.633805211385091,-0.0555,-0.0480252692426897
59.8,0.633792400360107,-0.0555,-0.0486692480379495
59.8333333333333,0.633769067128499,-0.0555,-0.0492781856791277
59.8666666666667,0.633769067128499,-0.0555,-0.0498400921962664
59.9,0.633769067128499,-0.0555,-0.0504040137804272
59.9333333333333,0.633769067128499,-0.0555,-0.0509697552191973
59.9666666666667,0.633769067128499,-0.0555,-0.0515371418528626
60,0.633769067128499,-0.0555,-0.0521060172421768
60.0333333333333,0.633769067128499,-0.0555,-0.0526762411166746
60.0666666666667,0.633769067128499,-0.0555,-0.0532476875683897
60.1,0.633650906880697,-0.0555,-0.0538202434603573
60.1333333333333,0.633650906880697,-0.0555,-0.0541893174514947
60.1666666666667,0.633650906880697,-0.0555,-0.0545974028877503
60.2,0.633650906880697,-0.0555,-0.0550385102218007
60.2333333333333,0.633650906880697,-0.0555,-0.0555075072482726
60.2666666666667,0.633650906880697,-0.0555,-0.0560000004135868
60.3,0.633650906880697,-0.0555,-0.0565122322774651
60.3333333333333,0.633650906880697,-0.0555,-0.0570409929482239
60.3666666666667,0.633793512980143,-0.0555,-0.0575835436061744
60.4,0.633793512980143,-0.0555,-0.0583843463444488
60.4333333333333,0.633793512980143,-0.0555,-0.0591486427332676
60.4666666666667,0.633793512980143,-0.0555,-0.059881875000642
60.5,0.633793512980143,-0.0555,-0.0605887169074737
60.5333333333333,0.633793512980143,-0.0555,-0.0612731794026953
60.5666666666667,0.633793512980143,-0.0555,-0.0619387019530782
60.6,0.633706569671631,-0.0555,-0.0625882314754877
60.6333333333333,0.633804702758789,-0.0555,-0.0630738253866877
60.6666666666667,0.633804702758789,-0.0555,-0.0637459672380878
60.7,0.633804702758789,-0.0555,-0.0644006843786129
60.7333333333333,0.633804702758789,-0.0555,-0.0650407331231304
60.7666666666667,0.633804702758789,-0.0555,-0.0656684700024472
60.8,0.633804702758789,-0.0555,-0.0662859074735184
60.8333333333333,0.633804702758789,-0.0555,-0.0668947620223197
60.8666666666667,0.633804702758789,-0.0555,-0.0674964956870618
60.9,0.633754348754883,-0.0555,-0.0680923518914002
60.9333333333333,0.633754348754883,-0.0555,-0.0685962431020171
60.9666666666667,0.633754348754883,-0.0555,-0.0691124416214098
61,0.633754348754883,-0.0555,-0.069639186829202
61.0333333333333,0.633754348754883,-0.057,-0.0551749617722779
61.0666666666667,0.633754348754883,-0.057,-0.0557184600111151
61.1,0.633754348754883,-0.057,-0.0562685569361488
61.1333333333333,0.633754348754883,-0.057,-0.0568242849544743
61.1666666666667,0.633754348754883,-0.057,-0.0573848120274199
61.2,0.633728822072347,-0.057,-0.0579494231090497
61.2333333333333,0.633728822072347,-0.057,-0.0584733273065072
61.2666666666667,0.633728822072347,-0.057,-0.0590084042929315
61.3,0.633728822072347,-0.057,-0.0595529259983816
61.3333333333333,0.633728822072347,-0.057,-0.0601054125289006
61.3666666666667,0.633669026692708,-0.057,-0.0606645977521369
61.4,0.633669026692708,-0.057,-0.0611259169540599
61.4333333333333,0.633669026692708,-0.057,-0.0616112073244997
61.4666666666667,0.63373130162557,-0.057,-0.0621166920985202
61.5,0.63373130162557,-0.057,-0.0627469151172535
61.5333333333333,0.63373130162557,-0.057,-0.0633712656769702
61.5666666666667,0.63373130162557,-0.057,-0.0639905027067499
61.6,0.63373130162557,-0.057,-0.0646052857388609
61.6333333333333,0.63373130162557,-0.057,-0.0652161880279727
61.6666666666667,0.63373130162557,-0.057,-0.0658237079311027
61.7,0.63373130162557,-0.057,-0.0664282787794613
61.7333333333333,0.633798472086589,-0.057,-0.0670302774425845
61.7666666666667,0.633798472086589,-0.057,-0.0677462777808174
61.8,0.633798472086589,-0.057,-0.0684386629553698
61.8333333333333,0.633798472086589,-0.057,-0.0691110391431685
61.8666666666667,0.633798472086589,-0.057,-0.0697664975983755
61.9,0.633798472086589,-0.057,-0.0704076858503585
61.9333333333333,0.633798472086589,-0.057,-0.0710368692191601
61.9666666666667,0.633798472086589,-0.057,-0.0716559839535835
62,0.633768049875895,-0.057,-0.0722666831219478
62.0333333333333,0.633768049875895,-0.057,-0.0728177271835759
62.0666666666667,0.633768049875895,-0.057,-0.073372773602298
62.1,0.633768049875895,-0.057,-0.073931321846829
62.1333333333333,0.633660825093587,-0.057,-0.0744929356550435
62.1666666666667,0.633660825093587,-0.057,-0.0748716701275146
62.2,0.633660825093587,-0.057,-0.075287327779834
62.2333333333333,0.633660825093587,-0.057,-0.0757342588493447
62.2666666666667,0.633751360575358,-0.057,-0.0762076210380121
62.3,0.633751360575358,-0.057,-0.076859949626756
62.3333333333333,0.633751360575358,-0.057,-0.0775018264691881
62.3666666666667,0.633751360575358,-0.057,-0.0781347461489603
62.4,0.633751360575358,-0.057,-0.0787599964425057
62.4333333333333,0.633751360575358,-0.057,-0.0793786864545434
62.4666666666667,0.633751360575358,-0.057,-0.0799917709603511
62.5,0.633751360575358,-0.057,-0.0806000714636911
62.5333333333333,0.633692773183187,-0.057,-0.0812042944111837
62.5666666666667,0.633692773183187,-0.0585,-0.0667036548866553
62.6,0.633692773183187,-0.0585,-0.0672189552559097
62.6333333333333,0.633692773183187,-0.0585,-0.0677477142334513
62.6666666666667,0.633692773183187,-0.06,-0.0532878079040136
62.7,0.633692773183187,-0.06,-0.0538374200956052
62.7333333333333,0.633692773183187,-0.06,-0.0543949995168827
62.7666666666667,0.633692773183187,-0.0615,-0.0399592227459565
62.8,0.633781941731771,-0.0615,-0.0405289622802668
62.8333333333333,0.633781941731771,-0.0615,-0.0412575751453538
62.8666666666667,0.633781941731771,-0.0615,-0.0419611822043617
62.9,0.633721669514974,-0.0615,-0.0426435505182193
62.9333333333333,0.633721669514974,-0.0615,-0.0432036047662038
62.9666666666667,0.633721669514974,-0.0615,-0.0437678564768046
63,0.633721669514974,-0.0615,-0.0443356670414674
63.0333333333333,0.633721669514974,-0.0615,-0.0449064888837972
63.0666666666667,0.633697001139323,-0.0615,-0.0454798528833437
63.1,0.633697001139323,-0.0615,-0.0460126661159427
63.1333333333333,0.633697001139323,-0.0615,-0.0465552298443449
63.1666666666667,0.633697001139323,-0.0615,-0.0471060176375976
63.2,0.633697001139323,-0.0615,-0.0476637234611139
63.2333333333333,0.633697001139323,-0.0615,-0.0482272310329095
63.2666666666667,0.633697001139323,-0.0615,-0.0487955873594065
63.3,0.633697001139323,-0.0615,-0.0493679798865472
63.3333333333333,0.63373130162557,-0.0615,-0.0499437167777068
63.3666666666667,0.63373130162557,-0.0615,-0.0505815707370215
63.4,0.63373130162557,-0.0615,-0.0512106231679094
63.4333333333333,0.63373130162557,-0.0615,-0.0518321660250845
63.4666666666667,0.63373130162557,-0.0615,-0.0524473101763061
63.5,0.63373130162557,-0.0615,-0.0530570102051818
63.5333333333333,0.63373130162557,-0.0615,-0.0536620858578946
63.5666666666667,0.63373130162557,-0.0615,-0.0542632405849865
63.6,0.633607228597005,-0.0615,-0.0548610775689055
63.6333333333333,0.633607228597005,-0.0615,-0.0552413912731856
63.6666666666667,0.63359375,-0.0615,-0.0556593480414515
63.7,0.63359375,-0.0615,-0.0560857973319046
63.7333333333333,0.63359375,-0.0615,-0.0565434232100209
63.7666666666667,0.63359375,-0.0615,-0.0570272847212334
63.8,0.63359375,-0.0615,-0.057533158146508
63.8333333333333,0.63359375,-0.0615,-0.0580574370149595
63.8666666666667,0.633712355295817,-0.0615,-0.0585970457727954
63.9,0.633712355295817,-0.0615,-0.0593546250407932
63.9333333333333,0.633712355295817,-0.0615,-0.0600844490766389
63.9666666666667,0.633712355295817,-0.0615,-0.0607905566229523
64,0.633712355295817,-0.0615,-0.061476422726951
64.0333333333333,0.633712355295817,-0.0615,-0.0621450357778641
64.0666666666667,0.633712355295817,-0.0615,-0.062798964132713
64.1,0.633712355295817,-0.0615,-0.0634404137291066
64.1333333333333,0.633728822072347,-0.0615,-0.06407127789644
64.1666666666667,0.633728822072347,-0.0615,-0.064721678019744
64.2,0.633728822072347,-0.063,-0.0503591989737895
64.2333333333333,0.633728822072347,-0.063,-0.0509858552169
64.2666666666667,0.633728822072347,-0.063,-0.0516033704583106
64.3,0.633728822072347,-0.063,-0.0522132180760232
64.3333333333333,0.633728822072347,-0.063,-0.0528166560225321
64.3666666666667,0.633728822072347,-0.063,-0.0534147569625466
64.4,0.633706569671631,-0.063,-0.0540084342869325
64.4333333333333,0.633684857686361,-0.063,-0.0545599542834101
64.4666666666667,0.633684857686361,-0.063,-0.0550780855826871
64.5,0.633684857686361,-0.063,-0.0556068491801338
64.5333333333333,0.633684857686361,-0.063,-0.0561446791671587
64.5666666666667,0.633684857686361,-0.063,-0.0566902294742895
64.6,0.633684857686361,-0.063,-0.057242343735574
64.6333333333333,0.633684857686361,-0.063,-0.0578000292324583
64.6666666666667,0.633854166666667,-0.063,-0.0583624343686337
64.7,0.633854166666667,-0.063,-0.0592218373953113
64.7333333333333,0.633854166666667,-0.063,-0.0600300189987113
64.7666666666667,0.633854166666667,-0.063,-0.0607949082709902
64.8,0.633854166666667,-0.063,-0.0615232951349784
64.8333333333333,0.633854166666667,-0.063,-0.0622209883421411
64.8666666666667,0.633854166666667,-0.063,-0.0628929519488269
64.9,0.633854166666667,-0.063,-0.063543423174304
64.9333333333333,0.633659712473551,-0.063,-0.0641760141544193
64.9666666666667,0.633659712473551,-0.063,-0.0644572749595218
65,0.633659712473551,-0.063,-0.0647890367372095
65.0333333333333,0.633659712473551,-0.063,-0.0651637958332782
65.0666666666667,0.633659712473551,-0.063,-0.065575106487413
65.1,0.633659712473551,-0.063,-0.06601743550183
65.1333333333333,0.633659712473551,-0.063,-0.0664860366063577
65.1666666666667,0.633659712473551,-0.063,-0.0669768418699959
65.2,0.63359375,-0.063,-0.0674863678640888
65.2333333333333,0.63359375,-0.063,-0.0678974791254378
65.2666666666667,0.63359375,-0.063,-0.0683430511296762
65.3,0.63359375,-0.063,-0.0688176126789544
65.3333333333333,0.63359375,-0.063,-0.0693164873938641
65.3666666666667,0.63359375,-0.063,-0.0698356828685774
65.4,0.63359375,-0.063,-0.0703717949682221
65.4333333333333,0.63359375,-0.063,-0.0709219252224733
65.4666666666667,0.633715565999349,-0.063,-0.0714836095441687
65.5,0.633715565999349,-0.063,-0.0722655729998715
65.5333333333333,0.633715565999349,-0.063,-0.0730159539589037
65.5666666666667,0.633715565999349,-0.063,-0.0737393449534768
65.6,0.633715565999349,-0.0645,-0.0594396977404101
65.6333333333333,0.633715565999349,-0.0645,-0.0601204108574734
65.6666666666667,0.633715565999349,-0.0645,-0.0607844053475669
65.7,0.633715565999349,-0.0645,-0.0614341902401289
65.7333333333333,0.633721542358398,-0.0645,-0.0620719191663778
65.7666666666667,0.633721542358398,-0.0645,-0.0627097820607753
65.8,0.633721542358398,-0.0645,-0.063337092374473
65.8333333333333,0.633721542358398,-0.0645,-0.0639555042842616
65.8666666666667,0.633721542358398,-0.0645,-0.0645664329873577
65.9,0.633721542358398,-0.0645,-0.0651710879384927
65.9333333333333,0.633721542358398,-0.0645,-0.0657705015530395
65.9666666666667,0.633721542358398,-0.0645,-0.0663655539883382
66,0.63359375,-0.0645,-0.0669569945331833
66.0333333333333,0.63359375,-0.0645,-0.0673243010440071
66.0666666666667,0.63359375,-0.0645,-0.0677303737781002
66.1,0.63359375,-0.0645,-0.068169281897113
66.1333333333333,0.63359375,-0.0645,-0.068635942137909
66.1666666666667,0.63359375,-0.0645,-0.0691260015691544
66.2,0.63359375,-0.0645,-0.0696357362959027
66.2333333333333,0.63359375,-0.0645,-0.0701619639622494
66.2666666666667,0.63359375,-0.0645,-0.0707019681905575
66.3,0.63359375,-0.0645,-0.0712534333455575
66.3333333333333,0.63359375,-0.0645,-0.0718143882280382
66.3666666666667,0.63359375,-0.0645,-0.0723831574902598
66.4,0.63359375,-0.0645,-0.0729583197275581
66.4333333333333,0.63359375,-0.0645,-0.0735386713412095
66.4666666666667,0.63359375,-0.0645,-0.0741231953893749
66.5,0.63359375,-0.0645,-0.0747110347483934
66.5333333333333,0.633496284484863,-0.0645,-0.0753014689979967
66.5666666666667,0.633496284484863,-0.0645,-0.0757252195091337
66.6,0.633496284484863,-0.0645,-0.0761818807016133
66.6333333333333,0.633496284484863,-0.0645,-0.0766661612142935
66.6666666666667,0.633496284484863,-0.0645,-0.0771735425266439
66.7,0.633496284484863,-0.0645,-0.0777001708951625
66.7333333333333,0.633496284484863,-0.0645,-0.0782427640723028
66.7666666666667,0.633687941233317,-0.0645,-0.0787985308090304
66.8,0.63359375,-0.0645,-0.0796967849264156
66.8333333333333,0.63359375,-0.0645,-0.0803790353494056
66.8666666666667,0.63359375,-0.0645,-0.0810465413817923
66.9,0.63359375,-0.0645,-0.0817013654416504
66.9333333333333,0.63359375,-0.0645,-0.0823452877653433
66.9666666666667,0.63359375,-0.0645,-0.0829798445678576
67,0.63359375,-0.0645,-0.0836063610751356
67.0333333333333,0.63359375,-0.0645,-0.0842259801151155
67.0666666666667,0.633768049875895,-0.0645,-0.0848396868624079
67.1,0.633768049875895,-0.0645,-0.085749975751519
67.1333333333333,0.633768049875895,-0.066,-0.0715997374151713
67.1666666666667,0.633768049875895,-0.0675,-0.057398314813726
67.2,0.633768049875895,-0.0675,-0.0581537103207495
67.2333333333333,0.633768049875895,-0.0675,-0.0588727715382734
67.2666666666667,0.633768049875895,-0.069,-0.0445613518096916
67.3,0.633768049875895,-0.069,-0.0452244488432275
67.3333333333333,0.633613618214925,-0.0705,-0.0308663244009086
67.3666666666667,0.633607006072998,-0.0705,-0.0312233462878179
67.4,0.633607006072998,-0.0705,-0.0316042079071419
67.4333333333333,0.633607006072998,-0.0705,-0.032017382984578
67.4666666666667,0.633607006072998,-0.0705,-0.0324581495793377
67.5,0.633607006072998,-0.0705,-0.0329224461616955
67.5333333333333,0.633604526519775,-0.0705,-0.033406781261071
67.5666666666667,0.633604526519775,-0.0705,-0.0339038641870805
67.6,0.63359375,-0.0705,-0.0344162103270733
67.6333333333333,0.63359375,-0.0705,-0.0349228365361381
67.6666666666667,0.63359375,-0.0705,-0.0354438673297963
67.7,0.63359375,-0.0705,-0.0359770513272331
67.7333333333333,0.63359375,-0.0705,-0.0365204619858478
67.7666666666667,0.63359375,-0.0705,-0.0370724524518837
67.8,0.63359375,-0.0705,-0.0376316165679406
67.8333333333333,0.63359375,-0.0705,-0.0381967552062447
67.8666666666667,0.63359375,-0.0705,-0.0387668472081251
67.9,0.63359375,-0.0705,-0.0393410243067946
67.9333333333333,0.63359375,-0.0705,-0.0399185494942333
67.9666666666667,0.63359375,-0.0705,-0.0404987983654734
68,0.63359375,-0.0705,-0.0410812430363673
68.0333333333333,0.63359375,-0.0705,-0.0416654382852948
68.0666666666667,0.63359375,-0.0705,-0.042251009616346
68.1,0.63359375,-0.0705,-0.0428376429822917
68.1333333333333,0.633541552225749,-0.0705,-0.0434250759409512
68.1666666666667,0.633541552225749,-0.0705,-0.043922755941856
68.2,0.633541552225749,-0.0705,-0.0444376649159361
68.2333333333333,0.633541552225749,-0.0705,-0.0449670443103929
68.2666666666667,0.633541552225749,-0.0705,-0.0455085377669409
68.3,0.633523813883464,-0.0705,-0.0460601349327833
68.3333333333333,0.633523813883464,-0.0705,-0.0465894247621326
68.3666666666667,0.633523813883464,-0.0705,-0.0471313671557005
68.4,0.633626556396484,-0.0705,-0.0476838376621218
68.4333333333333,0.633626556396484,-0.0705,-0.0484228351463795
68.4666666666667,0.633626556396484,-0.0705,-0.0491358902258109
68.5,0.633626556396484,-0.0705,-0.0498268347232855
68.5333333333333,0.633626556396484,-0.0705,-0.0504989617624352
68.5666666666667,0.633626556396484,-0.0705,-0.0511550996655274
68.6,0.633626556396484,-0.0705,-0.0517976758439036
68.6333333333333,0.633626556396484,-0.0705,-0.0524287720268116
68.6666666666667,0.63359375,-0.0705,-0.0530501719941673
68.7,0.63359375,-0.0705,-0.0536066276711046
68.7333333333333,0.63359375,-0.0705,-0.0541667971508082
68.7666666666667,0.63359375,-0.0705,-0.0547301561246372
68.8,0.63359375,-0.0705,-0.0552962523633593
68.8333333333333,0.63359375,-0.0705,-0.0558646959447032
68.8666666666667,0.63359375,-0.0705,-0.0564351507959662
68.9,0.63359375,-0.0705,-0.057007327375441
68.9333333333333,0.633503437042236,-0.0705,-0.0575809763399848
68.9666666666667,0.633503437042236,-0.0705,-0.057999586355897
69,0.633503437042236,-0.0705,-0.0584483868099596
69.0333333333333,0.633503437042236,-0.0705,-0.0589227041118973
69.0666666666667,0.633503437042236,-0.0705,-0.0594185361306697
69.1,0.633607228597005,-0.0705,-0.0599324590654711
69.1333333333333,0.633607228597005,-0.0705,-0.0606411699379399
69.1666666666667,0.633607228597005,-0.0705,-0.0613290854351324
69.2,0.633431116739909,-0.0705,-0.0619992651389667
69.2333333333333,0.633431116739909,-0.0705,-0.0623495579690712
69.2666666666667,0.633431116739909,-0.0705,-0.0627437843126023
69.3,0.633431116739909,-0.0705,-0.0631750803242058
69.3333333333333,0.633431116739909,-0.0705,-0.0636375723239677
69.3666666666667,0.633431116739909,-0.0705,-0.0641262391862249
69.4,0.633431116739909,-0.0705,-0.0646367934931238
69.4333333333333,0.633431116739909,-0.0705,-0.0651655789199082
69.4666666666667,0.63341391881307,-0.0705,-0.0657094816589728
69.5,0.63341391881307,-0.0705,-0.0662360910414747
69.5333333333333,0.63341391881307,-0.0705,-0.0667784671188258
69.5666666666667,0.63341391881307,-0.0705,-0.0673338458463335
69.6,0.63341391881307,-0.0705,-0.0678998810476518
69.6333333333333,0.63341391881307,-0.0705,-0.0684745850222307
69.6666666666667,0.63341391881307,-0.0705,-0.0690562773458245
69.7,0.63341391881307,-0.0705,-0.0696435407512194
69.7333333333333,0.633663686116536,-0.0705,-0.0702351831262547
69.7666666666667,0.633635520935059,-0.0705,-0.0712624551497502
69.8,0.633635520935059,-0.0705,-0.0721630019250921
69.8333333333333,0.633635520935059,-0.0705,-0.0730064378244354
69.8666666666667,0.633607228597005,-0.0705,-0.0738014696795276
69.9,0.633607228597005,-0.0705,-0.0745065989480714
69.9333333333333,0.633607228597005,-0.0705,-0.0751863042033163
69.9666666666667,0.633607228597005,-0.0705,-0.0758446427714908
70,0.633528137207031,-0.0705,-0.076485081252627
70.0333333333333,0.633528137207031,-0.0705,-0.0769737014641973
70.0666666666667,0.633528137207031,-0.0705,-0.0774754006567409
70.1,0.633528137207031,-0.0705,-0.0779883706615744
70.1333333333333,0.633528137207031,-0.0705,-0.078511049192151
70.1666666666667,0.633528137207031,-0.0705,-0.0790420867025275
70.2,0.633528137207031,-0.0705,-0.0795803176913308
70.2333333333333,0.633528137207031,-0.0705,-0.0801247358565046
70.2666666666667,0.633599630991618,-0.0705,-0.0806744725855645
70.3,0.633599630991618,-0.072,-0.0663525063539616
70.3333333333333,0.633599630991618,-0.072,-0.0670114126202019
70.3666666666667,0.633599630991618,-0.072,-0.0676542078319997
70.4,0.633599630991618,-0.0735,-0.0532834715019484
70.4333333333333,0.633599630991618,-0.0735,-0.0539014070550572
70.4666666666667,0.633599630991618,-0.0735,-0.0545098943702758
70.5,0.633599630991618,-0.0735,-0.0551105351378532
70.5333333333333,0.63359375,-0.075,-0.0407046920037384
70.5666666666667,0.63359375,-0.075,-0.0412833446256336
70.6,0.63359375,-0.075,-0.0418595480080365
70.6333333333333,0.633504581451416,-0.075,-0.0424338383523093
70.6666666666667,0.633504581451416,-0.075,-0.042852348558908
70.7,0.633504581451416,-0.075,-0.0432985179096676
70.7333333333333,0.633504581451416,-0.075,-0.0437682001804314
70.7666666666667,0.633504581451416,-0.075,-0.0442578361394483
70.8,0.63359375,-0.075,-0.0447643727353941
70.8333333333333,0.63359375,-0.075,-0.0454395094321555
70.8666666666667,0.63359375,-0.075,-0.0460979409483966
70.9,0.63359375,-0.075,-0.0467422079862793
70.9333333333333,0.63359375,-0.075,-0.0473744891323372
70.9666666666667,0.63359375,-0.075,-0.047996650880365
71,0.63359375,-0.075,-0.0486102908548347
71.0333333333333,0.63359375,-0.075,-0.0492167751511112
71.0666666666667,0.633663686116536,-0.075,-0.0498172705858402
71.1,0.633490403493245,-0.075,-0.0505338048440773
71.1333333333333,0.633490403493245,-0.075,-0.0509237608600462
71.1666666666667,0.633490403493245,-0.075,-0.051347108308588
71.2,0.633490403493245,-0.075,-0.0517987907362395
71.2333333333333,0.633490403493245,-0.075,-0.0522744709223961
71.2666666666667,0.633490403493245,-0.075,-0.0527704316245843
71.3,0.633490403493245,-0.075,-0.0532834898079147
71.3333333333333,0.63359375,-0.075,-0.0538109225421733
71.3666666666667,0.63359375,-0.075,-0.0545292557236668
71.4,0.633524290720622,-0.075,-0.0552243312141301
71.4333333333333,0.633524290720622,-0.075,-0.0557794154095602
71.4666666666667,0.633524290720622,-0.075,-0.0563400919693643
71.5,0.633524290720622,-0.075,-0.0569054477739225
71.5333333333333,0.633524290720622,-0.075,-0.0574747039354519
71.5666666666667,0.633524290720622,-0.075,-0.0580471969700325
71.6,0.633524290720622,-0.075,-0.0586223625493804
71.6333333333333,0.633524290720622,-0.075,-0.059199721483226
71.6666666666667,0.633524290720622,-0.075,-0.0597788676301063
71.7,0.633524290720622,-0.075,-0.0603594574750184
71.7333333333333,0.633524290720622,-0.075,-0.0609412011475909
71.7666666666667,0.633524290720622,-0.075,-0.0615238546849096
71.8,0.633524290720622,-0.075,-0.0621072133695406
71.8333333333333,0.633524290720622,-0.075,-0.0626911059961352
71.8666666666667,0.63359375,-0.075,-0.0632753899398077
71.9,0.633536593119303,-0.075,-0.0639801539960108
71.9333333333333,0.633536593119303,-0.075,-0.0645637831069593
71.9666666666667,0.633536593119303,-0.075,-0.0651470136358429
72,0.633536593119303,-0.075,-0.0657298962289168
72.0333333333333,0.633536593119303,-0.075,-0.0663124749657942
72.0666666666667,0.633536593119303,-0.075,-0.0668947882211191
72.1,0.633536593119303,-0.075,-0.0674768694123869
72.1333333333333,0.63359375,-0.075,-0.0680587476490106
72.1666666666667,0.63359375,-0.075,-0.0687393646933455
72.2,0.63359375,-0.075,-0.0694013986122154
72.2333333333333,0.63359375,-0.075,-0.0700477260100611
72.2666666666667,0.63359375,-0.075,-0.0706808102152143
72.3,0.63359375,-0.075,-0.0713027585992367
72.3333333333333,0.63359375,-0.075,-0.07191537208852
72.3666666666667,0.63359375,-0.075,-0.0725201879214896
72.4,0.63359375,-0.075,-0.0731185165633898
72.4333333333333,0.63359375,-0.075,-0.0737114735681847
72.4666666666667,0.63359375,-0.075,-0.0743000070710506
72.5,0.63359375,-0.075,-0.0748849215030743
72.5333333333333,0.63359375,-0.075,-0.075466898040228
72.5666666666667,0.63359375,-0.075,-0.0760465122297761
72.6,0.63359375,-0.075,-0.0766242491776219
72.6333333333333,0.63359375,-0.075,-0.0772005166284213
72.6666666666667,0.63359375,-0.075,-0.0777756562255622
72.7,0.63359375,-0.075,-0.0783499531993646
72.7333333333333,0.63359375,-0.075,-0.0789236446983267
72.7666666666667,0.63359375,-0.075,-0.0794969269491996
72.8,0.63359375,-0.075,-0.0800699614065462
72.8333333333333,0.63359375,-0.075,-0.0806428800306817
72.8666666666667,0.63359375,-0.075,-0.0812157898140639
72.9,0.63359375,-0.075,-0.0817887766599019
72.9333333333333,0.633434613545736,-0.075,-0.0823619087026566
72.9666666666667,0.633454449971517,-0.075,-0.082659835651539
73,0.633454449971517,-0.075,-0.083043637201649
73.0333333333333,0.633454449971517,-0.075,-0.0834646637248515
73.0666666666667,0.633454449971517,-0.075,-0.0839171168736481
73.1,0.633454449971517,-0.075,-0.084396033652088
73.1333333333333,0.633454449971517,-0.075,-0.0848971703965756
73.1666666666667,0.633454449971517,-0.075,-0.0854169025716708
73.2,0.633454449971517,-0.075,-0.0859521382464491
73.2333333333333,0.633454449971517,-0.075,-0.086500243403491
73.2666666666667,0.633454449971517,-0.075,-0.0870589774807486
73.3,0.633454449971517,-0.075,-0.0876264377614716
73.3333333333333,0.633454449971517,-0.075,-0.088201011413552
73.3666666666667,0.633454449971517,-0.075,-0.0887813341408626
73.4,0.633454449971517,-0.075,-0.0893662545488032
73.4333333333333,0.633454449971517,-0.075,-0.0899548034471713
73.4666666666667,0.633562056223551,-0.075,-0.0905461674181796
73.5,0.633562056223551,-0.075,-0.0913258907654989
73.5333333333333,0.633562056223551,-0.075,-0.0920724890971007
73.5666666666667,0.633562056223551,-0.075,-0.0927908714472718
73.6,0.633562056223551,-0.075,-0.0934852556136347
73.6333333333333,0.633562056223551,-0.075,-0.0941592630573998
73.6666666666667,0.633562056223551,-0.075,-0.0948160009463701
73.7,0.633562056223551,-0.075,-0.0954581330701909
73.7333333333333,0.633645947774251,-0.0765,-0.0810879411256125
73.7666666666667,0.633645947774251,-0.0765,-0.0818525614136635
73.8,0.633645947774251,-0.0765,-0.0825814323204579
73.8333333333333,0.633645947774251,-0.0765,-0.0832801729282322
73.8666666666667,0.633645947774251,-0.0765,-0.0839535895668034
73.9,0.633645947774251,-0.0765,-0.0846057889166588
73.9333333333333,0.633645947774251,-0.0765,-0.0852402756786259
73.9666666666667,0.633645947774251,-0.0765,-0.0858600368942228
74,0.633645947774251,-0.0765,-0.0864676147209489
74.0333333333333,0.633506615956624,-0.0765,-0.0870651692243944
74.0666666666667,0.633506615956624,-0.0765,-0.087413403189424
74.1,0.633506615956624,-0.0765,-0.0877999180964352
74.1333333333333,0.633506615956624,-0.0765,-0.0882190585403143
74.1666666666667,0.633506615956624,-0.0765,-0.0886659642599114
74.2,0.633506615956624,-0.0765,-0.0891364610561821
74.2333333333333,0.633506615956624,-0.0765,-0.0896269664828529
74.2666666666667,0.633506615956624,-0.0765,-0.0901344083229286
74.3,0.633621915181478,-0.0765,-0.0906561541305134
74.3333333333333,0.633621915181478,-0.0765,-0.0913894885983599
74.3666666666667,0.633621915181478,-0.0765,-0.0920957732016478
74.4,0.633621915181478,-0.0765,-0.0927791254509881
74.4333333333333,0.633621915181478,-0.0765,-0.0934430757781711
74.4666666666667,0.633621915181478,-0.0765,-0.0940906486514649
74.5,0.633544476826986,-0.0765,-0.0947244326639998
74.5333333333333,0.633544476826986,-0.078,-0.0802126253167521
74.5666666666667,0.63359375,-0.078,-0.0807160990918059
74.6,0.63359375,-0.078,-0.0813178678796324
74.6333333333333,0.63359375,-0.078,-0.0819148318400068
74.6666666666667,0.63359375,-0.078,-0.0825077870975414
74.7,0.63359375,-0.078,-0.0830974120380357
74.7333333333333,0.63359375,-0.078,-0.0836842838707652
74.7666666666667,0.63359375,-0.078,-0.0842688929180868
74.8,0.633455944061279,-0.078,-0.0848516549401773
74.8333333333333,0.633455944061279,-0.078,-0.0851944331163619
74.8666666666667,0.633455944061279,-0.078,-0.0855804424153984
74.9,0.633455944061279,-0.078,-0.0860030439483847
74.9333333333333,0.633455944061279,-0.078,-0.0864565492108146
74.9666666666667,0.633455944061279,-0.078,-0.0869360885049972
75,0.633455944061279,-0.078,-0.0874374972683702
75.0333333333333,0.633455944061279,-0.078,-0.0879572178932578
75.0666666666667,0.63355614344279,-0.078,-0.0884922149475628
75.1,0.63355614344279,-0.078,-0.0892133082630479
75.1333333333333,0.63355614344279,-0.0795,-0.074912586193852
75.1666666666667,0.63355614344279,-0.0795,-0.0755931885063342
75.2,0.63355614344279,-0.0795,-0.0762578191100083
75.2333333333333,0.63355614344279,-0.0795,-0.0769088054553906
75.2666666666667,0.6335618019104,-0.0795,-0.0775481499164607
75.3,0.6335618019104,-0.0795,-0.0781873668469207
75.3333333333333,0.6335618019104,-0.0795,-0.0788163188591161
75.3666666666667,0.633329804738363,-0.0795,-0.0794365594035353
75.4,0.633329804738363,-0.0795,-0.0796479238834395
75.4333333333333,0.633329804738363,-0.0795,-0.079927848544625
75.4666666666667,0.633329804738363,-0.0795,-0.0802657136790086
75.5,0.633329804738363,-0.0795,-0.0806524257293309
75.5333333333333,0.633329804738363,-0.0795,-0.0810802055893221
75.5666666666667,0.633329804738363,-0.0795,-0.081542405742675
75.6,0.633329804738363,-0.0795,-0.0820333523500279
75.6333333333333,0.63333797454834,-0.0795,-0.0825482089153252
75.6666666666667,0.63333797454834,-0.0795,-0.0830969973884126
75.7,0.63333797454834,-0.0795,-0.08365944632855
75.7333333333333,0.63333797454834,-0.0795,-0.084232996031169
75.7666666666667,0.63333797454834,-0.0795,-0.0848154831159444
75.8,0.63333797454834,-0.0795,-0.0854050835818453
75.8333333333333,0.63333797454834,-0.0795,-0.0860002637605702
75.8666666666667,0.63333797454834,-0.0795,-0.0865997380924607
75.9,0.633468755086263,-0.0795,-0.0872024327941402
75.9333333333333,0.633468755086263,-0.0795,-0.0880337850131233
75.9666666666667,0.633468755086263,-0.0795,-0.0888245605165043
76,0.633468755086263,-0.0795,-0.0895806881767916
76.0333333333333,0.633493423461914,-0.0795,-0.0903072676927352
76.0666666666667,0.633493423461914,-0.0795,-0.0910513744201458
76.1,0.633493423461914,-0.0795,-0.0917661300917615
76.1333333333333,0.633493423461914,-0.0795,-0.0924560014095395
76.1666666666667,0.633528486887614,-0.0795,-0.0931248182800069
76.2,0.633528486887614,-0.0795,-0.0938365429876697
76.2333333333333,0.633528486887614,-0.0795,-0.0945219980214018
76.2666666666667,0.633528486887614,-0.0795,-0.0951853374052462
76.3,0.633528486887614,-0.0795,-0.0958301127408213
76.3333333333333,0.633528486887614,-0.0795,-0.0964593571492033
76.3666666666667,0.633528486887614,-0.0795,-0.0970756577508233
76.4,0.633528486887614,-0.0795,-0.0976812182317449
76.4333333333333,0.633447170257568,-0.0795,-0.0982779128367479
76.4666666666667,0.633382797241211,-0.0795,-0.0987266053938574
76.5,0.633382797241211,-0.0795,-0.0990841842831826
76.5333333333333,0.633382797241211,-0.0795,-0.0994798839379453
76.5666666666667,0.633382797241211,-0.0795,-0.0999079680826197
76.6,0.633382797241211,-0.0795,-0.100363513987938
76.6333333333333,0.633382797241211,-0.0795,-0.100842300367461
76.6666666666667,0.633382797241211,-0.0795,-0.101340710491887
76.7,0.633382797241211,-0.0795,-0.101855648471883
76.7333333333333,0.633382797241211,-0.0795,-0.10238446693498
76.7666666666667,0.633382797241211,-0.0795,-0.102924904560053
76.8,0.633382797241211,-0.0795,-0.103475032139032
76.8333333333333,0.633382797241211,-0.0795,-0.104033206014111
76.8666666666667,0.633382797241211,-0.0795,-0.104598027893341
76.9,0.633382797241211,-0.0795,-0.105168310181495
76.9333333333333,0.633382797241211,-0.0795,-0.1057430460791
76.9666666666667,0.633330122629801,-0.0795,-0.106321383803036
77,0.633333333333333,-0.0795,-0.106811445041604
77.0333333333333,0.633333333333333,-0.0795,-0.107326322820425
77.0666666666667,0.633333333333333,-0.0795,-0.107856284110928
77.1,0.633333333333333,-0.0795,-0.108398809610727
77.1333333333333,0.633333333333333,-0.0795,-0.108951753800984
77.1666666666667,0.633333333333333,-0.0795,-0.10951329228546
77.2,0.633333333333333,-0.0795,-0.110081876361433
77.2333333333333,0.633333333333333,-0.0795,-0.110656193842585
77.2666666666667,0.633333333333333,-0.0795,-0.11123513528571
77.3,0.633333333333333,-0.0795,-0.111817764887343
77.3333333333333,0.633333333333333,-0.0795,-0.112403295415181
77.3666666666667,0.633333333333333,-0.0795,-0.112991066624846
77.4,0.633333333333333,-0.0795,-0.113580526686616
77.4333333333333,0.633333333333333,-0.0795,-0.114171216210952
77.4666666666667,0.633333333333333,-0.0795,-0.114762754517179
77.5,0.633503500620524,-0.0795,-0.115354827837811
77.5333333333333,0.633503500620524,-0.0795,-0.116241672783505
77.5666666666667,0.633503500620524,-0.0795,-0.117073724157793
77.6,0.633503500620524,-0.0795,-0.117859320560543
77.6333333333333,0.633503500620524,-0.0795,-0.11860561179866
77.6666666666667,0.633503500620524,-0.081,-0.104318723129538
77.7,0.633503500620524,-0.081,-0.105003897177723
77.7333333333333,0.633427874247233,-0.081,-0.10566561653356
77.7666666666667,0.633477338155111,-0.081,-0.106176829711418
77.8,0.633477338155111,-0.081,-0.106781667501317
77.8333333333333,0.633477338155111,-0.081,-0.107377580958168
77.8666666666667,0.633477338155111,-0.081,-0.107966172002199
77.9,0.633477338155111,-0.081,-0.108548798254922
77.9333333333333,0.633477338155111,-0.081,-0.10912660790124
77.9666666666667,0.633477338155111,-0.081,-0.109700569732657
78,0.633477338155111,-0.081,-0.110271499026843
78.0333333333333,0.633477338155111,-0.081,-0.110840079830459
78.0666666666667,0.633477338155111,-0.081,-0.111406884135713
78.1,0.633477338155111,-0.081,-0.111972388374893
78.1333333333333,0.633477338155111,-0.081,-0.112536987599797
78.1666666666667,0.633477338155111,-0.081,-0.113101007663387
78.2,0.633477338155111,-0.081,-0.113664715678023
78.2333333333333,0.633477338155111,-0.081,-0.114228328987456
78.2666666666667,0.633477338155111,-0.081,-0.114792022857589
78.3,0.633441893259684,-0.081,-0.115355937063179
78.3333333333333,0.633441893259684,-0.081,-0.115858840153488
78.3666666666667,0.633441893259684,-0.081,-0.11637358597884
78.4,0.633441893259684,-0.081,-0.116898466570219
78.4333333333333,0.633441893259684,-0.081,-0.117432011298259
78.4666666666667,0.633441893259684,-0.081,-0.117972954511636
78.5,0.633441893259684,-0.081,-0.11852020754373
78.5333333333333,0.633473873138428,-0.081,-0.119072834501156
78.5666666666667,0.633333333333333,-0.081,-0.119685376095946
78.6,0.633333333333333,-0.081,-0.120048266863208
78.6333333333333,0.633333333333333,-0.081,-0.120451043858874
78.6666666666667,0.633333333333333,-0.0825,-0.10588754252537
78.7,0.633333333333333,-0.0825,-0.1063524833326
78.7333333333333,0.633333333333333,-0.0825,-0.106841349072092
78.7666666666667,0.633333333333333,-0.084,-0.0923502788624141
78.8,0.633333333333333,-0.084,-0.092875976611545
78.8333333333333,0.633461793263753,-0.0855,-0.0784156319844546
78.8666666666667,0.633530616760254,-0.087,-0.0641891665147047
78.9,0.633530616760254,-0.0885,-0.0500499224599608
78.9333333333333,0.633530616760254,-0.0885,-0.0508612996297728
78.9666666666667,0.633530616760254,-0.0885,-0.0516307749944175
79,0.633530616760254,-0.0885,-0.0523647620245578
79.0333333333333,0.633530616760254,-0.0885,-0.0530687574530429
79.0666666666667,0.633530616760254,-0.0885,-0.0537474680986361
79.1,0.633426698048909,-0.0885,-0.0544049204376416
79.1333333333333,0.633426698048909,-0.0885,-0.054864712254899
79.1666666666667,0.633426698048909,-0.0885,-0.0553431272364541
79.2,0.633426698048909,-0.0885,-0.0558374738025576
79.2333333333333,0.633426698048909,-0.0885,-0.0563454347907738
79.2666666666667,0.633426698048909,-0.0885,-0.0568650163753896
79.3,0.633333333333333,-0.0885,-0.0573945038838997
79.3333333333333,0.633333333333333,-0.0885,-0.057770845464509
79.3666666666667,0.633406575520833,-0.0885,-0.0581844546221159
79.4,0.633406575520833,-0.0885,-0.0587563312866916
79.4333333333333,0.633406575520833,-0.0885,-0.0593311798006958
79.4666666666667,0.633406575520833,-0.0885,-0.0599084446374595
79.5,0.633406575520833,-0.0885,-0.0604876562125724
79.5333333333333,0.633406575520833,-0.0885,-0.0610684185400259
79.5666666666667,0.633406575520833,-0.0885,-0.061650398600159
79.6,0.633406575520833,-0.0885,-0.0622333171862513
79.6333333333333,0.633407560984294,-0.0885,-0.0628169410280605
79.6666666666667,0.633407560984294,-0.0885,-0.0634027814729665
79.7,0.633407560984294,-0.0885,-0.0639886545801567
79.7333333333333,0.633407560984294,-0.0885,-0.0645744771849818
79.7666666666667,0.633407560984294,-0.0885,-0.0651601830855383
79.8,0.633407560984294,-0.0885,-0.0657457203431389
79.8333333333333,0.633407560984294,-0.0885,-0.0663310489753513
79.8666666666667,0.633407560984294,-0.0885,-0.0669161389868368
79.9,0.633506552378337,-0.0885,-0.0675009686906912
79.9333333333333,0.633506552378337,-0.0885,-0.0682568389981458
79.9666666666667,0.633506552378337,-0.0885,-0.068980509761223
80,0.633506552378337,-0.0885,-0.0696769251448001
80.0333333333333,0.633506552378337,-0.0885,-0.0703503215771241
80.0666666666667,0.633426698048909,-0.0885,-0.0710043257307631
80.1,0.633426698048909,-0.0885,-0.0715038422895917
80.1333333333333,0.633426698048909,-0.0885,-0.072015463109296
80.1666666666667,0.633333333333333,-0.0885,-0.0725374568999662
80.2,0.633333333333333,-0.0885,-0.0729067538399489
80.2333333333333,0.633333333333333,-0.09,-0.0583137485581081
80.2666666666667,0.633333333333333,-0.09,-0.0587526677426257
80.3,0.633333333333333,-0.09,-0.0592185635303172
80.3333333333333,0.633333333333333,-0.09,-0.0597071992971394
80.3666666666667,0.633333333333333,-0.09,-0.0602149509859284
80.4,0.633333333333333,-0.09,-0.0607387218766858
80.4333333333333,0.633333333333333,-0.09,-0.0612758689857339
80.4666666666667,0.633333333333333,-0.09,-0.0618241395234811
80.5,0.633333333333333,-0.09,-0.0623816160513782
80.5333333333333,0.633333333333333,-0.09,-0.0629466691612565
80.5666666666667,0.633333333333333,-0.09,-0.0635179166584193
80.6,0.633333333333333,-0.09,-0.0640941883668288
80.6333333333333,0.633333333333333,-0.09,-0.0646744957933745
80.6666666666667,0.633333333333333,-0.09,-0.0652580059909422
80.7,0.633415381113688,-0.09,-0.0658440190489548
80.7333333333333,0.633415381113688,-0.09,-0.0665739416104547
80.7666666666667,0.633415381113688,-0.09,-0.0672788389345783
80.8,0.633415381113688,-0.09,-0.0679624060609256
80.8333333333333,0.633383496602376,-0.09,-0.0686278186479672
80.8666666666667,0.633383496602376,-0.09,-0.0692226244889485
80.9,0.633383496602376,-0.09,-0.0698146239983821
80.9333333333333,0.633383496602376,-0.09,-0.0704042309125891
80.9666666666667,0.633260409037272,-0.09,-0.0709918008545106
81,0.633260409037272,-0.09,-0.0713646224545646
81.0333333333333,0.633260409037272,-0.09,-0.0717756587868447
81.0666666666667,0.633260409037272,-0.09,-0.0722189815102703
81.1,0.633260409037272,-0.09,-0.0726895148206311
81.1333333333333,0.633260409037272,-0.09,-0.0731829171509848
81.1666666666667,0.633260409037272,-0.09,-0.0736954789902888
81.2,0.633260409037272,-0.09,-0.0742240346454526
81.2333333333333,0.633252143859863,-0.09,-0.0747658860638989
81.2666666666667,0.633252143859863,-0.09,-0.0753044332693095
81.3,0.633252143859863,-0.09,-0.075854693817328
81.3333333333333,0.633252143859863,-0.09,-0.076414599766613
81.3666666666667,0.633252143859863,-0.09,-0.0769823966284483
81.4,0.633252143859863,-0.09,-0.0775565987610458
81.4333333333333,0.633252143859863,-0.09,-0.0781359509208705
81.4666666666667,0.633252143859863,-0.09,-0.0787193951344288
81.5,0.633252143859863,-0.09,-0.0793060421666655
81.5333333333333,0.633252143859863,-0.09,-0.0798951469597106
81.5666666666667,0.633252143859863,-0.09,-0.08048608750021
81.6,0.633252143859863,-0.0915,-0.0660783466466384
81.6333333333333,0.633252143859863,-0.0915,-0.0666714965113224
81.6666666666667,0.633252143859863,-0.093,-0.0522651850467318
81.7,0.633252143859863,-0.093,-0.0528591245330509
81.7333333333333,0.633252143859863,-0.0945,-0.0384530817051228
81.7666666666667,0.633322302500407,-0.0945,-0.0390468692923993
81.8,0.633322302500407,-0.0945,-0.0397617561787091
81.8333333333333,0.633322302500407,-0.0945,-0.0404535895280897
81.8666666666667,0.633322302500407,-0.0945,-0.0411257879420587
81.9,0.633322302500407,-0.0945,-0.0417812885089779
81.9333333333333,0.633322302500407,-0.0945,-0.0424226129213429
81.9666666666667,0.633322302500407,-0.0945,-0.04305192463466
82,0.633322302500407,-0.0945,-0.0436710782730058
82.0333333333333,0.633408260345459,-0.0945,-0.0442816623248925
82.0666666666667,0.633262189229329,-0.0945,-0.0450337957323733
82.1,0.633262189229329,-0.0945,-0.0454993749879007
82.1333333333333,0.633262189229329,-0.0945,-0.0459835756811139
82.1666666666667,0.633262189229329,-0.0945,-0.0464836207813374
82.2,0.633262189229329,-0.0945,-0.0469971254549625
82.2333333333333,0.633262189229329,-0.0945,-0.0475220431382142
82.2666666666667,0.633262189229329,-0.0945,-0.0480566189220287
82.3,0.633262189229329,-0.0945,-0.0485993492650152
82.3333333333333,0.633262189229329,-0.0945,-0.049148947182351
82.3666666666667,0.633262189229329,-0.0945,-0.0497043121727146
82.4,0.633262189229329,-0.0945,-0.050264504244317
82.4333333333333,0.633262189229329,-0.0945,-0.0508287214868262
82.4666666666667,0.633262189229329,-0.0945,-0.051396280710236
82.5,0.633262189229329,-0.0945,-0.0519666007360477
82.5333333333333,0.633262189229329,-0.0945,-0.0525391879818429
82.5666666666667,0.633211104075114,-0.0945,-0.0531136240285797
82.6,0.633211104075114,-0.0945,-0.0536011463083037
82.6333333333333,0.633211104075114,-0.0945,-0.054106334738499
82.6666666666667,0.633211104075114,-0.0945,-0.054626384005379
82.7,0.633211104075114,-0.0945,-0.0551588963651251
82.7333333333333,0.633211104075114,-0.0945,-0.055701824802184
82.7666666666667,0.633211104075114,-0.0945,-0.0562534239527282
82.8,0.633211104075114,-0.0945,-0.0568122077440374
82.8333333333333,0.6332701365153,-0.0945,-0.0573769128414978
82.8666666666667,0.6332701365153,-0.0945,-0.0580486293808105
82.9,0.6332701365153,-0.0945,-0.0587052546518678
82.9333333333333,0.6332701365153,-0.0945,-0.0593489722062467
82.9666666666667,0.6332701365153,-0.0945,-0.0599816616812184
83,0.6332701365153,-0.0945,-0.0606049402737807
83.0333333333333,0.6332701365153,-0.0945,-0.0612201986138521
83.0666666666667,0.6332701365153,-0.0945,-0.0618286317886951
83.1,0.633330122629801,-0.0945,-0.0624312661699694
83.1333333333333,0.63324031829834,-0.0945,-0.063132795311871
83.1666666666667,0.63324031829834,-0.0945,-0.0636554056089966
83.2,0.63324031829834,-0.0945,-0.0641871128671505
83.2333333333333,0.63324031829834,-0.0945,-0.0647265493578318
83.2666666666667,0.63324031829834,-0.0945,-0.0652725412544777
83.3,0.63324031829834,-0.0945,-0.06582408191887
83.3333333333333,0.63324031829834,-0.0945,-0.0663803088134535
83.3666666666667,0.63324031829834,-0.0945,-0.0669404835513369
83.4,0.63324031829834,-0.0945,-0.0675039746611943
83.4333333333333,0.63324031829834,-0.0945,-0.0680702427009873
83.4666666666667,0.63324031829834,-0.0945,-0.0686388274035493
83.5,0.63324031829834,-0.0945,-0.0692093365796061
83.5333333333333,0.63324031829834,-0.0945,-0.0697814365406701
83.5666666666667,0.63324031829834,-0.0945,-0.0703548438361519
83.6,0.633140627543131,-0.0945,-0.0709293181266848
83.6333333333333,0.633140627543131,-0.0945,-0.0713321299979297
83.6666666666667,0.633140627543131,-0.0945,-0.0717677745539913
83.7,0.633140627543131,-0.0945,-0.0722311235673531
83.7333333333333,0.633140627543131,-0.0945,-0.0727177885158338
83.7666666666667,0.633140627543131,-0.0945,-0.073224017785563
83.8,0.633140627543131,-0.0945,-0.0737466078910153
83.8333333333333,0.633140627543131,-0.0945,-0.0742828268199935
83.8666666666667,0.633276907602946,-0.0945,-0.0748303478654679
83.9,0.633276907602946,-0.0945,-0.0756230404664278
83.9333333333333,0.633276907602946,-0.0945,-0.0763794398024925
83.9666666666667,0.633276907602946,-0.0945,-0.0771049355564395
84,0.633276907602946,-0.0945,-0.0778041577488066
84.0333333333333,0.633276907602946,-0.0945,-0.0784810810849729
84.0666666666667,0.633276907602946,-0.0945,-0.0791391151613074
84.1,0.633227475484212,-0.0945,-0.0797811824328359
84.1333333333333,0.633212566375732,-0.0945,-0.0803242377599789
84.1666666666667,0.633212566375732,-0.0945,-0.0808461053706869
84.2,0.633212566375732,-0.0945,-0.0813767526281861
84.2333333333333,0.633212566375732,-0.0945,-0.081914880371582
84.2666666666667,0.633212566375732,-0.0945,-0.0824593722423365
84.3,0.633212566375732,-0.0945,-0.083009269596503
84.3333333333333,0.633212566375732,-0.0945,-0.0835637498152227
84.3666666666667,0.633212566375732,-0.096,-0.0691221075564147
84.4,0.63320213953654,-0.096,-0.0696837385518295
84.4333333333333,0.63320213953654,-0.096,-0.070230080791103
84.4666666666667,0.63320213953654,-0.096,-0.0707820985354558
84.5,0.63320213953654,-0.096,-0.0713388928544952
84.5333333333333,0.63320213953654,-0.096,-0.0718996952739061
84.5666666666667,0.63320213953654,-0.096,-0.0724638495913285
84.6,0.63320213953654,-0.096,-0.0730307961756647
84.6333333333333,0.63320213953654,-0.0975,-0.0586000584143059
84.6666666666667,0.633100954691569,-0.0975,-0.0591712310178254
84.7,0.633100954691569,-0.0975,-0.0595688581990153
84.7333333333333,0.633100954691569,-0.0975,-0.0600003826328041
84.7666666666667,0.633100954691569,-0.0975,-0.0604604995036519
84.8,0.633100954691569,-0.0975,-0.0609446698287577
84.8333333333333,0.633100954691569,-0.0975,-0.0614490139849071
84.8666666666667,0.633100954691569,-0.0975,-0.061970219756871
84.9,0.633184146881103,-0.0975,-0.06250546294692
84.9333333333333,0.633303642272949,-0.0975,-0.0631963122700954
84.9666666666667,0.633303642272949,-0.0975,-0.0640767285952011
85,0.633303642272949,-0.0975,-0.0649038097199642
85.0333333333333,0.633303642272949,-0.0975,-0.0656856206087994
85.0666666666667,0.633303642272949,-0.0975,-0.0664290798200588
85.1,0.633303642272949,-0.0975,-0.0671401176579774
85.1333333333333,0.633303642272949,-0.0975,-0.0678238128428145
85.1666666666667,0.633303642272949,-0.0975,-0.0684845105928691
85.2,0.633275540669759,-0.099,-0.0541259246240219
85.2333333333333,0.633254559834798,-0.1005,-0.0397025922577593
85.2666666666667,0.633254559834798,-0.1005,-0.0402385998069371
85.3,0.633254559834798,-0.1005,-0.0407779176711551
85.3333333333333,0.633254559834798,-0.1005,-0.0413202502922724
85.3666666666667,0.633254559834798,-0.102,-0.0268653306513279
85.4,0.633254559834798,-0.102,-0.0274129172734128
85.4333333333333,0.633254559834798,-0.102,-0.0279627915715096
85.4666666666667,0.633254559834798,-0.102,-0.0285147554886091
85.5,0.633254559834798,-0.102,-0.0290686294024942
85.5333333333333,0.633254559834798,-0.102,-0.0296242502620259
85.5666666666667,0.633254559834798,-0.102,-0.0301814699276301
85.6,0.633254559834798,-0.102,-0.0307401536920633
85.6333333333333,0.633254559834798,-0.102,-0.0313001789604697
85.6666666666667,0.633254559834798,-0.102,-0.0318614340713246
85.7,0.633254559834798,-0.102,-0.0324238172420913
85.7333333333333,0.633135414123535,-0.102,-0.032987235625388
85.7666666666667,0.633135414123535,-0.102,-0.0333454094363307
85.8,0.633135414123535,-0.102,-0.0337428694068957
85.8333333333333,0.633135414123535,-0.102,-0.0341735885526033
85.8666666666667,0.633135414123535,-0.102,-0.0346324022828104
85.9,0.633135414123535,-0.102,-0.0351148890324791
85.9333333333333,0.633135414123535,-0.102,-0.03561726713635
85.9666666666667,0.633135414123535,-0.102,-0.036136305755526
86,0.633251317342122,-0.102,-0.0366692479602754
86.0333333333333,0.633251317342122,-0.102,-0.0374143278566849
86.0666666666667,0.633251317342122,-0.102,-0.0381315949514829
86.1,0.633251317342122,-0.102,-0.0388251448801991
86.1333333333333,0.633251317342122,-0.102,-0.0394984983288216
86.1666666666667,0.633251317342122,-0.102,-0.0401546798451918
86.2,0.633251317342122,-0.102,-0.0407962859818534
86.2333333333333,0.633251317342122,-0.102,-0.0414255442047781
86.2666666666667,0.633251317342122,-0.102,-0.0420443638102527
86.3,0.633137130737305,-0.102,-0.0426543799257356
86.3333333333333,0.633137130737305,-0.102,-0.0430593787897995
86.3666666666667,0.633137130737305,-0.102,-0.0434949830939614
86.4,0.633137130737305,-0.102,-0.0439565052497638
86.4333333333333,0.633137130737305,-0.102,-0.0444399279134486
86.4666666666667,0.633137130737305,-0.102,-0.0449418112485364
86.5,0.633137130737305,-0.102,-0.045459212804688
86.5333333333333,0.633104864756266,-0.102,-0.0459896183119476
86.5666666666667,0.633100191752116,-0.102,-0.0464750420157724
86.6,0.633100191752116,-0.102,-0.0469718103316476
86.6333333333333,0.633100191752116,-0.102,-0.0474863472685635
86.6666666666667,0.633100191752116,-0.102,-0.048015715248671
86.7,0.633100191752116,-0.102,-0.0485574107393166
86.7333333333333,0.633100191752116,-0.102,-0.0491093032224157
86.7666666666667,0.633100191752116,-0.102,-0.0496695825366186
86.8,0.633100191752116,-0.102,-0.0502367134583576
86.8333333333333,0.63316011428833,-0.102,-0.0508093965403517
86.8666666666667,0.63316011428833,-0.102,-0.0514902370331335
86.9,0.63316011428833,-0.102,-0.0521552884750526
86.9333333333333,0.63316011428833,-0.102,-0.0528067698677512
86.9666666666667,0.63316011428833,-0.102,-0.053446595864218
87,0.63316011428833,-0.102,-0.0540764179808023
87.0333333333333,0.63316011428833,-0.102,-0.0546976602671713
87.0666666666667,0.63316011428833,-0.102,-0.0553115501766657
87.1,0.633072916666667,-0.102,-0.0559191452802488
87.1333333333333,0.633072916666667,-0.102,-0.0563704511094687
87.1666666666667,0.633072916666667,-0.102,-0.0568452698896438
87.2,0.633072916666667,-0.102,-0.0573399170939901
87.2333333333333,0.633072916666667,-0.102,-0.0578512404207879
87.2666666666667,0.633072916666667,-0.102,-0.0583765457774477
87.3,0.633138879140218,-0.102,-0.0589135333608931
87.3333333333333,0.633138879140218,-0.102,-0.0595743979355605
87.3666666666667,0.633098252614339,-0.102,-0.0602220481978141
87.4,0.633098252614339,-0.102,-0.0607880540480545
87.4333333333333,0.633098252614339,-0.102,-0.0613574419033962
87.4666666666667,0.633098252614339,-0.102,-0.0619295762948285
87.5,0.633098252614339,-0.102,-0.062503920236969
87.5333333333333,0.633098252614339,-0.102,-0.0630800210717178
87.5666666666667,0.633098252614339,-0.102,-0.0636574982758399
87.6,0.633098252614339,-0.102,-0.0642360329649203
87.6333333333333,0.633072916666667,-0.102,-0.0648153588622372
87.6666666666667,0.633072916666667,-0.102,-0.0653514078310793
87.7,0.633072916666667,-0.102,-0.0658960117313673
87.7333333333333,0.633072916666667,-0.102,-0.0664477531597733
87.7666666666667,0.633072916666667,-0.102,-0.0670054243274942
87.8,0.633072916666667,-0.102,-0.0675679975741721
87.8333333333333,0.633072916666667,-0.102,-0.0681345999278862
87.8666666666667,0.633072916666667,-0.102,-0.0687044911632062
87.9,0.633072916666667,-0.102,-0.0692770448829831
87.9333333333333,0.633072916666667,-0.102,-0.0698517322134073
87.9666666666667,0.633072916666667,-0.102,-0.0704281077571198
88,0.633072916666667,-0.102,-0.0710057974970421
88.0333333333333,0.633072916666667,-0.102,-0.0715844883850279
88.0666666666667,0.633072916666667,-0.102,-0.0721639193853285
88.1,0.633072916666667,-0.102,-0.0727438737739278
88.1333333333333,0.633072916666667,-0.102,-0.073324172521704
88.1666666666667,0.633072916666667,-0.102,-0.0739046686126538
88.2,0.633072916666667,-0.102,-0.0744852421685638
88.2333333333333,0.633072916666667,-0.102,-0.0750657962689651
88.2666666666667,0.633072916666667,-0.102,-0.0756462533702899
88.3,0.633072916666667,-0.1035,-0.0612265522412202
88.3333333333333,0.633072916666667,-0.1035,-0.0618066453425102
88.3666666666667,0.633072916666667,-0.1035,-0.0623864965893534
88.4,0.633072916666667,-0.1035,-0.0629660794428086
88.4333333333333,0.633051586151123,-0.1035,-0.0635453752841243
88.4666666666667,0.633051586151123,-0.105,-0.049087457180735
88.5,0.633051586151123,-0.105,-0.0496361103241365
88.5333333333333,0.633051586151123,-0.1065,-0.0351902660330672
88.5666666666667,0.633051586151123,-0.1065,-0.0357490124663233
88.6,0.633051586151123,-0.1065,-0.0363115726412228
88.6333333333333,0.633051586151123,-0.1065,-0.0368772854626589
88.6666666666667,0.633051586151123,-0.1065,-0.0374455893553904
88.7,0.633131726582845,-0.1065,-0.0380160081469687
88.7333333333333,0.633131726582845,-0.1065,-0.0387268309085793
88.7666666666667,0.633131726582845,-0.1065,-0.0394131877787286
88.8,0.633131726582845,-0.1065,-0.0400787985560781
88.8333333333333,0.633131726582845,-0.1065,-0.0407268529526968
88.8666666666667,0.633131726582845,-0.1065,-0.0413600838149379
88.9,0.633131726582845,-0.1065,-0.0419808303920154
88.9333333333333,0.633105723063151,-0.1065,-0.0425910929933745
88.9666666666667,0.633072916666667,-0.1065,-0.0431475781865023
89,0.633072916666667,-0.1065,-0.0436483540930496
89.0333333333333,0.633072916666667,-0.1065,-0.044160714686093
89.0666666666667,0.633072916666667,-0.1065,-0.0446829633168679
89.1,0.633072916666667,-0.1065,-0.0452136408876375
89.1333333333333,0.633072916666667,-0.1065,-0.0457514933336449
89.1666666666667,0.633072916666667,-0.1065,-0.046295443503757
89.2,0.633072916666667,-0.1065,-0.0468445668486127
89.2333333333333,0.633335749308268,-0.1065,-0.0473980704042712
89.2666666666667,0.633335749308268,-0.1065,-0.0484101360158494
89.3,0.633335749308268,-0.1065,-0.0493405820088853
89.3333333333333,0.633335749308268,-0.1065,-0.0502020499805626
89.3666666666667,0.633335749308268,-0.1065,-0.0510053648750425
89.4,0.633335749308268,-0.1065,-0.0517597869759856
89.4333333333333,0.633335749308268,-0.1065,-0.0524732295717008
89.4666666666667,0.633335749308268,-0.1065,-0.0531524469241909
89.5,0.633112080891927,-0.108,-0.0388031965518239
89.5333333333333,0.633112080891927,-0.108,-0.0390432959968544
89.5666666666667,0.633112080891927,-0.108,-0.039336105323358
89.6,0.633112080891927,-0.108,-0.0396739765915313
89.6333333333333,0.633112080891927,-0.108,-0.0400503277956407
89.6666666666667,0.633112080891927,-0.108,-0.0404594972952817
89.7,0.633129596710205,-0.108,-0.0408966179125193
89.7333333333333,0.633129596710205,-0.108,-0.0413878211432495
89.7666666666667,0.633072916666667,-0.108,-0.0418935565657096
89.8,0.633072916666667,-0.108,-0.0423135285413764
89.8333333333333,0.633072916666667,-0.108,-0.0427622115136241
89.8666666666667,0.633072916666667,-0.108,-0.0432351518418132
89.9,0.633072916666667,-0.108,-0.0437285363266519
89.9333333333333,0.633072916666667,-0.108,-0.0442391033429733
89.9666666666667,0.633072916666667,-0.108,-0.0447640660804903
90,0.633072916666667,-0.108,-0.0453010462588251
90.0333333333333,0.633111317952474,-0.108,-0.0458480169023752
90.0666666666667,0.633111317952474,-0.108,-0.0464697106859445
90.1,0.633111317952474,-0.108,-0.0470858233604009
90.1333333333333,0.633111317952474,-0.108,-0.0476970314256901
90.1666666666667,0.633111317952474,-0.108,-0.0483039262239442
90.2,0.633111317952474,-0.108,-0.0489070249180348
90.2333333333333,0.633111317952474,-0.108,-0.0495067800343327
90.2666666666667,0.633111317952474,-0.108,-0.0501035877590207
90.3,0.632855478922526,-0.108,-0.0506977951522269
90.3333333333333,0.632855478922526,-0.108,-0.0508469482645227
90.3666666666667,0.632855478922526,-0.108,-0.05107655576489
90.4,0.632855478922526,-0.108,-0.0513740621915981
90.4333333333333,0.632855478922526,-0.108,-0.051728722411207
90.4666666666667,0.632960573832194,-0.108,-0.0521313500847403
90.5,0.632960573832194,-0.108,-0.0527559789662864
90.5333333333333,0.632960573832194,-0.108,-0.0533801566284935
90.5666666666667,0.633072916666667,-0.108,-0.0540034381309322
90.6,0.633072916666667,-0.108,-0.0548198973916836
90.6333333333333,0.633072916666667,-0.108,-0.0555986259430534
90.6666666666667,0.633072916666667,-0.108,-0.0563450409885809
90.7,0.633072916666667,-0.108,-0.0570638086342927
90.7333333333333,0.633072916666667,-0.108,-0.057758946181939
90.7666666666667,0.633072916666667,-0.108,-0.0584339106231124
90.8,0.633072916666667,-0.108,-0.059091675186055
90.8333333333333,0.632925319671631,-0.108,-0.0597347955391724
90.8666666666667,0.632925319671631,-0.108,-0.0601100338736513
90.9,0.632925319671631,-0.108,-0.0605222938622396
90.9333333333333,0.632925319671631,-0.108,-0.0609658135181365
90.9666666666667,0.632925319671631,-0.108,-0.0614356606684299
91,0.632925319671631,-0.108,-0.0619276177246557
91.0333333333333,0.632925319671631,-0.108,-0.0624380821592185
91.0666666666667,0.632925319671631,-0.108,-0.0629639805680769
91.1,0.63299929300944,-0.108,-0.063502694484603
91.1333333333333,0.63299929300944,-0.108,-0.0641800155201699
91.1666666666667,0.63299929300944,-0.108,-0.0648421832863295
91.2,0.63299929300944,-0.108,-0.0654912919425671
91.2333333333333,0.63299929300944,-0.108,-0.0661291509320727
91.2666666666667,0.633239968617757,-0.108,-0.0667573233534902
91.3,0.633239968617757,-0.108,-0.067793675340705
91.3333333333333,0.633239968617757,-0.108,-0.0687452614272778
91.3666666666667,0.633083693186442,-0.108,-0.0696251193914672
91.4,0.633083693186442,-0.108,-0.0701739670977644
91.4333333333333,0.633083693186442,-0.108,-0.0707222016237526
91.4666666666667,0.633083693186442,-0.108,-0.0712701859902827
91.5,0.633083693186442,-0.108,-0.0718182138512836
91.5333333333333,0.633083693186442,-0.108,-0.0723665203052604
91.5666666666667,0.633083693186442,-0.108,-0.072915291148791
91.6,0.633083693186442,-0.108,-0.0734646707884379
91.6333333333333,0.633122189839681,-0.108,-0.0740147689979852
91.6666666666667,0.633042748769124,-0.108,-0.0746322894618758
91.7,0.633042748769124,-0.108,-0.0751007731568662
91.7333333333333,0.633042748769124,-0.108,-0.0755852755912462
91.7666666666667,0.633042748769124,-0.108,-0.0760834941484219
91.8,0.633042748769124,-0.108,-0.0765934456587419
91.8333333333333,0.633042748769124,-0.108,-0.0771134228799888
91.8666666666667,0.633042748769124,-0.108,-0.0776419568495366
91.9,0.633042748769124,-0.108,-0.0781777843201362
91.9333333333333,0.633020718892415,-0.108,-0.0787198195967476
91.9666666666667,0.633020718892415,-0.108,-0.0792290050088174
92,0.633020718892415,-0.108,-0.0797497679128063
92.0333333333333,0.633072916666667,-0.108,-0.0802803206036655
92.0666666666667,0.633072916666667,-0.108,-0.080909466033922
92.1,0.633072916666667,-0.1095,-0.0665287311236611
92.1333333333333,0.633072916666667,-0.1095,-0.0671396053897881
92.1666666666667,0.633072916666667,-0.1095,-0.0677433669165327
92.2,0.633033466339111,-0.111,-0.0533411115027956
92.2333333333333,0.633033466339111,-0.111,-0.0538655046319693
92.2666666666667,0.633033466339111,-0.111,-0.0543983418663681
92.3,0.633033466339111,-0.111,-0.0549383378916114
92.3333333333333,0.633033466339111,-0.111,-0.0554843906520544
92.3666666666667,0.633033466339111,-0.111,-0.0560355560305478
92.4,0.633033466339111,-0.111,-0.0565910259702476
92.4333333333333,0.633033466339111,-0.111,-0.0571501095746169
92.4666666666667,0.632910283406576,-0.111,-0.0577122167839712
92.5,0.632910283406576,-0.111,-0.058063662389406
92.5333333333333,0.632910283406576,-0.111,-0.0584569142916753
92.5666666666667,0.632910283406576,-0.111,-0.058885449793363
92.6,0.632910283406576,-0.111,-0.0593436865888837
92.6333333333333,0.632910283406576,-0.111,-0.0598268521093256
92.6666666666667,0.632910283406576,-0.111,-0.0603308706807509
92.7,0.632910283406576,-0.111,-0.0608522660915525
92.7333333333333,0.63290475209554,-0.111,-0.061388077487233
92.7666666666667,0.63290475209554,-0.111,-0.0619262142359325
92.8,0.633100954691569,-0.111,-0.0624758942982873
92.8333333333333,0.633100954691569,-0.111,-0.0633745800232326
92.8666666666667,0.633100954691569,-0.111,-0.0642176952652175
92.9,0.633100954691569,-0.111,-0.065013553211551
92.9333333333333,0.633100954691569,-0.111,-0.0657692912600696
92.9666666666667,0.633100954691569,-0.111,-0.0664910328121203
93,0.633039347330729,-0.111,-0.0671840271188982
93.0333333333333,0.633039347330729,-0.111,-0.0677461516822089
93.0666666666667,0.633039347330729,-0.111,-0.0683077345333163
93.1,0.633039347330729,-0.111,-0.0688689842635794
93.1333333333333,0.633039347330729,-0.111,-0.0694300714882733
93.1666666666667,0.633039347330729,-0.111,-0.0699911346676392
93.2,0.633039347330729,-0.111,-0.0705522850953295
93.2333333333333,0.633039347330729,-0.111,-0.0711136111694681
93.2666666666667,0.633212566375732,-0.111,-0.0716751820458741
93.3,0.633212566375732,-0.111,-0.0725368257597647
93.3333333333333,0.633212566375732,-0.111,-0.0733429602610489
93.3666666666667,0.633212566375732,-0.111,-0.0741022733233503
93.4,0.633212566375732,-0.111,-0.0748221984570528
93.4333333333333,0.633212566375732,-0.111,-0.0755090892918732
93.4666666666667,0.633212566375732,-0.1125,-0.0611683701756825
93.5,0.633212566375732,-0.1125,-0.0618046662004514
93.5333333333333,0.633212566375732,-0.1125,-0.062421915435119
93.5666666666667,0.633212566375732,-0.1125,-0.063023465771803
93.6,0.633212566375732,-0.1125,-0.0636121584683823
93.6333333333333,0.633212566375732,-0.1125,-0.0641904001903955
93.6666666666667,0.633212566375732,-0.1125,-0.0647602251126397
93.7,0.633212566375732,-0.1125,-0.0653233484307879
93.7333333333333,0.633212566375732,-0.1125,-0.0658812124514487
93.7666666666667,0.633212566375732,-0.1125,-0.0664350262715718
93.8,0.632848389943441,-0.1125,-0.066985799921734
93.8333333333333,0.632848389943441,-0.1125,-0.0669041255367227
93.8666666666667,0.632848389943441,-0.1125,-0.0669383593519647
93.9,0.632848389943441,-0.1125,-0.0670708689225154
93.9333333333333,0.632848389943441,-0.1125,-0.067286535135984
93.9666666666667,0.632848389943441,-0.1125,-0.0675724050014261
94,0.632848389943441,-0.1125,-0.0679173916349365
94.0333333333333,0.632848389943441,-0.1125,-0.0683120150818313
94.0666666666667,0.632924111684163,-0.1125,-0.0687481784683221
94.1,0.632924111684163,-0.1125,-0.0693500196862154
94.1333333333333,0.632924111684163,-0.1125,-0.0699561965818599
94.1666666666667,0.632924111684163,-0.1125,-0.0705654893621482
94.2,0.632924111684163,-0.1125,-0.0711768887027527
94.2333333333333,0.632924111684163,-0.1125,-0.0717895641206052
94.2666666666667,0.632924111684163,-0.1125,-0.072402836829102
94.3,0.632924111684163,-0.1125,-0.0730161564585287
94.3333333333333,0.6328125,-0.1125,-0.0736290811080137
94.3666666666667,0.6328125,-0.1125,-0.0740481037205569
94.4,0.6328125,-0.1125,-0.0745020912463448
94.4333333333333,0.6328125,-0.1125,-0.0749852546956375
94.4666666666667,0.6328125,-0.1125,-0.0754926609457117
94.5,0.6328125,-0.1125,-0.0760201123641395
94.5333333333333,0.6328125,-0.1125,-0.0765640429489746
94.5666666666667,0.632815233866374,-0.1125,-0.0771214287488037
94.6,0.6328125,-0.1125,-0.077694441889116
94.6333333333333,0.6328125,-0.1125,-0.0782705775423748
94.6666666666667,0.6328125,-0.1125,-0.0788537650560017
94.7,0.6328125,-0.1125,-0.0794424562948112
94.7333333333333,0.6328125,-0.1125,-0.0800353548508749
94.7666666666667,0.6328125,-0.1125,-0.0806313791027359
94.8,0.6328125,-0.1125,-0.08122963045178
94.8333333333333,0.6328125,-0.1125,-0.0818293660267132
94.8666666666667,0.632938098907471,-0.1125,-0.0824299752430345
94.9,0.632938098907471,-0.1125,-0.0832483226946508
94.9333333333333,0.632938098907471,-0.1125,-0.0840261482101852
94.9666666666667,0.632938098907471,-0.1125,-0.084769407250244
95,0.632938098907471,-0.1125,-0.085483220030433
95.0333333333333,0.632938098907471,-0.1125,-0.0861719859569998
95.0666666666667,0.632938098907471,-0.1125,-0.0868394825755953
95.1,0.632938098907471,-0.1125,-0.0874889511151207
95.1333333333333,0.632902399698893,-0.1125,-0.0881231704297666
95.1666666666667,0.632902399698893,-0.1125,-0.0886827394132633
95.2,0.632902399698893,-0.1125,-0.0892429862662823
95.2333333333333,0.632902399698893,-0.1125,-0.0898038679110154
95.2666666666667,0.632902399698893,-0.1125,-0.0903653434874709
95.3,0.632902399698893,-0.1125,-0.0909273743205689
95.3333333333333,0.63291851679484,-0.1125,-0.0914899238720367
95.3666666666667,0.63291851679484,-0.1125,-0.092080850124186
95.4,0.6328125,-0.1125,-0.0926670319536445
95.4333333333333,0.6328125,-0.1125,-0.0930657705863146
95.4666666666667,0.6328125,-0.1125,-0.0934953814962217
95.5,0.6328125,-0.1125,-0.0939511280093173
95.5333333333333,0.6328125,-0.1125,-0.0944289512477731
95.5666666666667,0.6328125,-0.1125,-0.0949253763106495
95.6,0.6328125,-0.1125,-0.095437431220696
95.6333333333333,0.6328125,-0.1125,-0.0959625769159829
95.6666666666667,0.632894357045492,-0.1125,-0.0964986467960041
95.7,0.632894357045492,-0.1125,-0.0971854573371771
95.7333333333333,0.632894357045492,-0.1125,-0.0978533835413879
95.7666666666667,0.632894357045492,-0.1125,-0.0985051827857898
95.8,0.632894357045492,-0.1125,-0.0991432269485394
95.8333333333333,0.632894357045492,-0.1125,-0.099769555139028
95.8666666666667,0.632894357045492,-0.1125,-0.100385919298255
95.9,0.632894357045492,-0.1125,-0.100993823627382
95.9333333333333,0.632927576700846,-0.1125,-0.101594558674221
95.9666666666667,0.632927576700846,-0.1125,-0.102246721138582
96,0.632927576700846,-0.1125,-0.102883058135449
96.0333333333333,0.632927576700846,-0.1125,-0.103506041246836
96.0666666666667,0.632927576700846,-0.1125,-0.104117785564402
96.1,0.632937558492025,-0.1125,-0.10472009922994
96.1333333333333,0.632937558492025,-0.1125,-0.105331800830812
96.1666666666667,0.632937558492025,-0.1125,-0.105933714335952
96.2,0.632774829864502,-0.1125,-0.10652746016541
96.2333333333333,0.632774829864502,-0.1125,-0.106832799023739
96.2666666666667,0.632774829864502,-0.1125,-0.107184990527379
96.3,0.632774829864502,-0.1125,-0.107576897915777
96.3333333333333,0.632774829864502,-0.1125,-0.108002402313841
96.3666666666667,0.632774829864502,-0.1125,-0.10845626207088
96.4,0.632774829864502,-0.1125,-0.108933991222771
96.4333333333333,0.632774829864502,-0.1125,-0.10943175450014
96.4666666666667,0.633046881357829,-0.1125,-0.109946276651012
96.5,0.633046881357829,-0.1125,-0.110945579791397
96.5333333333333,0.633046881357829,-0.1125,-0.111868758213641
96.5666666666667,0.633046881357829,-0.1125,-0.112727388448013
96.6,0.633046881357829,-0.1125,-0.113531397157325
96.6333333333333,0.633046881357829,-0.1125,-0.114289289044632
96.6666666666667,0.633046881357829,-0.1125,-0.115008343782526
96.7,0.633046881357829,-0.114,-0.100694786138487
96.7333333333333,0.633046881357829,-0.114,-0.101353932910921
96.7666666666667,0.633046054840088,-0.114,-0.101990319805478
96.8,0.633046054840088,-0.1155,-0.0876063805794844
96.8333333333333,0.633046054840088,-0.1155,-0.0882070991819112
96.8666666666667,0.633046054840088,-0.117,-0.0737952258910601
96.9,0.632975610097249,-0.117,-0.0743730917595449
96.9333333333333,0.632975610097249,-0.117,-0.0748207558912577
96.9666666666667,0.632975610097249,-0.1185,-0.0602845063032874
97,0.632975610097249,-0.1185,-0.0607622216987087
97.0333333333333,0.6328125,-0.1185,-0.0612520618655846
97.0666666666667,0.6328125,-0.1185,-0.0614701499981817
97.1,0.6328125,-0.1185,-0.061749968769934
97.1333333333333,0.6328125,-0.1185,-0.0620821623311431
97.1666666666667,0.6328125,-0.1185,-0.0624587061385766
97.2,0.6328125,-0.1185,-0.0628727231973959
97.2333333333333,0.6328125,-0.1185,-0.0633183252700484
97.2666666666667,0.6328125,-0.1185,-0.0637904756884701
97.3,0.633072916666667,-0.1185,-0.0642848708570197
97.3333333333333,0.633072916666667,-0.1185,-0.0652485181964162
97.3666666666667,0.633072916666667,-0.1185,-0.0661436474376322
97.4,0.633072916666667,-0.1185,-0.0669806127589677
97.4333333333333,0.633072916666667,-0.1185,-0.067768296965066
97.4666666666667,0.633072916666667,-0.1185,-0.0685143144391344
97.5,0.633072916666667,-0.1185,-0.069225186530331
97.5333333333333,0.633072916666667,-0.1185,-0.0699064930892378
97.5666666666667,0.633285586039225,-0.1185,-0.0705630033664746
97.6,0.633285586039225,-0.1185,-0.0715668372785135
97.6333333333333,0.633285586039225,-0.1185,-0.0724848527526266
97.6666666666667,0.633150672912598,-0.1185,-0.0733306373698271
97.7,0.633150672912598,-0.1185,-0.0738823248367194
97.7333333333333,0.633150672912598,-0.1185,-0.0744268133259103
97.7666666666667,0.633150672912598,-0.1185,-0.0749658181389752
97.8,0.633150672912598,-0.1185,-0.0755007695635974
97.8333333333333,0.633333333333333,-0.1185,-0.0760328550722984
97.8666666666667,0.633333333333333,-0.1185,-0.0768791699426348
97.9,0.633333333333333,-0.1185,-0.0776655147391601
97.9333333333333,0.633333333333333,-0.1185,-0.0784016776198908
97.9666666666667,0.633333333333333,-0.1185,-0.07909600807627
98,0.633333333333333,-0.1185,-0.0797556187117555
98.0333333333333,0.633333333333333,-0.1185,-0.0803865593744922
98.0666666666667,0.633333333333333,-0.1185,-0.0809939673855024
98.1,0.633072916666667,-0.1185,-0.0815821971008517
98.1333333333333,0.633072916666667,-0.1185,-0.0817042513385223
98.1666666666667,0.633072916666667,-0.1185,-0.0818978780032646
98.2,0.633072916666667,-0.1185,-0.0821526746249181
98.2333333333333,0.633072916666667,-0.1185,-0.0824596897911913
98.2666666666667,0.633072916666667,-0.1185,-0.0828112248983918
98.3,0.633072916666667,-0.1185,-0.0832006626912905
98.3333333333333,0.633072916666667,-0.1185,-0.0836223189937098
98.3666666666667,0.633072916666667,-0.1185,-0.0840713145131865
98.4,0.633072916666667,-0.1185,-0.084543464020453
98.4333333333333,0.633072916666667,-0.1185,-0.085035180566058
98.4666666666667,0.633072916666667,-0.1185,-0.0855433927097234
98.5,0.633072916666667,-0.1185,-0.0860654730093925
98.5333333333333,0.633072916666667,-0.1185,-0.0865991762520134
98.5666666666667,0.633072916666667,-0.1185,-0.0871425861117316
98.6,0.633072916666667,-0.1185,-0.0876940690975674
98.6333333333333,0.632859452565511,-0.1185,-0.0882522348054306
98.6666666666667,0.632859452565511,-0.1185,-0.0884464780343668
98.7,0.632859452565511,-0.1185,-0.0887140417865338
98.7333333333333,0.632859452565511,-0.1185,-0.0890434060833141
98.7666666666667,0.632859452565511,-0.1185,-0.0894247169265296
98.8,0.632859452565511,-0.1185,-0.0898495544793364
98.8333333333333,0.632859452565511,-0.1185,-0.0903107328784573
98.8666666666667,0.632859452565511,-0.1185,-0.0908021274064276
98.9,0.632911268870036,-0.1185,-0.0913185253260297
98.9333333333333,0.632911268870036,-0.1185,-0.0919451711069601
98.9666666666667,0.632911268870036,-0.1185,-0.0925719278003416
99,0.632911268870036,-0.1185,-0.0931982050919601
99.0333333333333,0.632911268870036,-0.1185,-0.09382353427333
99.0666666666667,0.632911268870036,-0.1185,-0.094447548830232
99.1,0.632911268870036,-0.1185,-0.0950699678577611
99.1333333333333,0.632911268870036,-0.1185,-0.0956905819072588
99.1666666666667,0.632855351765951,-0.1185,-0.0963092409244333
99.2,0.632855351765951,-0.1185,-0.0968290731596057
99.2333333333333,0.632855351765951,-0.1185,-0.0973648168565049
99.2666666666667,0.632855351765951,-0.1185,-0.0979136491619957
99.3,0.632855351765951,-0.1185,-0.0984731758770314
99.3333333333333,0.632855351765951,-0.1185,-0.0990413704065292
99.3666666666667,0.632855351765951,-0.1185,-0.099616521139665
99.4,0.6328125,-0.1185,-0.100197186114898
99.4333333333333,0.632619794209798,-0.1185,-0.100707994187516
99.4666666666667,0.632619794209798,-0.1185,-0.100902407405284
99.5,0.632619794209798,-0.1185,-0.101173065551126
99.5333333333333,0.632619794209798,-0.1185,-0.101507797845396
99.5666666666667,0.632619794209798,-0.1185,-0.101896205707236
99.6,0.632619794209798,-0.1185,-0.102329415323684
99.6333333333333,0.632619794209798,-0.1185,-0.102799864039728
99.6666666666667,0.632619794209798,-0.1185,-0.103301115997963
99.7,0.632619794209798,-0.1185,-0.103827703070645
99.7333333333333,0.632619794209798,-0.1185,-0.104374987658829
99.7666666666667,0.632619794209798,-0.1185,-0.104939044393916
99.8,0.632619794209798,-0.1185,-0.105516558175928
99.8333333333333,0.632619794209798,-0.1185,-0.106104736328243
99.8666666666667,0.632619794209798,-0.1185,-0.106701232947743
99.9,0.632619794209798,-0.1185,-0.107304083788318
99.9333333333333,0.632619794209798,-0.1185,-0.107911650240014
99.9666666666667,0.632843748728434,-0.1185,-0.108522571160218
100,0.632843748728434,-0.1185,-0.109523299913714
