0,0.193475151062012,0,5.27652661070532
0.0333333333333333,0.193475151062012,0.108,4.33263283577543
0.0666666666666667,0.193475151062012,0.2655,3.51537569950246
0.1,0.1890625,0.3705,2.8672769014774
0.133333333333333,0.1890625,0.4575,2.25036840375033
0.166666666666667,0.1890625,0.561,1.72179050228133
0.2,0.1890625,0.687,1.27090405171755
0.233333333333333,0.1890625,0.819,0.888232168905867
0.266666666666667,0.189322916666667,0.9315,0.561960983690875
0.3,0.189322916666667,1.0095,0.291957227558361
0.333333333333333,0.189322916666667,1.0485,0.0674956454295483
0.366666666666667,0.186046536763509,1.059,-0.07479620843836
0.4,0.186046536763509,1.059,-0.232804578880703
0.433333333333333,0.186046536763509,1.0575,-0.360001305331286
0.466666666666667,0.188510195414225,1.0515,-0.492571120669328
0.5,0.188510195414225,1.0395,-0.564553920236865
0.533333333333333,0.201097234090169,1.02,-0.781064163773881
0.566666666666667,0.201097234090169,0.9945,-0.788920245322618
0.6,0.201097234090169,0.966,-0.787095888122335
0.633333333333333,0.201097234090169,0.933,-0.777284189352718
0.666666666666667,0.201097234090169,0.897,-0.760957745702049
0.7,0.201097234090169,0.858,-0.739393749030239
0.733333333333333,0.201097234090169,0.8175,-0.713696444390243
0.766666666666667,0.201097234090169,0.7785,-0.684817213247703
0.8,0.206489372253418,0.738,-0.723560272021092
0.833333333333333,0.206489372253418,0.6975,-0.678127896032124
0.866666666666667,0.206489372253418,0.6585,-0.633300305137071
0.9,0.206489372253418,0.624,-0.589382934949493
0.933333333333333,0.206489372253418,0.5895,-0.546621656792862
0.966666666666667,0.206489372253418,0.558,-0.505210755653724
1,0.27421875,0.528,-1.34439966897832
1.03333333333333,0.27421875,0.4815,-1.14884238095622
1.06666666666667,0.27421875,0.423,-0.976073785449727
1.1,0.27421875,0.3795,-0.823686758313249
1.13333333333333,0.27421875,0.3405,-0.689513590845981
1.16666666666667,0.358096822102865,0.3015,-1.66030627706048
1.2,0.411761983235677,0.2355,-2.05870196682654
1.23333333333333,0.411761983235677,0.1425,-1.67500074549015
1.26666666666667,0.411761983235677,0.054,-1.34261246669765
1.3,0.411761983235677,-0.0135,-1.05559765326616
1.33333333333333,0.411761983235677,-0.075,-0.808648605335033
1.36666666666667,0.411761983235677,-0.135,-0.597025873943219
1.4,0.411761983235677,-0.1965,-0.416500869382792
1.43333333333333,0.439240582784017,-0.2535,-0.619965036096691
1.46666666666667,0.439240582784017,-0.3075,-0.426937573342261
1.5,0.5203125,-0.3465,-1.31573388424072
1.53333333333333,0.5203125,-0.3885,-0.989902932041291
1.56666666666667,0.5203125,-0.432,-0.711969161525096
1.6,0.5203125,-0.4575,-0.476104698935958
1.63333333333333,0.5203125,-0.4755,-0.277121458596162
1.66666666666667,0.545435841878255,-0.4965,-0.436496102742647
1.7,0.545435841878255,-0.5235,-0.239614958921446
1.73333333333333,0.615821552276611,-0.552,-0.988667508938138
1.76666666666667,0.615821552276611,-0.5865,-0.688935664394414
1.8,0.626708348592122,-0.621,-0.576985544283072
1.83333333333333,0.626708348592122,-0.6375,-0.339121754507642
1.86666666666667,0.626708348592122,-0.6435,-0.140161656634873
1.9,0.647162818908691,-0.6495,-0.240623419511078
1.93333333333333,0.675,-0.6615,-0.418938004438528
1.96666666666667,0.675,-0.681,-0.203288315774504
2,0.675,-0.6975,-0.0240955384920203
2.03333333333333,0.675,-0.702,0.123368430975605
2.06666666666667,0.675,-0.7005,0.243292777626923
2.1,0.675,-0.6975,0.339384568342264
2.13333333333333,0.675,-0.693,0.414919875498456
2.16666666666667,0.675,-0.6855,0.472789769612088
2.2,0.675,-0.6765,0.515541675909873
2.23333333333333,0.675,-0.6645,0.545416543408541
2.26666666666667,0.691972255706787,-0.6495,0.344089281380766
2.3,0.691972255706787,-0.6345,0.393277742396867
2.33333333333333,0.691972255706787,-0.621,0.429503274391777
2.36666666666667,0.691972255706787,-0.6045,0.454698231379152
2.4,0.691972255706787,-0.5865,0.470558560410897
2.43333333333333,0.691972255706787,-0.5685,0.478569825656639
2.46666666666667,0.752814722061157,-0.5505,-0.309679826343861
2.5,0.775520833333333,-0.549,-0.467085588491135
2.53333333333333,0.775520833333333,-0.5565,-0.300440993708621
2.56666666666667,0.775520833333333,-0.558,-0.161193242755947
2.6,0.775520833333333,-0.558,-0.0458077580571621
2.63333333333333,0.782268365224203,-0.558,-0.0387329186985493
2.66666666666667,0.7921875,-0.561,-0.0751162256136509
2.7,0.7921875,-0.5625,0.0226664059975397
2.73333333333333,0.7921875,-0.564,0.102154709278264
2.76666666666667,0.7921875,-0.564,0.165832550939655
2.8,0.7921875,-0.5625,0.215892803200131
2.83333333333333,0.7921875,-0.555,0.254268589790914
2.86666666666667,0.7921875,-0.546,0.282661366514458
2.9,0.7921875,-0.537,0.302566143901425
2.93333333333333,0.7921875,-0.5265,0.315294130561513
2.96666666666667,0.7921875,-0.519,0.321993049531478
3,0.7921875,-0.5145,0.323665356051071
3.03333333333333,0.7921875,-0.51,0.32118456352598
3.06666666666667,0.7921875,-0.504,0.315309864767627
3.1,0.7921875,-0.4965,0.306699217751585
3.13333333333333,0.7921875,-0.4875,0.295921048944441
3.16666666666667,0.7921875,-0.48,0.283464712562859
3.2,0.7921875,-0.4725,0.269749830811423
3.23333333333333,0.784895833333333,-0.468,0.349777485215664
3.26666666666667,0.784895833333333,-0.4605,0.31763598925188
3.3,0.784895833333333,-0.456,0.287426764966665
3.33333333333333,0.784895833333333,-0.45,0.259100646644135
3.36666666666667,0.784895833333333,-0.447,0.23260056719351
3.4,0.784895833333333,-0.444,0.207863344250916
3.43333333333333,0.784895833333333,-0.444,0.184821218945141
3.46666666666667,0.784895833333333,-0.444,0.163403176136838
3.5,0.784895833333333,-0.444,0.14353607188137
3.53333333333333,0.784895833333333,-0.444,0.125145591112472
3.56666666666667,0.784895833333333,-0.444,0.108157056067858
3.6,0.784895833333333,-0.444,0.0924961037519803
3.63333333333333,0.784895833333333,-0.444,0.078089248731328
3.66666666666667,0.784895833333333,-0.444,0.0648643457618245
3.7,0.784895833333333,-0.444,0.0527509651362838
3.73333333333333,0.759351698557536,-0.444,0.373233135406862
3.76666666666667,0.759351698557536,-0.4395,0.303829900264841
3.8,0.759351698557536,-0.4365,0.24329712583895
3.83333333333333,0.759351698557536,-0.4365,0.190646634826386
3.86666666666667,0.759351698557536,-0.4365,0.14499211102871
3.9,0.759351698557536,-0.4365,0.105539118998719
3.93333333333333,0.759351698557536,-0.4365,0.0715760668681008
3.96666666666667,0.759351698557536,-0.4365,0.0424660256141126
4,0.703361415863037,-0.4365,0.744370342030638
4.03333333333333,0.703361415863037,-0.426,0.593316280115036
4.06666666666667,0.703361415863037,-0.414,0.46302339433251
4.1,0.703361415863037,-0.4095,0.35105423416556
4.13333333333333,0.703361415863037,-0.4095,0.255232909471717
4.16666666666667,0.703361415863037,-0.4095,0.17361863105482
4.2,0.703361415863037,-0.4035,0.104481817720586
4.23333333333333,0.652011744181315,-0.4005,0.712780307994043
4.26666666666667,0.59140625,-0.3885,1.33155661135238
4.3,0.59140625,-0.357,1.04732743769645
4.33333333333333,0.59140625,-0.33,0.80338025532612
4.36666666666667,0.59140625,-0.315,0.594893879733125
4.4,0.59140625,-0.3045,0.417571505026938
4.43333333333333,0.59140625,-0.2895,0.267587122151052
4.46666666666667,0.59140625,-0.2715,0.141537175094914
4.5,0.59140625,-0.2595,0.0363969597416104
4.53333333333333,0.582159169514974,-0.258,0.0695046460218932
4.56666666666667,0.500916322072347,-0.258,1.03146110634833
4.6,0.500916322072347,-0.246,0.766899313404103
4.63333333333333,0.500916322072347,-0.2385,0.542059834567857
4.66666666666667,0.500916322072347,-0.2385,0.352046999652615
4.7,0.500916322072347,-0.2385,0.192507356546148
4.73333333333333,0.500916322072347,-0.2385,0.0595735735862434
4.76666666666667,0.500916322072347,-0.2385,-0.0501861239899912
4.8,0.500916322072347,-0.237,-0.139813510544211
4.83333333333333,0.500916322072347,-0.237,-0.212001387663461
4.86666666666667,0.500916322072347,-0.2415,-0.269130516685116
4.9,0.500916322072347,-0.2535,-0.313302849512908
4.93333333333333,0.500916322072347,-0.2715,-0.346371414414206
4.96666666666667,0.500916322072347,-0.294,-0.369967180132232
5,0.500916322072347,-0.312,-0.385523191337205
5.03333333333333,0.500916322072347,-0.3255,-0.394296240904321
5.06666666666667,0.409842109680176,-0.3405,0.784719784207278
5.1,0.409842109680176,-0.3315,0.57489047513688
5.13333333333333,0.409842109680176,-0.318,0.397317138049724
5.16666666666667,0.409842109680176,-0.3165,0.247967507793248
5.2,0.409842109680176,-0.3165,0.123260249098563
5.23333333333333,0.409842109680176,-0.3165,0.0200179732445861
5.26666666666667,0.409842109680176,-0.3135,-0.064575085275397
5.3,0.409842109680176,-0.3135,-0.133011177761397
5.33333333333333,0.310376230875651,-0.3135,1.10353316834435
5.36666666666667,0.310376230875651,-0.2955,0.830114417109536
5.4,0.310376230875651,-0.2745,0.597975495692689
5.43333333333333,0.310376230875651,-0.273,0.401998427428209
5.46666666666667,0.310376230875651,-0.273,0.237634871918184
5.5,0.310376230875651,-0.273,0.100846956674822
5.53333333333333,0.310376230875651,-0.27,-0.0119460354420691
5.56666666666667,0.310376230875651,-0.267,-0.103915682127619
5.6,0.310376230875651,-0.267,-0.177867648078884
5.63333333333333,0.200520833333333,-0.2715,1.18959763918353
5.66666666666667,0.200520833333333,-0.2565,0.889468269661896
5.7,0.200520833333333,-0.246,0.634986356114653
5.73333333333333,0.200520833333333,-0.246,0.420471553296785
5.76666666666667,0.200520833333333,-0.246,0.240877168409663
5.8,0.200520833333333,-0.246,0.0917242425246803
5.83333333333333,0.200520833333333,-0.243,-0.0309578368702476
5.86666666666667,0.199479166666667,-0.24,-0.117164408185601
5.9,0.19296875,-0.24,-0.114961361144675
5.93333333333333,0.19296875,-0.243,-0.194952177753958
5.96666666666667,0.19296875,-0.2505,-0.257948914155267
6,0.19296875,-0.267,-0.306353276673156
6.03333333333333,0.19296875,-0.288,-0.342280045311664
6.06666666666667,0.19296875,-0.306,-0.367588241013243
6.1,0.19296875,-0.3195,-0.383909111297519
6.13333333333333,0.19296875,-0.33,-0.392671245069814
6.16666666666667,0.193148295084635,-0.339,-0.397453519930548
6.2,0.193148295084635,-0.3495,-0.394266726699319
6.23333333333333,0.193148295084635,-0.363,-0.386860753271706
6.26666666666667,0.193148295084635,-0.378,-0.376050076471199
6.3,0.193148295084635,-0.3945,-0.362538689845452
6.33333333333333,0.193148295084635,-0.408,-0.346932980970332
6.36666666666667,0.193148295084635,-0.4215,-0.329753233425163
6.4,0.193148295084635,-0.4335,-0.311443892099995
6.43333333333333,0.193804041544596,-0.444,-0.300894038478649
6.46666666666667,0.19362309773763,-0.4545,-0.277529132375414
6.5,0.19362309773763,-0.4635,-0.256972558924639
6.53333333333333,0.19362309773763,-0.4725,-0.2365985984436
6.56666666666667,0.19362309773763,-0.4785,-0.216576632723221
6.6,0.19362309773763,-0.483,-0.197043637287955
6.63333333333333,0.193593088785807,-0.4875,-0.17771902506371
6.66666666666667,0.193593088785807,-0.4905,-0.159536184170036
6.7,0.193489583333333,-0.4905,-0.140747014355813
6.73333333333333,0.193489583333333,-0.4905,-0.124325912476486
6.76666666666667,0.193489583333333,-0.4905,-0.108688706151904
6.8,0.193489583333333,-0.4905,-0.0938580356833927
6.83333333333333,0.193489583333333,-0.4905,-0.0798452136803543
6.86666666666667,0.193489583333333,-0.4905,-0.0666520560701391
6.9,0.193489583333333,-0.4905,-0.0542724831014763
6.93333333333333,0.193489583333333,-0.4905,-0.0426939159462918
6.96666666666667,0.193622271219889,-0.4905,-0.0336207264637271
7,0.193446858723958,-0.4905,-0.0210014877439002
7.03333333333333,0.193446858723958,-0.4905,-0.011843288930773
7.06666666666667,0.193446858723958,-0.4905,-0.00337466389424409
7.1,0.193446858723958,-0.4905,0.00443212126961357
7.13333333333333,0.193446858723958,-0.4905,0.0116062995835754
7.16666666666667,0.193446858723958,-0.4905,0.0181780912876748
7.2,0.193446858723958,-0.4905,0.0241782699327273
7.23333333333333,0.193446858723958,-0.4905,0.0296377969396739
7.26666666666667,0.19356149037679,-0.4905,0.0330996440729566
7.3,0.19356149037679,-0.4905,0.0378361873160815
7.33333333333333,0.19356149037679,-0.4905,0.0420875822975877
7.36666666666667,0.19356149037679,-0.4905,0.0458871387601438
7.4,0.193605931599935,-0.4905,0.0486900136893623
7.43333333333333,0.193605931599935,-0.4905,0.051783655105731
7.46666666666667,0.193605931599935,-0.4905,0.0545033886983854
7.5,0.193605931599935,-0.4905,0.0568785741140267
7.53333333333333,0.193611780802409,-0.4905,0.0588610364835087
7.56666666666667,0.193611780802409,-0.4905,0.0606423549548834
7.6,0.193611780802409,-0.4905,0.0621558112468927
7.63333333333333,0.193611780802409,-0.4905,0.0634247125919912
7.66666666666667,0.193611780802409,-0.4905,0.0644708813164541
7.7,0.193611780802409,-0.4905,0.0653147093397766
7.73333333333333,0.193611780802409,-0.4905,0.065975215584857
7.76666666666667,0.193611780802409,-0.4905,0.0664701053546492
7.8,0.193440818786621,-0.4905,0.0690348480555622
7.83333333333333,0.193440818786621,-0.4905,0.0688497196181587
7.86666666666667,0.193440818786621,-0.4905,0.0685980725297077
7.9,0.193440818786621,-0.4905,0.0682867608674394
7.93333333333333,0.193440818786621,-0.4905,0.0679222913937227
7.96666666666667,0.193440818786621,-0.4905,0.0675108145278976
8,0.193440818786621,-0.4905,0.0670581202872627
8.03333333333333,0.193440818786621,-0.4905,0.0665696383803702
8.06666666666667,0.193507957458496,-0.4905,0.0651790091819628
8.1,0.193507957458496,-0.4905,0.0647897069075082
8.13333333333333,0.193507957458496,-0.4905,0.0643578787308033
8.16666666666667,0.193507957458496,-0.4905,0.0638900104492957
8.2,0.19375,-0.4905,0.060250394166105
8.23333333333333,0.19375,-0.4905,0.0602896100338522
8.26666666666667,0.19375,-0.4905,0.0602335179672248
8.3,0.19375,-0.4905,0.0600952946823569
8.33333333333333,0.193662071228027,-0.4905,0.0610280222897989
8.36666666666667,0.193662071228027,-0.4905,0.0605555388437374
8.4,0.193662071228027,-0.4905,0.0600600975143588
8.43333333333333,0.193662071228027,-0.4905,0.0595469071517337
8.46666666666667,0.193662071228027,-0.4905,0.0590205901521316
8.5,0.193662071228027,-0.4905,0.0584852362854616
8.53333333333333,0.193662071228027,-0.4905,0.0579444521038483
8.56666666666667,0.193662071228027,-0.4905,0.0574014062651427
8.6,0.193614196777344,-0.4905,0.0574802619111901
8.63333333333333,0.193614196777344,-0.4905,0.0568294936430692
8.66666666666667,0.193614196777344,-0.4905,0.0561986540346822
8.7,0.193614196777344,-0.4905,0.0555878047659747
8.73333333333333,0.193614196777344,-0.4905,0.0549969310549711
8.76666666666667,0.193614196777344,-0.4905,0.0544259494749823
8.8,0.193614196777344,-0.4905,0.0538747152726708
8.83333333333333,0.193614196777344,-0.4905,0.0533430291999325
8.86666666666667,0.193706448872884,-0.4905,0.0516332493285928
8.9,0.193706448872884,-0.4905,0.0513540715900298
8.93333333333333,0.193706448872884,-0.4905,0.0510648411552786
8.96666666666667,0.193706448872884,-0.4905,0.0507685477671082
9,0.193706448872884,-0.4905,0.0504677957901943
9.03333333333333,0.193706448872884,-0.4905,0.0501648447179251
9.06666666666667,0.193706448872884,-0.4905,0.0498616458065584
9.1,0.193706448872884,-0.4905,0.0495598751871605
9.13333333333333,0.193706448872884,-0.4905,0.0492609637751491
9.16666666666667,0.193706448872884,-0.4905,0.0489661242692841
9.2,0.193706448872884,-0.4905,0.048676375506374
9.23333333333333,0.193489583333333,-0.4905,0.0512073906013379
9.26666666666667,0.193489583333333,-0.4905,0.0504266805572519
9.3,0.193489583333333,-0.4905,0.0497207192574828
9.33333333333333,0.193489583333333,-0.4905,0.0490820788050768
9.36666666666667,0.193489583333333,-0.4905,0.0485040697005441
9.4,0.193489583333333,-0.4905,0.047980668576989
9.43333333333333,0.193489583333333,-0.4905,0.0475064528633279
9.46666666666667,0.193489583333333,-0.4905,0.0470765417250784
9.5,0.193332926432292,-0.4905,0.0487198853260475
9.53333333333333,0.193332926432292,-0.4905,0.0480021106831666
9.56666666666667,0.193332926432292,-0.4905,0.047365540300456
9.6,0.193332926432292,-0.4905,0.0468012906389776
9.63333333333333,0.193332926432292,-0.4905,0.04630140839606
9.66666666666667,0.193332926432292,-0.4905,0.045858776931525
9.7,0.193332926432292,-0.4905,0.0454670317922637
9.73333333333333,0.193532880147298,-0.4905,0.0425251668680544
9.76666666666667,0.193489583333333,-0.4905,0.0432449755405871
9.8,0.193489583333333,-0.4905,0.0432755727744818
9.83333333333333,0.193489583333333,-0.4905,0.0432961593872716
9.86666666666667,0.193489583333333,-0.4905,0.0433080355941954
9.9,0.193489583333333,-0.4905,0.0433123650473055
9.93333333333333,0.193489583333333,-0.4905,0.0433101878469338
9.96666666666667,0.193489583333333,-0.4905,0.0433024323813595
10,0.193489583333333,-0.4905,0.043289926096388
10.0333333333333,0.193455187479655,-0.4905,0.0437198494295747
10.0666666666667,0.193455187479655,-0.4905,0.0436201057886862
10.1,0.193455187479655,-0.4905,0.0435282962156396
10.1333333333333,0.193455187479655,-0.4905,0.0434436855591443
10.1666666666667,0.193455187479655,-0.4905,0.0433656121207817
10.2,0.193455187479655,-0.4905,0.0432934801975765
10.2333333333333,0.193455187479655,-0.4905,0.0432267533722966
10.2666666666667,0.193455187479655,-0.4905,0.0431649484781651
10.3,0.19375,-0.4905,0.0392810839892461
10.3333333333333,0.19375,-0.4905,0.0399123732618227
10.3666666666667,0.19375,-0.4905,0.0404555657744675
10.4,0.19375,-0.4905,0.0409210409972754
10.4333333333333,0.19375,-0.4905,0.0413180643511346
10.4666666666667,0.19375,-0.4905,0.0416548998052292
10.5,0.193497467041016,-0.4905,0.0452166862993965
10.5333333333333,0.193497467041016,-0.4905,0.0448680844480973
10.5666666666667,0.193468793233236,-0.4905,0.0449298872122345
10.6,0.193468793233236,-0.4905,0.0445871857877901
10.6333333333333,0.193468793233236,-0.4905,0.0442840775904214
10.6666666666667,0.193468793233236,-0.4905,0.0440162959164945
10.7,0.193468793233236,-0.4905,0.0437800101472843
10.7333333333333,0.193468793233236,-0.4905,0.0435717829541233
10.7666666666667,0.193468793233236,-0.4905,0.0433885315714738
10.8,0.193468793233236,-0.4905,0.0432274927609809
10.8333333333333,0.193685913085937,-0.4905,0.0402680640560396
10.8666666666667,0.193696212768555,-0.4905,0.0405147196006448
10.9,0.193696212768555,-0.4905,0.040866878236089
10.9333333333333,0.193696212768555,-0.4905,0.0411698376172131
10.9666666666667,0.193696212768555,-0.4905,0.0414294231253858
11,0.193696212768555,-0.4905,0.041650831710479
11.0333333333333,0.193696212768555,-0.4905,0.0418386956954907
11.0666666666667,0.193696212768555,-0.4905,0.0419971403756601
11.1,0.193696212768555,-0.4905,0.042129835996496
11.1333333333333,0.193696212768555,-0.4905,0.0422400446414389
11.1666666666667,0.193696212768555,-0.4905,0.0423306625110549
11.2,0.193696212768555,-0.4905,0.0424042580312228
11.2333333333333,0.193696212768555,-0.4905,0.042463106187327
11.2666666666667,0.193696212768555,-0.4905,0.0425092194447274
11.3,0.193696212768555,-0.4905,0.0425443755823289
11.3333333333333,0.193696212768555,-0.4905,0.0425701427356603
11.3666666666667,0.193531036376953,-0.4905,0.0447318240623225
11.4,0.193531036376953,-0.4905,0.0443592729569121
11.4333333333333,0.193531036376953,-0.4905,0.0440324475895845
11.4666666666667,0.193531036376953,-0.4905,0.0437462868192545
11.5,0.193531036376953,-0.4905,0.0434962533831988
11.5333333333333,0.193531036376953,-0.4905,0.0432782821722237
11.5666666666667,0.193531036376953,-0.4905,0.0430887334363058
11.6,0.193531036376953,-0.4905,0.0429243504633625
11.6333333333333,0.193606503804525,-0.4905,0.0418026849084757
11.6666666666667,0.1936980565389,-0.4905,0.0406671155122866
11.7,0.1936980565389,-0.4905,0.0409262562633676
11.7333333333333,0.1936980565389,-0.4905,0.0411513644029556
11.7666666666667,0.1936980565389,-0.4905,0.0413463610616656
11.8,0.1936980565389,-0.4905,0.0415147504821132
11.8333333333333,0.1936980565389,-0.4905,0.0416596619781821
11.8666666666667,0.1936980565389,-0.4905,0.0417838878363543
11.9,0.1936980565389,-0.4905,0.0418899175397983
11.9333333333333,0.1936980565389,-0.4905,0.0419799686610405
11.9666666666667,0.1936980565389,-0.4905,0.042056014737287
12,0.1936980565389,-0.4905,0.0421198104136266
12.0333333333333,0.1936980565389,-0.4905,0.0421729141130294
12.0666666666667,0.1936980565389,-0.4905,0.0422167084681591
12.1,0.1936980565389,-0.4905,0.0422524187282948
12.1333333333333,0.1936980565389,-0.4905,0.0422811293348528
12.1666666666667,0.193445142110189,-0.4905,0.0455865248953229
12.2,0.193524169921875,-0.4905,0.0439910187609182
12.2333333333333,0.193524169921875,-0.4905,0.0436790889848065
12.2666666666667,0.193524169921875,-0.4905,0.0434083552757114
12.3,0.193524169921875,-0.4905,0.0431740660551392
12.3333333333333,0.193524169921875,-0.4905,0.042971974794687
12.3666666666667,0.193524169921875,-0.4905,0.0427982892176472
12.4,0.193524169921875,-0.4905,0.0426496254095365
12.4333333333333,0.19375,-0.4905,0.0395917841388703
12.4666666666667,0.19375,-0.4905,0.04000878822044
12.5,0.19375,-0.4905,0.0403723694939411
12.5333333333333,0.19375,-0.4905,0.040688596861189
12.5666666666667,0.19375,-0.4905,0.0409628998806049
12.6,0.19375,-0.4905,0.0412001327020509
12.6333333333333,0.19375,-0.4905,0.0414046318480812
12.6666666666667,0.19375,-0.4905,0.0415802684167368
12.7,0.193569691975911,-0.4905,0.0440708197860902
12.7333333333333,0.193489583333333,-0.4905,0.0448198414492403
12.7666666666667,0.193489583333333,-0.4905,0.0443796595335627
12.8,0.193489583333333,-0.4905,0.0439969010650304
12.8333333333333,0.193489583333333,-0.4905,0.0436649817310139
12.8666666666667,0.193489583333333,-0.4905,0.0433780147319537
12.9,0.193489583333333,-0.4905,0.0431307407729566
12.9333333333333,0.193489583333333,-0.4905,0.0429184648110069
12.9666666666667,0.193537712097168,-0.4905,0.0421123072149798
13,0.193593724568685,-0.4905,0.0413426482570421
13.0333333333333,0.193593724568685,-0.4905,0.0414388231319532
13.0666666666667,0.193593724568685,-0.4905,0.0415251014194137
13.1,0.193593724568685,-0.4905,0.0416024481258314
13.1333333333333,0.193593724568685,-0.4905,0.0416717375940138
13.1666666666667,0.193593724568685,-0.4905,0.041733761790767
13.2,0.193593724568685,-0.4905,0.0417892378528021
13.2333333333333,0.193593724568685,-0.4905,0.0418388149561987
13.2666666666667,0.193507957458496,-0.4905,0.0429963026523044
13.3,0.193507957458496,-0.4905,0.0428366490047109
13.3333333333333,0.193507957458496,-0.4905,0.0426994132568917
13.3666666666667,0.193507957458496,-0.4905,0.0425819174164875
13.4,0.193507957458496,-0.4905,0.0424817747872203
13.4333333333333,0.193507957458496,-0.4905,0.042396860183357
13.4666666666667,0.193507957458496,-0.4905,0.0423252830584168
13.5,0.193507957458496,-0.4905,0.0422653632722671
13.5333333333333,0.193878936767578,-0.4905,0.0374004492344602
13.5666666666667,0.193878936767578,-0.4905,0.0382209002758218
13.6,0.193878936767578,-0.4905,0.038933458981874
13.6333333333333,0.193878936767578,-0.4905,0.039550551753609
13.6666666666667,0.193878936767578,-0.4905,0.0400832848320384
13.7,0.193878936767578,-0.4905,0.0405415770650348
13.7333333333333,0.193597666422526,-0.4905,0.044585054118217
13.7666666666667,0.193597666422526,-0.4905,0.0442669893295537
13.8,0.193451499938965,-0.4905,0.0458830580775426
13.8333333333333,0.193451499938965,-0.4905,0.04529557013893
13.8666666666667,0.193451499938965,-0.4905,0.0447830667230319
13.9,0.193451499938965,-0.4905,0.0443370532153893
13.9333333333333,0.193451499938965,-0.4905,0.0439499279839552
13.9666666666667,0.193451499938965,-0.4905,0.0436148932289737
14,0.193451499938965,-0.4905,0.0433258744018996
14.0333333333333,0.193451499938965,-0.4905,0.0430774473933217
14.0666666666667,0.19381217956543,-0.4905,0.0381832984275207
14.1,0.19381217956543,-0.4905,0.0388395096029876
14.1333333333333,0.19381217956543,-0.4905,0.0394109611252195
14.1666666666667,0.19381217956543,-0.4905,0.0399073228043202
14.2,0.19381217956543,-0.4905,0.0403372431477108
14.2333333333333,0.19381217956543,-0.4905,0.0407084516646981
14.2666666666667,0.19381217956543,-0.4905,0.0410278513126068
14.3,0.19381217956543,-0.4905,0.04130160200674
14.3333333333333,0.193445142110189,-0.4905,0.046299192389939
14.3666666666667,0.193569691975911,-0.4905,0.0440287064796323
14.4,0.193569691975911,-0.4905,0.0437474409142296
14.4333333333333,0.193569691975911,-0.4905,0.0435013555397935
14.4666666666667,0.193569691975911,-0.4905,0.0432865153351175
14.5,0.193569691975911,-0.4905,0.0430993953082888
14.5333333333333,0.193569691975911,-0.4905,0.0429368398273911
14.5666666666667,0.193569691975911,-0.4905,0.0427960258407541
14.6,0.193569691975911,-0.4905,0.0426744296250604
14.6333333333333,0.193569691975911,-0.4905,0.0425697967325006
14.6666666666667,0.193569691975911,-0.4905,0.0424801148381321
14.7,0.193569691975911,-0.4905,0.0424035892158685
14.7333333333333,0.193569691975911,-0.4905,0.0423386205963571
14.7666666666667,0.193455187479655,-0.4905,0.0437700068074993
14.8,0.193455187479655,-0.4905,0.0434581748381366
14.8333333333333,0.193455187479655,-0.4905,0.0431897538654177
14.8666666666667,0.193455187479655,-0.4905,0.042959589891582
14.9,0.193455187479655,-0.4905,0.0427630869966512
14.9333333333333,0.193455187479655,-0.4905,0.0425961504724937
14.9666666666667,0.193455187479655,-0.4905,0.0424551355054016
15,0.193556785583496,-0.4905,0.041018098963926
15.0333333333333,0.193556785583496,-0.4905,0.0411554619023465
15.0666666666667,0.193556785583496,-0.4905,0.0412784218597875
15.1,0.193556785583496,-0.4905,0.0413884010149729
15.1333333333333,0.193556785583496,-0.4905,0.041486686707319
15.1666666666667,0.193556785583496,-0.4905,0.0415744438490219
15.2,0.193556785583496,-0.4905,0.0416527262201393
15.2333333333333,0.193556785583496,-0.4905,0.0417224867453936
15.2666666666667,0.193642361958822,-0.4905,0.0406738404202503
15.3,0.193642361958822,-0.4905,0.040927754864632
15.3333333333333,0.193642361958822,-0.4905,0.0411488325236591
15.3666666666667,0.193642361958822,-0.4905,0.0413408138482322
15.4,0.193642361958822,-0.4905,0.0415070450361749
15.4333333333333,0.193642361958822,-0.4905,0.0416505174463268
15.4666666666667,0.193642361958822,-0.4905,0.0417739032213961
15.5,0.193642361958822,-0.4905,0.0418795874736608
15.5333333333333,0.193642361958822,-0.4905,0.0419696973553224
15.5666666666667,0.193489583333333,-0.4905,0.0440291325060789
15.6,0.193489583333333,-0.4905,0.0437388413669286
15.6333333333333,0.193489583333333,-0.4905,0.0434856515819657
15.6666666666667,0.193489583333333,-0.4905,0.0432653522391104
15.7,0.193489583333333,-0.4905,0.0430741758646313
15.7333333333333,0.193489583333333,-0.4905,0.0429087540860142
15.7666666666667,0.193489583333333,-0.4905,0.0427660775619486
15.8,0.193489583333333,-0.4905,0.0426434597806195
15.8333333333333,0.193489583333333,-0.4905,0.0425385043638944
15.8666666666667,0.193489583333333,-0.4905,0.0424490755481468
15.9,0.193489583333333,-0.4905,0.0423732715426588
15.9333333333333,0.193489583333333,-0.4905,0.0423094004940018
15.9666666666667,0.193489583333333,-0.4905,0.0422559588097834
16,0.193489583333333,-0.4905,0.0422116116179038
16.0333333333333,0.193489583333333,-0.4905,0.042175175158149
16.0666666666667,0.193780072530111,-0.4905,0.0383751697146006
16.1,0.193780072530111,-0.4905,0.0390260054032198
16.1333333333333,0.193780072530111,-0.4905,0.0395914660132042
16.1666666666667,0.193780072530111,-0.4905,0.0400813704885861
16.2,0.193780072530111,-0.4905,0.040504495606365
16.2333333333333,0.193780072530111,-0.4905,0.0408686807157532
16.2666666666667,0.193780072530111,-0.4905,0.0411809223605748
16.3,0.193780072530111,-0.4905,0.0414474597328982
16.3333333333333,0.193780072530111,-0.4905,0.0416738518192471
16.3666666666667,0.193677711486816,-0.4905,0.0431936515836836
16.4,0.193677711486816,-0.4905,0.0431163825173656
16.4333333333333,0.193677711486816,-0.4905,0.0430441131845588
16.4666666666667,0.193677711486816,-0.4905,0.0429765983183857
16.5,0.193677711486816,-0.4905,0.0429135961625099
16.5333333333333,0.193677711486816,-0.4905,0.0428548697036099
16.5666666666667,0.193677711486816,-0.4905,0.0428001876713241
16.6,0.193677711486816,-0.4905,0.042749325335649
16.6333333333333,0.193677711486816,-0.4905,0.0427020651284728
16.6666666666667,0.193677711486816,-0.4905,0.0426581971128808
16.7,0.193677711486816,-0.4905,0.0426175193212204
16.7333333333333,0.193677711486816,-0.4905,0.0425798379804746
16.7666666666667,0.193677711486816,-0.4905,0.0425449676413513
16.8,0.193677711486816,-0.4905,0.0425127312255616
16.8333333333333,0.193677711486816,-0.4905,0.0424829600040407
16.8666666666667,0.193677711486816,-0.4905,0.0424554935173101
16.9,0.193421300252279,-0.4905,0.0457582926144722
16.9333333333333,0.193421300252279,-0.4905,0.0451396356373347
16.9666666666667,0.193421300252279,-0.4905,0.0446027248839466
17,0.193421300252279,-0.4905,0.0441381262237312
17.0333333333333,0.193421300252279,-0.4905,0.0437374088023794
17.0666666666667,0.193421300252279,-0.4905,0.0433930440879476
17.1,0.193421300252279,-0.4905,0.0430983146762039
17.1333333333333,0.193421300252279,-0.4905,0.0428472319401255
17.1666666666667,0.193485832214355,-0.4905,0.0417968631640097
17.2,0.193492317199707,-0.4905,0.0416833202930264
17.2333333333333,0.193492317199707,-0.4905,0.0416782504318964
17.2666666666667,0.193492317199707,-0.4905,0.0416789979200164
17.3,0.193492317199707,-0.4905,0.0416845647255043
17.3333333333333,0.193492317199707,-0.4905,0.0416940811267313
17.3666666666667,0.193492317199707,-0.4905,0.0417067912462575
17.4,0.193492317199707,-0.4905,0.0417220400942385
17.4333333333333,0.193492317199707,-0.4905,0.0417392619717612
17.4666666666667,0.193492317199707,-0.4905,0.041757970098802
17.5,0.193492317199707,-0.4905,0.0417777473444882
17.5333333333333,0.193492317199707,-0.4905,0.0417982379490733
17.5666666666667,0.193492317199707,-0.4905,0.0418191401376768
17.6,0.193492317199707,-0.4905,0.041840199535523
17.6333333333333,0.193492317199707,-0.4905,0.0418612033031481
17.6666666666667,0.193492317199707,-0.4905,0.0418819749179666
17.7,0.193597666422526,-0.4905,0.0405349796232894
17.7333333333333,0.193597666422526,-0.4905,0.0407994861036176
17.7666666666667,0.193597666422526,-0.4905,0.04103058756823
17.8,0.193597666422526,-0.4905,0.0412320344164606
17.8333333333333,0.193597666422526,-0.4905,0.041407185654517
17.8666666666667,0.193597666422526,-0.4905,0.041559047739554
17.9,0.193597666422526,-0.4905,0.04169030970819
17.9333333333333,0.193597666422526,-0.4905,0.0418033749349306
17.9666666666667,0.193627802530924,-0.4905,0.0415092354480576
18,0.193499755859375,-0.4905,0.0433240807643895
18.0333333333333,0.193499755859375,-0.4905,0.0431578112414897
18.0666666666667,0.193499755859375,-0.4905,0.0430122296506622
18.1,0.193499755859375,-0.4905,0.0428850197207774
18.1333333333333,0.193499755859375,-0.4905,0.0427741071658009
18.1666666666667,0.193499755859375,-0.4905,0.0426776356132005
18.2,0.193499755859375,-0.4905,0.0425939448409827
18.2333333333333,0.193499755859375,-0.4905,0.0425215511081135
18.2666666666667,0.193301010131836,-0.4905,0.0450387678054711
18.3,0.193301010131836,-0.4905,0.0445236759633983
18.3333333333333,0.193301010131836,-0.4905,0.0440782308660798
18.3666666666667,0.193301010131836,-0.4905,0.0436942809408968
18.4,0.193301010131836,-0.4905,0.0433645498758634
18.4333333333333,0.193301010131836,-0.4905,0.0430825479251551
18.4666666666667,0.193301010131836,-0.4905,0.0428424918351014
18.5,0.193622271219889,-0.4905,0.0384693947829063
18.5333333333333,0.193544260660807,-0.4905,0.0400568208438135
18.5666666666667,0.193544260660807,-0.4905,0.0403786430744526
18.6,0.193544260660807,-0.4905,0.0406608833661126
18.6333333333333,0.193544260660807,-0.4905,0.0409079183531364
18.6666666666667,0.193544260660807,-0.4905,0.0411236724613673
18.7,0.193544260660807,-0.4905,0.0413116624714877
18.7333333333333,0.193544260660807,-0.4905,0.0414750378422016
18.7666666666667,0.193544260660807,-0.4905,0.0416166171859071
18.8,0.193524360656738,-0.4905,0.0419972151843087
18.8333333333333,0.193524360656738,-0.4905,0.0420562916635179
18.8666666666667,0.193524360656738,-0.4905,0.0421065562481668
18.9,0.193524360656738,-0.4905,0.0421490816415885
18.9333333333333,0.193524360656738,-0.4905,0.0421848230854881
18.9666666666667,0.193524360656738,-0.4905,0.042214630395655
19,0.193524360656738,-0.4905,0.0422392588199203
19.0333333333333,0.193524360656738,-0.4905,0.0422593788297401
19.0666666666667,0.193531036376953,-0.4905,0.0421889368229453
19.1,0.193531036376953,-0.4905,0.0422172556586459
19.1333333333333,0.193531036376953,-0.4905,0.0422405732607512
19.1666666666667,0.193531036376953,-0.4905,0.0422595431938792
19.2,0.193531036376953,-0.4905,0.0422747445085956
19.2333333333333,0.193531036376953,-0.4905,0.0422866895814675
19.2666666666667,0.193507957458496,-0.4905,0.0425953861148949
19.3,0.193507957458496,-0.4905,0.0425485377051085
19.3333333333333,0.193598429361979,-0.4905,0.041332538194111
19.3666666666667,0.193598429361979,-0.4905,0.0415054994319992
19.4,0.193598429361979,-0.4905,0.0416544108678503
19.4333333333333,0.193598429361979,-0.4905,0.0417821264744955
19.4666666666667,0.193598429361979,-0.4905,0.0418911912661329
19.5,0.193598429361979,-0.4905,0.041983872776067
19.5333333333333,0.193598429361979,-0.4905,0.0420621894633279
19.5666666666667,0.193598429361979,-0.4905,0.0421279363382039
19.6,0.19366766611735,-0.4905,0.0412840432452017
19.6333333333333,0.19366766611735,-0.4905,0.0414900130423341
19.6666666666667,0.19366766611735,-0.4905,0.0416661093107374
19.7,0.19366766611735,-0.4905,0.0418159552095764
19.7333333333333,0.19366766611735,-0.4905,0.0419427763377987
19.7666666666667,0.19366766611735,-0.4905,0.0420494416155395
19.8,0.19366766611735,-0.4905,0.0421385001498826
19.8333333333333,0.19366766611735,-0.4905,0.0422122144661408
19.8666666666667,0.193449147542318,-0.4905,0.0451088723633107
19.9,0.193449147542318,-0.4905,0.0446503166987763
19.9333333333333,0.193449147542318,-0.4905,0.0442498405069895
19.9666666666667,0.193449147542318,-0.4905,0.0439009010674724
20,0.193449147542318,-0.4905,0.0435976405470926
20.0333333333333,0.193963813781738,-0.4905,0.0366546601301783
20.0666666666667,0.193963813781738,-0.4905,0.0376225722220031
20.1,0.193963813781738,-0.4905,0.0384617258295244
20.1333333333333,0.193886248270671,-0.4905,0.0401938293284122
20.1666666666667,0.193886248270671,-0.4905,0.0406385933725349
20.2,0.193886248270671,-0.4905,0.0410189552282973
20.2333333333333,0.193886248270671,-0.4905,0.041342721038335
20.2666666666667,0.193886248270671,-0.4905,0.0416168406376735
20.3,0.193886248270671,-0.4905,0.0418474955956406
20.3333333333333,0.193886248270671,-0.4905,0.0420401786103824
20.3666666666667,0.193886248270671,-0.4905,0.0421997650768215
20.4,0.193489583333333,-0.4905,0.0474791265555945
20.4333333333333,0.193489583333333,-0.4905,0.0466639924825848
20.4666666666667,0.193489583333333,-0.4905,0.0459508628507665
20.5,0.193489583333333,-0.4905,0.0453283327623175
20.5333333333333,0.193489583333333,-0.4905,0.0447861849942258
20.5666666666667,0.193489583333333,-0.4905,0.0443152722690779
20.6,0.193489583333333,-0.4905,0.0439074107789381
20.6333333333333,0.193489583333333,-0.4905,0.0435552839164018
20.6666666666667,0.193378257751465,-0.4905,0.044697315875618
20.7,0.193378257751465,-0.4905,0.0441792681646353
20.7333333333333,0.193378257751465,-0.4905,0.0437340585657579
20.7666666666667,0.193378257751465,-0.4905,0.0433530092286578
20.8,0.193507893880208,-0.4905,0.0413457592390589
20.8333333333333,0.193507893880208,-0.4905,0.041371661771974
20.8666666666667,0.193507893880208,-0.4905,0.0414005794934751
20.9,0.193507893880208,-0.4905,0.0414317638570579
20.9333333333333,0.193770472208659,-0.4905,0.0380564131888091
20.9666666666667,0.193770472208659,-0.4905,0.0386999683471775
21,0.193770472208659,-0.4905,0.0392623381728261
21.0333333333333,0.193770472208659,-0.4905,0.0397526585019047
21.0666666666667,0.193770472208659,-0.4905,0.0401791089367693
21.1,0.193770472208659,-0.4905,0.040549008020184
21.1333333333333,0.193770472208659,-0.4905,0.0408688992821302
21.1666666666667,0.193770472208659,-0.4905,0.0411446290098898
21.2,0.19375,-0.4905,0.0416471374269706
21.2333333333333,0.19375,-0.4905,0.0418021049072809
21.2666666666667,0.19375,-0.4905,0.0419333128598977
21.3,0.19375,-0.4905,0.0420437134578031
21.3333333333333,0.19375,-0.4905,0.0421359305701976
21.3666666666667,0.19375,-0.4905,0.0422122938090715
21.4,0.19375,-0.4905,0.0422748692120153
21.4333333333333,0.19375,-0.4905,0.0423254868819188
21.4666666666667,0.193585268656413,-0.4905,0.0445039114769725
21.5,0.193585268656413,-0.4905,0.04415279908694
21.5333333333333,0.193585268656413,-0.4905,0.0438453558318429
21.5666666666667,0.193489583333333,-0.4905,0.0448186716111698
21.6,0.193489583333333,-0.4905,0.0443623048509104
21.6333333333333,0.193489583333333,-0.4905,0.0439662817872742
21.6666666666667,0.193489583333333,-0.4905,0.0436236353518209
21.7,0.193489583333333,-0.4905,0.0433281396070861
21.7333333333333,0.193440818786621,-0.4905,0.0437071790673711
21.7666666666667,0.193440818786621,-0.4905,0.0433766812202485
21.8,0.193440818786621,-0.4905,0.0430935831584048
21.8333333333333,0.193440818786621,-0.4905,0.0428521766957353
21.8666666666667,0.193440818786621,-0.4905,0.0426473768936777
21.9,0.193440818786621,-0.4905,0.0424746582076454
21.9333333333333,0.193440818786621,-0.4905,0.0423299968877708
21.9666666666667,0.193440818786621,-0.4905,0.0422098190416079
22,0.193551826477051,-0.4905,0.0406701193085754
22.0333333333333,0.193551826477051,-0.4905,0.0408475010463956
22.0666666666667,0.193551826477051,-0.4905,0.0410063183049981
22.1,0.193551826477051,-0.4905,0.041148401129375
22.1333333333333,0.193551826477051,-0.4905,0.0412754063105923
22.1666666666667,0.193551826477051,-0.4905,0.0413888333131001
22.2,0.193551826477051,-0.4905,0.0414900387703532
22.2333333333333,0.193551826477051,-0.4905,0.0415802496751723
22.2666666666667,0.19375,-0.4905,0.0390883639395257
22.3,0.193695259094238,-0.4905,0.0403304528577521
22.3333333333333,0.19375,-0.4905,0.0399547020173802
22.3666666666667,0.19375,-0.4905,0.0403719187886186
22.4,0.19375,-0.4905,0.0407326093743046
22.4333333333333,0.19375,-0.4905,0.041043382788275
22.4666666666667,0.19375,-0.4905,0.0413101395631372
22.5,0.19375,-0.4905,0.0415381434279988
22.5333333333333,0.19375,-0.4905,0.0417320860298827
22.5666666666667,0.19375,-0.4905,0.0418961453530566
22.6,0.19375,-0.4905,0.0420340384304609
22.6333333333333,0.19375,-0.4905,0.0421490688868049
22.6666666666667,0.19375,-0.4905,0.0422441698031732
22.7,0.19375,-0.4905,0.0423219423477814
22.7333333333333,0.19375,-0.4905,0.0423846905763722
22.7666666666667,0.19375,-0.4905,0.0424344527683378
22.8,0.19375,-0.4905,0.0424730296306345
22.8333333333333,0.19375,-0.4905,0.042502009670642
22.8666666666667,0.19375,-0.4905,0.0425227920109938
22.9,0.19375,-0.4905,0.0425366068938645
22.9333333333333,0.19375,-0.4905,0.0425445340989955
22.9666666666667,0.19375,-0.4905,0.0425475194786403
23,0.19375,-0.4905,0.0425463897934605
23.0333333333333,0.19375,-0.4905,0.0425418660160233
23.0666666666667,0.193685913085937,-0.4905,0.0433663972393434
23.1,0.19375,-0.4905,0.0423762605801653
23.1333333333333,0.19375,-0.4905,0.0423849576903849
23.1666666666667,0.19375,-0.4905,0.0423899815079752
23.2,0.19375,-0.4905,0.0423919287065465
23.2333333333333,0.19375,-0.4905,0.0423913201596224
23.2666666666667,0.19375,-0.4905,0.0423886094665517
23.3,0.19388058980306,-0.4905,0.0406891882464785
23.3333333333333,0.19388058980306,-0.4905,0.0409866135758966
23.3666666666667,0.19388058980306,-0.4905,0.041242286283861
23.4,0.19388058980306,-0.4905,0.0414611986829032
23.4333333333333,0.19388058980306,-0.4905,0.0416477994877007
23.4666666666667,0.19388058980306,-0.4905,0.0418060494512433
23.5,0.19388058980306,-0.4905,0.0419394715530926
23.5333333333333,0.19388058980306,-0.4905,0.0420511962557522
23.5666666666667,0.19388058980306,-0.4905,0.042144002297523
23.6,0.193612861633301,-0.4905,0.0456953558136093
23.6333333333333,0.193612861633301,-0.4905,0.0451358066500121
23.6666666666667,0.193612861633301,-0.4905,0.0446473143824463
23.7,0.193612861633301,-0.4905,0.0442218677810993
23.7333333333333,0.193612861633301,-0.4905,0.043852294401846
23.7666666666667,0.193612861633301,-0.4905,0.0435321771248541
23.8,0.193612861633301,-0.4905,0.0432557786933025
23.8333333333333,0.193612861633301,-0.4905,0.0430179735070317
23.8666666666667,0.193489583333333,-0.4905,0.0444142880096961
23.9,0.193489583333333,-0.4905,0.0439542020081664
23.9333333333333,0.193489583333333,-0.4905,0.0435588178032363
23.9666666666667,0.193489583333333,-0.4905,0.0432204232628956
24,0.193489583333333,-0.4905,0.0429321428924778
24.0333333333333,0.193489583333333,-0.4905,0.0426878525002438
24.0666666666667,0.193489583333333,-0.4905,0.0424821021938594
24.1,0.193439356486003,-0.4905,0.0429619708983144
24.1333333333333,0.193439356486003,-0.4905,0.0427026881087231
24.1666666666667,0.193439356486003,-0.4905,0.0424846266008513
24.2,0.193439356486003,-0.4905,0.0423025814700019
24.2333333333333,0.193439356486003,-0.4905,0.0421519320077318
24.2666666666667,0.193439356486003,-0.4905,0.0420285807508294
24.3,0.193439356486003,-0.4905,0.0419288985780271
24.3333333333333,0.193439356486003,-0.4905,0.0418496752760869
24.3666666666667,0.193439356486003,-0.4905,0.0417880750506492
24.4,0.193489583333333,-0.4905,0.0410896725285262
24.4333333333333,0.193489583333333,-0.4905,0.0411727323921633
24.4666666666667,0.193489583333333,-0.4905,0.0412511278838669
24.5,0.193489583333333,-0.4905,0.0413249818662857
24.5333333333333,0.193489583333333,-0.4905,0.0413944330746986
24.5666666666667,0.193489583333333,-0.4905,0.041459632451526
24.6,0.193489583333333,-0.4905,0.0415207399850545
24.6333333333333,0.193489583333333,-0.4905,0.0415779219941426
24.6666666666667,0.193614196777344,-0.4905,0.040013917166193
24.7,0.193614196777344,-0.4905,0.0403530961133628
24.7333333333333,0.193614196777344,-0.4905,0.0406500465977099
24.7666666666667,0.193614196777344,-0.4905,0.0409094625144614
24.8,0.193614196777344,-0.4905,0.0411355515301956
24.8333333333333,0.193614196777344,-0.4905,0.0413320830615354
24.8666666666667,0.193614196777344,-0.4905,0.0415024316856022
24.9,0.193614196777344,-0.4905,0.0416496164054268
24.9333333333333,0.193614196777344,-0.4905,0.0417763361551401
24.9666666666667,0.193614196777344,-0.4905,0.0418850018948358
25,0.193614196777344,-0.4905,0.0419777656131452
25.0333333333333,0.193614196777344,-0.4905,0.042056546526623
25.0666666666667,0.193614196777344,-0.4905,0.042123054738609
25.1,0.193614196777344,-0.4905,0.0421788125962444
25.1333333333333,0.193614196777344,-0.4905,0.0422251739623973
25.1666666666667,0.193695259094238,-0.4905,0.0412111858127741
25.2,0.193695259094238,-0.4905,0.0414304424056932
25.2333333333333,0.193695259094238,-0.4905,0.0416182669037252
25.2666666666667,0.193695259094238,-0.4905,0.0417784385082909
25.3,0.193695259094238,-0.4905,0.0419143244427012
25.3333333333333,0.193695259094238,-0.4905,0.0420289221021824
25.3666666666667,0.193695259094238,-0.4905,0.0421248970802577
25.4,0.193695259094238,-0.4905,0.0422046174616462
25.4333333333333,0.193458048502604,-0.4905,0.0453490813946489
25.4666666666667,0.193458048502604,-0.4905,0.0448515885339496
25.5,0.193458048502604,-0.4905,0.0444173479366442
25.5333333333333,0.193458048502604,-0.4905,0.0440392093142957
25.5666666666667,0.193458048502604,-0.4905,0.0437107730323389
25.6,0.193458048502604,-0.4905,0.0434263152383223
25.6333333333333,0.193458048502604,-0.4905,0.0431807201819314
25.6666666666667,0.193458048502604,-0.4905,0.0429694190556845
25.7,0.193763860066732,-0.4905,0.0388190254650647
25.7333333333333,0.193763860066732,-0.4905,0.0393745742920445
25.7666666666667,0.193763860066732,-0.4905,0.0398582026551469
25.8,0.193763860066732,-0.4905,0.0402781259717913
25.8333333333333,0.193763860066732,-0.4905,0.040641691265255
25.8666666666667,0.193763860066732,-0.4905,0.0409554642011861
25.9,0.193763860066732,-0.4905,0.0412253077335035
25.9333333333333,0.193763860066732,-0.4905,0.0414564531448608
25.9666666666667,0.193695259094238,-0.4905,0.04254397681766
26,0.193695259094238,-0.4905,0.0425519257961002
26.0333333333333,0.193695259094238,-0.4905,0.0425550612302044
26.0666666666667,0.193695259094238,-0.4905,0.0425541801351386
26.1,0.193695259094238,-0.4905,0.0425499782422346
26.1333333333333,0.193695259094238,-0.4905,0.0425430613563793
26.1666666666667,0.193695259094238,-0.4905,0.0425339555318498
26.2,0.193706448872884,-0.4905,0.0423778774238726
26.2333333333333,0.193489583333333,-0.4905,0.0452065047650054
26.2666666666667,0.193489583333333,-0.4905,0.0447122859056389
26.3,0.193489583333333,-0.4905,0.0442818293940251
26.3333333333333,0.193489583333333,-0.4905,0.0439078739998731
26.3666666666667,0.193489583333333,-0.4905,0.0435839240969901
26.4,0.193489583333333,-0.4905,0.0433041730863616
26.4333333333333,0.193489583333333,-0.4905,0.0430634341890726
26.4666666666667,0.193489583333333,-0.4905,0.0428570779203631
26.5,0.193620363871257,-0.4905,0.0409834976165761
26.5333333333333,0.193620363871257,-0.4905,0.0411376245573209
26.5666666666667,0.193620363871257,-0.4905,0.0412743121763511
26.6,0.193620363871257,-0.4905,0.0413953937930355
26.6333333333333,0.193620363871257,-0.4905,0.0415025196175204
26.6666666666667,0.193620363871257,-0.4905,0.0415971743612658
26.7,0.193620363871257,-0.4905,0.041680693202409
26.7333333333333,0.193620363871257,-0.4905,0.0417542762561517
26.7666666666667,0.193440373738607,-0.4905,0.0441552001433208
26.8,0.193465995788574,-0.4905,0.0434615604077749
26.8333333333333,0.193465995788574,-0.4905,0.0432090232442325
26.8666666666667,0.193465995788574,-0.4905,0.0429917999548733
26.9,0.193465995788574,-0.4905,0.0428056861256069
26.9333333333333,0.193465995788574,-0.4905,0.042646933485617
26.9666666666667,0.193488311767578,-0.4905,0.04222255106228
27,0.193488311767578,-0.4905,0.0421606869556804
27.0333333333333,0.193871434529622,-0.4905,0.0371375041973918
27.0666666666667,0.193871434529622,-0.4905,0.0379865783832786
27.1,0.193871434529622,-0.4905,0.0387248705175559
27.1333333333333,0.193871434529622,-0.4905,0.0393650853136239
27.1666666666667,0.193871434529622,-0.4905,0.0399185814018331
27.2,0.193871434529622,-0.4905,0.0403955064509512
27.2333333333333,0.193871434529622,-0.4905,0.0408049192494203
27.2666666666667,0.193871434529622,-0.4905,0.041154899967642
27.3,0.193497467041016,-0.4905,0.0463065950731904
27.3333333333333,0.193497467041016,-0.4905,0.0456902255897339
27.3666666666667,0.193497467041016,-0.4905,0.0451502354542732
27.4,0.193497467041016,-0.4905,0.0446781221615286
27.4333333333333,0.193497467041016,-0.4905,0.0442662666654491
27.4666666666667,0.193497467041016,-0.4905,0.043907845912471
27.5,0.193497467041016,-0.4905,0.0435967537293988
27.5333333333333,0.193497467041016,-0.4905,0.043327529289687
27.5666666666667,0.193489583333333,-0.4905,0.0431976197603574
27.6,0.193706448872884,-0.4905,0.0401648815887405
27.6333333333333,0.193706448872884,-0.4905,0.0404816981830299
27.6666666666667,0.193706448872884,-0.4905,0.0407584034162897
27.7,0.193706448872884,-0.4905,0.0409995240123201
27.7333333333333,0.193489583333333,-0.4905,0.044023938008686
27.7666666666667,0.193489583333333,-0.4905,0.0437020859425719
27.8,0.193489583333333,-0.4905,0.0434231208494129
27.8333333333333,0.193559455871582,-0.4905,0.0422751492527982
27.8666666666667,0.193559455871582,-0.4905,0.0422297942669771
27.9,0.193559455871582,-0.4905,0.0421921710650539
27.9333333333333,0.193559455871582,-0.4905,0.0421612769980222
27.9666666666667,0.193559455871582,-0.4905,0.0421362235338379
28,0.193559455871582,-0.4905,0.0421162242492823
28.0333333333333,0.193559455871582,-0.4905,0.0421005840201521
28.0666666666667,0.193559455871582,-0.4905,0.0420886892947222
28.1,0.193559455871582,-0.4905,0.0420799993461137
28.1333333333333,0.193489583333333,-0.4905,0.0429809554360695
28.1666666666667,0.193489583333333,-0.4905,0.0428150713922009
28.2,0.193489583333333,-0.4905,0.0426728981846526
28.2333333333333,0.193489583333333,-0.4905,0.0425515796967192
28.2666666666667,0.193489583333333,-0.4905,0.042448571968572
28.3,0.193489583333333,-0.4905,0.0423616111804627
28.3333333333333,0.193489583333333,-0.4905,0.0422886847751635
28.3666666666667,0.193489583333333,-0.4905,0.0422280054220503
28.4,0.193872578938802,-0.4905,0.0372068609184518
28.4333333333333,0.193872578938802,-0.4905,0.0380553617549457
28.4666666666667,0.193872578938802,-0.4905,0.0387925687377119
28.5,0.194010416666667,-0.4905,0.0376422043621222
28.5333333333333,0.194010416666667,-0.4905,0.0385139047593227
28.5666666666667,0.194010416666667,-0.4905,0.0392658339909878
28.6,0.194010416666667,-0.4905,0.0399121147284958
28.6333333333333,0.194010416666667,-0.4905,0.0404653469444885
28.6666666666667,0.193774795532227,-0.4905,0.0439950287695812
28.7,0.193774795532227,-0.4905,0.0438475522399754
28.7333333333333,0.193774795532227,-0.4905,0.0437105624456295
28.7666666666667,0.193774795532227,-0.4905,0.0435834212991988
28.8,0.193774795532227,-0.4905,0.0434655196831502
28.8333333333333,0.193774795532227,-0.4905,0.0433562772642842
28.8666666666667,0.193774795532227,-0.4905,0.0432551421311322
28.9,0.193774795532227,-0.4905,0.0431615902849135
28.9333333333333,0.193387095133464,-0.4905,0.0481073179418209
28.9666666666667,0.193387095133464,-0.4905,0.0471272830472261
29,0.193387095133464,-0.4905,0.0462741928035443
29.0333333333333,0.193387095133464,-0.4905,0.0455335581406025
29.0666666666667,0.193387095133464,-0.4905,0.0448924199180065
29.1,0.193387095133464,-0.4905,0.0443391957408624
29.1333333333333,0.193387095133464,-0.4905,0.0438635415294382
29.1666666666667,0.193387095133464,-0.4905,0.0434562264632405
29.2,0.19375,-0.4905,0.0383986630027729
29.2333333333333,0.19375,-0.4905,0.0389468473931431
29.2666666666667,0.193554242451986,-0.4905,0.0419690870514065
29.3,0.193554242451986,-0.4905,0.0419365215769317
29.3333333333333,0.193554242451986,-0.4905,0.0419121123991651
29.3666666666667,0.193554242451986,-0.4905,0.0418946757470683
29.4,0.193554242451986,-0.4905,0.0418831700955
29.4333333333333,0.193554242451986,-0.4905,0.0418766807101792
29.4666666666667,0.193489583333333,-0.4905,0.0427136547365319
29.5,0.193489583333333,-0.4905,0.0425647634476006
29.5333333333333,0.193489583333333,-0.4905,0.0424389151141807
29.5666666666667,0.193489583333333,-0.4905,0.0423332304353292
29.6,0.193489583333333,-0.4905,0.042245151546006
29.6333333333333,0.193489583333333,-0.4905,0.0421724085883862
29.6666666666667,0.193489583333333,-0.4905,0.0421129895930775
29.7,0.193489583333333,-0.4905,0.04206511335415
29.7333333333333,0.193630282084147,-0.4905,0.040200992653778
29.7666666666667,0.193630282084147,-0.4905,0.0404983445192722
29.8,0.193630282084147,-0.4905,0.0407592188285459
29.8333333333333,0.193630282084147,-0.4905,0.0409876424959519
29.8666666666667,0.193630282084147,-0.4905,0.0411872268202493
29.9,0.193630282084147,-0.4905,0.0413612084087034
29.9333333333333,0.193630282084147,-0.4905,0.04151248620972
29.9666666666667,0.193630282084147,-0.4905,0.0416436550141907
30,0.193489583333333,-0.4905,0.0435832481106281
30.0333333333333,0.19375,-0.4905,0.0399741304082796
30.0666666666667,0.19375,-0.4905,0.0403797340267958
30.1,0.19375,-0.4905,0.0407307309180221
30.1333333333333,0.19375,-0.4905,0.0410334863993848
30.1666666666667,0.19375,-0.4905,0.0412936846171393
30.2,0.19375,-0.4905,0.0415163973841648
30.2333333333333,0.19375,-0.4905,0.0417061463422225
30.2666666666667,0.193544133504232,-0.4905,0.0445390221640733
30.3,0.193544133504232,-0.4905,0.0441964896613821
30.3333333333333,0.193544133504232,-0.4905,0.0438959210309599
30.3666666666667,0.193544133504232,-0.4905,0.0436326752739981
30.4,0.193544133504232,-0.4905,0.0434025915908391
30.4333333333333,0.193544133504232,-0.4905,0.0432019419784829
30.4666666666667,0.193544133504232,-0.4905,0.0430273883460692
30.5,0.193544133504232,-0.4905,0.0428759437292837
30.5333333333333,0.193455187479655,-0.4905,0.0438994203171748
30.5666666666667,0.193455187479655,-0.4905,0.0435799451636988
30.6,0.193455187479655,-0.4905,0.0433040983523292
30.6333333333333,0.193455187479655,-0.4905,0.0430667510833747
30.6666666666667,0.193455187479655,-0.4905,0.0428633265429856
30.7,0.193455187479655,-0.4905,0.0426897438894455
30.7333333333333,0.193455187479655,-0.4905,0.0425423676885159
30.7666666666667,0.193455187479655,-0.4905,0.0424179622843744
30.8,0.193489583333333,-0.4905,0.0418672064982672
30.8333333333333,0.193489583333333,-0.4905,0.0418602954371753
30.8666666666667,0.193489583333333,-0.4905,0.041857940464995
30.9,0.193489583333333,-0.4905,0.0418593802356181
30.9333333333333,0.193489583333333,-0.4905,0.0418639505720662
30.9666666666667,0.193489583333333,-0.4905,0.0418710735412967
31,0.193489583333333,-0.4905,0.041880247667739
31.0333333333333,0.193489583333333,-0.4905,0.0418910391727706
31.0666666666667,0.193489583333333,-0.4905,0.0419030741381396
31.1,0.193489583333333,-0.4905,0.0419160315010641
31.1333333333333,0.193489583333333,-0.4905,0.0419296367976248
31.1666666666667,0.193489583333333,-0.4905,0.0419436565790893
31.2,0.193489583333333,-0.4905,0.0419578934330835
31.2333333333333,0.193489583333333,-0.4905,0.041972181548128
31.2666666666667,0.193489583333333,-0.4905,0.0419863827660389
31.3,0.193489583333333,-0.4905,0.0420003830720992
31.3333333333333,0.193411509195964,-0.4905,0.0430274599138882
31.3666666666667,0.193411509195964,-0.4905,0.0428595204771304
31.4,0.193411509195964,-0.4905,0.0427154743858448
31.4333333333333,0.193411509195964,-0.4905,0.0425924430696909
31.4666666666667,0.193411509195964,-0.4905,0.0424878629452779
31.5,0.193411509195964,-0.4905,0.042399453065203
31.5333333333333,0.193411509195964,-0.4905,0.0423251859431714
31.5666666666667,0.193570264180501,-0.4905,0.0402026863524209
31.6,0.193531036376953,-0.4905,0.0410292749548299
31.6333333333333,0.193531036376953,-0.4905,0.0412154982346293
31.6666666666667,0.193531036376953,-0.4905,0.0413783277353749
31.7,0.193531036376953,-0.4905,0.0415203781796546
31.7333333333333,0.193531036376953,-0.4905,0.0416439924040516
31.7666666666667,0.193531036376953,-0.4905,0.0417512682630487
31.8,0.193531036376953,-0.4905,0.0418440829657389
31.8333333333333,0.193531036376953,-0.4905,0.0419241150835926
31.8666666666667,0.193531036376953,-0.4905,0.0419928644458576
31.9,0.193531036376953,-0.4905,0.0420516701195158
31.9333333333333,0.193531036376953,-0.4905,0.0421017266527637
31.9666666666667,0.193531036376953,-0.4905,0.0421440987446505
32,0.193531036376953,-0.4905,0.0421797344886412
32.0333333333333,0.193531036376953,-0.4905,0.0422094773243391
32.0666666666667,0.193531036376953,-0.4905,0.0422340768192632
32.1,0.193630282084147,-0.4905,0.0409660296204668
32.1333333333333,0.193630282084147,-0.4905,0.0412126979370952
32.1666666666667,0.193630282084147,-0.4905,0.0414250848553937
32.2,0.193630282084147,-0.4905,0.041607254148092
32.2333333333333,0.193630282084147,-0.4905,0.0417628301152931
32.2666666666667,0.193630282084147,-0.4905,0.0418950423194613
32.3,0.193630282084147,-0.4905,0.0420067659591581
32.3333333333333,0.193747329711914,-0.4905,0.0405813278592471
32.3666666666667,0.193747329711914,-0.4905,0.0409312292564248
32.4,0.193614196777344,-0.4905,0.042959037822155
32.4333333333333,0.193614196777344,-0.4905,0.0429056507488452
32.4666666666667,0.193614196777344,-0.4905,0.0428550436048659
32.5,0.193614196777344,-0.4905,0.0428071693348268
32.5333333333333,0.193614196777344,-0.4905,0.0427619671799606
32.5666666666667,0.193614196777344,-0.4905,0.0427193653754199
32.6,0.193614196777344,-0.4905,0.0426792834923066
32.6333333333333,0.193614196777344,-0.4905,0.0426416344646101
32.6666666666667,0.193532053629557,-0.4905,0.0436725108674713
32.7,0.193532053629557,-0.4905,0.0434487234093578
32.7333333333333,0.193532053629557,-0.4905,0.0432526724871476
32.7666666666667,0.193532053629557,-0.4905,0.0430812786772536
32.8,0.193532053629557,-0.4905,0.0429317815279421
32.8333333333333,0.193532053629557,-0.4905,0.0428017080734485
32.8666666666667,0.193532053629557,-0.4905,0.0426888443475139
32.9,0.193532053629557,-0.4905,0.0425912096183131
32.9333333333333,0.193646240234375,-0.4905,0.0410249375682394
32.9666666666667,0.193646240234375,-0.4905,0.0412177626384677
33,0.193646240234375,-0.4905,0.0413854816443751
33.0333333333333,0.193646240234375,-0.4905,0.0415309789999216
33.0666666666667,0.193646240234375,-0.4905,0.0416568327326136
33.1,0.193646240234375,-0.4905,0.0417653453161165
33.1333333333333,0.193426577250163,-0.4905,0.0447097073972473
33.1666666666667,0.193426577250163,-0.4905,0.0442794527462484
33.2,0.193597666422526,-0.4905,0.0416851359247178
33.2333333333333,0.193597666422526,-0.4905,0.0417588187395935
33.2666666666667,0.193597666422526,-0.4905,0.0418234662268201
33.3,0.193597666422526,-0.4905,0.0418800836878626
33.3333333333333,0.193597666422526,-0.4905,0.041929571709666
33.3666666666667,0.193597666422526,-0.4905,0.0419727365659226
33.4,0.193597666422526,-0.4905,0.0420102996214962
33.4333333333333,0.193597666422526,-0.4905,0.0420429058329271
33.4666666666667,0.193814977010091,-0.4905,0.0392505287010451
33.5,0.193814977010091,-0.4905,0.0397794528778636
33.5333333333333,0.193814977010091,-0.4905,0.0402372753307456
33.5666666666667,0.193814977010091,-0.4905,0.0406322912678314
33.6,0.193814977010091,-0.4905,0.040971907040619
33.6333333333333,0.193814977010091,-0.4905,0.0412627300871576
33.6666666666667,0.193814977010091,-0.4905,0.0415106501426725
33.7,0.193814977010091,-0.4905,0.0417209125392982
33.7333333333333,0.193702379862467,-0.4905,0.0433596493592891
33.7666666666667,0.193702379862467,-0.4905,0.0432466442003042
33.8,0.193702379862467,-0.4905,0.0431435556513033
33.8333333333333,0.193702379862467,-0.4905,0.0430495648018095
33.8666666666667,0.193702379862467,-0.4905,0.0429639173723934
33.9,0.193702379862467,-0.4905,0.0428859188049005
33.9333333333333,0.193702379862467,-0.4905,0.0428149297124571
33.9666666666667,0.193702379862467,-0.4905,0.0427503616638681
34,0.193702379862467,-0.4905,0.0426916732787333
34.0333333333333,0.193702379862467,-0.4905,0.0426383666112319
34.0666666666667,0.193702379862467,-0.4905,0.042589983801988
34.1,0.193702379862467,-0.4905,0.0425461039788797
34.1333333333333,0.19375,-0.4905,0.0418882504405446
34.1666666666667,0.19375,-0.4905,0.0419628150875355
34.2,0.19375,-0.4905,0.0420259802448257
34.2333333333333,0.19375,-0.4905,0.0420791745024238
34.2666666666667,0.19375,-0.4905,0.0421236661231698
34.3,0.19375,-0.4905,0.0421605798035217
34.3333333333333,0.19375,-0.4905,0.0421909117670814
34.3666666666667,0.19375,-0.4905,0.0422155433507008
34.4,0.193448003133138,-0.4905,0.0461550492959776
34.4333333333333,0.193448003133138,-0.4905,0.0454693300332624
34.4666666666667,0.193448003133138,-0.4905,0.0448740563867802
34.5,0.193448003133138,-0.4905,0.0443588012476143
34.5333333333333,0.193448003133138,-0.4905,0.0439142455995441
34.5666666666667,0.193448003133138,-0.4905,0.0435320670748164
34.6,0.193448003133138,-0.4905,0.0432048392791085
34.6333333333333,0.193448003133138,-0.4905,0.0429259408761938
34.6666666666667,0.193680508931478,-0.4905,0.039671643153057
34.7,0.193680508931478,-0.4905,0.0400122033119394
34.7333333333333,0.193680508931478,-0.4905,0.0403128498385649
34.7666666666667,0.193680508931478,-0.4905,0.040577874875966
34.8,0.193680508931478,-0.4905,0.0408111350206011
34.8333333333333,0.193680508931478,-0.4905,0.0410160937055157
34.8666666666667,0.193680508931478,-0.4905,0.0411958595881278
34.9,0.193680508931478,-0.4905,0.0413532213100051
34.9333333333333,0.193680508931478,-0.4905,0.041490678962887
34.9666666666667,0.193680508931478,-0.4905,0.041610472565028
35,0.193680508931478,-0.4905,0.0417146078244658
35.0333333333333,0.193680508931478,-0.4905,0.041804879440754
35.0666666666667,0.193680508931478,-0.4905,0.0418828921738693
35.1,0.193680508931478,-0.4905,0.0419500798882482
35.1333333333333,0.193680508931478,-0.4905,0.0420077227609371
35.1666666666667,0.193680508931478,-0.4905,0.0420569628256411
35.2,0.193952751159668,-0.4905,0.0385652250060913
35.2333333333333,0.193952751159668,-0.4905,0.0392327101290097
35.2666666666667,0.193952751159668,-0.4905,0.0398097171104267
35.3,0.193952751159668,-0.4905,0.040306842359255
35.3333333333333,0.193952751159668,-0.4905,0.0407335444276798
35.3666666666667,0.193952751159668,-0.4905,0.0410982593026354
35.4,0.193952751159668,-0.4905,0.0414085044937729
35.4333333333333,0.193691253662109,-0.4905,0.0450651037573751
35.4666666666667,0.193622271219889,-0.4905,0.0455739520775492
35.5,0.193622271219889,-0.4905,0.0450721943115152
35.5333333333333,0.193622271219889,-0.4905,0.044632056369098
35.5666666666667,0.193622271219889,-0.4905,0.0442467238911479
35.6,0.193622271219889,-0.4905,0.0439100870296806
35.6333333333333,0.193622271219889,-0.4905,0.0436166709710988
35.6666666666667,0.193622271219889,-0.4905,0.0433615730747743
35.7,0.193622271219889,-0.4905,0.0431404060139683
35.7333333333333,0.193612861633301,-0.4905,0.0430713789549362
35.7666666666667,0.193554242451986,-0.4905,0.043645726012588
35.8,0.193554242451986,-0.4905,0.0433494165012696
35.8333333333333,0.193554242451986,-0.4905,0.043094534906888
35.8666666666667,0.193554242451986,-0.4905,0.0428761591580616
35.9,0.193554242451986,-0.4905,0.0426899000245661
35.9333333333333,0.193554242451986,-0.4905,0.042531846850201
35.9666666666667,0.193554242451986,-0.4905,0.0423985185776391
36,0.193807601928711,-0.4905,0.0389983169698746
36.0333333333333,0.193807601928711,-0.4905,0.0394937623777915
36.0666666666667,0.193807601928711,-0.4905,0.0399267225024638
36.1,0.193807601928711,-0.4905,0.0403042285914259
36.1333333333333,0.193807601928711,-0.4905,0.0406325759215201
36.1666666666667,0.193807601928711,-0.4905,0.0409173970538088
36.2,0.19375,-0.4905,0.0419113775865012
36.2333333333333,0.19375,-0.4905,0.0419899743059911
36.2666666666667,0.193695259094238,-0.4905,0.0427670554517795
36.3,0.193695259094238,-0.4905,0.0426959839191677
36.3333333333333,0.193695259094238,-0.4905,0.0426327543788581
36.3666666666667,0.193695259094238,-0.4905,0.0425765586166261
36.4,0.193695259094238,-0.4905,0.0425266678703443
36.4333333333333,0.193695259094238,-0.4905,0.0424824252869264
36.4666666666667,0.193695259094238,-0.4905,0.042443239076416
36.5,0.193695259094238,-0.4905,0.0424085763001592
36.5333333333333,0.19375,-0.4905,0.0416674426220304
36.5666666666667,0.19375,-0.4905,0.0417675363697221
36.6,0.19375,-0.4905,0.0418538017143187
36.6333333333333,0.19375,-0.4905,0.0419278763159355
36.6666666666667,0.19375,-0.4905,0.0419912206686512
36.7,0.19375,-0.4905,0.042045136147862
36.7333333333333,0.19375,-0.4905,0.0420907812967574
36.7666666666667,0.19375,-0.4905,0.0421291865182324
36.8,0.193685913085937,-0.4905,0.0429930893098552
36.8333333333333,0.193685913085937,-0.4905,0.0428708574187319
36.8666666666667,0.193685913085937,-0.4905,0.0427637977703345
36.9,0.193685913085937,-0.4905,0.0426702225335043
36.9333333333333,0.193685913085937,-0.4905,0.0425886190314869
36.9666666666667,0.19375,-0.4905,0.0416858104375081
37,0.19375,-0.4905,0.0417730288960045
37.0333333333333,0.19375,-0.4905,0.0418486031865486
37.0666666666667,0.193298021952311,-0.4905,0.0477803801198804
37.1,0.193298021952311,-0.4905,0.046787159725114
37.1333333333333,0.193298021952311,-0.4905,0.0459267384159019
37.1666666666667,0.193298021952311,-0.4905,0.0451836769995294
37.2,0.193298021952311,-0.4905,0.0445441865529546
37.2333333333333,0.193298021952311,-0.4905,0.0439959617408321
37.2666666666667,0.193298021952311,-0.4905,0.0435280302934411
37.3,0.193298021952311,-0.4905,0.0431306171257164
37.3333333333333,0.19375,-0.4905,0.0369285311397324
37.3666666666667,0.19375,-0.4905,0.0376964466647024
37.4,0.19375,-0.4905,0.03837077526192
37.4333333333333,0.19375,-0.4905,0.0389618210968783
37.4666666666667,0.19375,-0.4905,0.0394788260521697
37.5,0.19375,-0.4905,0.0399300742781776
37.5333333333333,0.19375,-0.4905,0.040322986803409
37.5666666666667,0.19375,-0.4905,0.0406642071245808
37.6,0.193397331237793,-0.4905,0.0455371752002051
37.6333333333333,0.193397331237793,-0.4905,0.0449733636035576
37.6666666666667,0.193397331237793,-0.4905,0.0444837226640788
37.7,0.193397331237793,-0.4905,0.0440596907020792
37.7333333333333,0.193397331237793,-0.4905,0.0436936177768905
37.7666666666667,0.193622271219889,-0.4905,0.0404590446420331
37.8,0.193622271219889,-0.4905,0.0407114155148177
37.8333333333333,0.193622271219889,-0.4905,0.0409333196904539
37.8666666666667,0.193552780151367,-0.4905,0.0420300488918338
37.9,0.193552780151367,-0.4905,0.0420393087490162
37.9333333333333,0.193552780151367,-0.4905,0.0420487391100744
37.9666666666667,0.193552780151367,-0.4905,0.0420582196120602
38,0.193552780151367,-0.4905,0.0420676501298849
38.0333333333333,0.193552780151367,-0.4905,0.04207694818644
38.0666666666667,0.193552780151367,-0.4905,0.0420860466543807
38.1,0.193552780151367,-0.4905,0.042094891719127
38.1333333333333,0.19375,-0.4905,0.0395436079383263
38.1666666666667,0.19375,-0.4905,0.0400097460697064
38.2,0.19375,-0.4905,0.0404140962269931
38.2333333333333,0.19375,-0.4905,0.0407637988682818
38.2666666666667,0.19375,-0.4905,0.0410652345746825
38.3,0.19375,-0.4905,0.0413241005419217
38.3333333333333,0.19375,-0.4905,0.0415454796757494
38.3666666666667,0.19375,-0.4905,0.0417339029847856
38.4,0.193864377339681,-0.4905,0.0404088347165012
38.4333333333333,0.193448956807454,-0.4905,0.0462005650310223
38.4666666666667,0.193448956807454,-0.4905,0.0455779904239484
38.5,0.193448956807454,-0.4905,0.0450340407908669
38.5333333333333,0.193448956807454,-0.4905,0.0445598608994279
38.5666666666667,0.193448956807454,-0.4905,0.0441475229910392
38.6,0.193448956807454,-0.4905,0.0437899344210791
38.6333333333333,0.193448956807454,-0.4905,0.043480754160331
38.6666666666667,0.193448956807454,-0.4905,0.0432143173314684
38.7,0.193448956807454,-0.4905,0.0429855670297498
38.7333333333333,0.193448956807454,-0.4905,0.0427899927455986
38.7666666666667,0.193448956807454,-0.4905,0.0426235747691922
38.8,0.193685913085937,-0.4905,0.0394071382361102
38.8333333333333,0.193685913085937,-0.4905,0.0398388702682932
38.8666666666667,0.193685913085937,-0.4905,0.0402163522871411
38.9,0.193685913085937,-0.4905,0.0405456719123242
38.9333333333333,0.193685913085937,-0.4905,0.0408322809227823
38.9666666666667,0.193685913085937,-0.4905,0.041081058438919
39,0.193685913085937,-0.4905,0.0412963680533616
39.0333333333333,0.193685913085937,-0.4905,0.0414821094736991
39.0666666666667,0.193439928690592,-0.4905,0.0448345422390916
39.1,0.193439928690592,-0.4905,0.0444000783558168
39.1333333333333,0.193439928690592,-0.4905,0.044022033278744
39.1666666666667,0.193439928690592,-0.4905,0.0436939480868694
39.2,0.193439928690592,-0.4905,0.0434100477100922
39.2333333333333,0.193439928690592,-0.4905,0.0431651723019144
39.2666666666667,0.193439928690592,-0.4905,0.0429547152347075
39.3,0.193489583333333,-0.4905,0.0421300701017377
39.3333333333333,0.193695259094238,-0.4905,0.0394222718361062
39.3666666666667,0.193695259094238,-0.4905,0.0398695278161371
39.4,0.193695259094238,-0.4905,0.0402595302569813
39.4333333333333,0.193695259094238,-0.4905,0.040598772986167
39.4666666666667,0.193695259094238,-0.4905,0.0408930667901593
39.5,0.193695259094238,-0.4905,0.0411476076244522
39.5333333333333,0.193695259094238,-0.4905,0.0413670382664394
39.5666666666667,0.193685913085937,-0.4905,0.0416768113963259
39.6,0.193685913085937,-0.4905,0.0418163103016457
39.6333333333333,0.193685913085937,-0.4905,0.0419347502964394
39.6666666666667,0.193685913085937,-0.4905,0.0420347279548943
39.7,0.193685913085937,-0.4905,0.0421185524567627
39.7333333333333,0.193685913085937,-0.4905,0.0421882752946934
39.7666666666667,0.193685913085937,-0.4905,0.0422457170534924
39.8,0.193685913085937,-0.4905,0.0422924915399527
39.8333333333333,0.193380610148112,-0.4905,0.0462927350355853
39.8666666666667,0.193380610148112,-0.4905,0.0456134251133289
39.9,0.193380610148112,-0.4905,0.0450223603551626
39.9333333333333,0.193380610148112,-0.4905,0.0445094447497811
39.9666666666667,0.193380610148112,-0.4905,0.0440656503630803
40,0.193380610148112,-0.4905,0.0436829102345448
40.0333333333333,0.193380610148112,-0.4905,0.0433540216020682
40.0666666666667,0.193397331237793,-0.4905,0.0428555255693537
40.1,0.193814977010091,-0.4905,0.0372337122243811
40.1333333333333,0.193814977010091,-0.4905,0.0380338726322381
40.1666666666667,0.193814977010091,-0.4905,0.0387313868339834
40.2,0.193814977010091,-0.4905,0.0393379181313568
40.2333333333333,0.193814977010091,-0.4905,0.0398639012668942
40.2666666666667,0.193814977010091,-0.4905,0.0403186652541814
40.3,0.193814977010091,-0.4905,0.0407105443887916
40.3333333333333,0.193814977010091,-0.4905,0.041046978544357
40.3666666666667,0.193811289469401,-0.4905,0.0413824665304058
40.4,0.193811289469401,-0.4905,0.0416186348324149
40.4333333333333,0.193811289469401,-0.4905,0.0418183226300868
40.4666666666667,0.193811289469401,-0.4905,0.0419860802076307
40.5,0.193811289469401,-0.4905,0.0421259505890335
40.5333333333333,0.193811289469401,-0.4905,0.0422415222329185
40.5666666666667,0.193811289469401,-0.4905,0.0423359765145954
40.6,0.193811289469401,-0.4905,0.042412130492724
40.6333333333333,0.193548011779785,-0.4905,0.0458897123627968
40.6666666666667,0.193548011779785,-0.4905,0.0453251543716836
40.7,0.193548011779785,-0.4905,0.0448309411622239
40.7333333333333,0.193548011779785,-0.4905,0.0443992265265984
40.7666666666667,0.193548011779785,-0.4905,0.0440229800852995
40.8,0.193548011779785,-0.4905,0.0436959065036712
40.8333333333333,0.193695259094238,-0.4905,0.0415011623833884
40.8666666666667,0.193695259094238,-0.4905,0.0415980180017554
40.9,0.1936980565389,-0.4905,0.0416466956784267
40.9333333333333,0.1936980565389,-0.4905,0.0417276346019022
40.9666666666667,0.1936980565389,-0.4905,0.0417983444316613
41,0.1936980565389,-0.4905,0.0418599880693107
41.0333333333333,0.1936980565389,-0.4905,0.0419136053529212
41.0666666666667,0.1936980565389,-0.4905,0.041960125428904
41.1,0.1936980565389,-0.4905,0.0420003779269789
41.1333333333333,0.1936980565389,-0.4905,0.0420351030506101
41.1666666666667,0.193477884928385,-0.4905,0.0449226983235377
41.2,0.193477884928385,-0.4905,0.0444370686043006
41.2333333333333,0.193477884928385,-0.4905,0.0440162679825749
41.2666666666667,0.193477884928385,-0.4905,0.0436527715667001
41.3,0.193477884928385,-0.4905,0.0433398576897767
41.3333333333333,0.193477884928385,-0.4905,0.0430715268731411
41.3666666666667,0.193477884928385,-0.4905,0.0428424286390462
41.4,0.193477884928385,-0.4905,0.0426477954353969
41.4333333333333,0.193465677897135,-0.4905,0.0426418252861542
41.4666666666667,0.193465677897135,-0.4905,0.0424755158430977
41.5,0.193465677897135,-0.4905,0.0423361012353225
41.5333333333333,0.193465677897135,-0.4905,0.0422201619294427
41.5666666666667,0.193465677897135,-0.4905,0.0421246636422495
41.6,0.193556785583496,-0.4905,0.0408643764694355
41.6333333333333,0.193556785583496,-0.4905,0.0410135402193606
41.6666666666667,0.193556785583496,-0.4905,0.0411475894111331
41.7,0.193746121724447,-0.4905,0.0388104664817317
41.7333333333333,0.193746121724447,-0.4905,0.03935810966412
41.7666666666667,0.193746121724447,-0.4905,0.0398356138660125
41.8,0.193746121724447,-0.4905,0.0402509322206409
41.8333333333333,0.193746121724447,-0.4905,0.040611181697854
41.8666666666667,0.193746121724447,-0.4905,0.040922726567329
41.9,0.193746121724447,-0.4905,0.0411912538416145
41.9333333333333,0.193746121724447,-0.4905,0.0414218414475511
41.9666666666667,0.193306350708008,-0.4905,0.0473270681013652
42,0.193306350708008,-0.4905,0.0464737890150238
42.0333333333333,0.193306350708008,-0.4905,0.0457317291820643
42.0666666666667,0.193306350708008,-0.4905,0.0450881298041471
42.1,0.193306350708008,-0.4905,0.0445315847142385
42.1333333333333,0.193306350708008,-0.4905,0.0440519045112868
42.1666666666667,0.193306350708008,-0.4905,0.0436399938146972
42.2,0.193306350708008,-0.4905,0.043287740409254
42.2333333333333,0.193489583333333,-0.4905,0.0406096304757116
42.2666666666667,0.193489583333333,-0.4905,0.0407812375185303
42.3,0.193489583333333,-0.4905,0.0409360324256827
42.3333333333333,0.193489583333333,-0.4905,0.0410755773750593
42.3666666666667,0.193622271219889,-0.4905,0.0394790597638528
42.4,0.193622271219889,-0.4905,0.0399003256066937
42.4333333333333,0.193622271219889,-0.4905,0.0402689013863826
42.4666666666667,0.193622271219889,-0.4905,0.0405906732983032
42.5,0.1934601465861,-0.4905,0.0429752266449523
42.5333333333333,0.1934601465861,-0.4905,0.0428422295115888
42.5666666666667,0.1934601465861,-0.4905,0.0427271526487485
42.6,0.1934601465861,-0.4905,0.0426278902723449
42.6333333333333,0.1934601465861,-0.4905,0.0425425638670945
42.6666666666667,0.1934601465861,-0.4905,0.0424694990435193
42.7,0.1934601465861,-0.4905,0.0424072046540509
42.7333333333333,0.1934601465861,-0.4905,0.0423543539546883
42.7666666666667,0.19375,-0.4905,0.0385475886134348
42.8,0.193667793273926,-0.4905,0.0402502282095574
42.8333333333333,0.193667793273926,-0.4905,0.0406109814840327
42.8666666666667,0.193667793273926,-0.4905,0.0409230346316382
42.9,0.193667793273926,-0.4905,0.0411920689257886
42.9333333333333,0.193667793273926,-0.4905,0.0414231575542066
42.9666666666667,0.193667793273926,-0.4905,0.0416208270691975
43,0.193667793273926,-0.4905,0.041789112879449
43.0333333333333,0.193667793273926,-0.4905,0.0419316093433416
43.0666666666667,0.193667793273926,-0.4905,0.0420515149723898
43.1,0.193667793273926,-0.4905,0.0421516732067204
43.1333333333333,0.193667793273926,-0.4905,0.0422346091819486
43.1666666666667,0.193667793273926,-0.4905,0.0423025628681229
43.2,0.193667793273926,-0.4905,0.0423575189262263
43.2333333333333,0.193667793273926,-0.4905,0.0424012335956915
43.2666666666667,0.193667793273926,-0.4905,0.0424352588972927
43.3,0.193872578938802,-0.4905,0.0398029300652096
43.3333333333333,0.193452326456706,-0.4905,0.0457517118311135
43.3666666666667,0.193452326456706,-0.4905,0.0452001760616059
43.4,0.193452326456706,-0.4905,0.0447180724481055
43.4333333333333,0.193452326456706,-0.4905,0.0442976030734671
43.4666666666667,0.193452326456706,-0.4905,0.0439317848688311
43.5,0.193452326456706,-0.4905,0.0436143686223658
43.5333333333333,0.193452326456706,-0.4905,0.0433397657464141
43.5666666666667,0.193452326456706,-0.4905,0.0431029820806434
43.6,0.193452326456706,-0.4905,0.0428995580745811
43.6333333333333,0.193452326456706,-0.4905,0.0427255147527725
43.6666666666667,0.193452326456706,-0.4905,0.0425773049203533
43.7,0.193452326456706,-0.4905,0.0424517691164404
43.7333333333333,0.193452326456706,-0.4905,0.0423460958679419
43.7666666666667,0.193452326456706,-0.4905,0.0422577858375025
43.8,0.193452326456706,-0.4905,0.0421846194967011
43.8333333333333,0.193452326456706,-0.4905,0.0421246279896723
43.8666666666667,0.19375,-0.4905,0.0382123857907324
43.9,0.19375,-0.4905,0.038864867720916
43.9333333333333,0.19375,-0.4905,0.0394331439122598
43.9666666666667,0.19375,-0.4905,0.0399268130988008
44,0.19375,-0.4905,0.0403544609173145
44.0333333333333,0.19375,-0.4905,0.0407237613323165
44.0666666666667,0.19375,-0.4905,0.0410415682920006
44.1,0.19375,-0.4905,0.0413139985286176
44.1333333333333,0.19375,-0.4905,0.0415465063333908
44.1666666666667,0.19375,-0.4905,0.0417439510600383
44.2,0.19375,-0.4905,0.0419106580418945
44.2333333333333,0.19375,-0.4905,0.0420504735446101
44.2666666666667,0.19375,-0.4905,0.0421668143192103
44.3,0.19375,-0.4905,0.0422627122681449
44.3333333333333,0.193497467041016,-0.4905,0.0456186294225414
44.3666666666667,0.193497467041016,-0.4905,0.0450950490857374
44.4,0.193497467041016,-0.4905,0.0446368619608752
44.4333333333333,0.193497467041016,-0.4905,0.0442367605089998
44.4666666666667,0.193497467041016,-0.4905,0.0438881981273102
44.5,0.193497467041016,-0.4905,0.0435853137125217
44.5333333333333,0.193497467041016,-0.4905,0.0433228634360595
44.5666666666667,0.193497467041016,-0.4905,0.0430961590606475
44.6,0.193556531270345,-0.4905,0.0421343825999785
44.6333333333333,0.193556531270345,-0.4905,0.0421041931705098
44.6666666666667,0.193556531270345,-0.4905,0.0420800882394415
44.7,0.193556531270345,-0.4905,0.0420612391580731
44.7333333333333,0.193556531270345,-0.4905,0.0420469136619199
44.7666666666667,0.193556531270345,-0.4905,0.0420364656098502
44.8,0.193556531270345,-0.4905,0.0420293257543479
44.8333333333333,0.193556531270345,-0.4905,0.0420249934434385
44.8666666666667,0.193536376953125,-0.4905,0.0422846239753867
44.9,0.193536376953125,-0.4905,0.0422378471544254
44.9333333333333,0.193536376953125,-0.4905,0.0421989949301426
44.9666666666667,0.193536376953125,-0.4905,0.042167042305513
45,0.193536376953125,-0.4905,0.0421410807728614
45.0333333333333,0.193536376953125,-0.4905,0.0421203060678637
45.0666666666667,0.193536376953125,-0.4905,0.0421040071447881
45.1,0.193536376953125,-0.4905,0.0420915562557594
45.1333333333333,0.193340301513672,-0.4905,0.044627379201068
45.1666666666667,0.193340301513672,-0.4905,0.0441657708996815
45.2,0.193340301513672,-0.4905,0.0437676218655757
45.2333333333333,0.193340301513672,-0.4905,0.0434254413569185
45.2666666666667,0.193340301513672,-0.4905,0.0431325471040563
45.3,0.193340301513672,-0.4905,0.0428829830977048
45.3333333333333,0.193340301513672,-0.4905,0.0426714453875277
45.3666666666667,0.193340301513672,-0.4905,0.0424932151353695
45.4,0.19355297088623,-0.4905,0.0395837365849025
45.4333333333333,0.19355297088623,-0.4905,0.0399537977403438
45.4666666666667,0.19355297088623,-0.4905,0.0402796972108737
45.5,0.19355297088623,-0.4905,0.0405662272344417
45.5333333333333,0.19355297088623,-0.4905,0.0408176912627107
45.5666666666667,0.19355297088623,-0.4905,0.0410379516731212
45.6,0.19355297088623,-0.4905,0.0412304729742579
45.6333333333333,0.19375,-0.4905,0.0388410034427483
45.6666666666667,0.193489583333333,-0.4905,0.0428246164829731
45.7,0.193489583333333,-0.4905,0.0427427399794096
45.7333333333333,0.193489583333333,-0.4905,0.0426706283181312
45.7666666666667,0.193489583333333,-0.4905,0.0426072084137034
45.8,0.193489583333333,-0.4905,0.0425515182864873
45.8333333333333,0.193489583333333,-0.4905,0.0425026960598949
45.8666666666667,0.193489583333333,-0.4905,0.0424599700105156
45.9,0.193489583333333,-0.4905,0.0424226495730704
45.9333333333333,0.193489583333333,-0.4905,0.0423901172110498
45.9666666666667,0.193489583333333,-0.4905,0.0423618210720596
46,0.193489583333333,-0.4905,0.0423372683542919
46.0333333333333,0.193489583333333,-0.4905,0.0423160193172722
46.0666666666667,0.193489583333333,-0.4905,0.0422976818761853
46.1,0.193489583333333,-0.4905,0.042281906724654
46.1333333333333,0.193489583333333,-0.4905,0.0422683829359246
46.1666666666667,0.193489583333333,-0.4905,0.0422568339970431
46.2,0.193483289082845,-0.4905,0.0423287110370555
46.2333333333333,0.193483289082845,-0.4905,0.0423057880300218
46.2666666666667,0.193483289082845,-0.4905,0.0422861435373884
46.3,0.193483289082845,-0.4905,0.0422693779209223
46.3333333333333,0.193483289082845,-0.4905,0.0422551357544189
46.3666666666667,0.193483289082845,-0.4905,0.0422431012406437
46.4,0.193685913085937,-0.4905,0.0396030172252226
46.4333333333333,0.193685913085937,-0.4905,0.0400650534654017
46.4666666666667,0.193612861633301,-0.4905,0.0414136070490201
46.5,0.193612861633301,-0.4905,0.0415898651730173
46.5333333333333,0.193612861633301,-0.4905,0.041740771571963
46.5666666666667,0.193612861633301,-0.4905,0.0418693821993406
46.6,0.193612861633301,-0.4905,0.0419784192192765
46.6333333333333,0.193612861633301,-0.4905,0.0420703052093561
46.6666666666667,0.193612861633301,-0.4905,0.042147194013196
46.7,0.193612861633301,-0.4905,0.04221099856006
46.7333333333333,0.193811289469401,-0.4905,0.0396879036179359
46.7666666666667,0.193811289469401,-0.4905,0.0401911593214919
46.8,0.193811289469401,-0.4905,0.0406240503407033
46.8333333333333,0.193811289469401,-0.4905,0.0409949539319706
46.8666666666667,0.193811289469401,-0.4905,0.0413113384934847
46.9,0.193811289469401,-0.4905,0.0415798563082288
46.9333333333333,0.193811289469401,-0.4905,0.0418064272277612
46.9666666666667,0.193483225504557,-0.4905,0.0462544505130869
47,0.193483225504557,-0.4905,0.0456506088613316
47.0333333333333,0.193483225504557,-0.4905,0.045121098940086
47.0666666666667,0.193483225504557,-0.4905,0.044657689512781
47.1,0.193483225504557,-0.4905,0.0442530010838955
47.1333333333333,0.193483225504557,-0.4905,0.0439004218513702
47.1666666666667,0.19375,-0.4905,0.0401314076020907
47.2,0.19375,-0.4905,0.0404853222109333
47.2333333333333,0.193612861633301,-0.4905,0.0425722890520358
47.2666666666667,0.193612861633301,-0.4905,0.0425193410758087
47.3,0.193612861633301,-0.4905,0.0424724809364128
47.3333333333333,0.193612861633301,-0.4905,0.042431074794484
47.3666666666667,0.193612861633301,-0.4905,0.0423945510025535
47.4,0.193612861633301,-0.4905,0.0423623942416114
47.4333333333333,0.193612861633301,-0.4905,0.0423341401947135
47.4666666666667,0.193612861633301,-0.4905,0.0423093707095056
47.5,0.193827438354492,-0.4905,0.0395025911470645
47.5333333333333,0.193827438354492,-0.4905,0.0399819165295746
47.5666666666667,0.193827438354492,-0.4905,0.0403968642304437
47.6,0.193827438354492,-0.4905,0.0407549476513171
47.6333333333333,0.193827438354492,-0.4905,0.0410628746252722
47.6666666666667,0.193827438354492,-0.4905,0.0413266289820018
47.7,0.193827438354492,-0.4905,0.0415515441894154
47.7333333333333,0.193827438354492,-0.4905,0.0417423698175794
47.7666666666667,0.193827438354492,-0.4905,0.0419033315023978
47.8,0.193685913085937,-0.4905,0.0438751252445536
47.8333333333333,0.193685913085937,-0.4905,0.0436586034232257
47.8666666666667,0.193685913085937,-0.4905,0.0434663521843849
47.9,0.193685913085937,-0.4905,0.0432958555057728
47.9333333333333,0.193489583333333,-0.4905,0.0456931251681151
47.9666666666667,0.193489583333333,-0.4905,0.0451037068293913
48,0.193489583333333,-0.4905,0.0445910483098915
48.0333333333333,0.193694051106771,-0.4905,0.0414924589683347
48.0666666666667,0.193694051106771,-0.4905,0.0415826469753001
48.1,0.193694051106771,-0.4905,0.0416622463998687
48.1333333333333,0.193694051106771,-0.4905,0.0417324104159552
48.1666666666667,0.193694051106771,-0.4905,0.0417941734706726
48.2,0.193694051106771,-0.4905,0.0418484629974752
48.2333333333333,0.193694051106771,-0.4905,0.0418961100114305
48.2666666666667,0.193694051106771,-0.4905,0.0419378586905313
48.3,0.193694051106771,-0.4905,0.0419743750374899
48.3333333333333,0.193814977010091,-0.4905,0.0404366858402881
48.3666666666667,0.193814977010091,-0.4905,0.040745234229656
48.4,0.193814977010091,-0.4905,0.0410124841644438
48.4333333333333,0.193814977010091,-0.4905,0.0412432483971099
48.4666666666667,0.193814977010091,-0.4905,0.041441824057751
48.5,0.193814977010091,-0.4905,0.0416120448393648
48.5333333333333,0.193814977010091,-0.4905,0.0417573281149433
48.5666666666667,0.193814977010091,-0.4905,0.0418807174634326
48.6,0.193814977010091,-0.4905,0.0419849210377814
48.6333333333333,0.193814977010091,-0.4905,0.0420723461684475
48.6666666666667,0.193814977010091,-0.4905,0.0421451305594531
48.7,0.193814977010091,-0.4905,0.0422051704010885
48.7333333333333,0.193814977010091,-0.4905,0.042254145693351
48.7666666666667,0.193814977010091,-0.4905,0.0422935430469295
48.8,0.193814977010091,-0.4905,0.0423246762037149
48.8333333333333,0.193489583333333,-0.4905,0.0465721816068475
48.8666666666667,0.193489583333333,-0.4905,0.0458346080021563
48.9,0.193489583333333,-0.4905,0.0451932131287631
48.9333333333333,0.193489583333333,-0.4905,0.044636977636514
48.9666666666667,0.193489583333333,-0.4905,0.044156048617397
49,0.193489583333333,-0.4905,0.0437416226106493
49.0333333333333,0.193489583333333,-0.4905,0.0433858398909943
49.0666666666667,0.193489583333333,-0.4905,0.0430816889839062
49.1,0.193489583333333,-0.4905,0.0428229204483911
49.1333333333333,0.193489583333333,-0.4905,0.0426039690556117
49.1666666666667,0.193489583333333,-0.4905,0.0424198835717045
49.2,0.193489583333333,-0.4905,0.0422662634259095
49.2333333333333,0.193489583333333,-0.4905,0.0421392016113721
49.2666666666667,0.193489583333333,-0.4905,0.0420352332262372
49.3,0.193489583333333,-0.4905,0.0419512891174595
49.3333333333333,0.193489583333333,-0.4905,0.0418846541395871
49.3666666666667,0.193644332885742,-0.4905,0.0398243435589503
49.4,0.193644332885742,-0.4905,0.0401447201567598
49.4333333333333,0.193644332885742,-0.4905,0.0404278212368079
49.4666666666667,0.193644332885742,-0.4905,0.0406776237587521
49.5,0.193644332885742,-0.4905,0.0408977040019896
49.5333333333333,0.193644332885742,-0.4905,0.0410912763131218
49.5666666666667,0.193644332885742,-0.4905,0.0412612282204171
49.6,0.193644332885742,-0.4905,0.0414101522477701
49.6333333333333,0.193628883361816,-0.4905,0.041740903245423
49.6666666666667,0.193628883361816,-0.4905,0.0418186387939116
49.7,0.193628883361816,-0.4905,0.0418864414917136
49.7333333333333,0.193628883361816,-0.4905,0.0419454253522335
49.7666666666667,0.193628883361816,-0.4905,0.0419965886461646
49.8,0.193628883361816,-0.4905,0.0420408253285159
49.8333333333333,0.193628883361816,-0.4905,0.0420789353782243
49.8666666666667,0.193628883361816,-0.4905,0.0421116341509901
49.9,0.193628883361816,-0.4905,0.0421395608368363
49.9333333333333,0.193628883361816,-0.4905,0.0421632861056411
49.9666666666667,0.193628883361816,-0.4905,0.042183319016272
50,0.193628883361816,-0.4905,0.0422001132581248
50.0333333333333,0.193628883361816,-0.4905,0.042214072787547
50.0666666666667,0.193628883361816,-0.4905,0.0422255569159518
50.1,0.193628883361816,-0.4905,0.0422348849012141
50.1333333333333,0.193628883361816,-0.4905,0.0422423400892081
50.1666666666667,0.193551826477051,-0.4905,0.0432483405605044
50.2,0.193551826477051,-0.4905,0.0430738595496581
50.2333333333333,0.193551826477051,-0.4905,0.0429221798471184
50.2666666666667,0.193551826477051,-0.4905,0.0427906785987026
50.3,0.193551826477051,-0.4905,0.042677011666706
50.3333333333333,0.193551826477051,-0.4905,0.0425790855795257
50.3666666666667,0.193551826477051,-0.4905,0.0424950321943434
50.4,0.193673515319824,-0.4905,0.0408437143080387
50.4333333333333,0.19381217956543,-0.4905,0.0392653301897059
50.4666666666667,0.19381217956543,-0.4905,0.0397802054114948
50.5,0.19381217956543,-0.4905,0.0402266220652224
50.5333333333333,0.19381217956543,-0.4905,0.0406125124718421
50.5666666666667,0.19381217956543,-0.4905,0.0409449630045949
50.6,0.19381217956543,-0.4905,0.0412302993910949
50.6333333333333,0.19381217956543,-0.4905,0.0414741637557568
50.6666666666667,0.19381217956543,-0.4905,0.0416815841780593
50.7,0.193763860066732,-0.4905,0.0424842048419564
50.7333333333333,0.193763860066732,-0.4905,0.0425194820810999
50.7666666666667,0.193763860066732,-0.4905,0.0425453650302712
50.8,0.193763860066732,-0.4905,0.0425632413206025
50.8333333333333,0.193763860066732,-0.4905,0.042574330263137
50.8666666666667,0.193763860066732,-0.4905,0.0425797012492107
50.9,0.193763860066732,-0.4905,0.0425802902671165
50.9333333333333,0.193763860066732,-0.4905,0.0425769147192939
50.9666666666667,0.193635431925456,-0.4905,0.0442372315609703
51,0.193635431925456,-0.4905,0.0439297776258895
51.0333333333333,0.193635431925456,-0.4905,0.0436602325673954
51.0666666666667,0.193635431925456,-0.4905,0.0434243985103545
51.1,0.193635431925456,-0.4905,0.0432185117510099
51.1333333333333,0.193635431925456,-0.4905,0.0430391999403417
51.1666666666667,0.193642044067383,-0.4905,0.0427976204402247
51.2,0.193642044067383,-0.4905,0.0426780693627181
51.2333333333333,0.193458048502604,-0.4905,0.0449630826409047
51.2666666666667,0.193458048502604,-0.4905,0.0444471545948474
51.3,0.193458048502604,-0.4905,0.0440012875803885
51.3333333333333,0.193458048502604,-0.4905,0.0436172759122633
51.3666666666667,0.193458048502604,-0.4905,0.0432877947072739
51.4,0.193458048502604,-0.4905,0.0430063106810436
51.4333333333333,0.193458048502604,-0.4905,0.0427670016090518
51.4666666666667,0.193458048502604,-0.4905,0.0425646836365529
51.5,0.193615023295085,-0.4905,0.0403572769617851
51.5333333333333,0.193615023295085,-0.4905,0.0405800951178608
51.5666666666667,0.193615023295085,-0.4905,0.0407786595300503
51.6,0.193615023295085,-0.4905,0.040955441954503
51.6333333333333,0.193615023295085,-0.4905,0.0411126734089327
51.6666666666667,0.193615023295085,-0.4905,0.0412523668505789
51.7,0.193615023295085,-0.4905,0.0413763377720164
51.7333333333333,0.193615023295085,-0.4905,0.0414862229021029
51.7666666666667,0.19365774790446,-0.4905,0.0410289491917362
51.8,0.19365774790446,-0.4905,0.0412141417468538
51.8333333333333,0.19365774790446,-0.4905,0.0413759390306636
51.8666666666667,0.19365774790446,-0.4905,0.0415169679648024
51.9,0.19365774790446,-0.4905,0.0416395813087936
51.9333333333333,0.193620363871257,-0.4905,0.042231114362392
51.9666666666667,0.193620363871257,-0.4905,0.0422361911138617
52,0.193620363871257,-0.4905,0.0422401704185548
52.0333333333333,0.193386395772298,-0.4905,0.0452800094171776
52.0666666666667,0.193386395772298,-0.4905,0.0447389761869842
52.1,0.193386395772298,-0.4905,0.0442701209728611
52.1333333333333,0.193386395772298,-0.4905,0.0438650549828892
52.1666666666667,0.193386395772298,-0.4905,0.0435162862837598
52.2,0.193386395772298,-0.4905,0.043217129182335
52.2333333333333,0.193386395772298,-0.4905,0.0429616223961513
52.2666666666667,0.193386395772298,-0.4905,0.0427444551865329
52.3,0.1936980565389,-0.4905,0.038515671161776
52.3333333333333,0.1936980565389,-0.4905,0.0390851589801819
52.3666666666667,0.1936980565389,-0.4905,0.0395832373988278
52.4,0.1936980565389,-0.4905,0.040017903685551
52.4333333333333,0.1936980565389,-0.4905,0.0403963212040892
52.4666666666667,0.1936980565389,-0.4905,0.0407249021625881
52.5,0.1936980565389,-0.4905,0.0410093824458245
52.5333333333333,0.1936980565389,-0.4905,0.041254889267431
52.5666666666667,0.193620363871257,-0.4905,0.042474421426199
52.6,0.193620363871257,-0.4905,0.0424748365912558
52.6333333333333,0.193620363871257,-0.4905,0.0424727924245742
52.6666666666667,0.193620363871257,-0.4905,0.0424687171091958
52.7,0.193564796447754,-0.4905,0.0431842263769552
52.7333333333333,0.193564796447754,-0.4905,0.043048139990295
52.7666666666667,0.193564796447754,-0.4905,0.0429283112739477
52.8,0.193564796447754,-0.4905,0.0428229666564198
52.8333333333333,0.193532562255859,-0.4905,0.043148901193222
52.8666666666667,0.193532562255859,-0.4905,0.0429930708080604
52.9,0.193532562255859,-0.4905,0.042857467169043
52.9333333333333,0.193532562255859,-0.4905,0.0427397742726549
52.9666666666667,0.193532562255859,-0.4905,0.0426379214043593
53,0.193532562255859,-0.4905,0.0425500585147446
53.0333333333333,0.193532562255859,-0.4905,0.0424745339726169
53.0666666666667,0.193532562255859,-0.4905,0.0424098744723469
53.1,0.193702379862467,-0.4905,0.0401506036727196
53.1333333333333,0.193702379862467,-0.4905,0.0404981714098716
53.1666666666667,0.193702379862467,-0.4905,0.040800181575388
53.2,0.193702379862467,-0.4905,0.0410618722709855
53.2333333333333,0.193702379862467,-0.4905,0.0412879256929269
53.2666666666667,0.193702379862467,-0.4905,0.0414825239993445
53.3,0.193702379862467,-0.4905,0.0416493997813174
53.3333333333333,0.193702379862467,-0.4905,0.0417918816434053
53.3666666666667,0.193702379862467,-0.4905,0.041912935353072
53.4,0.193702379862467,-0.4905,0.0420152009763105
53.4333333333333,0.193702379862467,-0.4905,0.042101026378448
53.4666666666667,0.193702379862467,-0.4905,0.0421724974342108
53.5,0.193702379862467,-0.4905,0.0422314652594096
53.5333333333333,0.193702379862467,-0.4905,0.0422795707477325
53.5666666666667,0.193702379862467,-0.4905,0.0423182666698463
53.6,0.193702379862467,-0.4905,0.0423488375681804
53.6333333333333,0.193603833516439,-0.4905,0.043651509007459
53.6666666666667,0.193603833516439,-0.4905,0.0434402874658128
53.7,0.193603833516439,-0.4905,0.0432546535414074
53.7333333333333,0.193603833516439,-0.4905,0.043091804501778
53.7666666666667,0.193603833516439,-0.4905,0.0429492253282256
53.8,0.193603833516439,-0.4905,0.0428246604977822
53.8333333333333,0.193603833516439,-0.4905,0.0427160884402638
53.8666666666667,0.193603833516439,-0.4905,0.0426216984234014
53.9,0.193685913085937,-0.4905,0.0414745103311639
53.9333333333333,0.193685913085937,-0.4905,0.041594370259345
53.9666666666667,0.193685913085937,-0.4905,0.0416984771305231
54,0.193685913085937,-0.4905,0.0417886521804293
54.0333333333333,0.193685913085937,-0.4905,0.0418665223226553
54.0666666666667,0.193685913085937,-0.4905,0.0419335397696084
54.1,0.193685913085937,-0.4905,0.0419909997506419
54.1333333333333,0.193685913085937,-0.4905,0.0420400565062849
54.1666666666667,0.193808174133301,-0.4905,0.040494839228802
54.2,0.193808174133301,-0.4905,0.0408139320826387
54.2333333333333,0.193808174133301,-0.4905,0.0410892903294596
54.2666666666667,0.193808174133301,-0.4905,0.0413260719328553
54.3,0.193808174133301,-0.4905,0.0415288782787205
54.3333333333333,0.193808174133301,-0.4905,0.0417018107736612
54.3666666666667,0.193808174133301,-0.4905,0.0418485219280767
54.4,0.193509038289388,-0.4905,0.0458549226020487
54.4333333333333,0.193706448872884,-0.4905,0.0427017185996359
54.4666666666667,0.193706448872884,-0.4905,0.04264484850744
54.5,0.193706448872884,-0.4905,0.0425935674896389
54.5333333333333,0.193706448872884,-0.4905,0.0425473609830817
54.5666666666667,0.193706448872884,-0.4905,0.042505759882341
54.6,0.193706448872884,-0.4905,0.042468336636752
54.6333333333333,0.193706448872884,-0.4905,0.042434701675619
54.6666666666667,0.193706448872884,-0.4905,0.0424045001344424
54.7,0.193554242451986,-0.4905,0.0443529860754242
54.7333333333333,0.193554242451986,-0.4905,0.0439753088738115
54.7666666666667,0.193554242451986,-0.4905,0.0436475938570682
54.8,0.193554242451986,-0.4905,0.0433640738947037
54.8333333333333,0.193554242451986,-0.4905,0.0431195951138192
54.8666666666667,0.193554242451986,-0.4905,0.0429095552007098
54.9,0.193554242451986,-0.4905,0.0427298476657761
54.9333333333333,0.193554242451986,-0.4905,0.0425768115126816
54.9666666666667,0.193489583333333,-0.4905,0.0432864347724783
55,0.193489583333333,-0.4905,0.0430271882100855
55.0333333333333,0.193489583333333,-0.4905,0.0428060123864608
55.0666666666667,0.193489583333333,-0.4905,0.0426182697601557
55.1,0.193489583333333,-0.4905,0.0424598326137419
55.1333333333333,0.193489583333333,-0.4905,0.0423270305814738
55.1666666666667,0.193474578857422,-0.4905,0.0424113553064424
55.2,0.193474578857422,-0.4905,0.0422855716072839
55.2333333333333,0.193560791015625,-0.4905,0.0410623811886417
55.2666666666667,0.193560791015625,-0.4905,0.0411771397200993
55.3,0.193560791015625,-0.4905,0.0412813273920009
55.3333333333333,0.193560791015625,-0.4905,0.0413758677258829
55.3666666666667,0.193560791015625,-0.4905,0.0414616063986043
55.4,0.193560791015625,-0.4905,0.0415393176341734
55.4333333333333,0.193560791015625,-0.4905,0.041609710081306
55.4666666666667,0.193560791015625,-0.4905,0.0416734322174281
55.5,0.193385314941406,-0.4905,0.0440086851370959
55.5333333333333,0.193385314941406,-0.4905,0.0436533649636004
55.5666666666667,0.193385314941406,-0.4905,0.043347669175444
55.6,0.193385314941406,-0.4905,0.0430856833931444
55.6333333333333,0.193385314941406,-0.4905,0.0428621357929313
55.6666666666667,0.193385314941406,-0.4905,0.0426723314511166
55.7,0.193385314941406,-0.4905,0.0425120931093137
55.7333333333333,0.193385314941406,-0.4905,0.0423777077529483
55.7666666666667,0.193540700276693,-0.4905,0.0402490402220912
55.8,0.19375,-0.4905,0.0378010007410285
55.8333333333333,0.19375,-0.4905,0.0385241879315286
55.8666666666667,0.19375,-0.4905,0.0391541598149169
55.9,0.19375,-0.4905,0.0397015216539977
55.9333333333333,0.19375,-0.4905,0.0401757614290049
55.9666666666667,0.19375,-0.4905,0.040585361514411
56,0.19375,-0.4905,0.0409378996139255
56.0333333333333,0.19375,-0.4905,0.0412401399569922
56.0666666666667,0.19375,-0.4905,0.0414981156685365
56.1,0.19375,-0.4905,0.0417172031403531
56.1333333333333,0.19375,-0.4905,0.0419021891566482
56.1666666666667,0.19375,-0.4905,0.0420573314571676
56.2,0.193507957458496,-0.4905,0.0453280267543474
56.2333333333333,0.193507957458496,-0.4905,0.0448724175038222
56.2666666666667,0.193507957458496,-0.4905,0.0444724820437356
56.3,0.193507957458496,-0.4905,0.0441220731960431
56.3333333333333,0.193507957458496,-0.4905,0.0438156790987031
56.3666666666667,0.193507957458496,-0.4905,0.0435483605438956
56.4,0.193507957458496,-0.4905,0.0433156942847006
56.4333333333333,0.193507957458496,-0.4905,0.0431137217569466
56.4666666666667,0.193763860066732,-0.4905,0.039617391308251
56.5,0.193763860066732,-0.4905,0.0400607319291599
56.5333333333333,0.193763860066732,-0.4905,0.0404455206083609
56.5666666666667,0.193763860066732,-0.4905,0.0407785230149585
56.6,0.193763860066732,-0.4905,0.0410657842527159
56.6333333333333,0.193763860066732,-0.4905,0.0413127014677817
56.6666666666667,0.193763860066732,-0.4905,0.0415240894286985
56.7,0.193533515930176,-0.4905,0.0446940126128435
56.7333333333333,0.193515650431315,-0.4905,0.0445438072040822
56.7666666666667,0.193515650431315,-0.4905,0.0441679728801701
56.8,0.193515650431315,-0.4905,0.043840106211829
56.8333333333333,0.193515650431315,-0.4905,0.0435547779871224
56.8666666666667,0.193515650431315,-0.4905,0.0433071291698623
56.9,0.193515650431315,-0.4905,0.0430928140285391
56.9333333333333,0.193515650431315,-0.4905,0.0429079487272373
56.9666666666667,0.193515650431315,-0.4905,0.0427490648689587
57,0.1936980565389,-0.4905,0.0402455107032517
57.0333333333333,0.193330764770508,-0.4905,0.0453204592059911
57.0666666666667,0.193330764770508,-0.4905,0.0447361582221806
57.1,0.193330764770508,-0.4905,0.0442315521559004
57.1333333333333,0.193330764770508,-0.4905,0.0437972781564654
57.1666666666667,0.193330764770508,-0.4905,0.0434249806728692
57.2,0.193330764770508,-0.4905,0.043107209261637
57.2333333333333,0.193330764770508,-0.4905,0.0428373263342427
57.2666666666667,0.193458048502604,-0.4905,0.0409573330175552
57.3,0.193458048502604,-0.4905,0.0410616926201451
57.3333333333333,0.193458048502604,-0.4905,0.0411584623858745
57.3666666666667,0.193458048502604,-0.4905,0.0412481204915322
57.4,0.193458048502604,-0.4905,0.041331121473687
57.4333333333333,0.193458048502604,-0.4905,0.0414078966880398
57.4666666666667,0.193560282389323,-0.4905,0.0401519007405651
57.5,0.193560282389323,-0.4905,0.0404548013701658
57.5333333333333,0.193439928690592,-0.4905,0.0422829320833471
57.5666666666667,0.193439928690592,-0.4905,0.0422366195466244
57.6,0.193439928690592,-0.4905,0.0421985794322484
57.6333333333333,0.193439928690592,-0.4905,0.042167706076554
57.6666666666667,0.193439928690592,-0.4905,0.0421430223534867
57.7,0.193439928690592,-0.4905,0.0421236659349452
57.7333333333333,0.193439928690592,-0.4905,0.0421088769389557
57.7666666666667,0.193439928690592,-0.4905,0.0420979868311095
57.8,0.19375,-0.4905,0.038065809420972
57.8333333333333,0.193627802530924,-0.4905,0.0403670434956599
57.8666666666667,0.193627802530924,-0.4905,0.040704235212055
57.9,0.193627802530924,-0.4905,0.0409961083450669
57.9333333333333,0.193627802530924,-0.4905,0.0412479340724804
57.9666666666667,0.193627802530924,-0.4905,0.0414644205840277
58,0.193627802530924,-0.4905,0.0416497698822001
58.0333333333333,0.193627802530924,-0.4905,0.0418077290824247
58.0666666666667,0.193627802530924,-0.4905,0.0419416367290233
58.1,0.193580691019694,-0.4905,0.0426659527826584
58.1333333333333,0.193580691019694,-0.4905,0.0426509572535769
58.1666666666667,0.193580691019694,-0.4905,0.0426345480437823
58.2,0.193580691019694,-0.4905,0.0426170987617923
58.2333333333333,0.193673515319824,-0.4905,0.0413941077172948
58.2666666666667,0.193673515319824,-0.4905,0.0415910154431078
58.3,0.193673515319824,-0.4905,0.0417587904245459
58.3333333333333,0.193673515319824,-0.4905,0.0419009953831497
58.3666666666667,0.193489583333333,-0.4905,0.04440816251095
58.4,0.193489583333333,-0.4905,0.0440813211934659
58.4333333333333,0.193489583333333,-0.4905,0.0437946968128135
58.4666666666667,0.193489583333333,-0.4905,0.0435438340098215
58.5,0.193489583333333,-0.4905,0.0433247387322677
58.5333333333333,0.193489583333333,-0.4905,0.0431338326861935
58.5666666666667,0.193489583333333,-0.4905,0.0429679121286796
58.6,0.193489583333333,-0.4905,0.0428241105994077
58.6333333333333,0.19381217956543,-0.4905,0.0385126978042332
58.6666666666667,0.19381217956543,-0.4905,0.0391547421208583
58.7,0.19381217956543,-0.4905,0.0397115167015003
58.7333333333333,0.19381217956543,-0.4905,0.0401929051286571
58.7666666666667,0.19381217956543,-0.4905,0.0406077362488731
58.8,0.19381217956543,-0.4905,0.0409638906015546
58.8333333333333,0.19381217956543,-0.4905,0.0412683965358442
58.8666666666667,0.19381217956543,-0.4905,0.0415275169843353
58.9,0.193620363871257,-0.4905,0.0442365171917695
58.9333333333333,0.193620363871257,-0.4905,0.0439756085057925
58.9666666666667,0.193620363871257,-0.4905,0.0437440086878527
59,0.193614196777344,-0.4905,0.0436187144345407
59.0333333333333,0.193614196777344,-0.4905,0.043422565712066
59.0666666666667,0.193614196777344,-0.4905,0.0432493737028738
59.1,0.193614196777344,-0.4905,0.043096685883058
59.1333333333333,0.193614196777344,-0.4905,0.0429622967404106
59.1666666666667,0.193544133504232,-0.4905,0.0437536165979961
59.2,0.193544133504232,-0.4905,0.0434874021244738
59.2333333333333,0.193544133504232,-0.4905,0.0432559496146853
59.2666666666667,0.193544133504232,-0.4905,0.0430552817243442
59.3,0.193544133504232,-0.4905,0.0428818413401831
59.3333333333333,0.193544133504232,-0.4905,0.0427324495080486
59.3666666666667,0.193544133504232,-0.4905,0.0426042674116734
59.4,0.193544133504232,-0.4905,0.0424947620235539
59.4333333333333,0.193685913085937,-0.4905,0.0405614339826001
59.4666666666667,0.193685913085937,-0.4905,0.0408119463297603
59.5,0.193685913085937,-0.4905,0.0410309098323969
59.5333333333333,0.193685913085937,-0.4905,0.0412218783241266
59.5666666666667,0.193685913085937,-0.4905,0.0413880330574637
59.6,0.193685913085937,-0.4905,0.0415322198488868
59.6333333333333,0.193685913085937,-0.4905,0.0416569826560969
59.6666666666667,0.193685913085937,-0.4905,0.041764593920467
59.7,0.193620363871257,-0.4905,0.0427078840290536
59.7333333333333,0.193620363871257,-0.4905,0.0426348617625991
59.7666666666667,0.19336420694987,-0.4905,0.0458953687802486
59.8,0.19336420694987,-0.4905,0.0452440763709305
59.8333333333333,0.19336420694987,-0.4905,0.0446795051388944
59.8666666666667,0.19336420694987,-0.4905,0.0441915981374562
59.9,0.19336420694987,-0.4905,0.0437713715601213
59.9333333333333,0.19336420694987,-0.4905,0.0434108064848377
59.9666666666667,0.193519337972005,-0.4905,0.0410892137552153
60,0.193519337972005,-0.4905,0.0411874876160932
60.0333333333333,0.193519337972005,-0.4905,0.0412778995300004
60.0666666666667,0.193519337972005,-0.4905,0.0413610327030801
60.1,0.193519337972005,-0.4905,0.0414374302711729
60.1333333333333,0.193519337972005,-0.4905,0.041507597795234
60.1666666666667,0.193519337972005,-0.4905,0.0415720056250946
60.2,0.193519337972005,-0.4905,0.0416310911360221
60.2333333333333,0.193667793273926,-0.4905,0.0397583716177395
60.2666666666667,0.193667793273926,-0.4905,0.0401526955935691
60.3,0.193667793273926,-0.4905,0.0404965867423447
60.3333333333333,0.193667793273926,-0.4905,0.0407957579405869
60.3666666666667,0.193667793273926,-0.4905,0.0410553218896092
60.4,0.193667793273926,-0.4905,0.0412798509877284
60.4333333333333,0.193667793273926,-0.4905,0.041473431451934
60.4666666666667,0.193667793273926,-0.4905,0.0416397122255286
60.5,0.193620363871257,-0.4905,0.0423975634470595
60.5333333333333,0.193620363871257,-0.4905,0.0424085347657052
60.5666666666667,0.193544133504232,-0.4905,0.0434051641718066
60.6,0.193544133504232,-0.4905,0.0432321569268679
60.6333333333333,0.193544133504232,-0.4905,0.0430802033249023
60.6666666666667,0.193544133504232,-0.4905,0.0429469821310232
60.7,0.193544133504232,-0.4905,0.042830411900186
60.7333333333333,0.193544133504232,-0.4905,0.0427286273277673
60.7666666666667,0.19353084564209,-0.4905,0.0428124288799913
60.8,0.19353084564209,-0.4905,0.0427045267781656
60.8333333333333,0.19353084564209,-0.4905,0.0426110466324132
60.8666666666667,0.19353084564209,-0.4905,0.0425303110275234
60.9,0.19353084564209,-0.4905,0.0424608219446153
60.9333333333333,0.19353084564209,-0.4905,0.0424012426318794
60.9666666666667,0.19353084564209,-0.4905,0.0423503812338028
61,0.19353084564209,-0.4905,0.0423071760135319
61.0333333333333,0.193617502848307,-0.4905,0.0411459068518002
61.0666666666667,0.193617502848307,-0.4905,0.0413164897830476
61.1,0.193617502848307,-0.4905,0.0414652028521318
61.1333333333333,0.193617502848307,-0.4905,0.0415945286823952
61.1666666666667,0.193617502848307,-0.4905,0.041706688627307
61.2,0.193617502848307,-0.4905,0.0418036688711526
61.2333333333333,0.193617502848307,-0.4905,0.0418872440198947
61.2666666666667,0.193617502848307,-0.4905,0.0419589984166196
61.3,0.193864377339681,-0.4905,0.0388160152616268
61.3333333333333,0.193694941202799,-0.4905,0.0416406344273518
61.3666666666667,0.193694941202799,-0.4905,0.0417877048479814
61.4,0.193694941202799,-0.4905,0.041912583516864
61.4333333333333,0.193694941202799,-0.4905,0.0420180087194765
61.4666666666667,0.193694941202799,-0.4905,0.04210641540468
61.5,0.193694941202799,-0.4905,0.0421799665640629
61.5333333333333,0.193694941202799,-0.4905,0.0422405815163787
61.5666666666667,0.193673515319824,-0.4905,0.0425680606074874
61.6,0.193673515319824,-0.4905,0.0425579633985388
61.6333333333333,0.193673515319824,-0.4905,0.0425461427028746
61.6666666666667,0.193673515319824,-0.4905,0.0425329963097096
61.7,0.193673515319824,-0.4905,0.0425188659657883
61.7333333333333,0.193673515319824,-0.4905,0.0425040439907091
61.7666666666667,0.193673515319824,-0.4905,0.0424887791823449
61.8,0.193673515319824,-0.4905,0.0424732820840486
61.8333333333333,0.193673515319824,-0.4905,0.042457729678384
61.8666666666667,0.193943150838216,-0.4905,0.0389425105924485
61.9,0.193943150838216,-0.4905,0.0395533206255871
61.9333333333333,0.193943150838216,-0.4905,0.0400804502427745
61.9666666666667,0.193943150838216,-0.4905,0.0405337646039706
62,0.193943150838216,-0.4905,0.0409220646976177
62.0333333333333,0.193943150838216,-0.4905,0.0412531955282387
62.0666666666667,0.193943150838216,-0.4905,0.0415341437637108
62.1,0.193763860066732,-0.4905,0.0440982468706015
62.1333333333333,0.193446731567383,-0.4905,0.0479966988521774
62.1666666666667,0.193446731567383,-0.4905,0.0470649412953869
62.2,0.193446731567383,-0.4905,0.0462521349140212
62.2333333333333,0.193446731567383,-0.4905,0.045544816652743
62.2666666666667,0.193446731567383,-0.4905,0.0449309371956957
62.3,0.193446731567383,-0.4905,0.0443997199729022
62.3333333333333,0.193446731567383,-0.4905,0.0439415337063431
62.3666666666667,0.193446731567383,-0.4905,0.0435477772326281
62.4,0.193446731567383,-0.4905,0.0432107754543307
62.4333333333333,0.193446731567383,-0.4905,0.0429236853769239
62.4666666666667,0.193446731567383,-0.4905,0.0426804112836885
62.5,0.193446731567383,-0.4905,0.0424755281878584
62.5333333333333,0.193446731567383,-0.4905,0.042304212780359
62.5666666666667,0.193446731567383,-0.4905,0.0421621811634112
62.6,0.193446731567383,-0.4905,0.0420456327257852
62.6333333333333,0.193431409200033,-0.4905,0.0421500776491852
62.6666666666667,0.193431409200033,-0.4905,0.0420392026787271
62.7,0.193431409200033,-0.4905,0.0419496008199318
62.7333333333333,0.193431409200033,-0.4905,0.0418783907867553
62.7666666666667,0.193431409200033,-0.4905,0.0418230269282859
62.8,0.193431409200033,-0.4905,0.0417812633909669
62.8333333333333,0.193431409200033,-0.4905,0.0417511218935778
62.8666666666667,0.193431409200033,-0.4905,0.0417308627654424
62.9,0.193489583333333,-0.4905,0.0409638824254319
62.9333333333333,0.193489583333333,-0.4905,0.0410940682405992
62.9666666666667,0.193489583333333,-0.4905,0.0412119801249166
63,0.193489583333333,-0.4905,0.0413187091456124
63.0333333333333,0.193489583333333,-0.4905,0.0414152530571749
63.0666666666667,0.193489583333333,-0.4905,0.0415025240647255
63.1,0.193489583333333,-0.4905,0.0415813559548743
63.1333333333333,0.193489583333333,-0.4905,0.0416525106447324
63.1666666666667,0.193489583333333,-0.4905,0.0417166841957618
63.2,0.193489583333333,-0.4905,0.0417745123354532
63.2333333333333,0.193489583333333,-0.4905,0.0418265755264157
63.2666666666667,0.193489583333333,-0.4905,0.0418734036193164
63.3,0.193489583333333,-0.4905,0.0419154801232292
63.3333333333333,0.193489583333333,-0.4905,0.041953246124274
63.3666666666667,0.193489583333333,-0.4905,0.0419871038809758
63.4,0.193489583333333,-0.4905,0.0420174201225165
63.4333333333333,0.193391418457031,-0.4905,0.0433186691010517
63.4666666666667,0.193391418457031,-0.4905,0.043114950160559
63.5,0.193391418457031,-0.4905,0.0429391850952085
63.5333333333333,0.193391418457031,-0.4905,0.0427880639756944
63.5666666666667,0.193391418457031,-0.4905,0.0426586354547779
63.6,0.193391418457031,-0.4905,0.0425482701760669
63.6333333333333,0.193391418457031,-0.4905,0.0424546277590614
63.6666666666667,0.19375,-0.4905,0.0377213849542498
63.7,0.19375,-0.4905,0.0384877532004729
63.7333333333333,0.19375,-0.4905,0.0391535718183222
63.7666666666667,0.19375,-0.4905,0.0397303993582689
63.8,0.19375,-0.4905,0.0402285682845959
63.8333333333333,0.19375,-0.4905,0.0406573081303572
63.8666666666667,0.19375,-0.4905,0.0410248567625791
63.9,0.19375,-0.4905,0.0413385608714557
63.9333333333333,0.19375,-0.4905,0.0416049666954221
63.9666666666667,0.193440818786621,-0.4905,0.045842947854477
64,0.193440818786621,-0.4905,0.0453137199231851
64.0333333333333,0.193440818786621,-0.4905,0.0448491223221293
64.0666666666667,0.193440818786621,-0.4905,0.0444420217729234
64.1,0.193440818786621,-0.4905,0.0440860220207746
64.1333333333333,0.193440818786621,-0.4905,0.0437753911564148
64.1666666666667,0.193440818786621,-0.4905,0.0435049958594098
64.2,0.193440818786621,-0.4905,0.0432702419212879
64.2333333333333,0.193440818786621,-0.4905,0.0430670204651309
64.2666666666667,0.193440818786621,-0.4905,0.0428916593312686
64.3,0.193440818786621,-0.4905,0.0427408791470049
64.3333333333333,0.193440818786621,-0.4905,0.0426117536422593
64.3666666666667,0.193440818786621,-0.4905,0.042501673813048
64.4,0.193440818786621,-0.4905,0.0424083155711491
64.4333333333333,0.193440818786621,-0.4905,0.0423296105514934
64.4666666666667,0.193599637349447,-0.4905,0.0402023196573915
64.5,0.193599637349447,-0.4905,0.0405163642662973
64.5333333333333,0.193599637349447,-0.4905,0.0407906671034681
64.5666666666667,0.193599637349447,-0.4905,0.0410297075397952
64.6,0.193599637349447,-0.4905,0.0412374956495654
64.6333333333333,0.193599637349447,-0.4905,0.0414176189487331
64.6666666666667,0.193599637349447,-0.4905,0.0415732846489479
64.7,0.193599637349447,-0.4905,0.0417073578454271
64.7333333333333,0.193599637349447,-0.4905,0.0418223960186117
64.7666666666667,0.193384997049967,-0.4905,0.0447066236738609
64.8,0.193384997049967,-0.4905,0.0442918218390898
64.8333333333333,0.193384997049967,-0.4905,0.0439309711333011
64.8666666666667,0.193384997049967,-0.4905,0.0436178920553701
64.9,0.193384997049967,-0.4905,0.0433470594610577
64.9333333333333,0.193384997049967,-0.4905,0.0431135368955999
64.9666666666667,0.193384997049967,-0.4905,0.0429129172628848
65,0.193384997049967,-0.4905,0.0427412692378012
65.0333333333333,0.19342581431071,-0.4905,0.0420652974982965
65.0666666666667,0.19342581431071,-0.4905,0.0420362365573216
65.1,0.19342581431071,-0.4905,0.0420140321720555
65.1333333333333,0.19342581431071,-0.4905,0.0419976984761048
65.1666666666667,0.19342581431071,-0.4905,0.0419863678073213
65.2,0.19342581431071,-0.4905,0.0419792778684291
65.2333333333333,0.19342581431071,-0.4905,0.0419757601967863
65.2666666666667,0.193763860066732,-0.4905,0.0375875338802787
65.3,0.193763860066732,-0.4905,0.0383743749256449
65.3333333333333,0.193763860066732,-0.4905,0.0390579428920767
65.3666666666667,0.193763860066732,-0.4905,0.039650118928781
65.4,0.193763860066732,-0.4905,0.0401615228768379
65.4333333333333,0.193763860066732,-0.4905,0.0406016400511201
65.4666666666667,0.193763860066732,-0.4905,0.0409789357748972
65.5,0.193763860066732,-0.4905,0.0413009588149521
65.5333333333333,0.193763860066732,-0.4905,0.0415744347600214
65.5666666666667,0.193593470255534,-0.4905,0.0440169404922402
65.6,0.193593470255534,-0.4905,0.0438149981143272
65.6333333333333,0.193593470255534,-0.4905,0.0436336267281457
65.6666666666667,0.193593470255534,-0.4905,0.0434708398253558
65.7,0.193593470255534,-0.4905,0.0433248358661709
65.7333333333333,0.193593470255534,-0.4905,0.0431939815094274
65.7666666666667,0.193593470255534,-0.4905,0.0430767963323107
65.8,0.193593470255534,-0.4905,0.0429719389095253
65.8333333333333,0.193963813781738,-0.4905,0.0380712863234653
65.8666666666667,0.193963813781738,-0.4905,0.0388474396636257
65.9,0.193963813781738,-0.4905,0.0395172434364197
65.9333333333333,0.193963813781738,-0.4905,0.0400932359302769
65.9666666666667,0.193963813781738,-0.4905,0.0405866028851428
66,0.193963813781738,-0.4905,0.0410073149979802
66.0333333333333,0.193576622009277,-0.4905,0.0463898432007273
66.0666666666667,0.193576622009277,-0.4905,0.0457919008815902
66.1,0.193528683980306,-0.4905,0.0458879373636221
66.1333333333333,0.193528683980306,-0.4905,0.0453143999593797
66.1666666666667,0.193528683980306,-0.4905,0.0448127271818905
66.2,0.193528683980306,-0.4905,0.0443748841985754
66.2333333333333,0.193528683980306,-0.4905,0.0439936725704477
66.2666666666667,0.193528683980306,-0.4905,0.043662647384513
66.3,0.193528683980306,-0.4905,0.0433760423031571
66.3333333333333,0.193528683980306,-0.4905,0.0431287017949977
66.3666666666667,0.193463516235352,-0.4905,0.0437618706089855
66.4,0.193463516235352,-0.4905,0.0434284251227763
66.4333333333333,0.193463516235352,-0.4905,0.0431421592797945
66.4666666666667,0.193463516235352,-0.4905,0.0428974396235412
66.5,0.193463516235352,-0.4905,0.0426892441246289
66.5333333333333,0.193463516235352,-0.4905,0.042513099815999
66.5666666666667,0.193463516235352,-0.4905,0.042365026515625
66.6,0.193463516235352,-0.4905,0.042241486061712
66.6333333333333,0.193555514017741,-0.4905,0.0409452428730684
66.6666666666667,0.193555514017741,-0.4905,0.0410753033211187
66.7,0.193555514017741,-0.4905,0.041192840413224
66.7333333333333,0.193555514017741,-0.4905,0.0412990079627544
66.7666666666667,0.193555514017741,-0.4905,0.0413948566488718
66.8,0.193618202209473,-0.4905,0.0406676758919046
66.8333333333333,0.193618202209473,-0.4905,0.0408912238650807
66.8666666666667,0.193618202209473,-0.4905,0.0410875445560976
66.9,0.193614196777344,-0.4905,0.0413116226662819
66.9333333333333,0.193614196777344,-0.4905,0.0414528675544154
66.9666666666667,0.193614196777344,-0.4905,0.0415762247364637
67,0.193614196777344,-0.4905,0.0416837068874287
67.0333333333333,0.193614196777344,-0.4905,0.0417771162753091
67.0666666666667,0.193614196777344,-0.4905,0.0418580656720164
67.1,0.193614196777344,-0.4905,0.0419279972618241
67.1333333333333,0.193614196777344,-0.4905,0.0419881997337385
67.1666666666667,0.193532880147298,-0.4905,0.0430952803947231
67.2,0.193532880147298,-0.4905,0.0429505466241029
67.2333333333333,0.193532880147298,-0.4905,0.0428245069244025
67.2666666666667,0.193532880147298,-0.4905,0.0427150252551175
67.3,0.193532880147298,-0.4905,0.0426201915733961
67.3333333333333,0.193532880147298,-0.4905,0.0425382991591394
67.3666666666667,0.193532880147298,-0.4905,0.0424678241282348
67.4,0.193532880147298,-0.4905,0.0424074069289903
67.4333333333333,0.193408139546712,-0.4905,0.0439749177166201
67.4666666666667,0.193408139546712,-0.4905,0.0436414827426647
67.5,0.193408139546712,-0.4905,0.0433537118295642
67.5333333333333,0.193408139546712,-0.4905,0.0431062244012251
67.5666666666667,0.193594932556152,-0.4905,0.0404697229977503
67.6,0.193594932556152,-0.4905,0.040722629614203
67.6333333333333,0.193594932556152,-0.4905,0.0409447408001337
67.6666666666667,0.193594932556152,-0.4905,0.0411394439043999
67.7,0.193827438354492,-0.4905,0.0382919470114237
67.7333333333333,0.193827438354492,-0.4905,0.0389804806095228
67.7666666666667,0.193827438354492,-0.4905,0.0395773808220767
67.8,0.193827438354492,-0.4905,0.0400932701193977
67.8333333333333,0.193827438354492,-0.4905,0.0405376378257396
67.8666666666667,0.193827438354492,-0.4905,0.0409189544014527
67.9,0.193827438354492,-0.4905,0.0412447746580089
67.9333333333333,0.193827438354492,-0.4905,0.0415218309451182
67.9666666666667,0.19368527730306,-0.4905,0.043601309676546
68,0.19368527730306,-0.4905,0.0434680794607964
68.0333333333333,0.19368527730306,-0.4905,0.0433464328487387
68.0666666666667,0.19368527730306,-0.4905,0.0432354159301016
68.1,0.19368527730306,-0.4905,0.0431341502042313
68.1333333333333,0.19368527730306,-0.4905,0.0430418268198734
68.1666666666667,0.19368527730306,-0.4905,0.0429577012411579
68.2,0.19368527730306,-0.4905,0.0428810883092596
68.2333333333333,0.19368527730306,-0.4905,0.0428113576713097
68.2666666666667,0.19368527730306,-0.4905,0.042747929550128
68.3,0.19368527730306,-0.4905,0.0426902708301463
68.3333333333333,0.19368527730306,-0.4905,0.0426378914366413
68.3666666666667,0.19368527730306,-0.4905,0.0425903409869836
68.4,0.19368527730306,-0.4905,0.0425472056940903
68.4333333333333,0.19368527730306,-0.4905,0.0425081055036992
68.4666666666667,0.19368527730306,-0.4905,0.0424726914483204
68.5,0.19375,-0.4905,0.0416005690131553
68.5333333333333,0.19375,-0.4905,0.0417218696717067
68.5666666666667,0.19375,-0.4905,0.0418258107670485
68.6,0.19375,-0.4905,0.0419144937936567
68.6333333333333,0.19375,-0.4905,0.0419897894346248
68.6666666666667,0.19375,-0.4905,0.0420533613361143
68.7,0.19375,-0.4905,0.0421066875423321
68.7333333333333,0.19375,-0.4905,0.0421510798134891
68.7666666666667,0.19375,-0.4905,0.0421877010286092
68.8,0.19375,-0.4905,0.0422175808563083
68.8333333333333,0.19375,-0.4905,0.0422416298596509
68.8666666666667,0.19375,-0.4905,0.0422606521857145
68.9,0.19375,-0.4905,0.0422753569763884
68.9333333333333,0.19375,-0.4905,0.0422863686242003
68.9666666666667,0.19375,-0.4905,0.042294235985294
69,0.19375,-0.4905,0.0422994406511738
69.0333333333333,0.19375,-0.4905,0.0423024043712103
69.0666666666667,0.19375,-0.4905,0.0423034957092335
69.1,0.19375,-0.4905,0.0423030360096088
69.1333333333333,0.19375,-0.4905,0.0423013047410498
69.1666666666667,0.19375,-0.4905,0.0422985442798813
69.2,0.19375,-0.4905,0.0422949641886074
69.2333333333333,0.19375,-0.4905,0.042290745040236
69.2666666666667,0.19375,-0.4905,0.0422860418339971
69.3,0.193682034810384,-0.4905,0.0431631474639762
69.3333333333333,0.193682034810384,-0.4905,0.0430000481026391
69.3666666666667,0.193682034810384,-0.4905,0.0428579769544851
69.4,0.193682034810384,-0.4905,0.042734547626001
69.4333333333333,0.193682034810384,-0.4905,0.0426276244045344
69.4666666666667,0.193682034810384,-0.4905,0.042535297270074
69.5,0.193682034810384,-0.4905,0.0424558593047227
69.5333333333333,0.193682034810384,-0.4905,0.0423877862763893
69.5666666666667,0.193599637349447,-0.4905,0.0433992036049431
69.6,0.193599637349447,-0.4905,0.0431586126916639
69.6333333333333,0.193599637349447,-0.4905,0.0429514020967366
69.6666666666667,0.193599637349447,-0.4905,0.0427736207330076
69.7,0.193599637349447,-0.4905,0.0426217442901206
69.7333333333333,0.193599637349447,-0.4905,0.0424926318334258
69.7666666666667,0.193599637349447,-0.4905,0.0423834866308277
69.8,0.19375,-0.4905,0.0403401749771022
69.8333333333333,0.193695259094238,-0.4905,0.0413234132770318
69.8666666666667,0.193695259094238,-0.4905,0.0414355025851522
69.9,0.193695259094238,-0.4905,0.0415348269114965
69.9333333333333,0.193695259094238,-0.4905,0.0416227310136154
69.9666666666667,0.193695259094238,-0.4905,0.0417004252871402
70,0.193695259094238,-0.4905,0.0417689986832022
70.0333333333333,0.193695259094238,-0.4905,0.0418294304199522
70.0666666666667,0.193593470255534,-0.4905,0.0432037781780844
70.1,0.193445142110189,-0.4905,0.0449393767551699
70.1333333333333,0.193445142110189,-0.4905,0.0444312864918031
70.1666666666667,0.193445142110189,-0.4905,0.043992292121514
70.2,0.193445142110189,-0.4905,0.0436142835120917
70.2333333333333,0.193445142110189,-0.4905,0.0432900228072017
70.2666666666667,0.193445142110189,-0.4905,0.0430130559367539
70.3,0.193445142110189,-0.4905,0.0427776327345183
70.3333333333333,0.193555514017741,-0.4905,0.0411460525417126
70.3666666666667,0.193555514017741,-0.4905,0.041235196536025
70.4,0.193555514017741,-0.4905,0.0413177889163075
70.4333333333333,0.193555514017741,-0.4905,0.041394246962134
70.4666666666667,0.193555514017741,-0.4905,0.0414649669267574
70.5,0.193555514017741,-0.4905,0.0415303244970153
70.5333333333333,0.193555514017741,-0.4905,0.041590675328044
70.5666666666667,0.193555514017741,-0.4905,0.0416463556371176
70.6,0.193848101298014,-0.4905,0.0379000193684289
70.6333333333333,0.193848101298014,-0.4905,0.0386266394592312
70.6666666666667,0.193848101298014,-0.4905,0.039258343681331
70.7,0.193848101298014,-0.4905,0.039806015119268
70.7333333333333,0.193848101298014,-0.4905,0.0402793843733523
70.7666666666667,0.193848101298014,-0.4905,0.0406871451816292
70.8,0.193848101298014,-0.4905,0.041037058889512
70.8333333333333,0.193519083658854,-0.4905,0.0456065634744084
70.8666666666667,0.193519083658854,-0.4905,0.04509686720662
70.9,0.193553860982259,-0.4905,0.044199009082364
70.9333333333333,0.193553860982259,-0.4905,0.043889476132019
70.9666666666667,0.193553860982259,-0.4905,0.0436189733891345
71,0.193553860982259,-0.4905,0.0433831062263796
71.0333333333333,0.193553860982259,-0.4905,0.0431779403549803
71.0666666666667,0.193553860982259,-0.4905,0.0429999559717862
71.1,0.193553860982259,-0.4905,0.0428460063068112
71.1333333333333,0.193553860982259,-0.4905,0.04271328016088
71.1666666666667,0.193391927083333,-0.4905,0.0447011039729716
71.2,0.193391927083333,-0.4905,0.0442275797645969
71.2333333333333,0.193391927083333,-0.4905,0.0438189805952619
71.2666666666667,0.193391927083333,-0.4905,0.0434676538168441
71.3,0.193391927083333,-0.4905,0.0431667719614383
71.3333333333333,0.193391927083333,-0.4905,0.0429102488849909
71.3666666666667,0.193391927083333,-0.4905,0.0426926640776456
71.4,0.19375,-0.4905,0.0378615540644578
71.4333333333333,0.19375,-0.4905,0.0385393072065745
71.4666666666667,0.19375,-0.4905,0.0391315374449966
71.5,0.19375,-0.4905,0.0396478621286494
71.5333333333333,0.19375,-0.4905,0.0400968928350564
71.5666666666667,0.19375,-0.4905,0.0404863353924008
71.6,0.193694051106771,-0.4905,0.0415492741142593
71.6333333333333,0.193694051106771,-0.4905,0.0417095728570015
71.6666666666667,0.19375,-0.4905,0.0411200630108351
71.7,0.19375,-0.4905,0.0413659115512346
71.7333333333333,0.19375,-0.4905,0.0415761489998138
71.7666666666667,0.19375,-0.4905,0.0417550811900101
71.8,0.19375,-0.4905,0.0419065428572307
71.8333333333333,0.19375,-0.4905,0.0420339459617598
71.8666666666667,0.19375,-0.4905,0.0421403232749867
71.9,0.19375,-0.4905,0.0422283676777886
71.9333333333333,0.193706448872884,-0.4905,0.042865743432496
71.9666666666667,0.193706448872884,-0.4905,0.0428228950553545
72,0.193706448872884,-0.4905,0.0427816566495699
72.0333333333333,0.193706448872884,-0.4905,0.0427421017907316
72.0666666666667,0.193706448872884,-0.4905,0.0427042785125148
72.1,0.193706448872884,-0.4905,0.0426682131250946
72.1333333333333,0.193706448872884,-0.4905,0.0426339135749746
72.1666666666667,0.193706448872884,-0.4905,0.0426013723957027
72.2,0.193624623616536,-0.4905,0.0436326277232794
72.2333333333333,0.193624623616536,-0.4905,0.0434135450527225
72.2666666666667,0.193624623616536,-0.4905,0.0432216195515392
72.3,0.193624623616536,-0.4905,0.0430538354681224
72.3333333333333,0.193624623616536,-0.4905,0.0429074894931437
72.3666666666667,0.193605931599935,-0.4905,0.0430227746585391
72.4,0.193605931599935,-0.4905,0.0428688931998892
72.4333333333333,0.193605931599935,-0.4905,0.0427357432808983
72.4666666666667,0.193488311767578,-0.4905,0.0441475700292007
72.5,0.193488311767578,-0.4905,0.0437758071425702
72.5333333333333,0.193488311767578,-0.4905,0.0434549255240914
72.5666666666667,0.193488311767578,-0.4905,0.0431789418529831
72.6,0.193488311767578,-0.4905,0.0429425166405779
72.6333333333333,0.193488311767578,-0.4905,0.0427408889178488
72.6666666666667,0.193488311767578,-0.4905,0.0425698172743174
72.7,0.193488311767578,-0.4905,0.0424255266500887
72.7333333333333,0.193620745340983,-0.4905,0.0405857266094078
72.7666666666667,0.193620745340983,-0.4905,0.0407927951853442
72.8,0.193620745340983,-0.4905,0.0409764064480801
72.8333333333333,0.193620745340983,-0.4905,0.0411390217154699
72.8666666666667,0.193620745340983,-0.4905,0.0412828571488471
72.9,0.193620745340983,-0.4905,0.0414099072630886
72.9333333333333,0.193620745340983,-0.4905,0.0415219662464064
72.9666666666667,0.193620745340983,-0.4905,0.0416206472893143
73,0.193654696146647,-0.4905,0.04126673250434
73.0333333333333,0.193848101298014,-0.4905,0.0389113682949772
73.0666666666667,0.193848101298014,-0.4905,0.0394953504404407
73.1,0.193848101298014,-0.4905,0.0400013324252643
73.1333333333333,0.193642044067383,-0.4905,0.0431129121282656
73.1666666666667,0.193642044067383,-0.4905,0.0430106676467863
73.2,0.193642044067383,-0.4905,0.0429189844791801
73.2333333333333,0.193642044067383,-0.4905,0.0428368249750536
73.2666666666667,0.19375,-0.4905,0.0413620258841488
73.3,0.19375,-0.4905,0.0415468436130376
73.3333333333333,0.19375,-0.4905,0.0417049972731891
73.3666666666667,0.19375,-0.4905,0.0418397090694548
73.4,0.19375,-0.4905,0.0419538485703644
73.4333333333333,0.19375,-0.4905,0.0420499688978287
73.4666666666667,0.19375,-0.4905,0.0421303393675768
73.5,0.19375,-0.4905,0.0421969749168229
73.5333333333333,0.19375,-0.4905,0.0422516626246099
73.5666666666667,0.19375,-0.4905,0.04229598560196
73.6,0.19375,-0.4905,0.0423313445033056
73.6333333333333,0.19375,-0.4905,0.0423589768872863
73.6666666666667,0.19375,-0.4905,0.0423799746337293
73.7,0.19375,-0.4905,0.0423952996043489
73.7333333333333,0.19375,-0.4905,0.0424057977171349
73.7666666666667,0.193489583333333,-0.4905,0.0457923136292546
73.8,0.193489583333333,-0.4905,0.0451906428883972
73.8333333333333,0.193489583333333,-0.4905,0.0446672299138013
73.8666666666667,0.193489583333333,-0.4905,0.0442131204901149
73.9,0.193489583333333,-0.4905,0.0438203074731346
73.9333333333333,0.193489583333333,-0.4905,0.04348163584968
73.9666666666667,0.193489583333333,-0.4905,0.0431907169500328
74,0.193489583333333,-0.4905,0.042941850956525
74.0333333333333,0.193489583333333,-0.4905,0.0427299569301393
74.0666666666667,0.193489583333333,-0.4905,0.042550509648225
74.1,0.193489583333333,-0.4905,0.0423994826113164
74.1333333333333,0.193489583333333,-0.4905,0.0422732966360157
74.1666666666667,0.193652407328288,-0.4905,0.0400553845089023
74.2,0.193652407328288,-0.4905,0.0403477597120187
74.2333333333333,0.193652407328288,-0.4905,0.040605759929036
74.2666666666667,0.193652407328288,-0.4905,0.040833084212772
74.3,0.193652407328288,-0.4905,0.0410330563304504
74.3333333333333,0.193652407328288,-0.4905,0.0412086612634558
74.3666666666667,0.193652407328288,-0.4905,0.0413625782685247
74.4,0.193652407328288,-0.4905,0.0414972108163327
74.4333333333333,0.193492317199707,-0.4905,0.0436926182210466
74.4666666666667,0.193620363871257,-0.4905,0.0417612216715576
74.5,0.193620363871257,-0.4905,0.0418255244483638
74.5333333333333,0.193620363871257,-0.4905,0.0418820758860266
74.5666666666667,0.193620363871257,-0.4905,0.0419317180293954
74.6,0.193620363871257,-0.4905,0.0419752071984312
74.6333333333333,0.193620363871257,-0.4905,0.0420132223325186
74.6666666666667,0.193587239583333,-0.4905,0.0424763122861282
74.7,0.193587239583333,-0.4905,0.0424282337669356
74.7333333333333,0.193699200948079,-0.4905,0.0409334315680772
74.7666666666667,0.193699200948079,-0.4905,0.0411575260468273
74.8,0.193699200948079,-0.4905,0.041351787348951
74.8333333333333,0.193699200948079,-0.4905,0.0415196713602847
74.8666666666667,0.193699200948079,-0.4905,0.0416642656321761
74.9,0.193699200948079,-0.4905,0.0417883264990013
74.9333333333333,0.193699200948079,-0.4905,0.0418943126038276
74.9666666666667,0.193699200948079,-0.4905,0.0419844151692769
75,0.193906847635905,-0.4905,0.0393654160655549
75.0333333333333,0.193906847635905,-0.4905,0.039911516012148
75.0666666666667,0.193906847635905,-0.4905,0.0403822776248847
75.1,0.193906847635905,-0.4905,0.0407866056603318
75.1333333333333,0.193906847635905,-0.4905,0.0411324432171474
75.1666666666667,0.193906847635905,-0.4905,0.0414268695533174
75.2,0.193906847635905,-0.4905,0.0416761883710835
75.2333333333333,0.193906847635905,-0.4905,0.0418860074689726
75.2666666666667,0.193695259094238,-0.4905,0.0448076434857585
75.3,0.193695259094238,-0.4905,0.0444615760630298
75.3333333333333,0.193695259094238,-0.4905,0.0441552525400984
75.3666666666667,0.193695259094238,-0.4905,0.0438844695039085
75.4,0.193695259094238,-0.4905,0.0436454443567135
75.4333333333333,0.193695259094238,-0.4905,0.0434347748183749
75.4666666666667,0.193695259094238,-0.4905,0.043249402211214
75.5,0.193695259094238,-0.4905,0.0430865781823202
75.5333333333333,0.193695259094238,-0.4905,0.0429438345490993
75.5666666666667,0.193695259094238,-0.4905,0.0428189559820528
75.6,0.193695259094238,-0.4905,0.0427099552644119
75.6333333333333,0.193695259094238,-0.4905,0.0426150508917199
75.6666666666667,0.193695259094238,-0.4905,0.0425326467957521
75.7,0.19375,-0.4905,0.0417507993830875
75.7333333333333,0.19375,-0.4905,0.0418163601092837
75.7666666666667,0.19375,-0.4905,0.0418735182822789
75.8,0.19375,-0.4905,0.0419232393387029
75.8333333333333,0.19375,-0.4905,0.0419663857317238
75.8666666666667,0.19375,-0.4905,0.0420037273476237
75.9,0.19375,-0.4905,0.0420359509097768
75.9333333333333,0.19375,-0.4905,0.0420636684654795
75.9666666666667,0.193552780151367,-0.4905,0.0446472581796833
76,0.193552780151367,-0.4905,0.0442096218176561
76.0333333333333,0.193552780151367,-0.4905,0.0438303764061426
76.0666666666667,0.193552780151367,-0.4905,0.0435027476134203
76.1,0.193552780151367,-0.4905,0.0432206839312599
76.1333333333333,0.193552780151367,-0.4905,0.0429787837732978
76.1666666666667,0.193552780151367,-0.4905,0.0427722296328035
76.2,0.193538602193197,-0.4905,0.0427807527471701
76.2333333333333,0.193554242451986,-0.4905,0.0423965595973749
76.2666666666667,0.193554242451986,-0.4905,0.0422799336368208
76.3,0.193554242451986,-0.4905,0.042183149200586
76.3333333333333,0.193554242451986,-0.4905,0.0421036336187262
76.3666666666667,0.193554242451986,-0.4905,0.0420391070889664
76.4,0.193554242451986,-0.4905,0.0419875518512217
76.4333333333333,0.193554242451986,-0.4905,0.0419471844390874
76.4666666666667,0.193554242451986,-0.4905,0.0419164307127432
76.5,0.193554242451986,-0.4905,0.0418939034053115
76.5333333333333,0.193554242451986,-0.4905,0.0418783819397276
76.5666666666667,0.193554242451986,-0.4905,0.0418687942959823
76.6,0.193554242451986,-0.4905,0.0418642007292551
76.6333333333333,0.193554242451986,-0.4905,0.0418637791582563
76.6666666666667,0.193554242451986,-0.4905,0.0418668120601584
76.7,0.193554242451986,-0.4905,0.0418726747239895
76.7333333333333,0.193554242451986,-0.4905,0.0418808247284166
76.7666666666667,0.193694051106771,-0.4905,0.0400761332482639
76.8,0.193694051106771,-0.4905,0.0404121298456607
76.8333333333333,0.193694051106771,-0.4905,0.0407056391112956
76.8666666666667,0.193694051106771,-0.4905,0.0409614366680338
76.9,0.193694051106771,-0.4905,0.0411837992674881
76.9333333333333,0.193694051106771,-0.4905,0.0413765543407498
76.9666666666667,0.193629328409831,-0.4905,0.0423831989950868
77,0.193629328409831,-0.4905,0.0423763667253639
77.0333333333333,0.193642361958822,-0.4905,0.0422001319055632
77.0666666666667,0.193642361958822,-0.4905,0.0422231853095476
77.1,0.193642361958822,-0.4905,0.0422421099723684
77.1333333333333,0.193642361958822,-0.4905,0.0422574426981549
77.1666666666667,0.193642361958822,-0.4905,0.0422696595242276
77.2,0.193642361958822,-0.4905,0.0422791820718939
77.2333333333333,0.193642361958822,-0.4905,0.0422863832676561
77.2666666666667,0.193642361958822,-0.4905,0.0422915924949309
77.3,0.193555514017741,-0.4905,0.0434223510578882
77.3333333333333,0.193555514017741,-0.4905,0.0432227642861779
77.3666666666667,0.193555514017741,-0.4905,0.0430490105423623
77.4,0.193555514017741,-0.4905,0.0428981352745165
77.4333333333333,0.193555514017741,-0.4905,0.0427674966843674
77.4666666666667,0.193555514017741,-0.4905,0.0426547343388669
77.5,0.193555514017741,-0.4905,0.0425577408113199
77.5333333333333,0.193555514017741,-0.4905,0.0424746360682487
77.5666666666667,0.193530019124349,-0.4905,0.0427346576543414
77.6,0.193530019124349,-0.4905,0.0426152910078872
77.6333333333333,0.193530019124349,-0.4905,0.0425132591281256
77.6666666666667,0.193530019124349,-0.4905,0.0424264565909001
77.7,0.193530019124349,-0.4905,0.0423530092745646
77.7333333333333,0.193530019124349,-0.4905,0.0422912505514789
77.7666666666667,0.193532752990723,-0.4905,0.0422042153503633
77.8,0.193532752990723,-0.4905,0.0421679063400944
77.8333333333333,0.193622271219889,-0.4905,0.0409765650098495
77.8666666666667,0.193622271219889,-0.4905,0.0411609283778699
77.9,0.193622271219889,-0.4905,0.0413225285958294
77.9333333333333,0.193622271219889,-0.4905,0.0414638882755395
77.9666666666667,0.193622271219889,-0.4905,0.0415872689990838
78,0.193622271219889,-0.4905,0.04169469706923
78.0333333333333,0.193622271219889,-0.4905,0.0417879868077818
78.0666666666667,0.193622271219889,-0.4905,0.0418687616290996
78.1,0.19375,-0.4905,0.0402806056637454
78.1333333333333,0.19375,-0.4905,0.0406371190519323
78.1666666666667,0.19375,-0.4905,0.040945235074621
78.2,0.19375,-0.4905,0.0412106218569249
78.2333333333333,0.19375,-0.4905,0.0414383390879678
78.2666666666667,0.19375,-0.4905,0.0416328996432632
78.3,0.19375,-0.4905,0.0417983252214109
78.3333333333333,0.19375,-0.4905,0.0419381965584573
78.3666666666667,0.193518002827962,-0.4905,0.0450669273318757
78.4,0.193518002827962,-0.4905,0.0446262256690643
78.4333333333333,0.193518002827962,-0.4905,0.0442407669118356
78.4666666666667,0.193518002827962,-0.4905,0.0439043594569939
78.5,0.193518002827962,-0.4905,0.0436114579594967
78.5333333333333,0.193618202209473,-0.4905,0.0420565520684733
78.5666666666667,0.193618202209473,-0.4905,0.0420689456141661
78.6,0.193618202209473,-0.4905,0.0420802617630017
78.6333333333333,0.193569691975911,-0.4905,0.0427202362069155
78.6666666666667,0.193569691975911,-0.4905,0.0426170336787669
78.7,0.193569691975911,-0.4905,0.0425281201502267
78.7333333333333,0.193569691975911,-0.4905,0.0424518061152921
78.7666666666667,0.193569691975911,-0.4905,0.0423865844377808
78.8,0.193569691975911,-0.4905,0.0423311118137537
78.8333333333333,0.193569691975911,-0.4905,0.0422841920391629
78.8666666666667,0.193569691975911,-0.4905,0.0422447609125205
78.9,0.193941561381022,-0.4905,0.0373851595230999
78.9333333333333,0.193941561381022,-0.4905,0.0382214030408455
78.9666666666667,0.193941561381022,-0.4905,0.0389467639074836
79,0.193941561381022,-0.4905,0.0395740776095731
79.0333333333333,0.193941561381022,-0.4905,0.0401148112985254
79.0666666666667,0.193941561381022,-0.4905,0.0405792017498947
79.1,0.193941561381022,-0.4905,0.0409763799646133
79.1333333333333,0.193941561381022,-0.4905,0.0413144836664222
79.1666666666667,0.193489583333333,-0.4905,0.0474672494129307
79.2,0.193489583333333,-0.4905,0.0466587121482378
79.2333333333333,0.193489583333333,-0.4905,0.0459513162717717
79.2666666666667,0.193489583333333,-0.4905,0.0453337448415837
79.3,0.193620363871257,-0.4905,0.043098382573135
79.3333333333333,0.193620363871257,-0.4905,0.0429347648997628
79.3666666666667,0.193620363871257,-0.4905,0.0427929023489559
79.4,0.193620363871257,-0.4905,0.0426702840938236
79.4333333333333,0.193612861633301,-0.4905,0.0426620418984827
79.4666666666667,0.193612861633301,-0.4905,0.042554000249965
79.5,0.193612861633301,-0.4905,0.0424615025467281
79.5333333333333,0.193612861633301,-0.4905,0.0423826815616944
79.5666666666667,0.193612861633301,-0.4905,0.042315873265303
79.6,0.193612861633301,-0.4905,0.0422595960730762
79.6333333333333,0.193612861633301,-0.4905,0.0422125321201405
79.6666666666667,0.193612861633301,-0.4905,0.0421735103711847
79.7,0.193787002563477,-0.4905,0.0398812131962529
79.7333333333333,0.193787002563477,-0.4905,0.0402596062845171
79.7666666666667,0.193787002563477,-0.4905,0.0405890178623478
79.8,0.193787002563477,-0.4905,0.0408750458040484
79.8333333333333,0.193787002563477,-0.4905,0.0411226959321485
79.8666666666667,0.193787002563477,-0.4905,0.0413364413888948
79.9,0.193787002563477,-0.4905,0.0415202762813899
79.9333333333333,0.193787002563477,-0.4905,0.041677764136479
79.9666666666667,0.193508338928223,-0.4905,0.0454290218977768
80,0.193508338928223,-0.4905,0.0448959804945473
80.0333333333333,0.193508338928223,-0.4905,0.0444319223338268
80.0666666666667,0.193489583333333,-0.4905,0.0442724128186675
80.1,0.193489583333333,-0.4905,0.0438799813986131
80.1333333333333,0.193489583333333,-0.4905,0.0435411642011607
80.1666666666667,0.193489583333333,-0.4905,0.0432496595234834
80.2,0.193489583333333,-0.4905,0.0429998436965852
80.2333333333333,0.19361998240153,-0.4905,0.0410941756186874
80.2666666666667,0.19361998240153,-0.4905,0.0412160097608445
80.3,0.19361998240153,-0.4905,0.0413254542729162
80.3333333333333,0.19361998240153,-0.4905,0.0414237057283244
80.3666666666667,0.19361998240153,-0.4905,0.0415118491824792
80.4,0.19361998240153,-0.4905,0.0415908682964594
80.4333333333333,0.19361998240153,-0.4905,0.0416616545601077
80.4666666666667,0.19361998240153,-0.4905,0.041725015693387
80.5,0.193553860982259,-0.4905,0.0426399123317972
80.5333333333333,0.193553860982259,-0.4905,0.0425370241820605
80.5666666666667,0.193553860982259,-0.4905,0.0424493020959265
80.6,0.193553860982259,-0.4905,0.0423748891520159
80.6333333333333,0.193553860982259,-0.4905,0.0423121334860755
80.6666666666667,0.193553860982259,-0.4905,0.0422595671074371
80.7,0.193553860982259,-0.4905,0.042215886803568
80.7333333333333,0.193553860982259,-0.4905,0.0421799369339433
80.7666666666667,0.193605931599935,-0.4905,0.0414748385687889
80.8,0.193605931599935,-0.4905,0.041572297676755
80.8333333333333,0.193685913085937,-0.4905,0.0406204107649764
80.8666666666667,0.193685913085937,-0.4905,0.0408823217647176
80.9,0.193685913085937,-0.4905,0.0411103486760971
80.9333333333333,0.193685913085937,-0.4905,0.0413083531100852
80.9666666666667,0.193685913085937,-0.4905,0.0414797894761443
81,0.193685913085937,-0.4905,0.0416277457060199
81.0333333333333,0.19375,-0.4905,0.0409231580724566
81.0666666666667,0.19375,-0.4905,0.0411809332291482
81.1,0.19375,-0.4905,0.0414026800749079
81.1333333333333,0.19375,-0.4905,0.0415926804949747
81.1666666666667,0.19375,-0.4905,0.0417547526465356
81.2,0.19375,-0.4905,0.0418922982055557
81.2333333333333,0.19375,-0.4905,0.0420083450046376
81.2666666666667,0.19375,-0.4905,0.0421055854970528
81.3,0.193497467041016,-0.4905,0.0454641861750463
81.3333333333333,0.193497467041016,-0.4905,0.0449443737339927
81.3666666666667,0.193497467041016,-0.4905,0.0444908167427542
81.4,0.193497467041016,-0.4905,0.0440960160147528
81.4333333333333,0.193497467041016,-0.4905,0.0437532602224093
81.4666666666667,0.193497467041016,-0.4905,0.0434565472774605
81.5,0.193497467041016,-0.4905,0.0432005132655012
81.5333333333333,0.193878936767578,-0.4905,0.0380290468808077
81.5666666666667,0.193878936767578,-0.4905,0.0387262361029465
81.6,0.193614196777344,-0.4905,0.0427686151580939
81.6333333333333,0.193614196777344,-0.4905,0.0426795101354315
81.6666666666667,0.193614196777344,-0.4905,0.0426016376408313
81.7,0.193614196777344,-0.4905,0.0425337347110093
81.7333333333333,0.193614196777344,-0.4905,0.0424746704782556
81.7666666666667,0.193614196777344,-0.4905,0.0424234330311182
81.8,0.193811289469401,-0.4905,0.0398209348375944
81.8333333333333,0.193811289469401,-0.4905,0.0402403544277013
81.8666666666667,0.193811289469401,-0.4905,0.0406037692267626
81.9,0.193811289469401,-0.4905,0.0409176877035265
81.9333333333333,0.193811289469401,-0.4905,0.0411879227260133
81.9666666666667,0.193811289469401,-0.4905,0.0414196618189225
82,0.193811289469401,-0.4905,0.041617530609283
82.0333333333333,0.193811289469401,-0.4905,0.0417856501005855
82.0666666666667,0.193620363871257,-0.4905,0.0444058246920052
82.1,0.193620363871257,-0.4905,0.0440817409559451
82.1333333333333,0.193620363871257,-0.4905,0.0437972104730564
82.1666666666667,0.193620363871257,-0.4905,0.0435478756734903
82.2,0.193620363871257,-0.4905,0.0433298283475064
82.2333333333333,0.193620363871257,-0.4905,0.0431395654131854
82.2666666666667,0.193620363871257,-0.4905,0.0429739488898588
82.3,0.193620363871257,-0.4905,0.0428301696879629
82.3333333333333,0.193489583333333,-0.4905,0.0444031928637132
82.3666666666667,0.193489583333333,-0.4905,0.0439921619058259
82.4,0.193458048502604,-0.4905,0.0440462509831752
82.4333333333333,0.193458048502604,-0.4905,0.0436670851362407
82.4666666666667,0.193458048502604,-0.4905,0.0433411811919446
82.5,0.193458048502604,-0.4905,0.043062190142229
82.5333333333333,0.193458048502604,-0.4905,0.0428244519695405
82.5666666666667,0.193458048502604,-0.4905,0.0426229253456244
82.6,0.193532053629557,-0.4905,0.0414925678543402
82.6333333333333,0.193532053629557,-0.4905,0.0415223336818137
82.6666666666667,0.193532053629557,-0.4905,0.0415532419970289
82.7,0.193532053629557,-0.4905,0.0415848367835845
82.7333333333333,0.193532053629557,-0.4905,0.0416167326263472
82.7666666666667,0.193532053629557,-0.4905,0.0416486060517217
82.8,0.193532053629557,-0.4905,0.0416801878164208
82.8333333333333,0.193532053629557,-0.4905,0.0417112560477697
82.8666666666667,0.193629328409831,-0.4905,0.0404790432040234
82.9,0.193629328409831,-0.4905,0.0407344368582391
82.9333333333333,0.193629328409831,-0.4905,0.0409585758948042
82.9666666666667,0.193629328409831,-0.4905,0.0411549035510062
83,0.193629328409831,-0.4905,0.0413265082880563
83.0333333333333,0.193629328409831,-0.4905,0.0414761586762638
83.0666666666667,0.193629328409831,-0.4905,0.0416063349667896
83.1,0.193629328409831,-0.4905,0.0417192576563508
83.1333333333333,0.19375,-0.4905,0.0402506453368853
83.1666666666667,0.193612861633301,-0.4905,0.042394992563706
83.2,0.193612861633301,-0.4905,0.0423914288309458
83.2333333333333,0.193612861633301,-0.4905,0.0423868856213335
83.2666666666667,0.193612861633301,-0.4905,0.0423815597402715
83.3,0.193612861633301,-0.4905,0.042375621786447
83.3333333333333,0.193612861633301,-0.4905,0.042369219137328
83.3666666666667,0.193612861633301,-0.4905,0.0423624786223656
83.4,0.193612861633301,-0.4905,0.0423555089148343
83.4333333333333,0.193612861633301,-0.4905,0.0423484026702746
83.4666666666667,0.193612861633301,-0.4905,0.0423412384368521
83.5,0.193612861633301,-0.4905,0.0423340823605064
83.5333333333333,0.193612861633301,-0.4905,0.0423269897055811
83.5666666666667,0.193612861633301,-0.4905,0.0423200062095962
83.6,0.193612861633301,-0.4905,0.0423131692890652
83.6333333333333,0.193612861633301,-0.4905,0.0423065091115711
83.6666666666667,0.193521372477214,-0.4905,0.0434875414513705
83.7,0.193521372477214,-0.4905,0.0432688759103986
83.7333333333333,0.193521372477214,-0.4905,0.0430789429216472
83.7666666666667,0.193521372477214,-0.4905,0.0429144320328533
83.8,0.193521372477214,-0.4905,0.0427723847020009
83.8333333333333,0.193521372477214,-0.4905,0.0426501588842288
83.8666666666667,0.193521372477214,-0.4905,0.0425453970430024
83.9,0.193521372477214,-0.4905,0.0424559972643331
83.9333333333333,0.193952751159668,-0.4905,0.0367809679569687
83.9666666666667,0.193952751159668,-0.4905,0.0377184821216474
84,0.193952751159668,-0.4905,0.0385319592266936
84.0333333333333,0.193952751159668,-0.4905,0.0392357380362565
84.0666666666667,0.193952751159668,-0.4905,0.0398426301415647
84.1,0.193952751159668,-0.4905,0.0403640738298653
84.1333333333333,0.193952751159668,-0.4905,0.0408102730626055
84.1666666666667,0.193952751159668,-0.4905,0.0411903229604488
84.2,0.193489583333333,-0.4905,0.0475240524023644
84.2333333333333,0.193489583333333,-0.4905,0.0467197980284922
84.2666666666667,0.193489583333333,-0.4905,0.0460153864483905
84.3,0.193489583333333,-0.4905,0.0453996961917812
84.3333333333333,0.193489583333333,-0.4905,0.0448627616091906
84.3666666666667,0.193489583333333,-0.4905,0.0443956584368259
84.4,0.193489583333333,-0.4905,0.0439904002914991
84.4333333333333,0.193489583333333,-0.4905,0.0436398450802058
84.4666666666667,0.19375,-0.4905,0.0399575083604142
84.5,0.19375,-0.4905,0.040302546091607
84.5333333333333,0.19375,-0.4905,0.0406039977806291
84.5666666666667,0.19375,-0.4905,0.0408667807592222
84.6,0.19375,-0.4905,0.0410952963688412
84.6333333333333,0.19375,-0.4905,0.0412934814324514
84.6666666666667,0.19375,-0.4905,0.0414648547805356
84.7,0.193489583333333,-0.4905,0.0449926613338067
84.7333333333333,0.193808174133301,-0.4905,0.0403796723361087
84.7666666666667,0.193808174133301,-0.4905,0.0407043448590181
84.8,0.193808174133301,-0.4905,0.0409853108786991
84.8333333333333,0.193808174133301,-0.4905,0.0412276767691387
84.8666666666667,0.193808174133301,-0.4905,0.041436001083542
84.9,0.193808174133301,-0.4905,0.0416143500428391
84.9333333333333,0.193808174133301,-0.4905,0.0417663476324361
84.9666666666667,0.193808174133301,-0.4905,0.0418952208149
85,0.193808174133301,-0.4905,0.0420038403195987
85.0333333333333,0.193808174133301,-0.4905,0.0420947574279127
85.0666666666667,0.193808174133301,-0.4905,0.042170237133992
85.1,0.193808174133301,-0.4905,0.0422322880259487
85.1333333333333,0.193808174133301,-0.4905,0.0422826892004156
85.1666666666667,0.193808174133301,-0.4905,0.0423230144943523
85.2,0.193808174133301,-0.4905,0.0423546542915885
85.2333333333333,0.193808174133301,-0.4905,0.042378835137565
85.2666666666667,0.193644332885742,-0.4905,0.0445232298932702
85.3,0.193644332885742,-0.4905,0.0441551870694973
85.3333333333333,0.193644332885742,-0.4905,0.0438335876991707
85.3666666666667,0.193644332885742,-0.4905,0.043553216521752
85.4,0.193644332885742,-0.4905,0.0433094027884784
85.4333333333333,0.193644332885742,-0.4905,0.0430979661952232
85.4666666666667,0.193489583333333,-0.4905,0.0449237540166914
85.5,0.193489583333333,-0.4905,0.0444069460058858
85.5333333333333,0.193684005737305,-0.4905,0.0414371336044093
85.5666666666667,0.193684005737305,-0.4905,0.0415045067977089
85.6,0.193684005737305,-0.4905,0.0415661672868568
85.6333333333333,0.193684005737305,-0.4905,0.0416225815545627
85.6666666666667,0.193684005737305,-0.4905,0.0416741790882265
85.7,0.193684005737305,-0.4905,0.0417213552431853
85.7333333333333,0.193684005737305,-0.4905,0.0417644738891374
85.7666666666667,0.193684005737305,-0.4905,0.0418038698558405
85.8,0.19375,-0.4905,0.0409832725996237
85.8333333333333,0.193808174133301,-0.4905,0.0404142755959893
85.8666666666667,0.193808174133301,-0.4905,0.040711998725284
85.9,0.193808174133301,-0.4905,0.0409708059852836
85.9333333333333,0.193808174133301,-0.4905,0.0411951673594712
85.9666666666667,0.193808174133301,-0.4905,0.0413890786272825
86,0.193808174133301,-0.4905,0.0415561090141696
86.0333333333333,0.193808174133301,-0.4905,0.0416994442392321
86.0666666666667,0.193731816609701,-0.4905,0.0428130148817313
86.1,0.193731816609701,-0.4905,0.0427398820406651
86.1333333333333,0.193731816609701,-0.4905,0.0426744665295863
86.1666666666667,0.193731816609701,-0.4905,0.0426160017616869
86.2,0.193731816609701,-0.4905,0.0425637942253483
86.2333333333333,0.193685913085937,-0.4905,0.0431130257271459
86.2666666666667,0.193685913085937,-0.4905,0.0429649296797794
86.3,0.193685913085937,-0.4905,0.0428356836037359
86.3333333333333,0.193543561299642,-0.4905,0.0445708267912909
86.3666666666667,0.193543561299642,-0.4905,0.0441425965405036
86.4,0.193543561299642,-0.4905,0.0437718212053888
86.4333333333333,0.193543561299642,-0.4905,0.043451811035061
86.4666666666667,0.193543561299642,-0.4905,0.0431765918949154
86.5,0.193543561299642,-0.4905,0.0429408329544979
86.5333333333333,0.193543561299642,-0.4905,0.0427397813880536
86.5666666666667,0.193543561299642,-0.4905,0.0425692034285556
86.6,0.193695259094238,-0.4905,0.0404563557200709
86.6333333333333,0.193695259094238,-0.4905,0.0406880602004419
86.6666666666667,0.193695259094238,-0.4905,0.0408928895771835
86.7,0.193695259094238,-0.4905,0.0410737091777771
86.7333333333333,0.193695259094238,-0.4905,0.0412330955956585
86.7666666666667,0.193695259094238,-0.4905,0.0413733646262819
86.8,0.193695259094238,-0.4905,0.0414965965822213
86.8333333333333,0.193695259094238,-0.4905,0.0416046592273481
86.8666666666667,0.193684005737305,-0.4905,0.0418452925283381
86.9,0.19366029103597,-0.4905,0.0422095499683949
86.9333333333333,0.19366029103597,-0.4905,0.0422038003526955
86.9666666666667,0.19366029103597,-0.4905,0.0421990985680696
87,0.19366029103597,-0.4905,0.0421952992814351
87.0333333333333,0.193695259094238,-0.4905,0.0417384034505155
87.0666666666667,0.193695259094238,-0.4905,0.041817231847601
87.1,0.193695259094238,-0.4905,0.0418857308965804
87.1333333333333,0.193455187479655,-0.4905,0.0450611148062584
87.1666666666667,0.193455187479655,-0.4905,0.0445549654738505
87.2,0.193455187479655,-0.4905,0.0441164571761276
87.2333333333333,0.193455187479655,-0.4905,0.043737721906228
87.2666666666667,0.193455187479655,-0.4905,0.0434117332362186
87.3,0.193455187479655,-0.4905,0.0431322212585242
87.3333333333333,0.193455187479655,-0.4905,0.0428935957787492
87.3666666666667,0.193455187479655,-0.4905,0.0426908769839885
87.4,0.193614196777344,-0.4905,0.0404557570996552
87.4333333333333,0.193614196777344,-0.4905,0.0406812444120969
87.4666666666667,0.193614196777344,-0.4905,0.0408812327050458
87.5,0.193614196777344,-0.4905,0.0410583869570324
87.5333333333333,0.193614196777344,-0.4905,0.0412151078516401
87.5666666666667,0.193614196777344,-0.4905,0.0413535570181491
87.6,0.193614196777344,-0.4905,0.041475679929581
87.6333333333333,0.193614196777344,-0.4905,0.0415832266707352
87.6666666666667,0.193807601928711,-0.4905,0.0391674508459831
87.7,0.193807601928711,-0.4905,0.0396994660259942
87.7333333333333,0.193807601928711,-0.4905,0.0401609149597841
87.7666666666667,0.193807601928711,-0.4905,0.0405599563208597
87.8,0.193612861633301,-0.4905,0.0434315298001715
87.8333333333333,0.193612861633301,-0.4905,0.0432746856667633
87.8666666666667,0.193612861633301,-0.4905,0.0431357037341672
87.9,0.193612861633301,-0.4905,0.0430126931376791
87.9333333333333,0.19388058980306,-0.4905,0.0394289506998448
87.9666666666667,0.19388058980306,-0.4905,0.039954579338809
88,0.19388058980306,-0.4905,0.0404081751939224
88.0333333333333,0.19388058980306,-0.4905,0.0407982198869341
88.0666666666667,0.19388058980306,-0.4905,0.0411322813819015
88.1,0.19388058980306,-0.4905,0.0414171067527161
88.1333333333333,0.19388058980306,-0.4905,0.0416587059226778
88.1666666666667,0.19388058980306,-0.4905,0.0418624272270419
88.2,0.193489583333333,-0.4905,0.0471081299538117
88.2333333333333,0.193489583333333,-0.4905,0.0463419659974723
88.2666666666667,0.193489583333333,-0.4905,0.0456724508631629
88.3,0.193489583333333,-0.4905,0.0450887146620477
88.3333333333333,0.193489583333333,-0.4905,0.0445810245308977
88.3666666666667,0.193489583333333,-0.4905,0.0441406715292667
88.4,0.193489583333333,-0.4905,0.0437598683778684
88.4333333333333,0.193489583333333,-0.4905,0.0434316570282221
88.4666666666667,0.193489583333333,-0.4905,0.0431498251455859
88.5,0.193489583333333,-0.4905,0.0429088306709723
88.5333333333333,0.193489583333333,-0.4905,0.0427037337042849
88.5666666666667,0.193489583333333,-0.4905,0.0425301350200228
88.6,0.193489583333333,-0.4905,0.0423841205902145
88.6333333333333,0.193489583333333,-0.4905,0.0422622115466904
88.6666666666667,0.193489583333333,-0.4905,0.0421613190671793
88.7,0.193684005737305,-0.4905,0.0395551802697932
88.7333333333333,0.193613560994466,-0.4905,0.0408541809828335
88.7666666666667,0.193613560994466,-0.4905,0.041028413858134
88.8,0.193613560994466,-0.4905,0.0411828887443577
88.8333333333333,0.193613560994466,-0.4905,0.0413196761725466
88.8666666666667,0.193613560994466,-0.4905,0.0414406408412352
88.9,0.193613560994466,-0.4905,0.0415474613146671
88.9333333333333,0.193613560994466,-0.4905,0.0416416478895198
88.9666666666667,0.193613560994466,-0.4905,0.041724558796598
89,0.193613560994466,-0.4905,0.0417974148891091
89.0333333333333,0.193613560994466,-0.4905,0.0418613129555753
89.0666666666667,0.193613560994466,-0.4905,0.0419172377830929
89.1,0.193613560994466,-0.4905,0.0419660730853662
89.1333333333333,0.193613560994466,-0.4905,0.0420086113996868
89.1666666666667,0.193613560994466,-0.4905,0.0420455630476495
89.2,0.193613560994466,-0.4905,0.0420775642458622
89.2333333333333,0.19351749420166,-0.4905,0.043352092204822
89.2666666666667,0.19351749420166,-0.4905,0.0431527870882144
89.3,0.19351749420166,-0.4905,0.0429799912840542
89.3333333333333,0.19351749420166,-0.4905,0.0428306250523488
89.3666666666667,0.19351749420166,-0.4905,0.0427019380116226
89.4,0.19351749420166,-0.4905,0.0425914758439545
89.4333333333333,0.19351749420166,-0.4905,0.0424970502309774
89.4666666666667,0.19351749420166,-0.4905,0.04241671171689
89.5,0.19375,-0.4905,0.0393308948603332
89.5333333333333,0.19375,-0.4905,0.0398135635039825
89.5666666666667,0.19375,-0.4905,0.0402332430400302
89.6,0.19375,-0.4905,0.0405971550812988
89.6333333333333,0.19375,-0.4905,0.040911756390707
89.6666666666667,0.19375,-0.4905,0.0411828156296387
89.7,0.19375,-0.4905,0.0414154827019879
89.7333333333333,0.19375,-0.4905,0.0416143513870993
89.7666666666667,0.193864377339681,-0.4905,0.040298944707025
89.8,0.19375,-0.4905,0.0421921900581276
89.8333333333333,0.19375,-0.4905,0.0422768510439879
89.8666666666667,0.19375,-0.4905,0.0423457297137442
89.9,0.19375,-0.4905,0.0424009405575255
89.9333333333333,0.19375,-0.4905,0.0424443532327087
89.9666666666667,0.19375,-0.4905,0.0424776186039358
90,0.19375,-0.4905,0.0425021921653601
90.0333333333333,0.19375,-0.4905,0.0425193550978714
90.0666666666667,0.19375,-0.4905,0.0425302331903532
90.1,0.19375,-0.4905,0.04253581383254
90.1333333333333,0.19375,-0.4905,0.042536961267501
90.1666666666667,0.19375,-0.4905,0.042534430274048
90.2,0.19375,-0.4905,0.0425288784332339
90.2333333333333,0.19375,-0.4905,0.0425208771185241
90.2666666666667,0.19375,-0.4905,0.0425109213358985
90.3,0.19375,-0.4905,0.0434921784585861
90.3333333333333,0.19375,-0.4905,0.0423092097291542
90.3666666666667,0.19375,-0.4905,0.0423195492248642
90.4,0.19375,-0.4905,0.0423265376367364
90.4333333333333,0.19375,-0.4905,0.0423306999820771
90.4666666666667,0.19375,-0.4905,0.0423324954507053
90.5,0.19375,-0.4905,0.0423323247617745
90.5333333333333,0.19375,-0.4905,0.0423305367552855
90.5666666666667,0.19375,-0.4905,0.0423274342940564
90.6,0.19375,-0.4905,0.0423232795446922
90.6333333333333,0.19375,-0.4905,0.0423182986995332
90.6666666666667,0.19375,-0.4905,0.0423126861955971
90.7,0.19375,-0.4905,0.0423066084811521
90.7333333333333,0.19375,-0.4905,0.0423002073756508
90.7666666666667,0.19375,-0.4905,0.0422936030643237
90.8,0.19375,-0.4905,0.0422868967647164
90.8333333333333,0.193614196777344,-0.4905,0.0440428434990141
90.8666666666667,0.193614196777344,-0.4905,0.0437208565343936
90.9,0.193614196777344,-0.4905,0.0434412839459675
90.9333333333333,0.193614196777344,-0.4905,0.0431992440219817
90.9666666666667,0.193614196777344,-0.4905,0.0429903730588501
91,0.193614196777344,-0.4905,0.0428107733296482
91.0333333333333,0.193614196777344,-0.4905,0.0426569660751727
91.0666666666667,0.193560282389323,-0.4905,0.0432256357978498
91.1,0.19375,-0.4905,0.0405268061168874
91.1333333333333,0.19375,-0.4905,0.0407651918671978
91.1666666666667,0.19375,-0.4905,0.0409745945439266
91.2,0.19375,-0.4905,0.0411582079501787
91.2333333333333,0.19375,-0.4905,0.0413188960718428
91.2666666666667,0.19375,-0.4905,0.0414592255984132
91.3,0.19375,-0.4905,0.0415814953463776
91.3333333333333,0.19375,-0.4905,0.0416877628723418
91.3666666666667,0.19375,-0.4905,0.0417798685369933
91.4,0.19375,-0.4905,0.0418594572572862
91.4333333333333,0.19375,-0.4905,0.0419279981626189
91.4666666666667,0.19375,-0.4905,0.0419868023510831
91.5,0.19375,-0.4905,0.0420370389239454
91.5333333333333,0.19375,-0.4905,0.0420797494602208
91.5666666666667,0.19375,-0.4905,0.0421158610783404
91.6,0.193576622009277,-0.4905,0.044396573771452
91.6333333333333,0.193576622009277,-0.4905,0.0440193094023215
91.6666666666667,0.193576622009277,-0.4905,0.0436916618615068
91.7,0.193576622009277,-0.4905,0.0434079153507039
91.7333333333333,0.193576622009277,-0.4905,0.0431629614359678
91.7666666666667,0.193576622009277,-0.4905,0.0429522379545518
91.8,0.193576622009277,-0.4905,0.0427716738266916
91.8333333333333,0.193763860066732,-0.4905,0.0401873656565964
91.8666666666667,0.19335454305013,-0.4905,0.0458041353504598
91.9,0.19335454305013,-0.4905,0.0451198519015759
91.9333333333333,0.19335454305013,-0.4905,0.0445294022991151
91.9666666666667,0.19335454305013,-0.4905,0.0440217271999519
92,0.19335454305013,-0.4905,0.0435869596604728
92.0333333333333,0.19335454305013,-0.4905,0.0432163039749785
92.0666666666667,0.19335454305013,-0.4905,0.0429019263128477
92.1,0.19335454305013,-0.4905,0.0426368560417804
92.1333333333333,0.19375,-0.4905,0.0372820269284498
92.1666666666667,0.19375,-0.4905,0.0380158717522923
92.2,0.19375,-0.4905,0.0386592553345917
92.2333333333333,0.19375,-0.4905,0.0392222043832822
92.2666666666667,0.19375,-0.4905,0.0397137073782517
92.3,0.19375,-0.4905,0.0401418170731811
92.3333333333333,0.19375,-0.4905,0.0405137432291587
92.3666666666667,0.19375,-0.4905,0.0408359364858487
92.4,0.19375,-0.4905,0.041114164193838
92.4333333333333,0.193519083658854,-0.4905,0.0443507788134165
92.4666666666667,0.193519083658854,-0.4905,0.0440198250116367
92.5,0.193519083658854,-0.4905,0.0437306937688018
92.5333333333333,0.193519083658854,-0.4905,0.0434786617325155
92.5666666666667,0.193519083658854,-0.4905,0.0432595017249872
92.6,0.193489583333333,-0.4905,0.0434523353837128
92.6333333333333,0.193489583333333,-0.4905,0.0432194840201509
92.6666666666667,0.19375,-0.4905,0.0396384157527058
92.7,0.19375,-0.4905,0.0400702226816998
92.7333333333333,0.19375,-0.4905,0.040445672704224
92.7666666666667,0.19375,-0.4905,0.0407712247827888
92.8,0.19375,-0.4905,0.0410526540882643
92.8333333333333,0.19375,-0.4905,0.0412951205876096
92.8666666666667,0.19375,-0.4905,0.0415032310168724
92.9,0.19375,-0.4905,0.0416810948585862
92.9333333333333,0.193943150838216,-0.4905,0.0393253558431102
92.9666666666667,0.193943150838216,-0.4905,0.0399017829428096
93,0.193943150838216,-0.4905,0.0403976212212457
93.0333333333333,0.193943150838216,-0.4905,0.0408224590545696
93.0666666666667,0.193943150838216,-0.4905,0.0411848452490898
93.1,0.193943150838216,-0.4905,0.0414923950606488
93.1333333333333,0.193943150838216,-0.4905,0.0417518858630795
93.1666666666667,0.193943150838216,-0.4905,0.0419693434437833
93.2,0.193811289469401,-0.4905,0.0438616265605974
93.2333333333333,0.193811289469401,-0.4905,0.0437043064541635
93.2666666666667,0.193811289469401,-0.4905,0.0435603375743398
93.3,0.193811289469401,-0.4905,0.0434286590445888
93.3333333333333,0.193811289469401,-0.4905,0.043308289831291
93.3666666666667,0.193702189127604,-0.4905,0.0446144009488139
93.4,0.193702189127604,-0.4905,0.0442606828023016
93.4333333333333,0.193702189127604,-0.4905,0.0439497406842841
93.4666666666667,0.193685913085937,-0.4905,0.0438881567879144
93.5,0.193685913085937,-0.4905,0.0436114321995889
93.5333333333333,0.193685913085937,-0.4905,0.0433699205323574
93.5666666666667,0.193685913085937,-0.4905,0.0431596569659285
93.6,0.193685913085937,-0.4905,0.0429770909467241
93.6333333333333,0.193685913085937,-0.4905,0.0428190450541606
93.6666666666667,0.193685913085937,-0.4905,0.0426826778020496
93.7,0.193685913085937,-0.4905,0.0425654500092045
93.7333333333333,0.193695259094238,-0.4905,0.0423437870335895
93.7666666666667,0.193612861633301,-0.4905,0.0433494663398755
93.8,0.193612861633301,-0.4905,0.0431044797055144
93.8333333333333,0.193612861633301,-0.4905,0.0428940288276172
93.8666666666667,0.193612861633301,-0.4905,0.0427139975441599
93.9,0.193612861633301,-0.4905,0.0425607159446859
93.9333333333333,0.193612861633301,-0.4905,0.0424309148873255
93.9666666666667,0.193612861633301,-0.4905,0.0423216849530382
94,0.193612861633301,-0.4905,0.0422304394181585
94.0333333333333,0.193612861633301,-0.4905,0.04215488086485
94.0666666666667,0.193612861633301,-0.4905,0.0420929710841914
94.1,0.193612861633301,-0.4905,0.0420429039584989
94.1333333333333,0.193612861633301,-0.4905,0.0420030810385227
94.1666666666667,0.193612861633301,-0.4905,0.0419720895575647
94.2,0.193612861633301,-0.4905,0.0419486826485298
94.2333333333333,0.193612861633301,-0.4905,0.0419317615517719
94.2666666666667,0.193785540262858,-0.4905,0.0396790614908171
94.3,0.193785540262858,-0.4905,0.0400732654233699
94.3333333333333,0.193785540262858,-0.4905,0.0404176044046874
94.3666666666667,0.193785540262858,-0.4905,0.0407176941095683
94.4,0.193785540262858,-0.4905,0.0409785623576827
94.4333333333333,0.193785540262858,-0.4905,0.0412047076158061
94.4666666666667,0.193785540262858,-0.4905,0.0414001518907634
94.5,0.193785540262858,-0.4905,0.0415684885357528
94.5333333333333,0.193551826477051,-0.4905,0.0447464349914848
94.5666666666667,0.193551826477051,-0.4905,0.044327182930976
94.6,0.193551826477051,-0.4905,0.0439622470477619
94.6333333333333,0.193551826477051,-0.4905,0.0436454167252943
94.6666666666667,0.193551826477051,-0.4905,0.04337113842017
94.7,0.193551826477051,-0.4905,0.0431344497547789
94.7333333333333,0.193551826477051,-0.4905,0.0429309199677968
94.7666666666667,0.193551826477051,-0.4905,0.0427565961272464
94.8,0.193551826477051,-0.4905,0.0426079545652557
94.8333333333333,0.193551826477051,-0.4905,0.0424818570432379
94.8666666666667,0.193551826477051,-0.4905,0.0423755112012907
94.9,0.193551826477051,-0.4905,0.0422864348866521
94.9333333333333,0.193551826477051,-0.4905,0.0422124239934311
94.9666666666667,0.193551826477051,-0.4905,0.0421515234797309
95,0.193551826477051,-0.4905,0.0421020012592722
95.0333333333333,0.193551826477051,-0.4905,0.0420623246926402
95.0666666666667,0.19375,-0.4905,0.0394589279881541
95.1,0.19375,-0.4905,0.0398951701013739
95.1333333333333,0.19375,-0.4905,0.0402759223892127
95.1666666666667,0.19375,-0.4905,0.0406074503327076
95.2,0.19375,-0.4905,0.0408953625971253
95.2333333333333,0.19375,-0.4905,0.0411446764533493
95.2666666666667,0.19375,-0.4905,0.0413598769230711
95.3,0.19375,-0.4905,0.0415449702328204
95.3333333333333,0.19375,-0.4905,0.0417035321085382
95.3666666666667,0.19375,-0.4905,0.0418387513938948
95.4,0.19375,-0.4905,0.041953469431336
95.4333333333333,0.19375,-0.4905,0.0420502156046339
95.4666666666667,0.19375,-0.4905,0.0421312394051218
95.5,0.19375,-0.4905,0.042198539350435
95.5333333333333,0.19375,-0.4905,0.0422538890543305
95.5666666666667,0.193672815958659,-0.4905,0.0433006780714324
95.6,0.193672815958659,-0.4905,0.0431574531091305
95.6333333333333,0.193672815958659,-0.4905,0.0430305164207925
95.6666666666667,0.193672815958659,-0.4905,0.0429181537023459
95.7,0.193672815958659,-0.4905,0.0428188218160782
95.7333333333333,0.193672815958659,-0.4905,0.0427311323436511
95.7666666666667,0.193672815958659,-0.4905,0.0426538366738689
95.8,0.193672815958659,-0.4905,0.0425858124852694
95.8333333333333,0.193559455871582,-0.4905,0.0439974191569268
95.8666666666667,0.193559455871582,-0.4905,0.0436818097777268
95.9,0.193559455871582,-0.4905,0.0434080586286916
95.9333333333333,0.193559455871582,-0.4905,0.0431713232263408
95.9666666666667,0.193559455871582,-0.4905,0.0429672769518805
96,0.193559455871582,-0.4905,0.0427920570754811
96.0333333333333,0.193559455871582,-0.4905,0.0426422178101344
96.0666666666667,0.193559455871582,-0.4905,0.0425146879231032
96.1,0.193572362263997,-0.4905,0.0422392127705619
96.1333333333333,0.193572362263997,-0.4905,0.0421783654357849
96.1666666666667,0.193572362263997,-0.4905,0.0421284763800554
96.2,0.193572362263997,-0.4905,0.0420880940198116
96.2333333333333,0.193572362263997,-0.4905,0.0420559339135274
96.2666666666667,0.193572362263997,-0.4905,0.0420308610430053
96.3,0.193572362263997,-0.4905,0.0420118738720585
96.3333333333333,0.193572362263997,-0.4905,0.0419980900112768
96.3666666666667,0.193627802530924,-0.4905,0.0412691412975034
96.4,0.19375,-0.4905,0.0398061816280857
96.4333333333333,0.19375,-0.4905,0.0401988990343623
96.4666666666667,0.19375,-0.4905,0.0405409188174954
96.5,0.19375,-0.4905,0.0408380165082052
96.5333333333333,0.19375,-0.4905,0.0410953585306314
96.5666666666667,0.19375,-0.4905,0.0413175631370629
96.6,0.193616612752279,-0.4905,0.0432400675091128
96.6333333333333,0.193616612752279,-0.4905,0.0430942228721338
96.6666666666667,0.193695259094238,-0.4905,0.0419450852235877
96.7,0.193695259094238,-0.4905,0.0420149401293832
96.7333333333333,0.193695259094238,-0.4905,0.0420741670497088
96.7666666666667,0.193695259094238,-0.4905,0.0421240793758615
96.8,0.193695259094238,-0.4905,0.042165845023018
96.8333333333333,0.193695259094238,-0.4905,0.0422005014707459
96.8666666666667,0.193695259094238,-0.4905,0.0422289693210784
96.9,0.193695259094238,-0.4905,0.042252064515241
96.9333333333333,0.193716684977214,-0.4905,0.0419924101212069
96.9666666666667,0.193716684977214,-0.4905,0.0420565910028668
97,0.193716684977214,-0.4905,0.0421106493581356
97.0333333333333,0.193716684977214,-0.4905,0.0421558596034267
97.0666666666667,0.193716684977214,-0.4905,0.0421933533193023
97.1,0.193716684977214,-0.4905,0.0422241341408789
97.1333333333333,0.193716684977214,-0.4905,0.0422490911714986
97.1666666666667,0.193716684977214,-0.4905,0.0422690110608784
97.2,0.193807601928711,-0.4905,0.0411045239542889
97.2333333333333,0.193807601928711,-0.4905,0.0413274693883448
97.2666666666667,0.193807601928711,-0.4905,0.0415189047055037
97.3,0.193807601928711,-0.4905,0.0416826044095545
97.3333333333333,0.193807601928711,-0.4905,0.0418219318494666
97.3666666666667,0.193695259094238,-0.4905,0.0433980454331577
97.4,0.193695259094238,-0.4905,0.0432364357054395
97.4333333333333,0.193695259094238,-0.4905,0.0430934733312684
97.4666666666667,0.1936980565389,-0.4905,0.0429308719396833
97.5,0.1936980565389,-0.4905,0.0428259676347194
97.5333333333333,0.1936980565389,-0.4905,0.0427334845188644
97.5666666666667,0.1936980565389,-0.4905,0.0426520863633936
97.6,0.1936980565389,-0.4905,0.0425805721490627
97.6333333333333,0.1936980565389,-0.4905,0.0425178629593816
97.6666666666667,0.1936980565389,-0.4905,0.0424629901044581
97.7,0.1936980565389,-0.4905,0.0424150843627161
97.7333333333333,0.193577766418457,-0.4905,0.0439346829032326
97.7666666666667,0.193577766418457,-0.4905,0.0436191569874468
97.8,0.193577766418457,-0.4905,0.0433459660245866
97.8333333333333,0.193577766418457,-0.4905,0.0431101847326037
97.8666666666667,0.193577766418457,-0.4905,0.0429074142285197
97.9,0.193577766418457,-0.4905,0.0427337288797147
97.9333333333333,0.193577766418457,-0.4905,0.042585628305796
97.9666666666667,0.193577766418457,-0.4905,0.0424599940471965
98,0.193489583333333,-0.4905,0.0434986309127857
98.0333333333333,0.193489583333333,-0.4905,0.0432051611208422
98.0666666666667,0.193489583333333,-0.4905,0.0429541914573487
98.1,0.193489583333333,-0.4905,0.0427405764587796
98.1333333333333,0.19375,-0.4905,0.0391796323678686
98.1666666666667,0.19375,-0.4905,0.0396321384329133
98.2,0.19375,-0.4905,0.040028596892441
98.2333333333333,0.19375,-0.4905,0.040375242537646
98.2666666666667,0.19375,-0.4905,0.0406776627680612
98.3,0.19375,-0.4905,0.0409408616481146
98.3333333333333,0.19375,-0.4905,0.0411693178483179
98.3666666666667,0.19375,-0.4905,0.0413670370390029
98.4,0.19375,-0.4905,0.0415375992529028
98.4333333333333,0.19375,-0.4905,0.0416842016859219
98.4666666666667,0.19375,-0.4905,0.0418096973626265
98.5,0.19375,-0.4905,0.0419166300540396
98.5333333333333,0.193662707010905,-0.4905,0.0431402931685125
98.5666666666667,0.193662707010905,-0.4905,0.0430139666262001
98.6,0.193662707010905,-0.4905,0.0429023456810333
98.6333333333333,0.193662707010905,-0.4905,0.0428038551338122
98.6666666666667,0.193662707010905,-0.4905,0.0427170792274333
98.7,0.193662707010905,-0.4905,0.042640746158487
98.7333333333333,0.193662707010905,-0.4905,0.0425737140470587
98.7666666666667,0.193662707010905,-0.4905,0.0425149582307994
98.8,0.193731816609701,-0.4905,0.0415665453770073
98.8333333333333,0.193731816609701,-0.4905,0.0416821434192448
98.8666666666667,0.193731816609701,-0.4905,0.0417820090507955
98.9,0.193807601928711,-0.4905,0.0408843273299766
98.9333333333333,0.193807601928711,-0.4905,0.0411340349486536
98.9666666666667,0.193807601928711,-0.4905,0.0413493687602994
99,0.193807601928711,-0.4905,0.0415343887533569
99.0333333333333,0.193807601928711,-0.4905,0.041692716571448
99.0666666666667,0.193804041544596,-0.4905,0.0418737924300974
99.1,0.193804041544596,-0.4905,0.0419797993124038
99.1333333333333,0.193804041544596,-0.4905,0.0420688825052391
99.1666666666667,0.193804041544596,-0.4905,0.0421431854731993
99.2,0.193804041544596,-0.4905,0.0422046105530815
99.2333333333333,0.193804041544596,-0.4905,0.0422548441551623
99.2666666666667,0.193804041544596,-0.4905,0.0422953794605151
99.3,0.193519337972005,-0.4905,0.046022873020795
99.3333333333333,0.193519337972005,-0.4905,0.045386776648262
99.3666666666667,0.193519337972005,-0.4905,0.0448331845089751
99.4,0.193519337972005,-0.4905,0.0443526698582873
99.4333333333333,0.193519337972005,-0.4905,0.0439368021642046
99.4666666666667,0.193519337972005,-0.4905,0.0435780472959717
99.5,0.193519337972005,-0.4905,0.0432696773311184
99.5333333333333,0.193519337972005,-0.4905,0.0430056890812087
99.5666666666667,0.19375,-0.4905,0.0397868315431587
99.6,0.19375,-0.4905,0.0401317003172456
99.6333333333333,0.19375,-0.4905,0.040434735456845
99.6666666666667,0.193544133504232,-0.4905,0.0433725990223072
99.7,0.193544133504232,-0.4905,0.0431272966939919
99.7333333333333,0.193544133504232,-0.4905,0.042916711992487
99.7666666666667,0.193544133504232,-0.4905,0.0427366867260874
99.8,0.193544133504232,-0.4905,0.0425835154523251
99.8333333333333,0.193789609273275,-0.4905,0.0392677238792713
99.8666666666667,0.193789609273275,-0.4905,0.0397286886007526
99.9,0.193789609273275,-0.4905,0.0401311983970427
99.9333333333333,0.193789609273275,-0.4905,0.0404818471941546
99.9666666666667,0.193789609273275,-0.4905,0.0407865378408337
100,0.193789609273275,-0.4905,0.0410505509447668
