0,0.632962226867676,0,0
0.0333333333333333,0.632962226867676,0,-0.0570448334363043
0.0666666666666667,0.632962226867676,0,-0.103462491295244
0.1,0.632962226867676,0,-0.140900786269015
0.133333333333333,0.188011423746745,-0.0015,-0.155770615704388
0.166666666666667,0.188011423746745,-0.003,0.605758475409783
0.2,0.188011423746745,0.003,1.15416376403039
0.233333333333333,0.188011423746745,0.024,1.43580868955278
0.266666666666667,0.18786080678304,0.0555,1.51398858141415
0.3,0.18786080678304,0.09,1.47961677182965
0.333333333333333,0.187980016072591,0.1245,1.37576156329525
0.366666666666667,0.187980016072591,0.165,1.15364392661758
0.4,0.187980016072591,0.207,0.868251032280776
0.433333333333333,0.188020833333333,0.2505,0.527871170189262
0.466666666666667,0.188020833333333,0.288,0.214478876788641
0.5,0.187028948465983,0.3135,-0.00586395348619539
0.533333333333333,0.185542742411296,0.3225,-0.0813799793728548
0.566666666666667,0.185012817382812,0.324,-0.0972568786376876
0.6,0.185012817382812,0.324,-0.111973981956288
0.633333333333333,0.185012817382812,0.3195,-0.0934716533778568
0.666666666666667,0.185012817382812,0.312,-0.0540834455459094
0.7,0.184586397806803,0.3015,0.00841989355733486
0.733333333333333,0.18671875,0.2925,0.0516327675121614
0.766666666666667,0.187606557210286,0.2895,0.0275284184172819
0.8,0.187606557210286,0.2895,-0.0297614977691119
0.833333333333333,0.187606557210286,0.2895,-0.0874627241991804
0.866666666666667,0.187606557210286,0.2895,-0.144849483092412
0.9,0.189468701680501,0.2895,-0.201342775686757
0.933333333333333,0.197645568847656,0.2865,-0.229709734300232
0.966666666666667,0.197645568847656,0.2805,-0.239926380913181
1,0.205643463134766,0.2715,-0.215033174822518
1.03333333333333,0.205643463134766,0.2625,-0.199166530008922
1.06666666666667,0.205643463134766,0.2535,-0.176191221973772
1.1,0.205643463134766,0.2445,-0.146780352511991
1.13333333333333,0.205643463134766,0.2385,-0.141537752929947
1.16666666666667,0.20863094329834,0.2325,-0.131005693888554
1.2,0.221927706400553,0.2265,-0.120841850777631
1.23333333333333,0.221927706400553,0.222,-0.143363152789298
1.26666666666667,0.225520833333333,0.219,-0.171815725588596
1.3,0.233234786987305,0.2145,-0.18356692909678
1.33333333333333,0.233234786987305,0.2115,-0.215590199944222
1.36666666666667,0.233234786987305,0.207,-0.223099379029979
1.4,0.233234786987305,0.2025,-0.222392678419286
1.43333333333333,0.233234786987305,0.1965,-0.199593004025218
1.46666666666667,0.237321281433105,0.1905,-0.170671494576177
1.5,0.259686279296875,0.183,-0.1285400470965
1.53333333333333,0.264583333333333,0.1755,-0.119240197595113
1.56666666666667,0.264583333333333,0.171,-0.13616302849496
1.6,0.269510078430176,0.165,-0.1346164828461
1.63333333333333,0.274888547261556,0.159,-0.12130631288846
1.66666666666667,0.280210177103678,0.1545,-0.122348098730476
1.7,0.285127321879069,0.15,-0.122458144032052
1.73333333333333,0.285127321879069,0.147,-0.135815326773313
1.76666666666667,0.3015625,0.1425,-0.123954619722922
1.8,0.312239583333333,0.138,-0.131957883247296
1.83333333333333,0.317267862955729,0.132,-0.130961111358506
1.86666666666667,0.322775840759277,0.1275,-0.139761768207891
1.9,0.322775840759277,0.123,-0.144823342813821
1.93333333333333,0.32783686319987,0.117,-0.122013243241498
1.96666666666667,0.333072916666667,0.111,-0.0972205624620293
2,0.33828125,0.108,-0.10093201009086
2.03333333333333,0.34363842010498,0.1035,-0.0882093487231492
2.06666666666667,0.34363842010498,0.1005,-0.0894217856545217
2.1,0.349032974243164,0.0975,-0.0803537235508144
2.13333333333333,0.353910064697266,0.0945,-0.072123756995409
2.16666666666667,0.359375,0.093,-0.0786114384826574
2.2,0.359375,0.093,-0.100815366010661
2.23333333333333,0.36469783782959,0.0915,-0.0990771371696776
2.26666666666667,0.370207659403483,0.0915,-0.114205267374594
2.3,0.380729166666667,0.0915,-0.131160946097957
2.33333333333333,0.386300277709961,0.09,-0.143252467225515
2.36666666666667,0.3921875,0.0885,-0.154990488424479
2.4,0.397792689005534,0.084,-0.136896609548507
2.43333333333333,0.403219223022461,0.0795,-0.11836512336526
2.46666666666667,0.403219223022461,0.078,-0.129083950098693
2.5,0.408789825439453,0.0735,-0.0997224807297996
2.53333333333333,0.424795532226563,0.069,-0.0717272083962268
2.56666666666667,0.429862276713053,0.0645,-0.0628919845857874
2.6,0.440167490641276,0.0615,-0.0656986346644845
2.63333333333333,0.44469960530599,0.0585,-0.0747105975546517
2.66666666666667,0.449739583333333,0.0555,-0.0786764422113404
2.7,0.454477055867513,0.054,-0.0942780312561181
2.73333333333333,0.459087117513021,0.0525,-0.106515075775793
2.76666666666667,0.463889821370443,0.051,-0.115713374542347
2.8,0.463889821370443,0.048,-0.107714385613148
2.83333333333333,0.468723964691162,0.045,-0.0895778316256296
2.86666666666667,0.473472690582275,0.039,-0.0415349676870432
2.9,0.477809079488119,0.0375,-0.0384576715779768
2.93333333333333,0.482552083333333,0.0345,-0.0196753939120795
2.96666666666667,0.486838308970133,0.033,-0.0160600238826231
3,0.486838308970133,0.0315,-0.0118309465482659
3.03333333333333,0.500599670410156,0.0315,-0.0147246267507275
3.06666666666667,0.50546875,0.03,-0.0200675741599462
3.1,0.509895833333333,0.03,-0.0393091083620753
3.13333333333333,0.514707469940186,0.03,-0.0568757804182441
3.16666666666667,0.519198258717855,0.03,-0.073739061399758
3.2,0.519198258717855,0.03,-0.0894794718904784
3.23333333333333,0.528247229258219,0.0285,-0.0815440171257302
3.26666666666667,0.528247229258219,0.0255,-0.0672260726577674
3.3,0.532334105173747,0.024,-0.0593278126116201
3.33333333333333,0.536364968617757,0.024,-0.0665374252773469
3.36666666666667,0.540244928995768,0.0225,-0.0588052200323887
3.4,0.543910566965739,0.021,-0.0509251561450122
3.43333333333333,0.551166566212972,0.021,-0.0576187490133973
3.46666666666667,0.55473887125651,0.021,-0.0702439693391045
3.5,0.558039887746175,0.021,-0.0813875104629077
3.53333333333333,0.561458333333333,0.021,-0.0908873779510764
3.56666666666667,0.564583333333333,0.021,-0.099293181161651
3.6,0.564583333333333,0.021,-0.106350504998458
3.63333333333333,0.570572916666667,0.0195,-0.0919580014131307
3.66666666666667,0.570572916666667,0.0195,-0.0977458078582747
3.7,0.570572916666667,0.018,-0.0824829501511694
3.73333333333333,0.570572916666667,0.018,-0.0773645925545598
3.76666666666667,0.570572916666667,0.018,-0.0683975937954258
3.8,0.570572916666667,0.0165,-0.0414277722977637
3.83333333333333,0.570572916666667,0.0165,-0.0271633752159944
3.86666666666667,0.570572916666667,0.0165,-0.011195269416845
3.9,0.570572916666667,0.0165,0.00598569742235155
3.93333333333333,0.570572916666667,0.0165,0.0239737780136505
3.96666666666667,0.594871393839518,0.0165,0.0424355138148275
4,0.599766985575358,0.0165,0.0190474986662237
4.03333333333333,0.599766985575358,0.0165,-0.00499775082251019
4.06666666666667,0.601982688903809,0.0165,-0.021040712139587
4.1,0.6046875,0.0165,-0.0343403320100522
4.13333333333333,0.6046875,0.0165,-0.0462365706638969
4.16666666666667,0.60703125,0.0165,-0.0523093230164554
4.2,0.609436670939128,0.0165,-0.0577078138291975
4.23333333333333,0.614322916666667,0.0165,-0.062706890234182
4.26666666666667,0.619172763824463,0.0165,-0.0717202909606071
4.3,0.621757125854492,0.0165,-0.0839849448571023
4.33333333333333,0.624273427327474,0.0165,-0.0949983018016245
4.36666666666667,0.626401996612549,0.0165,-0.104880580905301
4.4,0.626401996612549,0.015,-0.0981841226954205
4.43333333333333,0.628645833333333,0.015,-0.101538805404663
4.46666666666667,0.630989583333333,0.0135,-0.0897785740000213
4.5,0.633072916666667,0.0135,-0.093155204036571
4.53333333333333,0.63502155939738,0.012,-0.0812498016273616
4.56666666666667,0.637036895751953,0.009,-0.0539374510573044
4.6,0.639006582895915,0.009,-0.0564658530992872
4.63333333333333,0.639006582895915,0.0075,-0.0438436668393925
4.66666666666667,0.642742474873861,0.0075,-0.0427482126793372
4.7,0.643921724955241,0.0075,-0.045349933337485
4.73333333333333,0.643921724955241,0.0075,-0.0466128234339798
4.76666666666667,0.644791666666667,0.0075,-0.0447998830874086
4.8,0.645315361022949,0.0075,-0.042051017045357
4.83333333333333,0.645315361022949,0.0075,-0.0380196065188624
4.86666666666667,0.645800018310547,0.0075,-0.0321205155264676
4.9,0.645717207590739,0.0075,-0.0256285889015134
4.93333333333333,0.645572916666667,0.0075,-0.0177695061778309
4.96666666666667,0.6453125,0.0075,-0.00879036084425071
5,0.642953745524089,0.0075,0.00119640966021621
5.03333333333333,0.642953745524089,0.0075,0.0155254098207148
5.06666666666667,0.640666103363037,0.0075,0.0291929591364729
5.1,0.640666103363037,0.0075,0.0461457838772221
5.13333333333333,0.639085292816162,0.0075,0.0616841501008603
5.16666666666667,0.637760416666667,0.0075,0.0786623772040281
5.2,0.637760416666667,0.0075,0.0962358448874771
5.23333333333333,0.637760416666667,0.0075,0.111861986386656
5.26666666666667,0.637760416666667,0.0075,0.125764449390919
5.3,0.637760416666667,0.0075,0.138139744866371
5.33333333333333,0.637760416666667,0.0075,0.149160665308957
5.36666666666667,0.637760416666667,0.0075,0.158979262135852
5.4,0.637760416666667,0.0075,0.167729439885737
5.43333333333333,0.637760416666667,0.0075,0.175529217291926
5.46666666666667,0.619270833333333,0.0075,0.182482698693772
5.5,0.617021210988363,0.0075,0.220680092847006
5.53333333333333,0.614866224924723,0.0075,0.256136411439809
5.56666666666667,0.614866224924723,0.0075,0.288958728660189
5.6,0.612606143951416,0.0075,0.315690289349728
5.63333333333333,0.610611979166667,0.0075,0.341179748726455
5.66666666666667,0.608597278594971,0.0075,0.365041268094721
5.7,0.606587378184001,0.0075,0.3874677545363
5.73333333333333,0.604385312398275,0.0075,0.408585457337296
5.76666666666667,0.602543512980143,0.0075,0.428849682208357
5.8,0.600582504272461,0.0075,0.447685572948054
5.83333333333333,0.596652984619141,0.0075,0.465462964353314
5.86666666666667,0.594849173227946,0.009,0.470694200597487
5.9,0.592801698048909,0.009,0.489160365496939
5.93333333333333,0.590921433766683,0.009,0.506516912940538
5.96666666666667,0.590921433766683,0.009,0.522598932610295
6,0.589322916666667,0.009,0.53431629940397
6.03333333333333,0.587445068359375,0.009,0.545184439345771
6.06666666666667,0.585413932800293,0.009,0.555808089623665
6.1,0.583614190419515,0.009,0.566467291822369
6.13333333333333,0.58164971669515,0.009,0.5767266187581
6.16666666666667,0.579475053151449,0.009,0.586918049732384
6.2,0.577407964070638,0.009,0.597393660774039
6.23333333333333,0.577407964070638,0.009,0.607891275727846
6.26666666666667,0.572983868916829,0.0105,0.59980559015466
6.3,0.570472526550293,0.012,0.596437413615603
6.33333333333333,0.568104267120361,0.012,0.608596237128175
6.36666666666667,0.565974903106689,0.0135,0.605907704300222
6.4,0.563499291737874,0.015,0.602899313984583
6.43333333333333,0.561126740773519,0.0165,0.600199409553975
6.46666666666667,0.561126740773519,0.0195,0.582544616244698
6.5,0.555847326914469,0.0255,0.530792210744781
6.53333333333333,0.553408622741699,0.027,0.529814575743692
6.56666666666667,0.550598080952962,0.027,0.543616980890955
6.6,0.548180961608887,0.0285,0.542847945270926
6.63333333333333,0.548180961608887,0.03,0.541713300853922
6.66666666666667,0.542693010965983,0.036,0.491063263399973
6.7,0.539904880523682,0.039,0.476205074747359
6.73333333333333,0.539904880523682,0.039,0.491383336584182
6.76666666666667,0.533936723073324,0.039,0.501728772224384
6.8,0.533936723073324,0.039,0.518434035412231
6.83333333333333,0.52814400990804,0.0405,0.514978897477881
6.86666666666667,0.524907875061035,0.042,0.517306329787417
6.9,0.521875,0.0465,0.489902774253388
6.93333333333333,0.518537553151449,0.048,0.492321528684442
6.96666666666667,0.515260410308838,0.048,0.510077900174932
7,0.511972459157308,0.048,0.5279622799377
7.03333333333333,0.511972459157308,0.0495,0.530926665422355
7.06666666666667,0.501921081542969,0.054,0.498223853817825
7.1,0.501921081542969,0.057,0.49326352483692
7.13333333333333,0.501921081542969,0.06,0.481270081242408
7.16666666666667,0.495722834269206,0.0615,0.478473511367162
7.2,0.492858346303304,0.063,0.481644785466071
7.23333333333333,0.492858346303304,0.0645,0.483900936282678
7.26666666666667,0.490087858835856,0.066,0.480419166703863
7.3,0.487085596720378,0.066,0.492033785900516
7.33333333333333,0.484375,0.066,0.504133266373364
7.36666666666667,0.484375,0.066,0.516127629592315
7.4,0.484375,0.066,0.523348111253226
7.43333333333333,0.484375,0.066,0.526687738380524
7.46666666666667,0.484375,0.066,0.526901348640658
7.5,0.484375,0.066,0.524625440642512
7.53333333333333,0.484375,0.066,0.520395271313948
7.56666666666667,0.484375,0.066,0.514659575327936
7.6,0.484375,0.066,0.507793230965213
7.63333333333333,0.462767664591471,0.066,0.50010815300266
7.66666666666667,0.460478719075521,0.066,0.529256574536958
7.7,0.45584659576416,0.066,0.555052302894759
7.73333333333333,0.453388532002767,0.066,0.582066773956058
7.76666666666667,0.451111857096354,0.066,0.606224775404688
7.8,0.448985544840495,0.066,0.627654259597218
7.83333333333333,0.446774101257324,0.066,0.646532314175713
7.86666666666667,0.444270833333333,0.0675,0.648428658393032
7.9,0.442021179199219,0.0675,0.66418119049544
7.93333333333333,0.440104166666667,0.0675,0.678540664061064
7.96666666666667,0.437879498799642,0.0675,0.691175205700681
8,0.435388501485189,0.0675,0.702931845694364
8.03333333333333,0.433582814534505,0.0675,0.714438982749646
8.06666666666667,0.431433423360189,0.0675,0.724566522410725
8.1,0.429166666666667,0.0675,0.734177428349829
8.13333333333333,0.427166175842285,0.0675,0.743590429969436
8.16666666666667,0.42488842010498,0.0675,0.752403971515833
8.2,0.422916666666667,0.069,0.746233024610728
8.23333333333333,0.422916666666667,0.069,0.754571971471768
8.26666666666667,0.420804341634115,0.069,0.759126339963281
8.3,0.418671480814616,0.069,0.764286025294134
8.33333333333333,0.416407012939453,0.072,0.740024800671828
8.36666666666667,0.41434497833252,0.075,0.716509226669055
8.4,0.411953099568685,0.075,0.723292672264505
8.43333333333333,0.409598922729492,0.075,0.730927934089705
8.46666666666667,0.407296880086263,0.075,0.73922651776405
8.5,0.404738998413086,0.078,0.718004672693996
8.53333333333333,0.402127329508464,0.0795,0.712641692835071
8.56666666666667,0.399770037333171,0.0795,0.723093537276517
8.6,0.39756596883138,0.0795,0.733785920171255
8.63333333333333,0.394811820983887,0.0795,0.744421842592491
8.66666666666667,0.390652402242025,0.0795,0.755975481482181
8.7,0.388191986083984,0.0795,0.770719995497635
8.73333333333333,0.386086781819661,0.0795,0.785127550881009
8.76666666666667,0.384018643697103,0.0795,0.798634792018735
8.8,0.382359377543131,0.0795,0.811336564107943
8.83333333333333,0.380628967285156,0.0795,0.822672470831207
8.86666666666667,0.379044532775879,0.0795,0.833022421476255
8.9,0.377604166666667,0.0795,0.842328119398952
8.93333333333333,0.377604166666667,0.0795,0.850551332890165
8.96666666666667,0.376302083333333,0.0795,0.855423660192646
9,0.37420965830485,0.0795,0.859851574626058
9.03333333333333,0.373067410786947,0.0795,0.865333673432825
9.06666666666667,0.372316296895345,0.0795,0.870079026837913
9.1,0.371376164754232,0.0795,0.873590879531723
9.13333333333333,0.370833333333333,0.0795,0.876472669120227
9.16666666666667,0.370332527160645,0.0795,0.878207151461097
9.2,0.369909477233887,0.0795,0.878991035228663
9.23333333333333,0.36953125,0.0795,0.878928229316637
9.26666666666667,0.369656244913737,0.0795,0.878164668559902
9.3,0.369656244913737,0.0795,0.876029454501675
9.33333333333333,0.369867197672526,0.0795,0.873066588747695
9.36666666666667,0.369889386494954,0.0795,0.869143873609637
9.4,0.370407168070475,0.0795,0.864848694964856
9.43333333333333,0.370672861735026,0.0795,0.859478533790639
9.46666666666667,0.371298344930013,0.0795,0.853756042630779
9.5,0.371883201599121,0.0795,0.847214740551624
9.53333333333333,0.372898737589518,0.0795,0.840168101179157
9.56666666666667,0.373871739705404,0.0795,0.832058335699101
9.6,0.37488899230957,0.0795,0.823251392524359
9.63333333333333,0.375900522867839,0.0795,0.813898939490241
9.66666666666667,0.377023696899414,0.0795,0.804212709611951
9.7,0.378119659423828,0.0795,0.794162768985334
9.73333333333333,0.380989583333333,0.0795,0.783964684987594
9.76666666666667,0.382772509256999,0.0795,0.770676520750021
9.8,0.384114583333333,0.0795,0.756854139394141
9.83333333333333,0.385880915323893,0.0795,0.743474690954115
9.86666666666667,0.388206100463867,0.0795,0.729836498813103
9.9,0.390104166666667,0.0795,0.715130338202261
9.93333333333333,0.390104166666667,0.0795,0.700402934770183
9.96666666666667,0.391906420389811,0.0795,0.689055232272392
10,0.393981615702311,0.0795,0.677448155539788
10.0333333333333,0.396007347106934,0.0795,0.665244849950253
10.0666666666667,0.400231615702311,0.0795,0.652728518597931
10.1,0.400231615702311,0.0795,0.636240492459692
10.1333333333333,0.402334594726563,0.0795,0.62391869067244
10.1666666666667,0.404427083333333,0.0795,0.611455860788488
10.2,0.406620407104492,0.0795,0.598977769624844
10.2333333333333,0.408648363749186,0.0795,0.58639281109602
10.2666666666667,0.410268274943034,0.0795,0.574085141133896
10.3,0.412242762247721,0.0795,0.562785902617805
10.3333333333333,0.413991038004557,0.0795,0.551766584548332
10.3666666666667,0.413991038004557,0.0795,0.541431690079778
10.4,0.415540313720703,0.0795,0.534741066024503
10.4333333333333,0.418489583333333,0.0795,0.52839068687567
10.4666666666667,0.419989903767904,0.0795,0.519927619736409
10.5,0.421459897359212,0.0795,0.512283318207348
10.5333333333333,0.422949536641439,0.0795,0.505399379155391
10.5666666666667,0.424370956420898,0.0795,0.499135793845962
10.6,0.42578125,0.0795,0.493525174735332
10.6333333333333,0.426964886983236,0.0795,0.488490674501231
10.6666666666667,0.428194936116536,0.0795,0.484338101240388
10.7,0.4295379002889,0.0795,0.480839613278916
10.7333333333333,0.430788230895996,0.0795,0.477688938362955
10.7666666666667,0.432152684529622,0.0795,0.474988265969057
10.8,0.433411343892415,0.0795,0.472460499050882
10.8333333333333,0.434537315368652,0.0795,0.470257783910864
10.8666666666667,0.435976727803548,0.0795,0.468549179682315
10.9,0.437476348876953,0.0795,0.466698034463973
10.9333333333333,0.438701502482096,0.0795,0.464621476703169
10.9666666666667,0.440104166666667,0.0795,0.462831976915371
11,0.441477648417155,0.0795,0.460965509900577
11.0333333333333,0.442554346720378,0.0795,0.459081734419885
11.0666666666667,0.444067891438802,0.0795,0.457692634835579
11.1,0.445627593994141,0.0795,0.455945157497119
11.1333333333333,0.447251383463542,0.0795,0.453818291197533
11.1666666666667,0.448656972249349,0.0795,0.451265941956829
11.2,0.448656972249349,0.0795,0.44874123707967
11.2333333333333,0.449992942810059,0.0795,0.448670117089214
11.2666666666667,0.451329549153646,0.0795,0.448281631052657
11.3,0.452604166666667,0.0795,0.44761750583611
11.3333333333333,0.454166666666667,0.0795,0.44682207400797
11.3666666666667,0.45546875,0.0795,0.445408998141429
11.4,0.45546875,0.0795,0.443932265855265
11.4333333333333,0.457085927327474,0.0795,0.4446490213837
11.4666666666667,0.45823802947998,0.0795,0.444344133630304
11.5,0.459690093994141,0.0795,0.443992191283448
11.5333333333333,0.461094156901042,0.0795,0.44306845200851
11.5666666666667,0.46412099202474,0.0795,0.441748511935446
11.6,0.46412099202474,0.0795,0.437287229580512
11.6333333333333,0.466927083333333,0.0795,0.435499868883482
11.6666666666667,0.468412621815999,0.0795,0.431042054985049
11.7,0.469559701283773,0.0795,0.426690621915932
11.7333333333333,0.470888169606527,0.0795,0.423020923138857
11.7666666666667,0.472347863515218,0.0795,0.41960038285701
11.8,0.473692830403646,0.0795,0.416159412786003
11.8333333333333,0.475139745076497,0.0795,0.412902508202524
11.8666666666667,0.4760085105896,0.0795,0.409620911510753
11.9,0.477391115824381,0.0795,0.407320376546794
11.9333333333333,0.478970209757487,0.0795,0.40492936507431
11.9666666666667,0.480510838826497,0.0795,0.402119205997373
12,0.482174968719482,0.0795,0.399029487536694
12.0333333333333,0.483973948160807,0.0795,0.395495812108868
12.0666666666667,0.485544077555339,0.0795,0.391366217341231
12.1,0.487283134460449,0.0795,0.387148843233111
12.1333333333333,0.489437993367513,0.0795,0.382571961754353
12.1666666666667,0.491440963745117,0.0795,0.37698737993105
12.2,0.493268839518229,0.0795,0.370851845544128
12.2333333333333,0.495439688364665,0.0795,0.364582638300334
12.2666666666667,0.499852498372396,0.0795,0.357625392380222
12.3,0.501939964294434,0.0795,0.346242774239051
12.3333333333333,0.504535293579102,0.0795,0.335301319127155
12.3666666666667,0.504535293579102,0.0795,0.323882816768943
12.4,0.507188447316488,0.0795,0.316606642621511
12.4333333333333,0.507188447316488,0.0795,0.308150051923843
12.4666666666667,0.509505208333333,0.0795,0.303339669314966
12.5,0.512239583333333,0.0795,0.297508151325653
12.5333333333333,0.514747142791748,0.0795,0.290122302732749
12.5666666666667,0.517095375061035,0.0795,0.281869178350778
12.6,0.522284380594889,0.0795,0.273199664604888
12.6333333333333,0.522284380594889,0.0795,0.259293048458585
12.6666666666667,0.524653911590576,0.0795,0.25012479838972
12.7,0.528933397928874,0.0795,0.240760787286634
12.7333333333333,0.528933397928874,0.0795,0.227952328290169
12.7666666666667,0.533142217000325,0.0795,0.219767787303402
12.8,0.534831619262695,0.0795,0.20810167581102
12.8333333333333,0.536785825093587,0.0795,0.197974259202349
12.8666666666667,0.53869587580363,0.0795,0.188671780624645
12.9,0.540498638153076,0.0795,0.180138069890174
12.9333333333333,0.542073663075765,0.0795,0.172431006172106
12.9666666666667,0.54374303817749,0.0795,0.165800925108408
13,0.54510924021403,0.0795,0.159888694012635
13.0333333333333,0.54707825978597,0.0795,0.155083294647999
13.0666666666667,0.548177083333333,0.0795,0.150128831187973
13.1,0.549857457478841,0.0795,0.146545943369387
13.1333333333333,0.551291624704997,0.0795,0.143060398964489
13.1666666666667,0.552935759226481,0.0795,0.140059833828388
13.2,0.554475053151449,0.0795,0.137069781616338
13.2333333333333,0.555989583333333,0.0795,0.134246307454671
13.2666666666667,0.557291666666667,0.0795,0.131577980456787
13.3,0.558742554982503,0.0795,0.129379556909827
13.3333333333333,0.560416666666667,0.0795,0.127281307742399
13.3666666666667,0.561776701609294,0.0795,0.124851120056044
13.4,0.563253784179688,0.0795,0.122666982633616
13.4333333333333,0.564751847585042,0.0795,0.120455366460694
13.4666666666667,0.566145833333333,0.0795,0.118158805822244
13.5,0.566145833333333,0.0795,0.115947443803345
13.5333333333333,0.566145833333333,0.0795,0.116192859127322
13.5666666666667,0.566145833333333,0.0795,0.118412163368269
13.6,0.566145833333333,0.0795,0.122198429952397
13.6333333333333,0.566145833333333,0.0795,0.127209703032682
13.6666666666667,0.566145833333333,0.0795,0.133159536162044
13.7,0.566145833333333,0.0795,0.139808851998163
13.7333333333333,0.576282119750977,0.0795,0.146958942465914
13.7666666666667,0.5775497118632,0.0795,0.136903471818449
13.8,0.578584639231364,0.0795,0.128123530074024
13.8333333333333,0.579947916666667,0.0795,0.120813311515715
13.8666666666667,0.580938339233398,0.0795,0.114151536783687
13.9,0.582026704152425,0.0795,0.108674115374834
13.9333333333333,0.583023929595947,0.0795,0.103998032516384
13.9666666666667,0.583854166666667,0.0795,0.100131520331792
14,0.584715270996094,0.0795,0.0972076165888219
14.0333333333333,0.585860093434652,0.0795,0.0949873108217326
14.0666666666667,0.586609617869059,0.0795,0.0928330256715032
14.1,0.587436485290527,0.0795,0.0913970965310336
14.1333333333333,0.588308652242025,0.0795,0.0903922060194258
14.1666666666667,0.589014975229899,0.0795,0.0896360602554511
14.2,0.589747746785482,0.0795,0.089343548902108
14.2333333333333,0.590353679656982,0.0795,0.089355678806215
14.2666666666667,0.590727742513021,0.0795,0.0898060707505231
14.3,0.59140625,0.0795,0.0909839204694612
14.3333333333333,0.591927083333333,0.0795,0.0921943535635399
14.3666666666667,0.59253511428833,0.0795,0.0936680262899059
14.4,0.593393580118815,0.0795,0.0951693169305103
14.4333333333333,0.5945631980896,0.0795,0.0962231205394878
14.4666666666667,0.595602035522461,0.0795,0.0963382844416924
14.5,0.596927070617676,0.0795,0.0958832478308305
14.5333333333333,0.596927070617676,0.0795,0.0944422451774203
14.5666666666667,0.596927070617676,0.0795,0.0944691574218201
14.6,0.597921307881673,0.0795,0.095673699972585
14.6333333333333,0.599071153004964,0.0795,0.0960907019474906
14.6666666666667,0.600160980224609,0.0795,0.0955660086681638
14.7,0.602864583333333,0.0795,0.0943525198998946
14.7333333333333,0.604281679789225,0.0795,0.0897652790718269
14.7666666666667,0.605716927846273,0.0795,0.0846431193066045
14.8,0.607068729400635,0.0795,0.0790580074231083
14.8333333333333,0.608802223205566,0.0795,0.0732471721325847
14.8666666666667,0.610302416483561,0.0795,0.0666010243995656
14.9,0.611789925893148,0.0795,0.0596887637952921
14.9333333333333,0.61328125,0.0795,0.0525961828274736
14.9666666666667,0.61518300374349,0.0795,0.0453655479834562
15,0.616980711619059,0.0795,0.0373280408449347
15.0333333333333,0.619010416666667,0.0795,0.0288300189272793
15.0666666666667,0.621001466115316,0.0795,0.0195758589003645
15.1,0.622988891601562,0.0795,0.00979538897157836
15.1333333333333,0.625,0.0795,-0.000381354262294631
15.1666666666667,0.626697063446045,0.0795,-0.0108935990108279
15.2,0.628761386871338,0.0795,-0.0211060179155849
15.2333333333333,0.630729166666667,0.0795,-0.031679709606002
15.2666666666667,0.632679526011149,0.0795,-0.0423526701770974
15.3,0.634297307332357,0.0795,-0.0530474498836275
15.3333333333333,0.636201445261637,0.0795,-0.0631559843104533
15.3666666666667,0.637961864471436,0.0795,-0.073255444110198
15.4,0.6412109375,0.0795,-0.0830755262239238
15.4333333333333,0.6412109375,0.0795,-0.0952221709184363
15.4666666666667,0.642272218068441,0.0795,-0.10361911576479
15.5,0.643503475189209,0.078,-0.0957688455432497
15.5333333333333,0.644845612843831,0.078,-0.102188043188266
15.5666666666667,0.644845612843831,0.0765,-0.093202640683883
15.6,0.645572916666667,0.0765,-0.0965678194816461
15.6333333333333,0.645572916666667,0.075,-0.0840409317495819
15.6666666666667,0.645572916666667,0.072,-0.0545501535810269
15.7,0.645572916666667,0.0705,-0.0384869768663733
15.7333333333333,0.645572916666667,0.0705,-0.0361810317947152
15.7666666666667,0.645572916666667,0.0705,-0.0329090553019784
15.8,0.645572916666667,0.0705,-0.02890261004384
15.8333333333333,0.645572916666667,0.0705,-0.0243547244913647
15.8666666666667,0.649023246765137,0.0705,-0.019425601702653
15.9,0.649479166666667,0.0705,-0.0202187078913796
15.9333333333333,0.649479166666667,0.0705,-0.0205480515984707
15.9666666666667,0.650260416666667,0.0705,-0.0197385857701712
16,0.650520833333333,0.0705,-0.0193843112047212
16.0333333333333,0.650944995880127,0.0705,-0.0185349703154365
16.0666666666667,0.651219590504964,0.0705,-0.0175987405950739
16.1,0.651130294799805,0.0705,-0.0163678058050439
16.1333333333333,0.651041666666667,0.0705,-0.0143019914755776
16.1666666666667,0.651041666666667,0.0705,-0.0115937068684153
16.2,0.650335947672526,0.0705,-0.00855589762758638
16.2333333333333,0.65,0.0705,-0.00407142954029702
16.2666666666667,0.65,0.0705,0.000906431182966794
16.3,0.649502690633138,0.0705,0.00565304701781497
16.3333333333333,0.648958333333333,0.0705,0.0110190664131798
16.3666666666667,0.6490935643514,0.0705,0.0169199520845999
16.4,0.648990599314372,0.0705,0.0220269002544264
16.4333333333333,0.649254035949707,0.0705,0.0268450581082438
16.4666666666667,0.64921875,0.0705,0.0307450044053448
16.5,0.649666341145833,0.0705,0.034368435019652
16.5333333333333,0.649935468037923,0.0705,0.0368912442267043
16.5666666666667,0.650260416666667,0.0705,0.0387898831890064
16.6,0.650328222910563,0.0705,0.0400538296693803
16.6333333333333,0.650328222910563,0.0705,0.0412204408319762
16.6666666666667,0.650328222910563,0.0705,0.0424035589055423
16.7,0.650328222910563,0.0705,0.0435795028088495
16.7333333333333,0.650328222910563,0.0705,0.0447293499747468
16.7666666666667,0.650328222910563,0.0705,0.0458381825473952
16.8,0.650328222910563,0.0705,0.0468944429811875
16.8333333333333,0.650328222910563,0.0705,0.0478893837914891
16.8666666666667,0.650328222910563,0.0705,0.0488165982900766
16.9,0.650328222910563,0.0705,0.0496716209394861
16.9333333333333,0.649652767181397,0.0705,0.0504515875182569
16.9666666666667,0.649479166666667,0.0705,0.0523238985917338
17,0.649012279510498,0.0705,0.0542017843139628
17.0333333333333,0.649479166666667,0.0705,0.056570985927972
17.0666666666667,0.649479166666667,0.0705,0.0577036320161561
17.1,0.649578921000163,0.0705,0.0586153581334718
17.1333333333333,0.649739583333333,0.0705,0.0591596843766454
17.1666666666667,0.650260416666667,0.0705,0.0592862785111029
17.2,0.650309403737386,0.0705,0.0584387226371551
17.2333333333333,0.650432809193929,0.0705,0.0576068366420181
17.2666666666667,0.650431855519613,0.0705,0.0566565237082342
17.3,0.650390307108561,0.0705,0.0558226257568903
17.3333333333333,0.650160980224609,0.0705,0.055152003450363
17.3666666666667,0.650260416666667,0.0705,0.0549368534132146
17.4,0.650260416666667,0.0705,0.0545200954774611
17.4333333333333,0.65,0.0705,0.0541055220509562
17.4666666666667,0.649739583333333,0.0705,0.0541388568175187
17.5,0.649542681376139,0.0705,0.0545321922526271
17.5333333333333,0.649682426452637,0.0705,0.0551015681826582
17.5666666666667,0.649739583333333,0.0705,0.0552226735914603
17.6,0.650027465820312,0.0705,0.0551122213034298
17.6333333333333,0.650027465820312,0.0705,0.054407165991894
17.6666666666667,0.650260416666667,0.0705,0.0537111147609882
17.7,0.650260416666667,0.0705,0.0526174510457242
17.7333333333333,0.650260416666667,0.0705,0.0516015895035152
17.7666666666667,0.650260416666667,0.0705,0.050649582126733
17.8,0.650260416666667,0.0705,0.0497496070609953
17.8333333333333,0.650260416666667,0.0705,0.0488916652603724
17.8666666666667,0.650260416666667,0.0705,0.0480673190686749
17.9,0.650260416666667,0.0705,0.047269467026352
17.9333333333333,0.649739583333333,0.0705,0.046492149970823
17.9666666666667,0.64978977839152,0.0705,0.0466317447075171
18,0.649860254923503,0.0705,0.0465279515629752
18.0333333333333,0.649833710988363,0.0705,0.0461844478776931
18.0666666666667,0.650116697947184,0.0705,0.0458088037115595
18.1,0.65,0.0705,0.0448678514777709
18.1333333333333,0.650177923838298,0.0705,0.0441553974924801
18.1666666666667,0.650260416666667,0.0705,0.0431191567234832
18.2,0.650260416666667,0.0705,0.0419834264621069
18.2333333333333,0.650084718068441,0.0705,0.0409102388023298
18.2666666666667,0.649864387512207,0.0705,0.0401933019335521
18.3,0.649727789560954,0.0705,0.0398443840096305
18.3333333333333,0.649640146891276,0.0705,0.0396488138083304
18.3666666666667,0.649739583333333,0.0705,0.0394899839111178
18.4,0.649739583333333,0.0705,0.039033158891309
18.4333333333333,0.649817117055257,0.0705,0.0385016969300035
18.4666666666667,0.649739583333333,0.0705,0.0377729171911377
18.5,0.649739583333333,0.0705,0.0371500297585198
18.5333333333333,0.650260416666667,0.0705,0.0364784115349069
18.5666666666667,0.650260416666667,0.0705,0.0348644672062463
18.6,0.650063514709473,0.0705,0.033384111781553
18.6333333333333,0.65,0.0705,0.0323577324534625
18.6666666666667,0.65,0.0705,0.0314735392150119
18.7,0.650038305918376,0.0705,0.0305960178723354
18.7333333333333,0.650038305918376,0.0705,0.0296576765558555
18.7666666666667,0.650038305918376,0.0705,0.0287361417514621
18.8,0.650038305918376,0.0705,0.0278286391488004
18.8333333333333,0.650038305918376,0.0705,0.026932804105988
18.8666666666667,0.650038305918376,0.0705,0.0260466240635843
18.9,0.650038305918376,0.0705,0.0251683888575895
18.9333333333333,0.650038305918376,0.0705,0.0242966478618033
18.9666666666667,0.650038305918376,0.0705,0.0234301730337265
19,0.649802335103353,0.0705,0.0225679270627631
19.0333333333333,0.65,0.0705,0.0221174099092854
19.0666666666667,0.65,0.0705,0.0212513538439016
19.1,0.649739583333333,0.0705,0.0203867495888645
19.1333333333333,0.649924564361572,0.0705,0.0199739830830087
19.1666666666667,0.65,0.0705,0.019158036495821
19.2,0.649822870890299,0.0705,0.0182009400219153
19.2333333333333,0.649715391794841,0.0705,0.0175658319640916
19.2666666666667,0.649715391794841,0.0705,0.0170727692538228
19.3,0.649935754140218,0.0705,0.0165079759996384
19.3333333333333,0.649935754140218,0.0705,0.0155013505447979
19.3666666666667,0.649809455871582,0.0705,0.0145149328617399
19.4,0.649554316202799,0.0705,0.0137645112051631
19.4333333333333,0.649554316202799,0.0705,0.013429933958044
19.4666666666667,0.649554316202799,0.0705,0.0129916290512547
19.5,0.649554316202799,0.0705,0.0124659604697119
19.5333333333333,0.649554316202799,0.0705,0.0118669214880252
19.5666666666667,0.649554316202799,0.0705,0.0112064648409274
19.6,0.649554316202799,0.0705,0.0104947878218399
19.6333333333333,0.649554316202799,0.0705,0.00974057839735143
19.6666666666667,0.649554316202799,0.0705,0.00895122760785932
19.7,0.649628098805745,0.0705,0.00813301281652551
19.7333333333333,0.649628098805745,0.0705,0.00716356667930698
19.7666666666667,0.649896240234375,0.0705,0.00619886848947496
19.8,0.649896240234375,0.0705,0.00477498137145912
19.8333333333333,0.649739583333333,0.0705,0.00344244571621868
19.8666666666667,0.649603907267253,0.0705,0.00245895381205494
19.9,0.650130208333333,0.0705,0.00172615074713403
19.9333333333333,0.649933338165283,0.0705,5.2585280466283e-05
19.9666666666667,0.65,0.0705,-0.00113555692332359
20,0.650113328297933,0.0705,-0.00237989152233428
20.0333333333333,0.649815114339193,0.0705,-0.00374876845697342
20.0666666666667,0.649915981292725,0.0705,-0.00450454357026259
20.1,0.649915981292725,0.0705,-0.00544919688682893
20.1333333333333,0.65,0.0705,-0.00637372759515226
20.1666666666667,0.649777189890544,0.0705,-0.00742691935483875
20.2,0.649820613861084,0.0705,-0.00805355970475832
20.2333333333333,0.649922307332357,0.0705,-0.00879287736067144
20.2666666666667,0.650118668874105,0.0705,-0.00972624695246213
20.3,0.649922307332357,0.0705,-0.010982182877327
20.3333333333333,0.649869473775228,0.0705,-0.0118206237830987
20.3666666666667,0.649565092722575,0.0705,-0.012565552174192
20.4,0.650064468383789,0.0705,-0.0127993562613805
20.4333333333333,0.649640146891276,0.0705,-0.0140090836653282
20.4666666666667,0.649739583333333,0.0705,-0.0144181543805544
20.5,0.649739583333333,0.0705,-0.0150801677474542
20.5333333333333,0.65,0.0705,-0.0157786436807254
20.5666666666667,0.649628098805745,0.0705,-0.0169586585684081
20.6,0.649628098805745,0.0705,-0.0174371544520356
20.6333333333333,0.649822870890299,0.0705,-0.0179865592473896
20.6666666666667,0.649939505259196,0.0705,-0.0189329883370838
20.7,0.649739583333333,0.0705,-0.0200690340899287
20.7333333333333,0.65,0.0705,-0.0208109628661104
20.7666666666667,0.65,0.0705,-0.0220272016525067
20.8,0.649817117055257,0.0705,-0.0231793800864084
20.8333333333333,0.649817117055257,0.0705,-0.0239608272645014
20.8666666666667,0.64977331161499,0.0705,-0.0247554271089487
20.9,0.649739583333333,0.0705,-0.0254854373006357
20.9333333333333,0.649739583333333,0.0705,-0.026180759392746
20.9666666666667,0.649739583333333,0.0705,-0.0269070208600938
21,0.649509493509928,0.0705,-0.0276594348936834
21.0333333333333,0.649739583333333,0.0705,-0.0280357059696015
21.0666666666667,0.649490896860758,0.0705,-0.0289029015949831
21.1,0.649965000152588,0.0705,-0.0293437639959307
21.1333333333333,0.649773057301839,0.0705,-0.0306884349313971
21.1666666666667,0.649836190541585,0.0705,-0.0316182047249067
21.2,0.649727789560954,0.0705,-0.0326488199028993
21.2333333333333,0.649727789560954,0.0705,-0.0334641360775828
21.2666666666667,0.649628098805745,0.0705,-0.0342907890155303
21.3,0.649914264678955,0.0705,-0.03495434610092
21.3333333333333,0.649655755360921,0.0705,-0.0361530933815191
21.3666666666667,0.649739583333333,0.0705,-0.0368457851708899
21.4,0.649704869588216,0.0705,-0.0377170876126176
21.4333333333333,0.649866326649984,0.0705,-0.0385295093910556
21.4666666666667,0.649963219960531,0.0705,-0.0396333851189554
21.5,0.649747498830159,0.0705,-0.0408628987040843
21.5333333333333,0.64977331161499,0.0705,-0.0416521432405445
21.5666666666667,0.649734656016032,0.0705,-0.0424989585543573
21.6,0.649727789560954,0.0705,-0.0432814839161272
21.6333333333333,0.649727789560954,0.0705,-0.0440667994263008
21.6666666666667,0.65,0.0705,-0.0448667289513466
21.7,0.649827988942464,0.0705,-0.0461500735463184
21.7333333333333,0.649739583333333,0.0705,-0.047058337186283
21.7666666666667,0.649739583333333,0.0705,-0.047803599481388
21.8,0.649727662404378,0.0705,-0.0485689819781521
21.8333333333333,0.649739583333333,0.0705,-0.049330820022295
21.8666666666667,0.649739583333333,0.0705,-0.0501316145885262
21.9,0.649739583333333,0.0705,-0.0509440638334741
21.9333333333333,0.649739583333333,0.0705,-0.0517663414435482
21.9666666666667,0.649739583333333,0.0705,-0.0525968849138873
22,0.649739583333333,0.0705,-0.0534343588607697
22.0333333333333,0.649739583333333,0.0705,-0.0542776233384828
22.0666666666667,0.649739583333333,0.0705,-0.0551257064849825
22.1,0.649739583333333,0.0705,-0.0559777809113929
22.1333333333333,0.64987751642863,0.0705,-0.0568331433289648
22.1666666666667,0.649739583333333,0.0705,-0.057929905678868
22.2,0.649736944834391,0.0705,-0.0587456748904323
22.2333333333333,0.649911753336589,0.0705,-0.0595655320455073
22.2666666666667,0.64979305267334,0.0705,-0.0606960683428191
22.3,0.649778175354004,0.0705,-0.0615716857433039
22.3333333333333,0.649823506673177,0.0705,-0.0624179690688018
22.3666666666667,0.649739583333333,0.0705,-0.0633445202446237
22.4,0.649727789560954,0.0705,-0.064112807765081
22.4333333333333,0.649815114339193,0.0705,-0.0648767856767056
22.4666666666667,0.649657090504964,0.0705,-0.0658093646497111
22.5,0.649739583333333,0.0705,-0.0664551149845319
22.5333333333333,0.649833710988363,0.0705,-0.0672833002084236
22.5666666666667,0.64960683186849,0.069,-0.053281336075916
22.6,0.649830691019694,0.069,-0.0538622161180415
22.6333333333333,0.649843565622966,0.069,-0.0548828888364584
22.6666666666667,0.64978977839152,0.069,-0.0558979195568536
22.7,0.649554602305094,0.069,-0.0567920228072458
22.7333333333333,0.64977331161499,0.069,-0.0572728988056247
22.7666666666667,0.650042629241943,0.069,-0.05820284143911
22.8,0.650042629241943,0.069,-0.0595879966722837
22.8333333333333,0.649915281931559,0.069,-0.0608770294190926
22.8666666666667,0.649739583333333,0.069,-0.0618643727732585
22.9,0.649739583333333,0.069,-0.0625201029375057
22.9333333333333,0.649739583333333,0.069,-0.0632094308926558
22.9666666666667,0.649739583333333,0.069,-0.0639274106954288
23,0.649739583333333,0.0675,-0.0496697906129645
23.0333333333333,0.649739583333333,0.0675,-0.0504329179712232
23.0666666666667,0.649739583333333,0.066,-0.0362136568833284
23.1,0.649739583333333,0.066,-0.0370093171261379
23.1333333333333,0.649739583333333,0.066,-0.0378175926652937
23.1666666666667,0.649655755360921,0.066,-0.0386365085299609
23.2,0.649739583333333,0.066,-0.0393193011970394
23.2333333333333,0.64974037806193,0.066,-0.0401817003331101
23.2666666666667,0.649924850463867,0.066,-0.0410475574008608
23.3,0.649837716420491,0.066,-0.0422340422070931
23.3333333333333,0.649704869588216,0.066,-0.0432112980739916
23.3666666666667,0.649734656016032,0.066,-0.043937248036893
23.4,0.649739583333333,0.066,-0.044739485469943
23.4333333333333,0.649739583333333,0.066,-0.0455615773722503
23.4666666666667,0.649739583333333,0.066,-0.0463916344517128
23.5,0.649557399749756,0.066,-0.0472283856728645
23.5333333333333,0.649715391794841,0.066,-0.0477554559098994
23.5666666666667,0.64965705871582,0.066,-0.0486193673381214
23.6,0.64965705871582,0.066,-0.049384910291352
23.6333333333333,0.64965705871582,0.066,-0.0501712714556259
23.6666666666667,0.64965705871582,0.066,-0.0509750558436382
23.7,0.64965705871582,0.066,-0.0517933672874266
23.7333333333333,0.64965705871582,0.066,-0.0526237384889816
23.7666666666667,0.64965705871582,0.066,-0.0534640706538572
23.8,0.64965705871582,0.066,-0.0543125814109315
23.8333333333333,0.649739583333333,0.066,-0.0551677598958161
23.8666666666667,0.64974037806193,0.066,-0.0561711461399615
23.9,0.64974037806193,0.066,-0.0571536124025372
23.9333333333333,0.649533112843831,0.066,-0.0581167445623684
23.9666666666667,0.649533112843831,0.066,-0.0587046568552572
24,0.649533112843831,0.066,-0.0593452862785741
24.0333333333333,0.649533112843831,0.066,-0.0600303510409816
24.0666666666667,0.649533112843831,0.066,-0.0607527669712137
24.1,0.649533112843831,0.066,-0.0615064808751732
24.1333333333333,0.649533112843831,0.066,-0.0622863266308683
24.1666666666667,0.649533112843831,0.066,-0.0630879009508077
24.2,0.649533112843831,0.066,-0.0639074561537404
24.2333333333333,0.649946022033691,0.066,-0.0647418076447089
24.2666666666667,0.649739583333333,0.066,-0.0663028398116614
24.3,0.649720287322998,0.066,-0.0673832909246812
24.3333333333333,0.649715391794841,0.066,-0.0683922992544642
24.3666666666667,0.6495285987854,0.066,-0.0693667338366968
24.4,0.649739583333333,0.066,-0.069997328460507
24.4333333333333,0.649882125854492,0.066,-0.0710358479280708
24.4666666666667,0.649739583333333,0.066,-0.0722891795228066
24.5,0.649659633636475,0.066,-0.0732228545625199
24.5333333333333,0.649982515970866,0.066,-0.0740024451735077
24.5666666666667,0.649801858266195,0.0645,-0.0603534175320693
24.6,0.649739583333333,0.0645,-0.0612984149643055
24.6333333333333,0.649641450246175,0.0645,-0.0621151271117465
24.6666666666667,0.649640146891276,0.0645,-0.0627650127936561
24.7,0.649637603759766,0.0645,-0.0634470990283929
24.7333333333333,0.649659633636475,0.0645,-0.0641545772856645
24.7666666666667,0.649777189890544,0.0645,-0.06492635971465
24.8,0.649739583333333,0.0645,-0.0659167272760981
24.8333333333333,0.649727789560954,0.0645,-0.0668169762208863
24.8666666666667,0.649739583333333,0.0645,-0.0676878260664459
24.9,0.649739583333333,0.0645,-0.0685753764817899
24.9333333333333,0.649479166666667,0.0645,-0.0694560839096986
24.9666666666667,0.649479166666667,0.0645,-0.0698804246680317
25,0.649739583333333,0.0645,-0.0703840227530214
25.0333333333333,0.649716377258301,0.0645,-0.0714053760719759
25.0666666666667,0.649739583333333,0.0645,-0.0723592463927786
25.1,0.649777189890544,0.0645,-0.0733375207522171
25.1333333333333,0.649580605824788,0.0645,-0.0743599854401174
25.1666666666667,0.649739583333333,0.0645,-0.0750123980971181
25.2,0.649739583333333,0.0645,-0.0759780804477904
25.2333333333333,0.649739583333333,0.063,-0.0619247642150318
25.2666666666667,0.649642976125081,0.063,-0.0628553562781591
25.3,0.649739583333333,0.063,-0.0636051584584821
25.3333333333333,0.649554316202799,0.063,-0.0645418300720767
25.3666666666667,0.649815305074056,0.063,-0.0651434049832099
25.4,0.649479166666667,0.063,-0.0662441643543894
25.4333333333333,0.649739583333333,0.063,-0.0667192360371439
25.4666666666667,0.649823506673177,0.063,-0.0677161648442826
25.5,0.649633280436198,0.063,-0.0688345428629442
25.5333333333333,0.64977331161499,0.063,-0.0695764584448533
25.5666666666667,0.64957103729248,0.063,-0.0705820662988674
25.6,0.649728234608968,0.063,-0.0712105462792571
25.6333333333333,0.649728234608968,0.063,-0.0721534121712251
25.6666666666667,0.649739583333333,0.063,-0.0730814142269817
25.7,0.649739583333333,0.063,-0.0740164648816296
25.7333333333333,0.649739583333333,0.063,-0.0749372126054415
25.7666666666667,0.649739583333333,0.063,-0.075845892617684
25.8,0.649739583333333,0.063,-0.0767444176486502
25.8333333333333,0.64977871576945,0.063,-0.0776344227613105
25.8666666666667,0.649739583333333,0.063,-0.0785850271339721
25.9,0.649575773874919,0.063,-0.0794493587105293
25.9333333333333,0.649648729960124,0.063,-0.0800272365410325
25.9666666666667,0.649739583333333,0.063,-0.0807818037381555
26,0.649739583333333,0.063,-0.0817128127385874
26.0333333333333,0.649739583333333,0.063,-0.0826307870190714
26.0666666666667,0.649730491638184,0.063,-0.0835377383435131
26.1,0.649554316202799,0.063,-0.0844196556337375
26.1333333333333,0.649795500437419,0.063,-0.0849917874123828
26.1666666666667,0.649739583333333,0.063,-0.086034027121515
26.2,0.649659633636475,0.0615,-0.0719463284703546
26.2333333333333,0.649479166666667,0.0615,-0.0727102292427815
26.2666666666667,0.649640146891276,0.0615,-0.0731791240629214
26.3,0.649739583333333,0.06,-0.0589994595444535
26.3333333333333,0.649725818634033,0.0585,-0.0450015339927969
26.3666666666667,0.649640146891276,0.0585,-0.0459557598173539
26.4,0.649479166666667,0.0585,-0.0467457221301854
26.4333333333333,0.649739583333333,0.0585,-0.0472711069557253
26.4666666666667,0.649739583333333,0.0585,-0.0483108629006582
26.5,0.649642976125081,0.0585,-0.0493203993843903
26.5333333333333,0.649739583333333,0.0585,-0.0501370299912784
26.5666666666667,0.649739583333333,0.0585,-0.0511301480201875
26.6,0.649572817484538,0.0585,-0.052099906851417
26.6333333333333,0.649739583333333,0.0585,-0.0527612401225943
26.6666666666667,0.649739583333333,0.0585,-0.0537481647710149
26.7,0.649554316202799,0.0585,-0.0547125734184437
26.7333333333333,0.649401473999023,0.0585,-0.0553372674336999
26.7666666666667,0.649746608734131,0.0585,-0.055741031124782
26.8,0.64974037806193,0.0585,-0.0568282021048287
26.8333333333333,0.649640146891276,0.0585,-0.0578660137609843
26.8666666666667,0.649739583333333,0.0585,-0.0586995668307177
26.9,0.649630006154378,0.0585,-0.0597113663009036
26.9333333333333,0.649561723073324,0.0585,-0.060506604969033
26.9666666666667,0.649739583333333,0.0585,-0.0611961713596614
27,0.649575773874919,0.0585,-0.0622260934297243
27.0333333333333,0.649513880411784,0.0585,-0.0629426357110433
27.0666666666667,0.649513880411784,0.0585,-0.0635795204729137
27.1,0.649739583333333,0.0585,-0.0642595142428821
27.1333333333333,0.649710973103841,0.0585,-0.0653664466993985
27.1666666666667,0.64977871576945,0.0585,-0.0663816379540995
27.2,0.649739583333333,0.0585,-0.0674873933744965
27.2333333333333,0.649725818634033,0.0585,-0.0684809180749862
27.2666666666667,0.649628098805745,0.0585,-0.0694255543454295
27.3,0.649623394012451,0.0585,-0.0701843378450354
27.3333333333333,0.649490865071615,0.0585,-0.0709523905499729
27.3666666666667,0.649542681376139,0.0585,-0.0715073906551828
27.4,0.649739583333333,0.0585,-0.0722086089741125
27.4333333333333,0.649662176767985,0.0585,-0.0732816691761316
27.4666666666667,0.649575773874919,0.0585,-0.0741834587652961
27.5,0.649725818634033,0.0585,-0.0749290109199489
27.5333333333333,0.649739583333333,0.0585,-0.0759563551470315
27.5666666666667,0.649687417348226,0.0585,-0.0769777869009815
27.6,0.649687417348226,0.0585,-0.0778792911644195
27.6333333333333,0.649687417348226,0.0585,-0.0787725321895433
27.6666666666667,0.649687417348226,0.0585,-0.0796588141458899
27.7,0.649687417348226,0.0585,-0.080539252227389
27.7333333333333,0.649687417348226,0.0585,-0.0814147989735801
27.7666666666667,0.649687417348226,0.0585,-0.0822862669975209
27.8,0.649687417348226,0.0585,-0.0831543486057407
27.8333333333333,0.649687417348226,0.057,-0.0690196327304177
27.8666666666667,0.649640146891276,0.057,-0.0698826195374963
27.9,0.649739583333333,0.057,-0.0706619261939562
27.9333333333333,0.64966729482015,0.057,-0.0716270443646643
27.9666666666667,0.649739583333333,0.0555,-0.057446665621751
28,0.649739583333333,0.0555,-0.0583975053426875
28.0333333333333,0.649403762817383,0.0555,-0.0593302796511228
28.0666666666667,0.649403762817383,0.0555,-0.0596666738593768
28.1,0.649640146891276,0.0555,-0.0600985785186203
28.1333333333333,0.649640146891276,0.0555,-0.0610203829683863
28.1666666666667,0.649640146891276,0.0555,-0.0619341933236067
28.2,0.649640146891276,0.0555,-0.0628410479322881
28.2333333333333,0.649640146891276,0.0555,-0.063741848748096
28.2666666666667,0.649640146891276,0.0555,-0.0646373793633152
28.3,0.649640146891276,0.0555,-0.0655283206488155
28.3333333333333,0.649640146891276,0.0555,-0.0664152643192407
28.3666666666667,0.649576473236084,0.0555,-0.0672987246992686
28.4,0.649403762817383,0.0555,-0.0680689545227203
28.4333333333333,0.649401473999023,0.0555,-0.06855817092637
28.4666666666667,0.649666341145833,0.0555,-0.0691141453199657
28.5,0.649556414286296,0.0555,-0.0701888937840794
28.5333333333333,0.649302673339844,0.0555,-0.0710388164753713
28.5666666666667,0.649365838368734,0.0555,-0.071455518213124
28.6,0.649577713012695,0.0555,-0.0720680964893285
28.6333333333333,0.649479166666667,0.0555,-0.0730998899916811
28.6666666666667,0.64950221379598,0.0555,-0.0739368516144125
28.7,0.649498049418131,0.0555,-0.0748245055033416
28.7333333333333,0.649395497639974,0.0555,-0.0757062743400529
28.7666666666667,0.649648094177246,0.0555,-0.0764126478157727
28.8,0.649648094177246,0.0555,-0.0775906304036035
28.8333333333333,0.649747308095296,0.0555,-0.0787159489863266
28.8666666666667,0.649533112843831,0.0555,-0.079968083668064
28.9,0.649542681376139,0.0555,-0.0807793432633631
28.9333333333333,0.649502690633138,0.0555,-0.0816167353927583
28.9666666666667,0.64950221379598,0.0555,-0.0823898740939139
29,0.649642976125081,0.0555,-0.0831792045763557
29.0333333333333,0.649556414286296,0.0555,-0.0842266039343984
29.0666666666667,0.649479166666667,0.0555,-0.0850909425982361
29.1,0.649503135681152,0.0555,-0.08582128957855
29.1333333333333,0.649687417348226,0.0555,-0.0866177135462511
29.1666666666667,0.649687417348226,0.0555,-0.0877460647486383
29.2,0.649687417348226,0.0555,-0.0888259051314019
29.2333333333333,0.649687417348226,0.0555,-0.0898646506628403
29.2666666666667,0.649687417348226,0.0555,-0.0908686578662387
29.3,0.649687417348226,0.0555,-0.0918433703450887
29.3333333333333,0.649687417348226,0.0555,-0.0927934453791136
29.3666666666667,0.649687417348226,0.054,-0.0787228632775855
29.4,0.649371751149495,0.054,-0.079635021816032
29.4333333333333,0.649479166666667,0.054,-0.0799865219814484
29.4666666666667,0.649479166666667,0.054,-0.0806137925767621
29.5,0.649502690633138,0.054,-0.0812826235307475
29.5333333333333,0.649724006652832,0.054,-0.0820273626385903
29.5666666666667,0.649660619099935,0.054,-0.0831772735981139
29.6,0.649288622538249,0.054,-0.0841647979764069
29.6333333333333,0.649666341145833,0.054,-0.0844843658469311
29.6666666666667,0.649666341145833,0.054,-0.0855571290720895
29.7,0.64950221379598,0.054,-0.086592240979601
29.7333333333333,0.649479166666667,0.054,-0.0873113681961714
29.7666666666667,0.649479166666667,0.054,-0.088016476514467
29.8,0.649479166666667,0.054,-0.0887508723113165
29.8333333333333,0.649479166666667,0.054,-0.0895099701104612
29.8666666666667,0.649479166666667,0.054,-0.0902898465523959
29.9,0.649479166666667,0.054,-0.0910871483316952
29.9333333333333,0.649554316202799,0.054,-0.0918990126911411
29.9666666666667,0.649440129597982,0.054,-0.092853053484837
30,0.649725818634033,0.054,-0.0935952965082999
30.0333333333333,0.649725818634033,0.054,-0.0948565758582425
30.0666666666667,0.649561723073324,0.054,-0.096046376228093
30.1,0.649687417348226,0.054,-0.0968915877205238
30.1333333333333,0.649660619099935,0.054,-0.0979559548407762
30.1666666666667,0.649660619099935,0.0525,-0.0839348337412241
30.2,0.649660619099935,0.0525,-0.0848893395628035
30.2333333333333,0.649660619099935,0.0525,-0.0858233516460653
30.2666666666667,0.649660619099935,0.0525,-0.0867401851587868
30.3,0.649660619099935,0.0525,-0.0876426698167666
30.3333333333333,0.649660619099935,0.0525,-0.0885332178478077
30.3666666666667,0.649660619099935,0.0525,-0.089413882652559
30.4,0.649660619099935,0.0525,-0.0902864094206207
30.4333333333333,0.649534861246745,0.0525,-0.0911522787911864
30.4666666666667,0.649522431691488,0.0525,-0.0917951064203968
30.5,0.649602508544922,0.0525,-0.0924526238519565
30.5333333333333,0.649278163909912,0.0525,-0.0932835371978209
30.5666666666667,0.649484443664551,0.0525,-0.0935568786763035
30.6,0.649479166666667,0.0525,-0.0942950189706394
30.6333333333333,0.649382495880127,0.0525,-0.095048678616171
30.6666666666667,0.649657090504964,0.0525,-0.0956574425047444
30.7,0.649522431691488,0.0525,-0.096791357116541
30.7333333333333,0.649554316202799,0.0525,-0.0976456964788072
30.7666666666667,0.649554316202799,0.0525,-0.0985590414854307
30.8,0.649739583333333,0.0525,-0.0994651642577694
30.8333333333333,0.649633248647054,0.0525,-0.100685637571374
30.8666666666667,0.649633248647054,0.0525,-0.10165690285533
30.9,0.649588203430176,0.0525,-0.102607242261129
30.9333333333333,0.649542681376139,0.0525,-0.10346193371678
30.9666666666667,0.649542681376139,0.0525,-0.104237444292497
31,0.649542681376139,0.0525,-0.105027349317072
31.0333333333333,0.649542681376139,0.0525,-0.105829470373045
31.0666666666667,0.649542681376139,0.0525,-0.106641938815084
31.1,0.649542681376139,0.0525,-0.107463153027271
31.1333333333333,0.649542681376139,0.0525,-0.108291741486732
31.1666666666667,0.649542681376139,0.0525,-0.109126530851423
31.2,0.649542681376139,0.0525,-0.109966518394803
31.2333333333333,0.649597549438477,0.0525,-0.110810848200932
31.2666666666667,0.649440129597982,0.0525,-0.111753745952826
31.3,0.649545828501383,0.0525,-0.112409512749218
31.3333333333333,0.649437522888184,0.0525,-0.113286472981269
31.3666666666667,0.649395497639974,0.0525,-0.113974221054748
31.4,0.649537181854248,0.0525,-0.114622556294963
31.4333333333333,0.649496650695801,0.0525,-0.115557700047874
31.4666666666667,0.64943790435791,0.051,-0.101412031786541
31.5,0.649479166666667,0.051,-0.102168539488025
31.5333333333333,0.649725818634033,0.0495,-0.0880184630674477
31.5666666666667,0.649540837605794,0.0495,-0.0893003592606674
31.6,0.649540837605794,0.048,-0.0751867172921671
31.6333333333333,0.649371687571208,0.048,-0.0760687940025945
31.6666666666667,0.64950221379598,0.048,-0.0766544580377869
31.7,0.649479166666667,0.0465,-0.0625173867876282
31.7333333333333,0.649595260620117,0.0465,-0.063341713955696
31.7666666666667,0.649270915985107,0.0465,-0.0643753404012706
31.8,0.649391142527262,0.0465,-0.0648171830343131
31.8333333333333,0.649534861246745,0.0465,-0.0655457835697923
31.8666666666667,0.649291038513184,0.0465,-0.0665507615787047
31.9,0.649479166666667,0.0465,-0.0671106025223538
31.9333333333333,0.649479166666667,0.0465,-0.0680548046610249
31.9666666666667,0.649523226420085,0.0465,-0.0689878320869199
32,0.6493439356486,0.0465,-0.0699873843715835
32.0333333333333,0.649415651957194,0.0465,-0.0706539823214236
32.0666666666667,0.649415651957194,0.0465,-0.0714831226007764
32.1,0.649415651957194,0.0465,-0.0723214441187223
32.1333333333333,0.649415651957194,0.0465,-0.0731672972982307
32.1666666666667,0.649415651957194,0.0465,-0.0740192842142057
32.2,0.649415651957194,0.0465,-0.0748762226764941
32.2333333333333,0.649415651957194,0.0465,-0.0757371152779849
32.2666666666667,0.649415651957194,0.0465,-0.0766011227326557
32.3,0.649415651957194,0.0465,-0.0774675409194224
32.3333333333333,0.649539279937744,0.0465,-0.0783357811264396
32.3666666666667,0.649539279937744,0.0465,-0.0794193051556682
32.4,0.64921875,0.0465,-0.0804638961877259
32.4333333333333,0.649479166666667,0.0465,-0.0809206862419952
32.4666666666667,0.649625523885091,0.0465,-0.0819034259400997
32.5,0.649479166666667,0.0465,-0.0831190423916155
32.5333333333333,0.649539279937744,0.0465,-0.0840167602960172
32.5666666666667,0.649595260620117,0.0465,-0.0850109710517701
32.6,0.649496650695801,0.0465,-0.0860762975760569
32.6333333333333,0.649479166666667,0.0465,-0.0869311504963526
32.6666666666667,0.649509493509928,0.0465,-0.0877539390876848
32.7,0.649509493509928,0.0465,-0.0886334351417467
32.7333333333333,0.649725818634033,0.0465,-0.0895068321759313
32.7666666666667,0.649479166666667,0.0465,-0.0907495475129422
32.8,0.649294281005859,0.0465,-0.0914914894419808
32.8333333333333,0.649401473999023,0.0465,-0.0919306398808975
32.8666666666667,0.649643262227376,0.0465,-0.092629648228871
32.9,0.649339421590169,0.0465,-0.0937755461972217
32.9333333333333,0.649421501159668,0.0465,-0.0943417444332063
32.9666666666667,0.6495924949646,0.0465,-0.0951024286860851
33,0.6495924949646,0.0465,-0.0961769708763922
33.0333333333333,0.6495924949646,0.0465,-0.0972115301623845
33.0666666666667,0.6495924949646,0.0465,-0.0982122682563039
33.1,0.6495924949646,0.0465,-0.0991844633951434
33.1333333333333,0.6495924949646,0.0465,-0.100132632752115
33.1666666666667,0.6495924949646,0.0465,-0.101060638182627
33.2,0.6495924949646,0.0465,-0.101971777552462
33.2333333333333,0.6495924949646,0.0465,-0.102868863594279
33.2666666666667,0.649356842041016,0.0465,-0.103754291977259
33.3,0.649484443664551,0.0465,-0.104222276213381
33.3333333333333,0.649420706431071,0.0465,-0.1049791743715
33.3666666666667,0.649420197804769,0.045,-0.090642398970559
33.4,0.649421501159668,0.0435,-0.0763394550474013
33.4333333333333,0.649421501159668,0.042,-0.0620683356055467
33.4666666666667,0.649509143829346,0.039,-0.0328217907463968
33.5,0.649509143829346,0.0375,-0.018747643967354
33.5333333333333,0.649479166666667,0.0375,-0.0196626678887666
33.5666666666667,0.649102560679118,0.0375,-0.0205165485966995
33.6,0.649136257171631,0.0375,-0.020720418032168
33.6333333333333,0.649479166666667,0.0375,-0.0211054309013117
33.6666666666667,0.649363072713216,0.0375,-0.0221767380682625
33.7,0.649116770426432,0.0375,-0.0230147507400111
33.7333333333333,0.649479166666667,0.0375,-0.0234361521579377
33.7666666666667,0.649479166666667,0.0375,-0.0245719297751133
33.8,0.64921875,0.0375,-0.0256642096317478
33.8333333333333,0.64921875,0.0375,-0.0262685757435292
33.8666666666667,0.64921875,0.0375,-0.0269250623508873
33.9,0.649427763621012,0.0375,-0.0276252940978196
33.9333333333333,0.649275906880697,0.036,-0.0137238401588606
33.9666666666667,0.649572372436523,0.036,-0.0145226865551124
34,0.649122142791748,0.036,-0.0158519175136261
34.0333333333333,0.649102560679118,0.036,-0.0163206474460048
34.0666666666667,0.648981857299805,0.036,-0.0168315378942231
34.1,0.649461682637533,0.036,-0.0172038824030459
34.1333333333333,0.649461682637533,0.036,-0.0185046240168021
34.1666666666667,0.649119313557943,0.036,-0.0197330248885204
34.2,0.649479166666667,0.036,-0.0203071943119114
34.2333333333333,0.649479166666667,0.036,-0.0215619173041832
34.2666666666667,0.64921875,0.036,-0.0227491390208976
34.3,0.64921875,0.036,-0.0234282509741459
34.3333333333333,0.64921875,0.036,-0.0241425419893983
34.3666666666667,0.64921875,0.036,-0.0248864154782206
34.4,0.649054940541585,0.036,-0.0256550885967134
34.4333333333333,0.64899746576945,0.036,-0.0261609880580849
34.4666666666667,0.649140389760335,0.036,-0.0266374704648408
34.5,0.649304548899333,0.036,-0.0274387266635652
34.5333333333333,0.649479166666667,0.036,-0.0285430240057875
34.5666666666667,0.64921875,0.036,-0.0299120871944449
34.6,0.649288622538249,0.036,-0.0307420284973669
34.6333333333333,0.649288622538249,0.036,-0.0317016983119751
34.6666666666667,0.649479166666667,0.036,-0.0326460336834938
34.7,0.649257342020671,0.036,-0.0339069200246164
34.7333333333333,0.649479166666667,0.036,-0.0347111121529655
34.7666666666667,0.649479166666667,0.036,-0.0359090246047475
34.8,0.649479166666667,0.036,-0.0370436843480308
34.8333333333333,0.649479166666667,0.036,-0.0381248446096071
34.8666666666667,0.649479166666667,0.036,-0.0391608598338961
34.9,0.649479166666667,0.036,-0.0401588795179977
34.9333333333333,0.649479166666667,0.036,-0.0411250156556688
34.9666666666667,0.649479166666667,0.036,-0.0420644873497623
35,0.649008274078369,0.036,-0.0429817456750239
35.0333333333333,0.649479166666667,0.036,-0.0430656489800746
35.0666666666667,0.649238618214925,0.036,-0.0441011037796989
35.1,0.649479166666667,0.036,-0.0446842597614032
35.1333333333333,0.649362436930339,0.036,-0.0457309663776435
35.1666666666667,0.648958333333333,0.036,-0.0465382100096896
35.2,0.64921875,0.036,-0.0466521842947851
35.2333333333333,0.64921875,0.036,-0.0473524051178353
35.2666666666667,0.649119313557943,0.036,-0.0480833402846029
35.3,0.649119313557943,0.036,-0.0486680255770298
35.3333333333333,0.649119313557943,0.036,-0.049306436202005
35.3666666666667,0.649265416463216,0.0345,-0.0349900416952958
35.4,0.649265416463216,0.0345,-0.0359643983613984
35.4333333333333,0.64921875,0.0345,-0.0369233297514163
35.4666666666667,0.649136257171631,0.0345,-0.0377880706545912
35.5,0.649119313557943,0.0345,-0.0385133996720238
35.5333333333333,0.64921875,0.0345,-0.0392385277868433
35.5666666666667,0.649049822489421,0.0345,-0.0401655154544687
35.6,0.64921875,0.0345,-0.0407929225789028
35.6333333333333,0.649302323659261,0.0345,-0.0417606642677427
35.6666666666667,0.64921875,0.0345,-0.0428587890104334
35.7,0.649406909942627,0.0345,-0.043772894939235
35.7333333333333,0.649362436930339,0.0345,-0.0450059452898319
35.7666666666667,0.649362436930339,0.0345,-0.0460954497552062
35.8,0.64921875,0.0345,-0.0471427954899484
35.8333333333333,0.649464289347331,0.0345,-0.0479057418680377
35.8666666666667,0.64921875,0.0345,-0.0491097229889051
35.9,0.649461682637533,0.0345,-0.0498232449440478
35.9333333333333,0.649290307362874,0.0345,-0.0509809892166658
35.9666666666667,0.649207401275635,0.0345,-0.0517840536168149
36,0.648932266235352,0.0345,-0.0524498736282219
36.0333333333333,0.64921875,0.0345,-0.0526717054489604
36.0666666666667,0.64901549021403,0.0345,-0.0535053585981331
36.1,0.64942585627238,0.0345,-0.0539930056210737
36.1333333333333,0.64925635655721,0.0345,-0.0552611101660231
36.1666666666667,0.649285380045573,0.0345,-0.0561628218030798
36.2,0.648958333333333,0.0345,-0.0571074387146846
36.2333333333333,0.64925635655721,0.0345,-0.0574704166950101
36.2666666666667,0.649331633249919,0.0345,-0.0584412924190596
36.3,0.649572372436523,0.0345,-0.0595241549318264
36.3333333333333,0.649275652567546,0.0345,-0.0609837105389838
36.3666666666667,0.649275652567546,0.0345,-0.0618182343857831
36.4,0.649275652567546,0.0345,-0.0626541006580484
36.4333333333333,0.649275652567546,0.0345,-0.0634912116437008
36.4666666666667,0.649275652567546,0.0345,-0.0643294766008353
36.5,0.649275652567546,0.0345,-0.0651688112799088
36.5333333333333,0.649275652567546,0.0345,-0.0660091374759799
36.5666666666667,0.649275652567546,0.0345,-0.0668503826095029
36.6,0.649275652567546,0.0345,-0.0676924793341895
36.6333333333333,0.649195543924967,0.033,-0.0535353651704789
36.6666666666667,0.648958333333333,0.033,-0.0542403451654207
36.7,0.64926503499349,0.033,-0.054561310411676
36.7333333333333,0.649136257171631,0.033,-0.0555119853627838
36.7666666666667,0.64921875,0.033,-0.0562245083278142
36.8,0.64905522664388,0.033,-0.0571082284409656
36.8333333333333,0.64921875,0.033,-0.0577062502695135
36.8666666666667,0.64921875,0.033,-0.0586375300041812
36.9,0.649282709757487,0.033,-0.059558397243758
36.9333333333333,0.649363072713216,0.033,-0.0605809159440458
36.9666666666667,0.64921875,0.033,-0.0617140449549206
37,0.649275906880697,0.033,-0.0625472627216099
37.0333333333333,0.649288686116536,0.033,-0.0634834349239959
37.0666666666667,0.64938268661499,0.033,-0.0644266785688288
37.1,0.64921875,0.0315,-0.0505157345490191
37.1333333333333,0.649225966135661,0.0315,-0.0512765165845515
37.1666666666667,0.649105834960938,0.0315,-0.0520650111460974
37.2,0.649105834960938,0.0315,-0.0526562426682045
37.2333333333333,0.649046579996745,0.0315,-0.0532952615233081
37.2666666666667,0.64921875,0.03,-0.0388721568310685
37.3,0.64921875,0.03,-0.0398002317682371
37.3333333333333,0.649334239959717,0.03,-0.0407176578706207
37.3666666666667,0.649334239959717,0.03,-0.0418257588701954
37.4,0.648958333333333,0.03,-0.0428886906186065
37.4333333333333,0.649256960550944,0.03,-0.0432627663706117
37.4666666666667,0.649325052897135,0.03,-0.0442424210969768
37.5,0.64921875,0.03,-0.0453186595058852
37.5333333333333,0.649382559458415,0.03,-0.0461708723923924
37.5666666666667,0.649249045054118,0.03,-0.0473069061969165
37.6,0.64921875,0.03,-0.0481593227722648
37.6333333333333,0.649254035949707,0.03,-0.0489579284187654
37.6666666666667,0.64915828704834,0.03,-0.0498262718940262
37.7,0.64921875,0.03,-0.0505249322912548
37.7333333333333,0.64921875,0.03,-0.0513557902453801
37.7666666666667,0.649161593119303,0.03,-0.0521904968757342
37.8,0.649300066630046,0.03,-0.0529295437462366
37.8333333333333,0.649259853363037,0.03,-0.0539294116320125
37.8666666666667,0.649415651957194,0.03,-0.0548329270261799
37.9,0.64921875,0.03,-0.0559963800816925
37.9333333333333,0.649114990234375,0.03,-0.05676065979142
37.9666666666667,0.649137783050537,0.03,-0.0573595198963345
38,0.64921875,0.0285,-0.0430433551224549
38.0333333333333,0.64921875,0.0285,-0.0438985253881506
38.0666666666667,0.64900484085083,0.0285,-0.0447539712179719
38.1,0.649063618977865,0.0285,-0.0452394079019068
38.1333333333333,0.64921875,0.0285,-0.0458956419290063
38.1666666666667,0.64921875,0.0285,-0.046859717885602
38.2,0.64921875,0.0285,-0.0478068820292856
38.2333333333333,0.648958333333333,0.0285,-0.0487395338511555
38.2666666666667,0.648958333333333,0.0285,-0.0492090618614952
38.3,0.64921875,0.0285,-0.0497518888509542
38.3333333333333,0.649165217081706,0.0285,-0.050807212629731
38.3666666666667,0.649265416463216,0.0285,-0.0517379245887692
38.4,0.649297491709391,0.0285,-0.0528319571794603
38.4333333333333,0.649297491709391,0.0285,-0.0539404121012077
38.4666666666667,0.649127197265625,0.0285,-0.0550035796998672
38.5,0.64904088973999,0.0285,-0.0557336228969941
38.5333333333333,0.64904088973999,0.0285,-0.0563366914186227
38.5666666666667,0.649464289347331,0.0285,-0.0569865159908288
38.6,0.649301242828369,0.0285,-0.0584085592094487
38.6333333333333,0.648958333333333,0.0285,-0.0594451744655157
38.6666666666667,0.649050585428874,0.0285,-0.0598534946731138
38.7,0.648958333333333,0.0285,-0.0605025933470372
38.7333333333333,0.648958333333333,0.0285,-0.0610309216300971
38.7666666666667,0.64921875,0.0285,-0.0616217776268876
38.8,0.649031066894531,0.0285,-0.0627160137972376
38.8333333333333,0.649024359385173,0.0285,-0.0634457773205853
38.8666666666667,0.649146461486816,0.0285,-0.0641906125176862
38.9,0.64921875,0.0285,-0.0651712359019781
38.9333333333333,0.64921875,0.0285,-0.0662580146650023
38.9666666666667,0.64921875,0.0285,-0.0673051851372234
39,0.64921875,0.0285,-0.0683186452720778
39.0333333333333,0.649032084147135,0.0285,-0.0693034606520755
39.0666666666667,0.649226665496826,0.0285,-0.0699409326878515
39.1,0.648958333333333,0.0285,-0.0709547629572533
39.1333333333333,0.649250475565592,0.0285,-0.0714749571054725
39.1666666666667,0.648958333333333,0.0285,-0.0725624631361393
39.2,0.649161593119303,0.0285,-0.0731023426607457
39.2333333333333,0.649161593119303,0.0285,-0.0740525344833604
39.2666666666667,0.649119313557943,0.0285,-0.0749866273884769
39.3,0.64921875,0.0285,-0.0758338105161336
39.3333333333333,0.6492049853007,0.0285,-0.0768549988102395
39.3666666666667,0.649074427286784,0.0285,-0.0778218559050399
39.4,0.6488450050354,0.0285,-0.0785413541752965
39.4333333333333,0.648958333333333,0.027,-0.0638877957243155
39.4666666666667,0.649479166666667,0.027,-0.0645246199364494
39.5,0.649479166666667,0.027,-0.0661058875613969
39.5333333333333,0.649479166666667,0.027,-0.0675554548864071
39.5666666666667,0.649479166666667,0.027,-0.0688934934517007
39.6,0.649479166666667,0.027,-0.0701372906090676
39.6333333333333,0.649479166666667,0.027,-0.0713016485886593
39.6666666666667,0.649479166666667,0.027,-0.0723992292754879
39.7,0.649479166666667,0.027,-0.0734408520149391
39.7333333333333,0.649052206675212,0.027,-0.0744357507846932
39.7666666666667,0.649114990234375,0.027,-0.0746528940306049
39.8,0.648958333333333,0.027,-0.0750841907506835
39.8333333333333,0.64921875,0.027,-0.0753139813053415
39.8666666666667,0.649033482869466,0.027,-0.0761042572770248
39.9,0.649018828074137,0.027,-0.0765830648521861
39.9333333333333,0.649292373657227,0.027,-0.0771041066116328
39.9666666666667,0.649192810058594,0.027,-0.0781604941575822
40,0.649063618977865,0.027,-0.0790087040489628
40.0333333333333,0.649172306060791,0.0255,-0.0646349982899793
40.0666666666667,0.649032847086589,0.0255,-0.0654923887282364
40.1,0.649325052897135,0.0255,-0.0661096652358665
40.1333333333333,0.64921875,0.0255,-0.0672785138928221
40.1666666666667,0.649237251281738,0.0255,-0.0682078242888021
40.2,0.648750082651774,0.0255,-0.0691562750027488
40.2333333333333,0.649265416463216,0.0255,-0.0692446891308961
40.2666666666667,0.649265416463216,0.0255,-0.0703676382191592
40.3,0.649190298716227,0.0255,-0.0714449778578419
40.3333333333333,0.648963610331217,0.0255,-0.0723535023246673
40.3666666666667,0.649148813883464,0.0255,-0.0728609549146937
40.4,0.648958333333333,0.0255,-0.073754498867843
40.4333333333333,0.64921875,0.0255,-0.0743140071392558
40.4666666666667,0.649330615997314,0.0255,-0.0753817048341338
40.5,0.649031066894531,0.0255,-0.0766074543196949
40.5333333333333,0.649163468678792,0.0255,-0.077248432391553
40.5666666666667,0.649163468678792,0.0255,-0.0781588531884463
40.6,0.648958333333333,0.0255,-0.0790605778676509
40.6333333333333,0.648958333333333,0.0255,-0.0795998121132063
40.6666666666667,0.649197578430176,0.0255,-0.0801987514557443
40.7,0.649157587687174,0.0255,-0.0812620869271166
40.7333333333333,0.64921875,0.024,-0.0672214364757873
40.7666666666667,0.649071661631266,0.024,-0.0682698731331092
40.8,0.648736508687337,0.024,-0.0690296813276161
40.8333333333333,0.649031066894531,0.024,-0.0692279450897251
40.8666666666667,0.649031066894531,0.024,-0.0700595534492499
40.9,0.649031066894531,0.024,-0.0709004970971611
40.9333333333333,0.649031066894531,0.024,-0.0717490037616429
40.9666666666667,0.649031066894531,0.024,-0.0726035767962881
41,0.649031066894531,0.024,-0.0734629554991176
41.0333333333333,0.649031066894531,0.0225,-0.0593260809408559
41.0666666666667,0.649031066894531,0.0225,-0.060192066551611
41.1,0.649205271402995,0.0225,-0.0610601728164375
41.1333333333333,0.648988660176595,0.0225,-0.0622312659734475
41.1666666666667,0.648958333333333,0.0225,-0.0629723235650252
41.2,0.64899377822876,0.0225,-0.0636838596723331
41.2333333333333,0.648993905385335,0.0225,-0.0644857648442568
41.2666666666667,0.649054940541585,0.0225,-0.0653008052369351
41.3,0.6488450050354,0.0225,-0.0662321203476035
41.3333333333333,0.6488450050354,0.0225,-0.0667892004353245
41.3666666666667,0.649011548360189,0.0225,-0.0674044976269904
41.4,0.649137401580811,0.0225,-0.0683569968403372
41.4333333333333,0.648958333333333,0.0225,-0.0695146894582231
41.4666666666667,0.648958333333333,0.0225,-0.0703108836230296
41.5,0.648775450388591,0.0225,-0.0711208815488915
41.5333333333333,0.648775450388591,0.0225,-0.0716258220834726
41.5666666666667,0.648958333333333,0.0225,-0.0721991590541852
41.6,0.649122142791748,0.0225,-0.0731465451625869
41.6333333333333,0.64921875,0.0225,-0.0743667374994861
41.6666666666667,0.649033482869466,0.0225,-0.0756918481818869
41.7,0.649023246765137,0.0225,-0.0766121818063041
41.7333333333333,0.648890558878581,0.0225,-0.0775031687360651
41.7666666666667,0.649046929677327,0.0225,-0.0781578974111506
41.8,0.649046929677327,0.0225,-0.0791203498574742
41.8333333333333,0.649046929677327,0.0225,-0.0800636828053656
41.8666666666667,0.649046929677327,0.0225,-0.0809907412384171
41.9,0.649046929677327,0.0225,-0.0819039687676211
41.9333333333333,0.649046929677327,0.0225,-0.0828054627905904
41.9666666666667,0.649046929677327,0.0225,-0.0836970221737622
42,0.649046929677327,0.0225,-0.0845801884636502
42.0333333333333,0.649067370096842,0.0225,-0.0854562814983837
42.0666666666667,0.648958333333333,0.0225,-0.0863618046142841
42.1,0.648929500579834,0.0225,-0.0870670574546341
42.1333333333333,0.648929500579834,0.0225,-0.0877478409660488
42.1666666666667,0.648929500579834,0.0225,-0.088459474848896
42.2,0.648929500579834,0.0225,-0.0891971959550515
42.2333333333333,0.648929500579834,0.0225,-0.0899569246534509
42.2666666666667,0.648929500579834,0.0225,-0.0907351700846751
42.3,0.648929500579834,0.0225,-0.091528948317316
42.3333333333333,0.648929500579834,0.0225,-0.092335711665832
42.3666666666667,0.64902302424113,0.0225,-0.0931532876631339
42.4,0.64921875,0.0225,-0.0941416795768542
42.4333333333333,0.64921875,0.0225,-0.0954460343035387
42.4666666666667,0.648963610331217,0.0225,-0.0966678639188107
42.5,0.649047311147054,0.0225,-0.0973782773275308
42.5333333333333,0.6488450050354,0.0225,-0.0982567801778273
42.5666666666667,0.6488450050354,0.0225,-0.0987779509358205
42.6,0.649131679534912,0.0225,-0.0993583330009411
42.6333333333333,0.648958333333333,0.0225,-0.100484961978729
42.6666666666667,0.649049313863118,0.021,-0.0862615088379263
42.7,0.648958333333333,0.021,-0.0872089734339034
42.7333333333333,0.648886140187581,0.021,-0.0879810230183994
42.7666666666667,0.64904088973999,0.021,-0.0886422577575963
42.8,0.649056879679362,0.021,-0.0896065146693723
42.8333333333333,0.649110984802246,0.021,-0.0905782799856096
42.8666666666667,0.649112415313721,0.021,-0.091621404205847
42.9,0.64902499516805,0.021,-0.0926306945577377
42.9333333333333,0.648958333333333,0.021,-0.0934575513536762
42.9666666666667,0.648867988586426,0.021,-0.0941709739609467
43,0.648867988586426,0.021,-0.0947512814303257
43.0333333333333,0.648958333333333,0.021,-0.0953804531646026
43.0666666666667,0.648914496103922,0.021,-0.0962073211716161
43.1,0.649114990234375,0.021,-0.0969640986938531
43.1333333333333,0.648873233795166,0.021,-0.0980867643533395
43.1666666666667,0.648958333333333,0.0195,-0.0837422746134683
43.2,0.648963610331217,0.0195,-0.0845816614687234
43.2333333333333,0.64921875,0.0195,-0.0854336292622262
43.2666666666667,0.648995176951091,0.0195,-0.0867282536587076
43.3,0.648958333333333,0.0195,-0.0875545341794132
43.3333333333333,0.649076716105143,0.0195,-0.0883202329478549
43.3666666666667,0.648958333333333,0.0195,-0.0893054191510104
43.4,0.648958333333333,0.0195,-0.0900599494936224
43.4333333333333,0.649067656199137,0.0195,-0.0908308747421316
43.4666666666667,0.649023246765137,0.0195,-0.0918049041378462
43.5,0.649005858103434,0.0195,-0.0926786081099245
43.5333333333333,0.648983573913574,0.0195,-0.0935167047580838
43.5666666666667,0.649119853973389,0.0195,-0.0943172228072152
43.6,0.648958333333333,0.0195,-0.095361654341138
43.6333333333333,0.648798815409342,0.0195,-0.0960894769738107
43.6666666666667,0.648958333333333,0.0195,-0.0965620077340267
43.7,0.648900667826335,0.0195,-0.0973796726431972
43.7333333333333,0.649051698048909,0.0195,-0.0981045213095
43.7666666666667,0.649051698048909,0.0195,-0.0991151600464012
43.8,0.6488450050354,0.0195,-0.100097652871247
43.8333333333333,0.6488450050354,0.0195,-0.100698537559387
43.8666666666667,0.6488450050354,0.0195,-0.101345799276831
43.9,0.6488450050354,0.0195,-0.102032226874191
43.9333333333333,0.6488450050354,0.0195,-0.102751647277378
43.9666666666667,0.6488450050354,0.0195,-0.103498781368985
44,0.6488450050354,0.0195,-0.10426911951096
44.0333333333333,0.6488450050354,0.0195,-0.105058814058054
44.0666666666667,0.6488450050354,0.0195,-0.105864586567219
44.1,0.648958333333333,0.0195,-0.106683647716365
44.1333333333333,0.648958333333333,0.0195,-0.107709755552831
44.1666666666667,0.648958333333333,0.0195,-0.108708236311084
44.2,0.648958333333333,0.0195,-0.109683055586239
44.2333333333333,0.648958333333333,0.0195,-0.110637629209497
44.2666666666667,0.648958333333333,0.0195,-0.111574898116584
44.3,0.648958333333333,0.0195,-0.112497393116961
44.3333333333333,0.648958333333333,0.0195,-0.113407290919079
44.3666666666667,0.648989899953206,0.0195,-0.114306462585596
44.4,0.648958333333333,0.0195,-0.115251145014212
44.4333333333333,0.649007670084635,0.018,-0.101123281626153
44.4666666666667,0.649007670084635,0.018,-0.102075823666028
44.5,0.648958333333333,0.018,-0.103008269549613
44.5333333333333,0.648736508687337,0.018,-0.10383837622957
44.5666666666667,0.648736508687337,0.018,-0.104286227243504
44.6,0.648841603597005,0.0165,-0.089807062762545
44.6333333333333,0.648841603597005,0.0165,-0.0905715215078923
44.6666666666667,0.648711172739665,0.0165,-0.0913542131197135
44.7,0.648729674021403,0.0165,-0.0919264253098162
44.7333333333333,0.648958333333333,0.0165,-0.0925854060437998
44.7666666666667,0.648755073547363,0.0165,-0.0936802027847257
44.8,0.649028428395589,0.0165,-0.0943831076319558
44.8333333333333,0.648900667826335,0.0165,-0.0955903691264602
44.8666666666667,0.648958333333333,0.0165,-0.0965145777177333
44.9,0.648958333333333,0.0165,-0.0975271364180593
44.9333333333333,0.648958333333333,0.0165,-0.098511261892128
44.9666666666667,0.648958333333333,0.0165,-0.0994712219605848
45,0.648958333333333,0.0165,-0.100410679868428
45.0333333333333,0.648958333333333,0.0165,-0.101332777543558
45.0666666666667,0.648958333333333,0.015,-0.08724020755679
45.1,0.648958333333333,0.0135,-0.073135275304495
45.1333333333333,0.648686122894287,0.012,-0.0590199527311581
45.1666666666667,0.649001979827881,0.012,-0.0594248340134492
45.2,0.649001979827881,0.0105,-0.0454568355796393
45.2333333333333,0.649001979827881,0.0105,-0.0464551152843879
45.2666666666667,0.649001979827881,0.009,-0.0324248545732809
45.3,0.649001979827881,0.009,-0.0333704929608943
45.3333333333333,0.649001979827881,0.009,-0.0342958307615815
45.3666666666667,0.649001979827881,0.009,-0.0352041178390899
45.4,0.649001979827881,0.009,-0.0360981302603139
45.4333333333333,0.649001979827881,0.009,-0.0369802364855349
45.4666666666667,0.648697916666667,0.009,-0.0378524545083986
45.5,0.648979695638021,0.009,-0.0381902857390729
45.5333333333333,0.648782761891683,0.009,-0.0391070853583515
45.5666666666667,0.648697916666667,0.009,-0.0396695763370374
45.6,0.648697916666667,0.009,-0.040137350282706
45.6333333333333,0.648782761891683,0.009,-0.0406765623886393
45.6666666666667,0.648853429158529,0.009,-0.0414229238277596
45.7,0.648853429158529,0.009,-0.0423150227142055
45.7333333333333,0.648853429158529,0.009,-0.0432038782756037
45.7666666666667,0.648909664154053,0.009,-0.0440897012315487
45.8,0.648736508687337,0.009,-0.0450700117038467
45.8333333333333,0.648736508687337,0.009,-0.0457298812161638
45.8666666666667,0.648697916666667,0.009,-0.0464277891027921
45.9,0.648735523223877,0.009,-0.0470908648819839
45.9333333333333,0.648697916666667,0.009,-0.0478582247020516
45.9666666666667,0.648767439524333,0.009,-0.0485812163235434
46,0.648697916666667,0.009,-0.0494538138418789
46.0333333333333,0.648767439524333,0.009,-0.0502080707050915
46.0666666666667,0.648767439524333,0.009,-0.051106340330686
46.1,0.648796463012695,0.009,-0.0520018451978929
46.1333333333333,0.648958333333333,0.009,-0.0529448488368919
46.1666666666667,0.648741499582926,0.009,-0.05415595559504
46.2,0.648615423838298,0.009,-0.0549291096680751
46.2333333333333,0.648697916666667,0.009,-0.0555007033047296
46.2666666666667,0.648711172739665,0.009,-0.056269578203269
46.3,0.648488553365072,0.009,-0.0570806644877552
46.3333333333333,0.648919200897217,0.009,-0.057518208107831
46.3666666666667,0.648755073547363,0.009,-0.0587824141769646
46.4,0.649014027913411,0.009,-0.0596921903408902
46.4333333333333,0.649014027913411,0.009,-0.0610431239424223
46.4666666666667,0.648697916666667,0.009,-0.0623043746816172
46.5,0.648697916666667,0.009,-0.0629425230633127
46.5333333333333,0.648958333333333,0.009,-0.0636182519126365
46.5666666666667,0.64891668955485,0.009,-0.0647764632569554
46.6,0.648598480224609,0.009,-0.0658054974392069
46.6333333333333,0.648958333333333,0.009,-0.0662489337701884
46.6666666666667,0.648697916666667,0.009,-0.0673882689304211
46.7,0.648697916666667,0.009,-0.0680227876584515
46.7333333333333,0.648822371164958,0.009,-0.0686954805209886
46.7666666666667,0.648697916666667,0.009,-0.0696158644188532
46.8,0.648897838592529,0.009,-0.0703080240003247
46.8333333333333,0.649059995015462,0.009,-0.0713753732991457
46.8666666666667,0.649059995015462,0.009,-0.0726835256436386
46.9,0.648765023549398,0.009,-0.0739056524384211
46.9333333333333,0.6488907178243,0.009,-0.0745445917793747
46.9666666666667,0.648789024353027,0.009,-0.07543485870579
47,0.649028428395589,0.009,-0.0761374201546386
47.0333333333333,0.648899873097738,0.009,-0.0772773661367199
47.0666666666667,0.64877192179362,0.009,-0.0781373305057618
47.1,0.648697916666667,0.009,-0.0787688618041649
47.1333333333333,0.648718579610189,0.0075,-0.0643078907897481
47.1666666666667,0.648958333333333,0.0075,-0.064936828552677
47.2,0.648731644948324,0.0075,-0.0660199371295099
47.2333333333333,0.648697916666667,0.0075,-0.0666666581618989
47.2666666666667,0.648697916666667,0.0075,-0.0672908348808774
47.3,0.648958333333333,0.0075,-0.0679562190238495
47.3333333333333,0.648723856608073,0.0075,-0.0691070975381343
47.3666666666667,0.648958333333333,0.0075,-0.0697975684387596
47.4,0.648740386962891,0.0075,-0.070923141161599
47.4333333333333,0.648711681365967,0.0075,-0.0716206750389624
47.4666666666667,0.648738797505697,0.0075,-0.0722957455275352
47.5,0.648736508687337,0.006,-0.0580500067944289
47.5333333333333,0.648736508687337,0.006,-0.0588187903604132
47.5666666666667,0.648736508687337,0.006,-0.0596038397516564
47.6,0.648736508687337,0.006,-0.0604025157499023
47.6333333333333,0.648736508687337,0.006,-0.0612125660973053
47.6666666666667,0.648736508687337,0.006,-0.0620320712881449
47.7,0.648736508687337,0.006,-0.0628593977831152
47.7333333333333,0.648736508687337,0.006,-0.0636931576419925
47.7666666666667,0.648736508687337,0.006,-0.0645321737054606
47.8,0.648852475484212,0.006,-0.0653754495737693
47.8333333333333,0.648697916666667,0.006,-0.0664228372898131
47.8666666666667,0.648755073547363,0.006,-0.0671680647518164
47.9,0.648755073547363,0.006,-0.0680325619790945
47.9333333333333,0.648755073547363,0.006,-0.0688957235029756
47.9666666666667,0.648755073547363,0.006,-0.069757620899127
48,0.648755073547363,0.006,-0.0706183241391852
48.0333333333333,0.648755073547363,0.006,-0.0714779012128601
48.0666666666667,0.648755073547363,0.006,-0.0723364178445315
48.1,0.648755073547363,0.006,-0.0731939372884541
48.1333333333333,0.648512649536133,0.006,-0.0740505201890457
48.1666666666667,0.648781490325928,0.006,-0.0744866825324725
48.2,0.648736508687337,0.006,-0.0754654392851375
48.2333333333333,0.648767439524333,0.006,-0.0763449434472435
48.2666666666667,0.648854732513428,0.006,-0.0772741851280616
48.3,0.648822371164958,0.006,-0.0783411628939595
48.3333333333333,0.648755073547363,0.0045,-0.0643125822046458
48.3666666666667,0.648755073547363,0.0045,-0.0651444361172852
48.4,0.64852549235026,0.003,-0.0509784323075993
48.4333333333333,0.648688157399495,0.003,-0.0514169277680069
48.4666666666667,0.648705832163493,0.003,-0.0522124864049369
48.5,0.648697916666667,0.003,-0.0530500252317984
48.5333333333333,0.648898029327393,0.003,-0.053877658487851
48.5666666666667,0.648697916666667,0.003,-0.0550572191485524
48.6,0.648757521311442,0.003,-0.0558305394271651
48.6333333333333,0.648782761891683,0.003,-0.0567207500350548
48.6666666666667,0.648782761891683,0.003,-0.0576469978418356
48.7,0.648697916666667,0.003,-0.0585585913587422
48.7333333333333,0.648697916666667,0.003,-0.0593109275763769
48.7666666666667,0.648697916666667,0.003,-0.0600801081953586
48.8,0.648697916666667,0.003,-0.0608635305470719
48.8333333333333,0.648667907714844,0.003,-0.061658965575842
48.8666666666667,0.648697916666667,0.003,-0.0624125721824588
48.9,0.64876324335734,0.003,-0.063236262945036
48.9333333333333,0.648697916666667,0.003,-0.064178592238855
48.9666666666667,0.648481559753418,0.003,-0.0649914171175291
49,0.648663679758708,0.003,-0.0654368655731964
49.0333333333333,0.648687299092611,0.003,-0.06627313253203
49.0666666666667,0.64873046875,0.003,-0.0671553867961426
49.1,0.648735523223877,0.003,-0.0681088436711208
49.1333333333333,0.648735523223877,0.003,-0.0690539573162641
49.1666666666667,0.648940849304199,0.003,-0.0699828090131652
49.2,0.648801422119141,0.003,-0.0712531083340226
49.2333333333333,0.648697916666667,0.003,-0.0722040617308958
49.2666666666667,0.648668162027995,0.003,-0.0729548052389607
49.3,0.648697916666667,0.003,-0.0736696685581225
49.3333333333333,0.648697916666667,0.003,-0.0744589012215957
49.3666666666667,0.648601309458415,0.003,-0.0752579273764133
49.4,0.648697916666667,0.003,-0.0758980537217229
49.4333333333333,0.648697916666667,0.003,-0.0767435176640768
49.4666666666667,0.648697916666667,0.003,-0.0775900504862802
49.5,0.648697916666667,0.003,-0.0784374032497633
49.5333333333333,0.64864075978597,0.003,-0.0792853681399377
49.5666666666667,0.648591613769531,0.003,-0.0800348559941558
49.6,0.648591613769531,0.003,-0.0807180152210218
49.6333333333333,0.648591613769531,0.003,-0.0814327685065795
49.6666666666667,0.648591613769531,0.003,-0.0821741163901512
49.7,0.648591613769531,0.003,-0.0829377846593339
49.7333333333333,0.648591613769531,0.003,-0.0837201232784548
49.7666666666667,0.648591613769531,0.003,-0.0845180191190845
49.8,0.648591613769531,0.003,-0.0853288206280478
49.8333333333333,0.648591613769531,0.003,-0.0861502728187873
49.8666666666667,0.648591709136963,0.003,-0.0869804611888313
49.9,0.648591709136963,0.003,-0.0878179283980117
49.9333333333333,0.648801898956299,0.0015,-0.0736611066935928
49.9666666666667,0.648734569549561,0.0015,-0.0748726004471595
50,0.648501014709473,0.0015,-0.0759033954609401
50.0333333333333,0.648534107208252,0.0015,-0.0764972213161896
50.0666666666667,0.648809655507406,0.0015,-0.0771957912218351
50.1,0.648858865102132,0.0015,-0.0784006048404375
50.1333333333333,0.648760922749837,0.0015,-0.0796264180503476
50.1666666666667,0.648755073547363,0.0015,-0.0806124612305257
50.2,0.648601309458415,0.0015,-0.0815605168803967
50.2333333333333,0.6484375,0.0015,-0.0822208667256404
50.2666666666667,0.648537254333496,0.0015,-0.0826291538251458
50.3,0.648651472727458,0.0015,-0.0832895812631385
50.3333333333333,0.648872598012288,0.0015,-0.0841827661482628
50.3666666666667,0.648836612701416,0.0015,-0.0854513887783531
50.4,0.648697916666667,0.0015,-0.0865801954733018
50.4333333333333,0.648738797505697,0.0015,-0.0874149515502582
50.4666666666667,0.648697916666667,0.0015,-0.0883195618180681
50.5,0.648713334401449,0.0015,-0.0891396139846403
50.5333333333333,0.648697916666667,0.0015,-0.0899879822106984
50.5666666666667,0.648697916666667,0.0015,-0.0908062176529534
50.6,0.648736508687337,0.0015,-0.091626637504269
50.6333333333333,0.648786322275798,0.0015,-0.0925158193647463
50.6666666666667,0.648697916666667,0,-0.0784805529363304
50.7,0.648603693644206,0,-0.0792673347763756
50.7333333333333,0.648757870992025,0,-0.0798985902773446
50.7666666666667,0.648697916666667,0,-0.0808335717940462
50.8,0.648788483937581,0,-0.0816464074354751
50.8333333333333,0.648697916666667,0,-0.0826198375327894
50.8666666666667,0.648626708984375,0,-0.0834106847496738
50.9,0.648626708984375,0,-0.0840857420159534
50.9333333333333,0.648485819498698,0,-0.0847901687857003
50.9666666666667,0.648697916666667,0,-0.085275689499011
51,0.648535315195719,0,-0.086194793359321
51.0333333333333,0.648645909627279,0,-0.086820326592405
51.0666666666667,0.64874210357666,0,-0.0876792801286599
51.1,0.64853515625,0,-0.0887044715976869
51.1333333333333,0.648635959625244,0,-0.089340147020346
51.1666666666667,0.6484375,0,-0.0901903399597922
51.2,0.648718738555908,0,-0.0906983444066281
51.2333333333333,0.648539543151855,-0.0015,-0.0767579681983283
51.2666666666667,0.648775513966878,-0.0015,-0.0774714966033167
51.3,0.64827979405721,-0.0015,-0.0786205219200399
51.3333333333333,0.648773829142253,-0.0015,-0.0788583123114425
51.3666666666667,0.648170725504557,-0.003,-0.0650656289704517
51.4,0.648185443878174,-0.003,-0.0651666014670142
51.4333333333333,0.648394616444906,-0.003,-0.0654342875100343
51.4666666666667,0.648387559254964,-0.003,-0.0661783882557687
51.5,0.648393376668294,-0.003,-0.0669390987726366
51.5333333333333,0.648393376668294,-0.003,-0.0677359123044607
51.5666666666667,0.648697916666667,-0.003,-0.0685522358238431
51.6,0.648235607147217,-0.003,-0.0699114588230293
51.6333333333333,0.648442141215007,-0.003,-0.0703851909340637
51.6666666666667,0.648504161834717,-0.003,-0.0712926138513786
51.7,0.648607063293457,-0.003,-0.0723047791506023
51.7333333333333,0.648823642730713,-0.003,-0.0734722921227131
51.7666666666667,0.648394870758057,-0.003,-0.0749617184618473
51.8,0.64845069249471,-0.003,-0.075594132580634
51.8333333333333,0.6484375,-0.003,-0.0763639110538673
51.8666666666667,0.6484375,-0.003,-0.0771271858121976
51.9,0.648705164591471,-0.003,-0.077908330212252
51.9333333333333,0.648697916666667,-0.003,-0.079167598592261
51.9666666666667,0.648697916666667,-0.003,-0.0803403980235318
52,0.648697916666667,-0.0045,-0.0664528375274047
52.0333333333333,0.648792107899984,-0.0045,-0.0675141842196594
52.0666666666667,0.648721122741699,-0.0045,-0.0686953872341319
52.1,0.648642539978027,-0.0045,-0.0696870203781287
52.1333333333333,0.64859406153361,-0.0045,-0.0705093433840255
52.1666666666667,0.648690382639567,-0.0045,-0.0712452401163806
52.2,0.648782380421956,-0.0045,-0.0721616515035878
52.2333333333333,0.648703765869141,-0.0045,-0.0732182126655896
52.2666666666667,0.648697916666667,-0.0045,-0.0740932287092964
52.3,0.648597240447998,-0.0045,-0.0749453205632994
52.3333333333333,0.648609256744385,-0.0045,-0.0756146068372706
52.3666666666667,0.648501014709473,-0.0045,-0.0763302627249762
52.4,0.6484375,-0.0045,-0.0768766843231802
52.4333333333333,0.648667907714844,-0.0045,-0.0773636625732945
52.4666666666667,0.64865878423055,-0.0045,-0.0783127595609218
52.5,0.64865878423055,-0.0045,-0.0792254731199173
52.5333333333333,0.648697916666667,-0.006,-0.0651237529888955
52.5666666666667,0.648664156595866,-0.006,-0.0660776207426165
52.6,0.648590151468913,-0.006,-0.0669502753939751
52.6333333333333,0.64864075978597,-0.006,-0.0676865854982548
52.6666666666667,0.648804219563802,-0.006,-0.068527484576533
52.7,0.64855359395345,-0.006,-0.0696494629487033
52.7333333333333,0.64861110051473,-0.0075,-0.0552835834139218
52.7666666666667,0.648501014709473,-0.0075,-0.056052399970194
52.8,0.6484375,-0.0075,-0.0566420719147359
52.8333333333333,0.648760191599528,-0.0075,-0.0571670442519863
52.8666666666667,0.648760191599528,-0.0075,-0.0583092494759815
52.9,0.648460292816162,-0.0075,-0.0593970915105837
52.9333333333333,0.64864075978597,-0.0075,-0.0599198971876403
52.9666666666667,0.64864075978597,-0.0075,-0.0608128250735522
53,0.6484375,-0.0075,-0.0616964967845764
53.0333333333333,0.648697916666667,-0.0075,-0.0622205642349011
53.0666666666667,0.64864075978597,-0.0075,-0.0632542169523165
53.1,0.648697916666667,-0.0075,-0.0641547767249428
53.1333333333333,0.648697916666667,-0.0075,-0.0651437112483908
53.1666666666667,0.648594156901042,-0.0075,-0.0661052836323606
53.2,0.648522218068441,-0.0075,-0.0668641611209057
53.2333333333333,0.648676586151123,-0.009,-0.0525124927752962
53.2666666666667,0.648472944895426,-0.009,-0.0534630371664908
53.3,0.648486836751302,-0.009,-0.0540410639221132
53.3333333333333,0.648697916666667,-0.009,-0.0546917955125829
53.3666666666667,0.6484375,-0.009,-0.0557444859638219
53.4,0.64864075978597,-0.009,-0.0563093558186505
53.4333333333333,0.648594156901042,-0.009,-0.0572784429051035
53.4666666666667,0.6482603708903,-0.009,-0.0581456135254838
53.5,0.648558616638184,-0.009,-0.0584320451952682
53.5333333333333,0.6484375,-0.009,-0.0593395348934376
53.5666666666667,0.64855359395345,-0.009,-0.0600298192338054
53.6,0.64861110051473,-0.009,-0.0609533788962772
53.6333333333333,0.648591613769531,-0.009,-0.0619661362445127
53.6666666666667,0.6484375,-0.009,-0.0629176236535148
53.7,0.6482603708903,-0.009,-0.0635851582506054
53.7333333333333,0.648590151468913,-0.009,-0.0639810816998612
53.7666666666667,0.648528480529785,-0.009,-0.0650342011022564
53.8,0.648501014709473,-0.009,-0.0659471332521966
53.8333333333333,0.6482603708903,-0.009,-0.0668038030014697
53.8666666666667,0.6484375,-0.009,-0.0672452252427263
53.9,0.64865878423055,-0.009,-0.0680715633538263
53.9333333333333,0.64855359395345,-0.009,-0.0692897473377899
53.9666666666667,0.64855359395345,-0.009,-0.0702617042009753
54,0.64855359395345,-0.009,-0.0712129955207952
54.0333333333333,0.64855359395345,-0.009,-0.0721466083512698
54.0666666666667,0.64855359395345,-0.009,-0.0730651142065102
54.1,0.64855359395345,-0.009,-0.0739707257529731
54.1333333333333,0.64855359395345,-0.009,-0.0748653458468283
54.1666666666667,0.64855359395345,-0.009,-0.075750609944235
54.2,0.64855359395345,-0.009,-0.076627922774761
54.2333333333333,0.648330020904541,-0.009,-0.0774984900489782
54.2666666666667,0.648497613271077,-0.009,-0.0779764276119428
54.3,0.648302268981934,-0.009,-0.0788116582959447
54.3333333333333,0.64864075978597,-0.009,-0.0793116290264494
54.3666666666667,0.648352400461833,-0.009,-0.0804626386314605
54.4,0.648344484965007,-0.009,-0.0810604984326917
54.4333333333333,0.648394870758057,-0.0105,-0.0666916913486078
54.4666666666667,0.648395856221517,-0.0105,-0.0674522643873968
54.5,0.648690001169841,-0.0105,-0.0682337537269378
54.5333333333333,0.6484375,-0.0105,-0.0695399584856301
54.5666666666667,0.648177083333333,-0.0105,-0.0703273133998082
54.6,0.648555596669515,-0.0105,-0.0706759382369014
54.6333333333333,0.648215675354004,-0.0105,-0.0717735545078524
54.6666666666667,0.648461023966471,-0.0105,-0.0722400917751435
54.7,0.6484375,-0.0105,-0.0732043586680168
54.7333333333333,0.648324171702067,-0.0105,-0.0741103948957008
54.7666666666667,0.648697916666667,-0.0105,-0.074812761873283
54.8,0.6484375,-0.0105,-0.0761918263404847
54.8333333333333,0.6484375,-0.0105,-0.0770247211946417
54.8666666666667,0.648634147644043,-0.0105,-0.077860605806051
54.9,0.648634147644043,-0.0105,-0.0790392328897555
54.9333333333333,0.648697916666667,-0.0105,-0.0801564017814448
54.9666666666667,0.648674710591634,-0.0105,-0.0813318984601041
55,0.648674710591634,-0.0105,-0.0824027211483923
55.0333333333333,0.648674710591634,-0.0105,-0.0834266159724572
55.0666666666667,0.648674710591634,-0.0105,-0.0844110674012593
55.1,0.648674710591634,-0.012,-0.0703624704880496
55.1333333333333,0.648674710591634,-0.012,-0.0712862829447995
55.1666666666667,0.648674710591634,-0.012,-0.0721871564317822
55.2,0.648674710591634,-0.0135,-0.058069049871501
55.2333333333333,0.648674710591634,-0.0135,-0.0589353272187786
55.2666666666667,0.648256460825602,-0.015,-0.0447888417919655
55.3,0.6484375,-0.015,-0.0449081808206265
55.3333333333333,0.64841693242391,-0.015,-0.0454673669050582
55.3666666666667,0.648177083333333,-0.015,-0.0460399392592653
55.4,0.648177083333333,-0.015,-0.04624562962307
55.4333333333333,0.648320770263672,-0.015,-0.0465694691058009
55.4666666666667,0.648442776997884,-0.015,-0.0472418063286505
55.5,0.648256460825602,-0.015,-0.0481631117164426
55.5333333333333,0.6484375,-0.0165,-0.0337542292816069
55.5666666666667,0.648177083333333,-0.0165,-0.034711763849841
55.6,0.64817787806193,-0.0165,-0.0352047441159547
55.6333333333333,0.648408667246501,-0.0165,-0.0357708839385725
55.6666666666667,0.648420015970866,-0.0165,-0.0367964232937672
55.7,0.648301537831624,-0.0165,-0.0378173774086131
55.7333333333333,0.648420015970866,-0.0165,-0.0386085770632296
55.7666666666667,0.648177083333333,-0.0165,-0.0396216184429043
55.8,0.648493194580078,-0.0165,-0.0401897934705614
55.8333333333333,0.648556645711263,-0.0165,-0.0413622541871179
55.8666666666667,0.648177083333333,-0.0165,-0.0425905733564368
55.9,0.648165289560954,-0.0165,-0.0430955124587312
55.9333333333333,0.648165289560954,-0.0165,-0.0436458774063408
55.9666666666667,0.648350016276042,-0.0165,-0.0442554635270389
56,0.648350016276042,-0.0165,-0.0452344652532742
56.0333333333333,0.648350016276042,-0.0165,-0.0461955249876064
56.0666666666667,0.648350016276042,-0.0165,-0.0471409586166599
56.1,0.648350016276042,-0.0165,-0.0480727789351275
56.1333333333333,0.648350016276042,-0.0165,-0.0489927356337003
56.1666666666667,0.648350016276042,-0.0165,-0.0499023499869018
56.2,0.648350016276042,-0.0165,-0.0508029449451462
56.2333333333333,0.648215675354004,-0.0165,-0.051695671241612
56.2666666666667,0.648372046152751,-0.0165,-0.0523490379985984
56.3,0.648260656992594,-0.0165,-0.0533103378741007
56.3333333333333,0.648320770263672,-0.0165,-0.054059810099023
56.3666666666667,0.6484375,-0.0165,-0.0549328984737517
56.4,0.648422622680664,-0.0165,-0.0560049845873945
56.4333333333333,0.6484375,-0.0165,-0.0570109342645777
56.4666666666667,0.648184808095296,-0.0165,-0.0580131097704147
56.5,0.648506641387939,-0.0165,-0.0585481235004703
56.5333333333333,0.648492463429769,-0.0165,-0.0596963007939365
56.5666666666667,0.64817787806193,-0.0165,-0.0607636650107848
56.6,0.648347155253092,-0.0165,-0.0612435285526219
56.6333333333333,0.648165289560954,-0.0165,-0.0620813803619954
56.6666666666667,0.648264757792155,-0.0165,-0.0626049509087557
56.7,0.648349475860596,-0.0165,-0.0633596478952753
56.7333333333333,0.6484375,-0.0165,-0.0642786948790992
56.7666666666667,0.6484375,-0.0165,-0.065337613949247
56.8,0.6484375,-0.0165,-0.0663574628937975
56.8333333333333,0.6484375,-0.0165,-0.0673441703033176
56.8666666666667,0.6484375,-0.0165,-0.0683028206806108
56.9,0.6484375,-0.0165,-0.0692377709815337
56.9333333333333,0.6484375,-0.0165,-0.0701527513192072
56.9666666666667,0.6484375,-0.0165,-0.0710509519653724
57,0.648211924235026,-0.0165,-0.0719350984964792
57.0333333333333,0.648211924235026,-0.0165,-0.0724171325032087
57.0666666666667,0.648202196756999,-0.0165,-0.0729621468315372
57.1,0.648202196756999,-0.0165,-0.0735437167950787
57.1333333333333,0.648308658599854,-0.0165,-0.0741735904767546
57.1666666666667,0.648077646891276,-0.0165,-0.0750284817922027
57.2,0.648210271199544,-0.0165,-0.0754835860929035
57.2333333333333,0.648358726501465,-0.0165,-0.0762425072117135
57.2666666666667,0.648215675354004,-0.0165,-0.0772781860185882
57.3,0.648268191019694,-0.0165,-0.0780349007116725
57.3333333333333,0.648395856221517,-0.0165,-0.0789017731882077
57.3666666666667,0.648268191019694,-0.0165,-0.0799886927972274
57.4,0.64823424021403,-0.0165,-0.0808124937233952
57.4333333333333,0.648398462931315,-0.0165,-0.0815828086493573
57.4666666666667,0.648398462931315,-0.0165,-0.0826525642245931
57.5,0.648481559753418,-0.0165,-0.0836820819295103
57.5333333333333,0.648556645711263,-0.0165,-0.0848212270623433
57.5666666666667,0.648594156901042,-0.0165,-0.0860345428825445
57.6,0.6484375,-0.0165,-0.0872414050635927
57.6333333333333,0.648301537831624,-0.018,-0.0731048191633756
57.6666666666667,0.648528480529785,-0.018,-0.0737225068038819
57.7,0.648530864715576,-0.0195,-0.0597682682925858
57.7333333333333,0.648344484965007,-0.0195,-0.0607751384993804
57.7666666666667,0.648347155253092,-0.0195,-0.0614225670835527
57.8,0.648228168487549,-0.0195,-0.0621038249039984
57.8333333333333,0.648203468322754,-0.0195,-0.0626033189772627
57.8666666666667,0.648583857218424,-0.021,-0.0481191082267034
57.9,0.648583857218424,-0.021,-0.0493512660106166
57.9333333333333,0.648244794209798,-0.021,-0.0505099425737479
57.9666666666667,0.648297754923503,-0.021,-0.051019736421513
58,0.648297754923503,-0.021,-0.0516781528560121
58.0333333333333,0.648591581980387,-0.021,-0.0523678519650941
58.0666666666667,0.648528480529785,-0.021,-0.0535925950728646
58.1,0.648528480529785,-0.021,-0.054635881022454
58.1333333333333,0.64823424021403,-0.021,-0.0556384629690864
58.1666666666667,0.648094590504964,-0.021,-0.0560975642531912
58.2,0.648177083333333,-0.021,-0.056381090957681
58.2333333333333,0.648301951090495,-0.021,-0.0569085014403147
58.2666666666667,0.648379039764404,-0.021,-0.057710968411388
58.3,0.64817787806193,-0.021,-0.0586563356618199
58.3333333333333,0.64817787806193,-0.021,-0.0592365657801337
58.3666666666667,0.648364766438802,-0.021,-0.0598671073505182
58.4,0.648190561930339,-0.021,-0.060863453220611
58.4333333333333,0.648227659861247,-0.021,-0.0615336496331021
58.4666666666667,0.6484375,-0.021,-0.0623030879148809
58.5,0.64829257329305,-0.021,-0.063453101439047
58.5333333333333,0.64824333190918,-0.021,-0.0642990990689369
58.5666666666667,0.648266506195068,-0.021,-0.0650613613139485
58.6,0.64844020207723,-0.021,-0.0658806773642505
58.6333333333333,0.64823424021403,-0.021,-0.0670072691853385
58.6666666666667,0.648496564229329,-0.0225,-0.0527268673427803
58.7,0.648496564229329,-0.0225,-0.0539239397401287
58.7333333333333,0.648504161834717,-0.0225,-0.0550561916212981
58.7666666666667,0.648177083333333,-0.0225,-0.0561466899716049
58.8,0.648240947723389,-0.0225,-0.0566222916439756
58.8333333333333,0.648147328694661,-0.0225,-0.0572726781056321
58.8666666666667,0.648559284210205,-0.0225,-0.0577949181191532
58.9,0.648559284210205,-0.0225,-0.0590889408500991
58.9333333333333,0.648177083333333,-0.0225,-0.0602998528805027
58.9666666666667,0.648177083333333,-0.0225,-0.0607789804173652
59,0.648077646891276,-0.0225,-0.0613219279943731
59.0333333333333,0.6484375,-0.0225,-0.0617468678345709
59.0666666666667,0.6484375,-0.0225,-0.0628723597580125
59.1,0.648177083333333,-0.0225,-0.0639474957500849
59.1333333333333,0.648486677805583,-0.0225,-0.0645292084913098
59.1666666666667,0.648080476125081,-0.0225,-0.0656944566831083
59.2,0.648347918192546,-0.0225,-0.0660972396739654
59.2333333333333,0.6484375,-0.0225,-0.0670434593975743
59.2666666666667,0.648366355895996,-0.0225,-0.0681265967295107
59.3,0.648177083333333,-0.0225,-0.0690422928692115
59.3333333333333,0.6484375,-0.0225,-0.0696158292975496
59.3666666666667,0.648190561930339,-0.0225,-0.0706887196715826
59.4,0.64823424021403,-0.0225,-0.0712914384881926
59.4333333333333,0.648177083333333,-0.0225,-0.0720131126591819
59.4666666666667,0.648177083333333,-0.0225,-0.0726584376670971
59.5,0.6484375,-0.0225,-0.0733411902607801
59.5333333333333,0.648177083333333,-0.0225,-0.0745061433471712
59.5666666666667,0.648153877258301,-0.0225,-0.0751629254691161
59.6,0.648177083333333,-0.0225,-0.075814719607825
59.6333333333333,0.6484375,-0.0225,-0.0765437764319354
59.6666666666667,0.648177083333333,-0.0225,-0.0777472257879445
59.7,0.6484375,-0.0225,-0.0784358590760358
59.7333333333333,0.648177083333333,-0.0225,-0.0796046989986978
59.7666666666667,0.648244190216064,-0.0225,-0.0802637301171285
59.8,0.648013273874919,-0.0225,-0.0810727339514353
59.8333333333333,0.648013273874919,-0.0225,-0.0814890151405786
59.8666666666667,0.6484375,-0.0225,-0.081985471264731
59.9,0.648013273874919,-0.0225,-0.0832837281217814
59.9333333333333,0.648374303181966,-0.0225,-0.0837679372072013
59.9666666666667,0.648315175374349,-0.0225,-0.0849458761489409
60,0.648231156667074,-0.0225,-0.0859631360307077
60.0333333333333,0.648077646891276,-0.024,-0.0718044463810286
60.0666666666667,0.6484375,-0.024,-0.0723811827355195
60.1,0.64802516301473,-0.024,-0.0736309767321445
60.1333333333333,0.648177083333333,-0.024,-0.0740935315947953
60.1666666666667,0.648177083333333,-0.024,-0.0748895157206989
60.2,0.648171234130859,-0.0255,-0.0606960393595208
60.2333333333333,0.648171234130859,-0.0255,-0.0615011643773181
60.2666666666667,0.648217964172363,-0.0255,-0.0623153564826354
60.3,0.648073323567708,-0.0255,-0.063217886047565
60.3333333333333,0.648583857218424,-0.0255,-0.0638611402277851
60.3666666666667,0.6484375,-0.0255,-0.0654267902071858
60.4,0.648005294799805,-0.0255,-0.0666072117879137
60.4333333333333,0.648228168487549,-0.0255,-0.0669751219610046
60.4666666666667,0.648320229848226,-0.0255,-0.0678135670214596
60.5,0.648177083333333,-0.0255,-0.0688112732421812
60.5333333333333,0.648214276631673,-0.0255,-0.0695314809469559
60.5666666666667,0.648177083333333,-0.0255,-0.0703370225411985
60.6,0.648177083333333,-0.0255,-0.0710839425259782
60.6333333333333,0.648177083333333,-0.0255,-0.071847691865228
60.6666666666667,0.648070780436198,-0.0255,-0.0726256352671346
60.7,0.648035049438477,-0.0255,-0.0732315488882607
60.7333333333333,0.64817787806193,-0.0255,-0.0738199107537289
60.7666666666667,0.648303826649984,-0.0255,-0.0747042988052551
60.8,0.648035049438477,-0.0255,-0.0758017125719695
60.8333333333333,0.64804433186849,-0.0255,-0.076388952698676
60.8666666666667,0.648167324066162,-0.0255,-0.0770406483991432
60.9,0.648306306203206,-0.0255,-0.0779429609367972
60.9333333333333,0.648306306203206,-0.0255,-0.0790778457842485
60.9666666666667,0.648177083333333,-0.0255,-0.0801609402390457
61,0.648177083333333,-0.0255,-0.0809764048412309
61.0333333333333,0.648260402679443,-0.0255,-0.0817962258610393
61.0666666666667,0.648177083333333,-0.0255,-0.0827638730214569
61.1,0.648177083333333,-0.0255,-0.0835634802103906
61.1333333333333,0.648177083333333,-0.0255,-0.0843697441324836
61.1666666666667,0.6484375,-0.027,-0.0701816204582112
61.2,0.6484375,-0.027,-0.0714488960586755
61.2333333333333,0.6484375,-0.027,-0.0726361676474368
61.2666666666667,0.64811627070109,-0.027,-0.073755802034427
61.3,0.648177083333333,-0.027,-0.0742624670821459
61.3333333333333,0.648177083333333,-0.027,-0.0749299568767165
61.3666666666667,0.64823424021403,-0.027,-0.0756251085772987
61.4,0.648232364654541,-0.027,-0.0764427409223438
61.4333333333333,0.647974904378255,-0.027,-0.0772587432139199
61.4666666666667,0.648177083333333,-0.027,-0.0776312363168204
61.5,0.648177083333333,-0.027,-0.0784384427645827
61.5333333333333,0.648177083333333,-0.027,-0.0792522036276166
61.5666666666667,0.648035049438477,-0.027,-0.0800714203230664
61.6,0.648177083333333,-0.027,-0.0806493518933893
61.6333333333333,0.648141034444173,-0.027,-0.0815226067754148
61.6666666666667,0.647916666666667,-0.027,-0.0823294251385795
61.7,0.647916666666667,-0.027,-0.0827559716626125
61.7333333333333,0.648196951548259,-0.027,-0.0832614712414192
61.7666666666667,0.648196951548259,-0.027,-0.0843185785521438
61.8,0.648177083333333,-0.027,-0.0853412491875115
61.8333333333333,0.648013273874919,-0.027,-0.0863000410452705
61.8666666666667,0.648242410024007,-0.027,-0.0869565102566003
61.9,0.64802516301473,-0.027,-0.0880461782289073
61.9333333333333,0.648126443227132,-0.027,-0.0887167689749689
61.9666666666667,0.648327350616455,-0.027,-0.0895959996236799
62,0.648177083333333,-0.027,-0.0908182932627173
62.0333333333333,0.648177083333333,-0.027,-0.091711631000839
62.0666666666667,0.648432858784993,-0.0285,-0.0775950011432932
62.1,0.648177083333333,-0.0285,-0.078912531668944
62.1333333333333,0.648177083333333,-0.0285,-0.0796977344169871
62.1666666666667,0.648167324066162,-0.0285,-0.0804895985524116
62.2,0.648023700714111,-0.0285,-0.0812703324234415
62.2333333333333,0.648178545633952,-0.0285,-0.0818106348207636
62.2666666666667,0.648178545633952,-0.0285,-0.0826721798075282
62.3,0.647916666666667,-0.0285,-0.0835288857933529
62.3333333333333,0.6484375,-0.0285,-0.0839282718159417
62.3666666666667,0.647963174184163,-0.0285,-0.0853099667009432
62.4,0.648177083333333,-0.0285,-0.0857712621438954
62.4333333333333,0.648013273874919,-0.0285,-0.0866714384437652
62.4666666666667,0.647980181376139,-0.0285,-0.0872772327172384
62.5,0.647916666666667,-0.0285,-0.0878692821806457
62.5333333333333,0.648104953765869,-0.0285,-0.0883987967189727
62.5666666666667,0.647946993509928,-0.0285,-0.0893145435761387
62.6,0.648073323567708,-0.0285,-0.0899470258122003
62.6333333333333,0.648094590504964,-0.0285,-0.0908403968454067
62.6666666666667,0.648206233978271,-0.0285,-0.0917652798449092
62.7,0.64821236928304,-0.0285,-0.0928717149315378
62.7333333333333,0.648320770263672,-0.0285,-0.0939426178528804
62.7666666666667,0.648177083333333,-0.0285,-0.0951598810719001
62.8,0.647916666666667,-0.0285,-0.0960585109566156
62.8333333333333,0.647916666666667,-0.0285,-0.096493576304249
62.8666666666667,0.648177083333333,-0.0285,-0.0970017504754673
62.9,0.648177083333333,-0.0285,-0.0980224341447305
62.9333333333333,0.648293654123942,-0.0285,-0.099011326011752
62.9666666666667,0.64831215540568,-0.0285,-0.10017491576492
63,0.64824374516805,-0.0285,-0.101309979391066
63.0333333333333,0.648203468322754,-0.0285,-0.102269469367025
63.0666666666667,0.648127110799154,-0.0285,-0.103133044674933
63.1,0.647934150695801,-0.0285,-0.10385545949588
63.1333333333333,0.648177083333333,-0.03,-0.0892611201997238
63.1666666666667,0.648177083333333,-0.03,-0.0901641250579379
63.2,0.648177083333333,-0.03,-0.0910539522617997
63.2333333333333,0.647955894470215,-0.03,-0.0919326528604466
63.2666666666667,0.647955894470215,-0.0315,-0.0774191903592547
63.3,0.647955894470215,-0.0315,-0.0779691705237697
63.3333333333333,0.647955894470215,-0.033,-0.0635728182626871
63.3666666666667,0.647955894470215,-0.033,-0.0642217599242172
63.4,0.647955894470215,-0.033,-0.0649088291259869
63.4333333333333,0.647955894470215,-0.033,-0.065627899019256
63.4666666666667,0.647955894470215,-0.033,-0.0663737374222502
63.5,0.647955894470215,-0.033,-0.0671418817358072
63.5333333333333,0.647955894470215,-0.033,-0.0679285309689003
63.5666666666667,0.648269939422607,-0.033,-0.0687304525605291
63.6,0.648201243082682,-0.033,-0.070088392035388
63.6333333333333,0.648269939422607,-0.033,-0.0712363972761604
63.6666666666667,0.648269939422607,-0.033,-0.0724481223231455
63.7,0.648269939422607,-0.033,-0.0735908810640985
63.7333333333333,0.648269939422607,-0.033,-0.074675269160013
63.7666666666667,0.648269939422607,-0.033,-0.0757103651558017
63.8,0.648269939422607,-0.033,-0.076703940541071
63.8333333333333,0.648269939422607,-0.033,-0.0776626412230079
63.8666666666667,0.648269939422607,-0.033,-0.078592144266311
63.9,0.648177083333333,-0.033,-0.0794972932378882
63.9333333333333,0.648122755686442,-0.033,-0.0802215171609187
63.9666666666667,0.647983328501384,-0.033,-0.0808649421505265
64,0.648073323567708,-0.033,-0.0812961496860097
64.0333333333333,0.647983328501384,-0.033,-0.0819529707126668
64.0666666666667,0.647983328501384,-0.033,-0.0824843413703656
64.1,0.648135534922282,-0.033,-0.0830704659872163
64.1333333333333,0.648242410024007,-0.033,-0.0839663450426842
64.1666666666667,0.648164780934652,-0.033,-0.0850372497152285
64.2,0.648168277740478,-0.033,-0.0859308581731687
64.2333333333333,0.648169167836507,-0.033,-0.0868191783681595
64.2666666666667,0.648070780436198,-0.033,-0.0876983320086142
64.3,0.648177083333333,-0.033,-0.0883979031652134
64.3333333333333,0.648177083333333,-0.033,-0.0893053351123572
64.3666666666667,0.648214721679688,-0.033,-0.0901987351455077
64.4,0.648070780436198,-0.033,-0.091145425274157
64.4333333333333,0.648151683807373,-0.033,-0.0918208968191377
64.4666666666667,0.648151683807373,-0.033,-0.0926641565211746
64.5,0.648151683807373,-0.033,-0.0935048894526633
64.5333333333333,0.648151683807373,-0.033,-0.0943435220585745
64.5666666666667,0.648151683807373,-0.033,-0.0951804172504653
64.6,0.648151683807373,-0.033,-0.0960158833750585
64.6333333333333,0.648151683807373,-0.033,-0.096850181949932
64.6666666666667,0.648151683807373,-0.033,-0.0976835343334688
64.7,0.648177083333333,-0.033,-0.0985161274737236
64.7333333333333,0.647921943664551,-0.033,-0.0993920755920253
64.7666666666667,0.647916666666667,-0.033,-0.0998178174959091
64.8,0.648211320241292,-0.033,-0.100309407325916
64.8333333333333,0.648035049438477,-0.033,-0.101376034864276
64.8666666666667,0.6484375,-0.033,-0.102097536997335
64.9,0.648211320241292,-0.033,-0.10353830724967
64.9333333333333,0.648243363698324,-0.033,-0.104477033817264
64.9666666666667,0.64850393931071,-0.033,-0.10545052788615
65,0.648070748647054,-0.033,-0.106847221996735
65.0333333333333,0.647961266835531,-0.033,-0.107386857106342
65.0666666666667,0.647970612843831,-0.033,-0.107786091829153
65.1,0.648080476125081,-0.0345,-0.0932785730595632
65.1333333333333,0.647999223073324,-0.0345,-0.0940235043240595
65.1666666666667,0.647999223073324,-0.0345,-0.0946451188074381
65.2,0.648177083333333,-0.0345,-0.0953075002679335
65.2333333333333,0.64817377726237,-0.0345,-0.0963120593754829
65.2666666666667,0.647939459482829,-0.0345,-0.0972824524913288
65.3,0.647991180419922,-0.0345,-0.0978241691070678
65.3333333333333,0.648170312245687,-0.0345,-0.0985112329448119
65.3666666666667,0.648170312245687,-0.0345,-0.0995387221891348
65.4,0.647919241587321,-0.0345,-0.100533979173572
65.4333333333333,0.647966003417969,-0.0345,-0.101067271551738
65.4666666666667,0.648031457265218,-0.0345,-0.101739079877553
65.5,0.647999223073324,-0.0345,-0.10255764722502
65.5333333333333,0.648167324066162,-0.0345,-0.103327423782107
65.5666666666667,0.648177083333333,-0.0345,-0.104404176595613
65.6,0.647983328501384,-0.0345,-0.105456948172032
65.6333333333333,0.648082860310872,-0.0345,-0.106136467268832
65.6666666666667,0.648177083333333,-0.036,-0.0920184763609479
65.7,0.64820073445638,-0.036,-0.0930569122426996
65.7333333333333,0.64820073445638,-0.036,-0.0941001482249298
65.7666666666667,0.648432191212972,-0.036,-0.0951051045275837
65.8,0.648303922017415,-0.036,-0.0964782224677427
65.8333333333333,0.648177083333333,-0.036,-0.0975273708684
65.8666666666667,0.648177083333333,-0.036,-0.0983122632307137
65.9,0.648123009999593,-0.0375,-0.0841004843767924
65.9333333333333,0.647966003417969,-0.0375,-0.0847982480180291
65.9666666666667,0.648070780436198,-0.039,-0.0702446535997294
66,0.648070780436198,-0.0405,-0.0559404768089874
66.0333333333333,0.648137950897217,-0.0405,-0.0566602682597844
66.0666666666667,0.648177083333333,-0.042,-0.0425166442506487
66.1,0.647960726420085,-0.042,-0.0434363123473589
66.1333333333333,0.648119576772054,-0.0435,-0.0289651926293304
66.1666666666667,0.647916666666667,-0.0435,-0.0298249243824065
66.2,0.648070780436198,-0.0435,-0.0303295902945645
66.2333333333333,0.648088804880778,-0.0435,-0.0311630235749375
66.2666666666667,0.648088804880778,-0.0435,-0.0320303455789538
66.3,0.647756131490072,-0.0435,-0.0328939764765254
66.3333333333333,0.648105112711589,-0.0435,-0.0331786061507718
66.3666666666667,0.647916666666667,-0.0435,-0.0341715380825899
66.4,0.64798485438029,-0.0435,-0.0348138744302601
66.4333333333333,0.648034763336182,-0.0435,-0.0356139965971856
66.4666666666667,0.648177083333333,-0.0435,-0.0365118757981719
66.5,0.64765625,-0.0435,-0.0376492836754234
66.5333333333333,0.648087660471598,-0.0435,-0.0378334203098833
66.5666666666667,0.64798485438029,-0.0435,-0.0388879425145013
66.6,0.648081334431966,-0.0435,-0.0397298759413744
66.6333333333333,0.647916666666667,-0.0435,-0.0407422505312521
66.6666666666667,0.647983328501384,-0.0435,-0.0414411791129139
66.7,0.647916666666667,-0.0435,-0.0422842196306628
66.7333333333333,0.648123009999593,-0.0435,-0.0430144681537542
66.7666666666667,0.647983328501384,-0.0435,-0.0441252222736743
66.8,0.64811741511027,-0.0435,-0.0449472397954625
66.8333333333333,0.647916666666667,-0.0435,-0.0460063492926139
66.8666666666667,0.648195584615072,-0.0435,-0.0466788866651557
66.9,0.647860685984294,-0.0435,-0.0478655798453678
66.9333333333333,0.64765625,-0.0435,-0.0484092444070137
66.9666666666667,0.648123009999593,-0.0435,-0.0486533182370778
67,0.647966003417969,-0.0435,-0.0498168526961879
67.0333333333333,0.647929700215658,-0.0435,-0.0506524200424726
67.0666666666667,0.648018964131673,-0.0435,-0.0514279365803761
67.1,0.648081270853678,-0.0435,-0.0523717833086423
67.1333333333333,0.648163318634033,-0.0435,-0.0534061861712052
67.1666666666667,0.648070780436198,-0.0435,-0.054547690492954
67.2,0.648073323567708,-0.0435,-0.0554729454021888
67.2333333333333,0.64765625,-0.0435,-0.0563849355832532
67.2666666666667,0.648058605194092,-0.0435,-0.056559391931614
67.3,0.648099676767985,-0.0435,-0.0575513711485805
67.3333333333333,0.648177083333333,-0.0435,-0.0585871786675018
67.3666666666667,0.647980181376139,-0.0435,-0.0597205263825557
67.4,0.648070780436198,-0.0435,-0.0604572857775289
67.4333333333333,0.648070780436198,-0.0435,-0.0613671191788136
67.4666666666667,0.648167610168457,-0.0435,-0.0622615707482843
67.5,0.647901725769043,-0.0435,-0.0633106382898096
67.5333333333333,0.647916666666667,-0.0435,-0.0638574581943532
67.5666666666667,0.648015435536702,-0.0435,-0.0644803634296504
67.6,0.647972361246745,-0.0435,-0.0653119740260589
67.6333333333333,0.647837893168132,-0.0435,-0.0660691694216772
67.6666666666667,0.647970136006673,-0.0435,-0.0666076363438119
67.7,0.647832775115967,-0.0435,-0.0674301200248165
67.7333333333333,0.647920926411947,-0.0435,-0.0680188163832094
67.7666666666667,0.647723960876465,-0.0435,-0.0688075446622748
67.8,0.647916666666667,-0.0435,-0.0692669651945291
67.8333333333333,0.647947438557943,-0.0435,-0.0701329503776576
67.8666666666667,0.647664165496826,-0.0435,-0.0710515803678496
67.9,0.647664165496826,-0.0435,-0.0714692057399096
67.9333333333333,0.647916666666667,-0.0435,-0.071968746418009
67.9666666666667,0.6480299949646,-0.0435,-0.0729742037190567
68,0.647916666666667,-0.0435,-0.0741522196333909
68.0333333333333,0.647961266835531,-0.0435,-0.0750771499700975
68.0666666666667,0.647916666666667,-0.0435,-0.0760672385318115
68.1,0.648153877258301,-0.0435,-0.0769552840748226
68.1333333333333,0.647983328501384,-0.0435,-0.0782469474009373
68.1666666666667,0.648105875651042,-0.0435,-0.0791609277541627
68.2,0.647777589162191,-0.0435,-0.0802720467854978
68.2333333333333,0.648235734303792,-0.0435,-0.080762852101277
68.2666666666667,0.648119926452637,-0.045,-0.0671082703246886
68.3,0.64765625,-0.045,-0.0681578087353772
68.3333333333333,0.648010031382243,-0.045,-0.0683615472794124
68.3666666666667,0.648041566212972,-0.0465,-0.0542905379839242
68.4,0.647916666666667,-0.048,-0.0402557199711435
68.4333333333333,0.647999223073324,-0.048,-0.0409790451729168
68.4666666666667,0.647999223073324,-0.048,-0.0418638212770599
68.5,0.647860685984294,-0.048,-0.0427377495489552
68.5333333333333,0.647713406880697,-0.048,-0.0433627933261523
68.5666666666667,0.647916666666667,-0.048,-0.0437699567237193
68.6,0.647694714864095,-0.048,-0.0446076982128991
68.6333333333333,0.647969690958659,-0.048,-0.0450623862710306
68.6666666666667,0.647657044728597,-0.048,-0.0460652641761344
68.7,0.647794437408447,-0.048,-0.046499384638221
68.7333333333333,0.647961266835531,-0.048,-0.0472484282009811
68.7666666666667,0.647556813557943,-0.048,-0.0483068875981213
68.8,0.647916666666667,-0.048,-0.0486287808591267
68.8333333333333,0.647900899251302,-0.048,-0.0496725643672727
68.8666666666667,0.647891108194987,-0.048,-0.0506565417916996
68.9,0.647961266835531,-0.048,-0.0516007669951005
68.9333333333333,0.647691535949707,-0.048,-0.0526499592076513
68.9666666666667,0.647755273183187,-0.048,-0.0531955544944307
69,0.647750441233317,-0.048,-0.0539070902714346
69.0333333333333,0.647963205973307,-0.048,-0.0546365659620873
69.0666666666667,0.648177083333333,-0.048,-0.0557577896188589
69.1,0.647899182637533,-0.048,-0.0572001612713152
69.1333333333333,0.647916666666667,-0.048,-0.0580509387618371
69.1666666666667,0.647713406880697,-0.048,-0.0589278684519869
69.2,0.647961266835531,-0.048,-0.059443928011696
69.2333333333333,0.647858206431071,-0.048,-0.0604467817707294
69.2666666666667,0.647961552937826,-0.048,-0.0612402649020084
69.3,0.647961552937826,-0.048,-0.0622195439333161
69.3333333333333,0.647837893168132,-0.048,-0.0631713488861405
69.3666666666667,0.647921943664551,-0.048,-0.0638859003925905
69.4,0.647921943664551,-0.048,-0.0647661548354638
69.4333333333333,0.64765625,-0.048,-0.0656364733529103
69.4666666666667,0.648094304402669,-0.048,-0.0660386026441412
69.5,0.648094304402669,-0.048,-0.0672774526073663
69.5333333333333,0.647916666666667,-0.048,-0.0684415478215665
69.5666666666667,0.648056634267171,-0.048,-0.0692349653671329
69.6,0.647633043924967,-0.0495,-0.0552744798925529
69.6333333333333,0.647657044728597,-0.0495,-0.0555392171382618
69.6666666666667,0.647813161214193,-0.0495,-0.0559469553029542
69.7,0.647813161214193,-0.0495,-0.0567030674554077
69.7333333333333,0.647813161214193,-0.0495,-0.0574749334910751
69.7666666666667,0.647813161214193,-0.0495,-0.0582599877318786
69.8,0.647813161214193,-0.0495,-0.0590560412611536
69.8333333333333,0.647813161214193,-0.0495,-0.0598612291045696
69.8666666666667,0.647813161214193,-0.0495,-0.0606739646462121
69.9,0.647813161214193,-0.0495,-0.0614929003007793
69.9333333333333,0.647813161214193,-0.0495,-0.0623168935944596
69.9666666666667,0.647955799102783,-0.0495,-0.0631449779210352
70,0.64765625,-0.0495,-0.0642231882150511
70.0333333333333,0.64802500406901,-0.0495,-0.0647395961445438
70.0666666666667,0.647920926411947,-0.0495,-0.0659539052566408
70.1,0.647916666666667,-0.0495,-0.0669195872299429
70.1333333333333,0.647682921091716,-0.0495,-0.0678533760956433
70.1666666666667,0.647713406880697,-0.0495,-0.0683632362895487
70.2,0.64765625,-0.0495,-0.0689848054555101
70.2333333333333,0.647713406880697,-0.0495,-0.0695474594410486
70.2666666666667,0.647739823659261,-0.0495,-0.0702611726828625
70.3,0.64765625,-0.0495,-0.0710460841391079
70.3333333333333,0.64765625,-0.0495,-0.07169914267941
70.3666666666667,0.647880140940348,-0.0495,-0.0723896799740931
70.4,0.647936948140462,-0.0495,-0.0734990799901181
70.4333333333333,0.647810586293538,-0.0495,-0.0746608099404181
70.4666666666667,0.647916666666667,-0.0495,-0.0755463279889559
70.5,0.647916666666667,-0.0495,-0.0766072988258502
70.5333333333333,0.647562026977539,-0.0495,-0.0776270504522687
70.5666666666667,0.647562026977539,-0.0495,-0.0779981044296738
70.6,0.647947438557943,-0.0495,-0.0784539146535137
70.6333333333333,0.647916666666667,-0.0495,-0.0796483535449201
70.6666666666667,0.64765625,-0.0495,-0.0807256709083314
70.7,0.647865772247314,-0.0495,-0.0813080137484554
70.7333333333333,0.647865772247314,-0.0495,-0.0822993657536389
70.7666666666667,0.647916666666667,-0.0495,-0.0832623365626693
70.8,0.647794437408447,-0.051,-0.069289284530734
70.8333333333333,0.64765625,-0.051,-0.0700678633601631
70.8666666666667,0.647867107391357,-0.0525,-0.0556155556528356
70.9,0.647864373524984,-0.054,-0.0415797399745201
70.9333333333333,0.647794437408447,-0.054,-0.0425148228384686
70.9666666666667,0.647908496856689,-0.054,-0.0433091009305213
71,0.64765625,-0.054,-0.0443065962882993
71.0333333333333,0.647806517283122,-0.0555,-0.0298357172348383
71.0666666666667,0.64765625,-0.0555,-0.0306793288810206
71.1,0.647791322072347,-0.0555,-0.0312604978730099
71.1333333333333,0.647682634989421,-0.0555,-0.0321218176547734
71.1666666666667,0.647767988840739,-0.0555,-0.0327906647104351
71.2,0.64783608118693,-0.0555,-0.0336384595781988
71.2333333333333,0.647573757171631,-0.0555,-0.0346028722177618
71.2666666666667,0.647832202911377,-0.0555,-0.0350901712479935
71.3,0.647754542032878,-0.0555,-0.0360896330878865
71.3333333333333,0.64765625,-0.0555,-0.0369261134415735
71.3666666666667,0.647599506378174,-0.0555,-0.0375931809437581
71.4,0.647447458902995,-0.0555,-0.0381941859117913
71.4333333333333,0.647806517283122,-0.0555,-0.0385773751172203
71.4666666666667,0.647514216105143,-0.0555,-0.0396690887046228
71.5,0.647756640116374,-0.0555,-0.0402125536988641
71.5333333333333,0.647627798716227,-0.0555,-0.0412335952825429
71.5666666666667,0.647799396514893,-0.0555,-0.0420022457152801
71.6,0.647799396514893,-0.0555,-0.0430841690820745
71.6333333333333,0.647799396514893,-0.0555,-0.0441242357501354
71.6666666666667,0.647799396514893,-0.0555,-0.045128615186294
71.7,0.647799396514893,-0.0555,-0.0461026103921131
71.7333333333333,0.647799396514893,-0.0555,-0.047050776702443
71.7666666666667,0.647799396514893,-0.0555,-0.0479770245004501
71.8,0.647799396514893,-0.0555,-0.048884708011753
71.8333333333333,0.647799396514893,-0.0555,-0.0497767020505981
71.8666666666667,0.647524261474609,-0.0555,-0.0506554683400276
71.9,0.647843933105469,-0.0555,-0.0510469607408589
71.9333333333333,0.647501118977865,-0.0555,-0.0520710634123264
71.9666666666667,0.647682634989421,-0.0555,-0.0524659885793129
72,0.647634919484456,-0.0555,-0.053255186643375
72.0333333333333,0.647549947102865,-0.0555,-0.0539710116069814
72.0666666666667,0.647549947102865,-0.0555,-0.0545628145571549
72.1,0.647719256083171,-0.0555,-0.0552013363310204
72.1333333333333,0.647860685984294,-0.0555,-0.0561721704437478
72.1666666666667,0.647860685984294,-0.0555,-0.0573661453218895
72.2,0.64765625,-0.0555,-0.0584959560110115
72.2333333333333,0.647713406880697,-0.0555,-0.0592175065587035
72.2666666666667,0.647684288024902,-0.0555,-0.0600577479796646
72.3,0.64765625,-0.0555,-0.0608458578376957
72.3333333333333,0.647573757171631,-0.0555,-0.0615933118115228
72.3666666666667,0.647573757171631,-0.0555,-0.0622136429271811
72.4,0.647573757171631,-0.0555,-0.0628737273591585
72.4333333333333,0.647573757171631,-0.0555,-0.0635673189206155
72.4666666666667,0.647573757171631,-0.0555,-0.0642890747412696
72.5,0.647573757171631,-0.0555,-0.0650344295710512
72.5333333333333,0.647573757171631,-0.0555,-0.065799487234891
72.5666666666667,0.647573757171631,-0.0555,-0.0665809269226345
72.6,0.647573757171631,-0.0555,-0.0673759223090502
72.6333333333333,0.647573757171631,-0.057,-0.0531820717682529
72.6666666666667,0.647806517283122,-0.057,-0.0539973381801504
72.7,0.647713406880697,-0.057,-0.0552228145276328
72.7333333333333,0.647395833333333,-0.057,-0.0562180457163917
72.7666666666667,0.64765625,-0.057,-0.0566350008810287
72.8,0.647550042470296,-0.057,-0.0575806212260357
72.8333333333333,0.647550042470296,-0.057,-0.0583242600991252
72.8666666666667,0.647631327311198,-0.057,-0.0590865406054552
72.9,0.64765625,-0.057,-0.0600050480411735
72.9333333333333,0.647657044728597,-0.057,-0.0609534039995446
72.9666666666667,0.64765625,-0.057,-0.0618836421606121
73,0.647715282440186,-0.057,-0.0627955791327597
73.0333333333333,0.647514216105143,-0.057,-0.063795478859798
73.0666666666667,0.647599506378174,-0.057,-0.0644162639975388
73.1,0.647794437408447,-0.057,-0.0652230754092479
73.1333333333333,0.647610092163086,-0.057,-0.0663721765746016
73.1666666666667,0.647713406880697,-0.057,-0.0671434823036513
73.2,0.647713406880697,-0.0585,-0.0531032699849526
73.2333333333333,0.647518444061279,-0.0585,-0.0540379428487069
73.2666666666667,0.64791202545166,-0.0585,-0.0546139842070665
73.3,0.64765625,-0.0585,-0.0559161224775138
73.3333333333333,0.64765625,-0.0585,-0.0566867824016338
73.3666666666667,0.647395833333333,-0.06,-0.0424648399655732
73.4,0.647590923309326,-0.06,-0.0427986146585216
73.4333333333333,0.647899182637533,-0.06,-0.043559505562534
73.4666666666667,0.64765625,-0.06,-0.044866699117434
73.5,0.64765625,-0.06,-0.0456648688865463
73.5333333333333,0.647344748179118,-0.06,-0.0464664243679458
73.5666666666667,0.64765625,-0.06,-0.0467318370174599
73.6,0.64765625,-0.06,-0.0476393322744952
73.6333333333333,0.647518253326416,-0.06,-0.0485334875488605
73.6666666666667,0.647599633534749,-0.06,-0.0491774346957743
73.7,0.647599633534749,-0.06,-0.0499969984994779
73.7333333333333,0.64765625,-0.06,-0.0508196475764382
73.7666666666667,0.647459348042806,-0.06,-0.0517427634949064
73.8,0.647562026977539,-0.06,-0.0523088451489501
73.8333333333333,0.647701899210612,-0.06,-0.0531022381071226
73.8666666666667,0.647418626149495,-0.06,-0.0541464289459376
73.9,0.647749106089274,-0.06,-0.0546625017728447
73.9333333333333,0.64765625,-0.06,-0.0558096551107454
73.9666666666667,0.64765625,-0.06,-0.0567394419031994
74,0.647562026977539,-0.06,-0.0576510887746798
74.0333333333333,0.647514216105143,-0.06,-0.0583842590200336
74.0666666666667,0.647509606679281,-0.06,-0.0590519922839916
74.1,0.647354571024577,-0.06,-0.0597417646452314
74.1333333333333,0.647646490732829,-0.06,-0.0601900292554725
74.1666666666667,0.64765625,-0.06,-0.0612160222545416
74.2,0.64765625,-0.06,-0.0622259302231958
74.2333333333333,0.64765625,-0.06,-0.0632045699046928
74.2666666666667,0.64765625,-0.06,-0.0641566008391167
74.3,0.64765625,-0.06,-0.065086024739664
74.3333333333333,0.64765625,-0.06,-0.0659962759275347
74.3666666666667,0.64765625,-0.06,-0.0668902995057565
74.4,0.64765625,-0.06,-0.0677706189218841
74.4333333333333,0.64765625,-0.06,-0.068639394348404
74.4666666666667,0.647549947102865,-0.06,-0.0694984731181121
74.5,0.647370751698812,-0.06,-0.0701654641903478
74.5333333333333,0.647627798716227,-0.06,-0.0705498378419631
74.5666666666667,0.647459348042806,-0.06,-0.0714601670036173
74.6,0.647514216105143,-0.06,-0.0720646747640283
74.6333333333333,0.647469329833984,-0.06,-0.0728062653428654
74.6666666666667,0.647469329833984,-0.06,-0.0734880108253776
74.7,0.647469329833984,-0.06,-0.0741991579767684
74.7333333333333,0.647469329833984,-0.06,-0.0749349840947983
74.7666666666667,0.647469329833984,-0.06,-0.0756914559841668
74.8,0.647469329833984,-0.06,-0.0764651335640333
74.8333333333333,0.647469329833984,-0.06,-0.0772530866601644
74.8666666666667,0.647469329833984,-0.06,-0.0780528231989897
74.9,0.647469329833984,-0.06,-0.0788622272603906
74.9333333333333,0.647780704498291,-0.06,-0.07967950565351
74.9666666666667,0.64765625,-0.06,-0.0810420106663488
75,0.647599506378174,-0.06,-0.0820938228329648
75.0333333333333,0.647562630971273,-0.06,-0.0830067373018664
75.0666666666667,0.64765625,-0.06,-0.0838396355807207
75.1,0.64735320409139,-0.0615,-0.0698327230471794
75.1333333333333,0.64735320409139,-0.0615,-0.0702696263645408
75.1666666666667,0.647559642791748,-0.0615,-0.0707774264171585
75.2,0.647413317362467,-0.0615,-0.0717024535988754
75.2333333333333,0.647681585947673,-0.0615,-0.0723582866980838
75.2666666666667,0.647395833333333,-0.0615,-0.0735119078651038
75.3,0.647413317362467,-0.0615,-0.0741126994689224
75.3333333333333,0.647395833333333,-0.0615,-0.0747864297885702
75.3666666666667,0.647626177469889,-0.0615,-0.0754602546392384
75.4,0.647626177469889,-0.0615,-0.0765638550608416
75.4333333333333,0.64765625,-0.063,-0.062619312843688
75.4666666666667,0.64765625,-0.063,-0.0636859027749148
75.5,0.64765625,-0.063,-0.0647080917063762
75.5333333333333,0.647543907165527,-0.063,-0.0656927057512352
75.5666666666667,0.647633043924967,-0.063,-0.066451171461516
75.6,0.647395833333333,-0.063,-0.0673733978938594
75.6333333333333,0.647307809193929,-0.063,-0.0678645309234652
75.6666666666667,0.647511927286784,-0.063,-0.0682625361450946
75.7,0.647511927286784,-0.063,-0.0690923410767554
75.7333333333333,0.647791322072347,-0.063,-0.0699227406718864
75.7666666666667,0.647791322072347,-0.063,-0.0712370602464542
75.8,0.647791322072347,-0.063,-0.0724615342593306
75.8333333333333,0.647791322072347,-0.063,-0.0736099966102638
75.8666666666667,0.647791322072347,-0.063,-0.0746942984533988
75.9,0.647791322072347,-0.0645,-0.0607245828660885
75.9333333333333,0.647791322072347,-0.0645,-0.0617095221272762
75.9666666666667,0.647791322072347,-0.0645,-0.0626565226480778
76,0.647791322072347,-0.0645,-0.0635719019205751
76.0333333333333,0.647567590077718,-0.0645,-0.0644610412647474
76.0666666666667,0.647536373138428,-0.066,-0.049941324316346
76.1,0.647518444061279,-0.066,-0.0504219385561973
76.1333333333333,0.647634919484456,-0.066,-0.0509280538070013
76.1666666666667,0.647413317362467,-0.066,-0.0516897012577652
76.2,0.647504170735677,-0.066,-0.0520761741391433
76.2333333333333,0.647549947102865,-0.066,-0.0526985485876208
76.2666666666667,0.647549947102865,-0.066,-0.0534374830668317
76.3,0.647549947102865,-0.066,-0.0541932213436606
76.3333333333333,0.647549947102865,-0.066,-0.0549631049384351
76.3666666666667,0.647549947102865,-0.0675,-0.0407448609893317
76.4,0.647549947102865,-0.0675,-0.0415365485145877
76.4333333333333,0.647549947102865,-0.0675,-0.0423365120128305
76.4666666666667,0.647549947102865,-0.0675,-0.0431433414102045
76.5,0.647549947102865,-0.0675,-0.043955837496121
76.5333333333333,0.647621854146322,-0.0675,-0.044772982104762
76.5666666666667,0.647408866882324,-0.0675,-0.0457183556092486
76.6,0.64765625,-0.0675,-0.0462750035894235
76.6333333333333,0.64765625,-0.0675,-0.0473112958298635
76.6666666666667,0.647288417816162,-0.0675,-0.0483112630200254
76.7,0.647408866882324,-0.0675,-0.0486437787535265
76.7333333333333,0.647395833333333,-0.0675,-0.049277136258685
76.7666666666667,0.647632757822672,-0.0675,-0.0499271188480944
76.8,0.647632757822672,-0.0675,-0.0510242239822048
76.8333333333333,0.647632757822672,-0.0675,-0.0520760221447239
76.8666666666667,0.647632757822672,-0.0675,-0.0530892204692754
76.9,0.647632757822672,-0.0675,-0.0540695821490801
76.9333333333333,0.647632757822672,-0.0675,-0.0550220559968091
76.9666666666667,0.647632757822672,-0.0675,-0.0559508884539259
77,0.647632757822672,-0.0675,-0.0568597204101425
77.0333333333333,0.647632757822672,-0.0675,-0.0577516708773415
77.0666666666667,0.647344748179118,-0.0675,-0.0586294092883115
77.1,0.64771900177002,-0.0675,-0.0589967849374981
77.1333333333333,0.647524261474609,-0.0675,-0.0600947234686672
77.1666666666667,0.64769713083903,-0.0675,-0.0608051206448315
77.2,0.647599093119303,-0.0675,-0.0618347490286986
77.2333333333333,0.647611649831136,-0.0675,-0.0626559831751949
77.2666666666667,0.647691535949707,-0.0675,-0.063497848409609
77.3,0.647552490234375,-0.0675,-0.0644730711408219
77.3333333333333,0.647552490234375,-0.0675,-0.0651778491786016
77.3666666666667,0.64765625,-0.0675,-0.0659023530070986
77.4,0.647395833333333,-0.0675,-0.0668232245628086
77.4333333333333,0.647395833333333,-0.0675,-0.0672742492210002
77.4666666666667,0.64765625,-0.0675,-0.0677930956324638
77.5,0.647468566894531,-0.0675,-0.0688200153064875
77.5333333333333,0.64765625,-0.0675,-0.0694866267783273
77.5666666666667,0.64765625,-0.0675,-0.0705084237512796
77.6,0.64765625,-0.0675,-0.0714953140869343
77.6333333333333,0.64765625,-0.0675,-0.0724525954714607
77.6666666666667,0.64765625,-0.0675,-0.0733848112716097
77.7,0.64765625,-0.0675,-0.0742958546854572
77.7333333333333,0.64765625,-0.0675,-0.0751890587399311
77.7666666666667,0.64765625,-0.0675,-0.0760672740420761
77.8,0.647439893086751,-0.0675,-0.0769329359352723
77.8333333333333,0.647439893086751,-0.0675,-0.0774136925667523
77.8666666666667,0.647565937042236,-0.0675,-0.0779554991981522
77.9,0.647395833333333,-0.0675,-0.0787671800156441
77.9333333333333,0.647388617197672,-0.0675,-0.0792876003972642
77.9666666666667,0.647776889801025,-0.0675,-0.0798529628985892
78,0.647558657328288,-0.0675,-0.0811410732953931
78.0333333333333,0.647395833333333,-0.0675,-0.0819690978669739
78.0666666666667,0.647408866882324,-0.0675,-0.082515832641428
78.1,0.647646490732829,-0.0675,-0.0831379616952181
78.1333333333333,0.647395833333333,-0.0675,-0.0842116963424648
78.1666666666667,0.64765625,-0.0675,-0.084808979256026
78.2,0.647395833333333,-0.069,-0.0709014863182914
78.2333333333333,0.64765625,-0.069,-0.0714968538962499
78.2666666666667,0.64765625,-0.0705,-0.0575873984663064
78.3,0.647713883717855,-0.0705,-0.0586314655047107
78.3333333333333,0.64765625,-0.0705,-0.0597358163258158
78.3666666666667,0.64765625,-0.0705,-0.0606884087317974
78.4,0.64765625,-0.0705,-0.0616156095622829
78.4333333333333,0.647843933105469,-0.0705,-0.0625214263782177
78.4666666666667,0.647524261474609,-0.0705,-0.0637340927171218
78.5,0.647395833333333,-0.072,-0.0493179913877807
78.5333333333333,0.64748264948527,-0.072,-0.0497190338493654
78.5666666666667,0.647515773773193,-0.072,-0.0503453105097551
78.6,0.647465642293294,-0.072,-0.0510644897344679
78.6333333333333,0.647468566894531,-0.072,-0.051716355774834
78.6666666666667,0.647395833333333,-0.072,-0.0524058737120836
78.7,0.64765625,-0.072,-0.0529960764381165
78.7333333333333,0.647439893086751,-0.072,-0.0540827584104095
78.7666666666667,0.647442372639974,-0.072,-0.054749615812404
78.8,0.647395833333333,-0.072,-0.055451957175101
78.8333333333333,0.647259871164958,-0.072,-0.0560991983100095
78.8666666666667,0.647259871164958,-0.072,-0.0565474786296032
78.9,0.647259871164958,-0.072,-0.0570700966928715
78.9333333333333,0.647259871164958,-0.072,-0.0576552731543975
78.9666666666667,0.647259871164958,-0.072,-0.058292938454286
79,0.647259871164958,-0.072,-0.0589744944709486
79.0333333333333,0.647259871164958,-0.072,-0.0596926087268843
79.0666666666667,0.647259871164958,-0.072,-0.0604410367494129
79.1,0.647259871164958,-0.072,-0.0612144687790223
79.1333333333333,0.647440433502197,-0.072,-0.0620083975296076
79.1666666666667,0.647332223256429,-0.072,-0.0631314875397901
79.2,0.647310733795166,-0.072,-0.064022542572016
79.2333333333333,0.64733985265096,-0.072,-0.0648728333227745
79.2666666666667,0.647304852803548,-0.072,-0.0657768997407848
79.3,0.647647380828857,-0.072,-0.0666133727981685
79.3333333333333,0.647395833333333,-0.072,-0.0680475079439322
79.3666666666667,0.647395833333333,-0.072,-0.0689395670130076
79.4,0.64746249516805,-0.072,-0.0698221125205306
79.4333333333333,0.64746249516805,-0.0735,-0.0558117740652381
79.4666666666667,0.647335974375407,-0.0735,-0.0567727894242169
79.5,0.647598393758138,-0.0735,-0.0574904825379015
79.5333333333333,0.647292327880859,-0.0735,-0.0586824258186897
79.5666666666667,0.647310733795166,-0.0735,-0.0592770162967543
79.6,0.647395833333333,-0.0735,-0.0599448734871998
79.6333333333333,0.647230339050293,-0.0735,-0.0607891002216469
79.6666666666667,0.647379557291667,-0.0735,-0.0613440310175034
79.7,0.647143332163493,-0.0735,-0.0622080295888494
79.7333333333333,0.647304852803548,-0.0735,-0.0626579767051208
79.7666666666667,0.64746249516805,-0.0735,-0.0634590271346491
79.8,0.64746249516805,-0.0735,-0.0645411526809335
79.8333333333333,0.647616895039876,-0.0735,-0.0655791695071152
79.8666666666667,0.647616895039876,-0.0735,-0.0668468615612838
79.9,0.647344748179118,-0.0735,-0.068032892004741
79.9333333333333,0.647288354237874,-0.0735,-0.0686788462468244
79.9666666666667,0.647310733795166,-0.0735,-0.0692566159052978
80,0.647392272949219,-0.0735,-0.0699163185624094
80.0333333333333,0.647395833333333,-0.0735,-0.070746531961153
80.0666666666667,0.647290420532227,-0.0735,-0.0715814863137156
80.1,0.647442277272542,-0.0735,-0.0722316389766649
80.1333333333333,0.647442277272542,-0.0735,-0.0731765563697538
80.1666666666667,0.647305488586426,-0.0735,-0.0740995028234735
80.2,0.647231737772624,-0.0735,-0.0747670861534339
80.2333333333333,0.647311941782634,-0.0735,-0.0753353626742009
80.2666666666667,0.647440433502197,-0.0735,-0.0760901592963513
80.3,0.647395833333333,-0.0735,-0.0770817418640798
80.3333333333333,0.647310733795166,-0.0735,-0.0779667682768738
80.3666666666667,0.64747838973999,-0.0735,-0.0786939391945796
80.4,0.647451750437419,-0.0735,-0.0797296684684499
80.4333333333333,0.647395833333333,-0.0735,-0.0806807365196247
80.4666666666667,0.647489706675212,-0.075,-0.06651095129334
80.5,0.647304852803548,-0.075,-0.0675012853168207
80.5333333333333,0.6476424853007,-0.075,-0.0681394917366293
80.5666666666667,0.647316137949626,-0.075,-0.0693944122897446
80.6,0.64765625,-0.075,-0.0700031588088347
80.6333333333333,0.647470347086589,-0.075,-0.0712369716553508
80.6666666666667,0.647395833333333,-0.075,-0.072070377510688
80.7,0.647379557291667,-0.075,-0.0727683737982754
80.7333333333333,0.647395833333333,-0.075,-0.0734569947755598
80.7666666666667,0.647395833333333,-0.075,-0.074195131481153
80.8,0.647389984130859,-0.075,-0.0749462365185814
80.8333333333333,0.647395833333333,-0.0765,-0.060698307403295
80.8666666666667,0.647395833333333,-0.0765,-0.0614718574333506
80.9,0.647226524353027,-0.0765,-0.0622531938904913
80.9333333333333,0.647226524353027,-0.0765,-0.0627481540136637
80.9666666666667,0.647391192118327,-0.0765,-0.0633033400515676
81,0.647259871164958,-0.0765,-0.0641944124776489
81.0333333333333,0.647395833333333,-0.0765,-0.0648480622476691
81.0666666666667,0.647221215565999,-0.0765,-0.0657705978629665
81.1,0.647494379679362,-0.0765,-0.0663753413185052
81.1333333333333,0.647445170084635,-0.0765,-0.0674957523918067
81.1666666666667,0.647290420532227,-0.0765,-0.0684790463063005
81.2,0.647450796763102,-0.0765,-0.0691662732397495
81.2333333333333,0.647395833333333,-0.0765,-0.0701569471748749
81.2666666666667,0.647395833333333,-0.0765,-0.0710226129838251
81.3,0.647395833333333,-0.0765,-0.0718806398982072
81.3333333333333,0.647400093078613,-0.0765,-0.0727321643426322
81.3666666666667,0.647395833333333,-0.0765,-0.0735855343976273
81.4,0.647485001881917,-0.0765,-0.0744254705984215
81.4333333333333,0.647457917531331,-0.0765,-0.0754159659986482
81.4666666666667,0.647395833333333,-0.078,-0.0613276687504426
81.5,0.647116120656331,-0.078,-0.0621136983208961
81.5333333333333,0.647116120656331,-0.078,-0.0624203314773694
81.5666666666667,0.647408866882324,-0.078,-0.0628211906785449
81.6,0.647320906321208,-0.078,-0.0638083755996792
81.6333333333333,0.647451941172282,-0.078,-0.0646162011568589
81.6666666666667,0.647468757629394,-0.0795,-0.0506560057591554
81.7,0.647549947102865,-0.0795,-0.0516869031877606
81.7333333333333,0.647391192118327,-0.0795,-0.0528206051350609
81.7666666666667,0.647493521372477,-0.0795,-0.0536214411900453
81.8,0.647408866882324,-0.0795,-0.0546014234342924
81.8333333333333,0.647395833333333,-0.0795,-0.0554037291545774
81.8666666666667,0.647259871164958,-0.0795,-0.0561845084611426
81.9,0.647395833333333,-0.0795,-0.0567351880889364
81.9333333333333,0.647395833333333,-0.0795,-0.0575695100796711
81.9666666666667,0.647413921356201,-0.0795,-0.0584009479785612
82,0.647413921356201,-0.0795,-0.059261264685682
82.0333333333333,0.647413921356201,-0.0795,-0.0601137178674614
82.0666666666667,0.647413921356201,-0.0795,-0.0609595469130234
82.1,0.647413921356201,-0.0795,-0.0617998117293413
82.1333333333333,0.647413921356201,-0.0795,-0.0626354177328517
82.1666666666667,0.647413921356201,-0.0795,-0.0634671374297982
82.2,0.647413921356201,-0.0795,-0.06429562904603
82.2333333333333,0.647395833333333,-0.0795,-0.0651214526051168
82.2666666666667,0.647391192118327,-0.0795,-0.0659137804461894
82.3,0.647489198048909,-0.0795,-0.0667021187690303
82.3333333333333,0.647408866882324,-0.0795,-0.0676650433681823
82.3666666666667,0.647395833333333,-0.0795,-0.0684616061765293
82.4,0.647426605224609,-0.0795,-0.0692384535177776
82.4333333333333,0.647489706675212,-0.0795,-0.0700752447661268
82.4666666666667,0.647446441650391,-0.0795,-0.0710170494926125
82.5,0.647395833333333,-0.0795,-0.0718601562655713
82.5333333333333,0.64746249516805,-0.0795,-0.0726095656012637
82.5666666666667,0.647426605224609,-0.0795,-0.0734855953749455
82.6,0.64746249516805,-0.0795,-0.0742876405470537
82.6333333333333,0.647489198048909,-0.0795,-0.0751534203900334
82.6666666666667,0.647489198048909,-0.0795,-0.0760553132799259
82.7,0.647495651245117,-0.0795,-0.076940155946242
82.7333333333333,0.647516600290934,-0.0795,-0.0778218651470218
82.7666666666667,0.647391192118327,-0.0795,-0.0787257938752334
82.8,0.647395833333333,-0.0795,-0.0793942242006027
82.8333333333333,0.647395833333333,-0.0795,-0.0800956808120022
82.8666666666667,0.647473971048991,-0.0795,-0.0808169475903414
82.9,0.64733985265096,-0.0795,-0.0816903131647466
82.9333333333333,0.647395833333333,-0.0795,-0.0823207288150275
82.9666666666667,0.647395833333333,-0.0795,-0.0830821621070038
83,0.647426605224609,-0.0795,-0.0838544646183523
83.0333333333333,0.647228177388509,-0.0795,-0.0846892155947188
83.0666666666667,0.647465896606445,-0.0795,-0.0851784033682733
83.1,0.647251987457275,-0.0795,-0.0861411138139574
83.1333333333333,0.64744987487793,-0.081,-0.0717094593177983
83.1666666666667,0.647440433502197,-0.081,-0.0726686859521472
83.2,0.64732764561971,-0.081,-0.0735886028054505
83.2333333333333,0.647518157958984,-0.081,-0.0742968039433815
83.2666666666667,0.647174008687337,-0.081,-0.0753569995861798
83.3,0.647192573547363,-0.081,-0.0757789437276191
83.3333333333333,0.647267373402913,-0.0825,-0.0613078137562435
83.3666666666667,0.647343349456787,-0.0825,-0.062023317334461
83.4,0.647395833333333,-0.0825,-0.0628943480861743
83.4333333333333,0.647170702616374,-0.0825,-0.0638517762915657
83.4666666666667,0.647403049468994,-0.0825,-0.064398645111737
83.5,0.647395833333333,-0.0825,-0.0654022445165307
83.5333333333333,0.647395833333333,-0.0825,-0.0663643966808039
83.5666666666667,0.64746249516805,-0.0825,-0.0673041150920689
83.6,0.647395833333333,-0.0825,-0.0683400184646883
83.6333333333333,0.647442785898844,-0.0825,-0.0692226828305008
83.6666666666667,0.64746249516805,-0.0825,-0.0701759635800291
83.7,0.647192573547363,-0.0825,-0.0711391667958956
83.7333333333333,0.647155284881592,-0.0825,-0.07160841289039
83.7666666666667,0.647401936848958,-0.0825,-0.0720774905541671
83.8,0.647192573547363,-0.0825,-0.0730398869588743
83.8333333333333,0.647226524353027,-0.0825,-0.0736165283077764
83.8666666666667,0.647161801656087,-0.0825,-0.0742994549763126
83.9,0.64744701385498,-0.0825,-0.0748994614845384
83.9333333333333,0.647343349456787,-0.084,-0.06103830498836
83.9666666666667,0.647395833333333,-0.084,-0.0619437804865572
84,0.647351773579915,-0.084,-0.0629276021307877
84.0333333333333,0.647235298156738,-0.084,-0.0638075080109378
84.0666666666667,0.647235298156738,-0.084,-0.0644765048260315
84.1,0.647235298156738,-0.084,-0.0651750585408495
84.1333333333333,0.647235298156738,-0.084,-0.0658985006317368
84.1666666666667,0.647235298156738,-0.084,-0.0666428392772357
84.2,0.647235298156738,-0.084,-0.0674046650888847
84.2333333333333,0.647235298156738,-0.084,-0.0681810697125329
84.2666666666667,0.647235298156738,-0.084,-0.0689695755616478
84.3,0.647395833333333,-0.084,-0.0697680751775664
84.3333333333333,0.647251987457275,-0.084,-0.0708526030562151
84.3666666666667,0.647395833333333,-0.084,-0.0716431193781908
84.4,0.647440433502197,-0.084,-0.072690625738567
84.4333333333333,0.647395833333333,-0.084,-0.0737755873029752
84.4666666666667,0.647395833333333,-0.0855,-0.0597352536768558
84.5,0.647395833333333,-0.0855,-0.0606685670782396
84.5333333333333,0.647395833333333,-0.0855,-0.0615796198220163
84.5666666666667,0.647395833333333,-0.0855,-0.0624719154558941
84.6,0.647395833333333,-0.0855,-0.0633484504770529
84.6333333333333,0.647395833333333,-0.0855,-0.0642117849136586
84.6666666666667,0.647395833333333,-0.0855,-0.0650641032737843
84.7,0.647348880767822,-0.0855,-0.0659072671626053
84.7333333333333,0.647273604075114,-0.0855,-0.0666616040092612
84.7666666666667,0.647218990325928,-0.0855,-0.0672945792620985
84.8,0.647299512227376,-0.0855,-0.0678650161056822
84.8333333333333,0.647351773579915,-0.0855,-0.06861958270378
84.8666666666667,0.647395833333333,-0.0855,-0.0694765546328771
84.9,0.647231356302897,-0.0855,-0.0704030385231114
84.9333333333333,0.647391192118327,-0.0855,-0.0710249610528195
84.9666666666667,0.647229607899984,-0.0855,-0.0719596940787175
85,0.647218736012777,-0.0855,-0.0725938707657381
85.0333333333333,0.64716755549113,-0.0855,-0.0732436205013243
85.0666666666667,0.647170702616374,-0.0855,-0.073837362108999
85.1,0.647041193644206,-0.0855,-0.0744805110287652
85.1333333333333,0.647307523091634,-0.0855,-0.07493554992825
85.1666666666667,0.647343349456787,-0.0855,-0.0759235097300194
85.2,0.647135416666667,-0.0855,-0.0769482133014578
85.2333333333333,0.647273604075114,-0.0855,-0.0775798257634189
85.2666666666667,0.647399361928304,-0.0855,-0.0784892540288065
85.3,0.647262318929036,-0.0855,-0.0796042272158434
85.3333333333333,0.647328503926595,-0.0855,-0.0804310004241227
85.3666666666667,0.647328503926595,-0.0855,-0.0813731452232896
85.4,0.647328503926595,-0.0855,-0.0822945220408686
85.4333333333333,0.647328503926595,-0.0855,-0.0831982247965007
85.4666666666667,0.647328503926595,-0.0855,-0.0840869106739141
85.5,0.647328503926595,-0.0855,-0.0849628601571312
85.5333333333333,0.647328503926595,-0.0855,-0.0858280289273308
85.5666666666667,0.647328503926595,-0.0855,-0.0866840927156358
85.6,0.647273604075114,-0.0855,-0.0875324860603163
85.6333333333333,0.647234439849854,-0.0855,-0.0882794254345251
85.6666666666667,0.647472127278646,-0.0855,-0.0889708911120306
85.7,0.647302468617757,-0.0855,-0.0900967824098617
85.7333333333333,0.647302468617757,-0.0855,-0.0908719638642473
85.7666666666667,0.647135416666667,-0.0855,-0.0916535916759356
85.8,0.647170702616374,-0.0855,-0.0921516554141574
85.8333333333333,0.647313944498698,-0.0855,-0.0927693983151202
85.8666666666667,0.647135416666667,-0.0855,-0.0936732470946924
85.9,0.64716755549113,-0.0855,-0.0942541923735904
85.9333333333333,0.647135416666667,-0.087,-0.0799364275494709
85.9666666666667,0.647404956817627,-0.087,-0.0805911911660472
86,0.647257232666016,-0.087,-0.0817464153279199
86.0333333333333,0.647257232666016,-0.087,-0.0825876103470757
86.0666666666667,0.647079372406006,-0.0885,-0.0684268633945935
86.1,0.647079372406006,-0.0885,-0.0689565388927298
86.1333333333333,0.647079372406006,-0.0885,-0.0695419421644775
86.1666666666667,0.647079372406006,-0.0885,-0.0701743223433302
86.2,0.647079372406006,-0.0885,-0.0708461937689936
86.2333333333333,0.647079372406006,-0.0885,-0.0715511599571328
86.2666666666667,0.647079372406006,-0.0885,-0.0722837615866175
86.3,0.647079372406006,-0.0885,-0.0730393452611794
86.3333333333333,0.647079372406006,-0.0885,-0.0738139502378418
86.3666666666667,0.647079372406006,-0.0885,-0.0746042106916424
86.4,0.647135416666667,-0.0885,-0.0754072714128402
86.4333333333333,0.647041193644206,-0.0885,-0.0763177059994696
86.4666666666667,0.647395833333333,-0.0885,-0.0770553491032967
86.5,0.647195434570312,-0.0885,-0.0784284669439686
86.5333333333333,0.646949513753255,-0.09,-0.0643584083433223
86.5666666666667,0.646949513753255,-0.09,-0.064845538267964
86.6,0.647277291615804,-0.09,-0.0653971906720631
86.6333333333333,0.647135416666667,-0.09,-0.0665704434124972
86.6666666666667,0.647187614440918,-0.09,-0.0674381285159209
86.7,0.647114086151123,-0.09,-0.0683908029335603
86.7333333333333,0.647135416666667,-0.09,-0.0691946494890691
86.7666666666667,0.646947733561198,-0.0915,-0.0550406714652293
86.8,0.646949513753255,-0.0915,-0.055559291206457
86.8333333333333,0.647045103708903,-0.0915,-0.0561391446272913
86.8666666666667,0.64712127049764,-0.0915,-0.0569328383774639
86.9,0.647114086151123,-0.0915,-0.0578681888583607
86.9333333333333,0.647114086151123,-0.0915,-0.0587745487717344
86.9666666666667,0.647170702616374,-0.0915,-0.0596689182221691
87,0.647170702616374,-0.0915,-0.06065086645932
87.0333333333333,0.647135416666667,-0.093,-0.0466055360696963
87.0666666666667,0.647114086151123,-0.093,-0.0474758853272328
87.1,0.647114086151123,-0.093,-0.0483009011163818
87.1333333333333,0.646948496500651,-0.093,-0.0491255825173938
87.1666666666667,0.646948496500651,-0.093,-0.0496633316237413
87.2,0.646948496500651,-0.093,-0.050254089174594
87.2333333333333,0.646948496500651,-0.093,-0.0508895668220216
87.2666666666667,0.646948496500651,-0.093,-0.0515626723059745
87.3,0.646948496500651,-0.093,-0.0522673431950363
87.3333333333333,0.646948496500651,-0.093,-0.0529984033004917
87.3666666666667,0.646948496500651,-0.093,-0.053751438702931
87.4,0.646948496500651,-0.093,-0.0545226907415194
87.4333333333333,0.646960894266764,-0.093,-0.0553089636719804
87.4666666666667,0.646846167246501,-0.093,-0.056129000733449
87.5,0.647270488739014,-0.093,-0.0567565031925941
87.5333333333333,0.646892484029134,-0.093,-0.0581600207295076
87.5666666666667,0.647200520833333,-0.093,-0.0588073916607912
87.6,0.647173055013021,-0.093,-0.0600231358527487
87.6333333333333,0.647203572591146,-0.093,-0.0611216134277513
87.6666666666667,0.647090752919515,-0.093,-0.0622225576287178
87.7,0.647179126739502,-0.093,-0.0630757304394203
87.7333333333333,0.647179126739502,-0.093,-0.0640737887885395
87.7666666666667,0.647086811065674,-0.093,-0.0650365943928517
87.8,0.647041797637939,-0.093,-0.0658099081040905
87.8333333333333,0.646997610727946,-0.093,-0.0665100804425284
87.8666666666667,0.647254339853923,-0.093,-0.0671524781836368
87.9,0.647135416666667,-0.093,-0.0682693624241995
87.9333333333333,0.646939690907796,-0.093,-0.0691232777729149
87.9666666666667,0.646846167246501,-0.093,-0.0696285592938878
88,0.647199535369873,-0.093,-0.0700268622647114
88.0333333333333,0.647199535369873,-0.093,-0.0711133804226974
88.0666666666667,0.64687925974528,-0.093,-0.0721508040008209
88.1,0.647313785552978,-0.093,-0.0725923852455775
88.1333333333333,0.647313785552978,-0.093,-0.073854099934489
88.1666666666667,0.647045962015788,-0.093,-0.0750333697914896
88.2,0.64725653330485,-0.093,-0.0756794323018223
88.2333333333333,0.647228272755941,-0.093,-0.0767174590321398
88.2666666666667,0.647182083129883,-0.093,-0.0776621801517811
88.3,0.64707867304484,-0.093,-0.0784987192270992
88.3333333333333,0.646997419993083,-0.093,-0.0791475470469002
88.3666666666667,0.647135416666667,-0.093,-0.0796819685149887
88.4,0.647251987457275,-0.093,-0.0805038167051825
88.4333333333333,0.647226778666178,-0.093,-0.081524188806006
88.4666666666667,0.647180430094401,-0.093,-0.0824607438642846
88.5,0.647180430094401,-0.093,-0.0832913651962754
88.5333333333333,0.647021007537842,-0.093,-0.0841153690317695
88.5666666666667,0.647037156422933,-0.093,-0.0846580920776464
88.6,0.647358862559001,-0.093,-0.0852758233087131
88.6333333333333,0.647135416666667,-0.093,-0.08648506840672
88.6666666666667,0.647135416666667,-0.0945,-0.0722333852555158
88.7,0.647118282318115,-0.0945,-0.0729910698299863
88.7333333333333,0.64692653020223,-0.0945,-0.073727191927711
88.7666666666667,0.646946144104004,-0.0945,-0.0741439752186886
88.8,0.647135416666667,-0.0945,-0.0746672219237515
88.8333333333333,0.646875,-0.0945,-0.075573076115325
88.8666666666667,0.646875,-0.0945,-0.0760137087329295
88.9,0.646949513753255,-0.0945,-0.0765258866321199
88.9333333333333,0.647114086151123,-0.0945,-0.0772273751570146
88.9666666666667,0.647173055013021,-0.0945,-0.0782404330869521
89,0.647135416666667,-0.0945,-0.0793247838820671
89.0333333333333,0.647135416666667,-0.096,-0.0652986552896313
89.0666666666667,0.647135416666667,-0.096,-0.0662460815764146
89.1,0.647135416666667,-0.096,-0.0671709882523472
89.1333333333333,0.647135416666667,-0.0975,-0.0530767476495229
89.1666666666667,0.647135416666667,-0.0975,-0.0539662548986558
89.2,0.647135416666667,-0.0975,-0.0548419936099143
89.2333333333333,0.647135416666667,-0.0975,-0.0557060926432176
89.2666666666667,0.647127882639567,-0.0975,-0.0565603751674763
89.3,0.647127882639567,-0.0975,-0.0573933625679227
89.3333333333333,0.647135416666667,-0.0975,-0.058221855504169
89.3666666666667,0.647009976704915,-0.0975,-0.0590596539268891
89.4,0.646997610727946,-0.0975,-0.059674850268549
89.4333333333333,0.647351106007894,-0.0975,-0.0603045010951302
89.4666666666667,0.646913305918376,-0.0975,-0.0615802754030542
89.5,0.646829414367676,-0.0975,-0.062013462369524
89.5333333333333,0.647135416666667,-0.0975,-0.062370807686291
89.5666666666667,0.646999073028564,-0.0975,-0.0633434629388241
89.6,0.647029113769531,-0.0975,-0.0640539227183085
89.6333333333333,0.647135416666667,-0.0975,-0.0648379861319151
89.6666666666667,0.647135416666667,-0.0975,-0.0658144778359611
89.7,0.646890290578206,-0.0975,-0.0667636942165695
89.7333333333333,0.647052478790283,-0.0975,-0.0672654891060609
89.7666666666667,0.647199980417887,-0.0975,-0.0681072920696657
89.8,0.647074127197266,-0.0975,-0.0692021424111725
89.8333333333333,0.647086143493652,-0.0975,-0.0700296019278837
89.8666666666667,0.6467911084493,-0.0975,-0.0708763898982365
89.9,0.646925735473633,-0.0975,-0.071207423268675
89.9333333333333,0.646925735473633,-0.0975,-0.0718621573295233
89.9666666666667,0.646875,-0.0975,-0.0725501017518328
90,0.647059504191081,-0.0975,-0.073178113641658
90.0333333333333,0.647059504191081,-0.0975,-0.0741650993954328
90.0666666666667,0.647031243642171,-0.0975,-0.0751258436908547
90.1,0.646875,-0.0975,-0.0760151782631932
90.1333333333333,0.646875,-0.0975,-0.0766239485281825
90.1666666666667,0.64718697865804,-0.0975,-0.077274289366674
90.2,0.646735254923503,-0.0975,-0.0784994856399408
90.2333333333333,0.646735254923503,-0.0975,-0.0788716169161177
90.2666666666667,0.647203572591146,-0.0975,-0.0793288416105969
90.3,0.646875,-0.099,-0.0656682874442087
90.3333333333333,0.646875,-0.099,-0.0663484390967654
90.3666666666667,0.647029113769531,-0.099,-0.0670575145607023
90.4,0.647135416666667,-0.099,-0.0680575152632087
90.4333333333333,0.647135416666667,-0.099,-0.0692119939394419
90.4666666666667,0.647003428141276,-0.099,-0.0703069896653205
90.5,0.647201029459635,-0.099,-0.0711230796414493
90.5333333333333,0.646958287556966,-0.099,-0.0722809286704673
90.5666666666667,0.647086143493652,-0.099,-0.0729547836422789
90.6,0.647086143493652,-0.099,-0.0738741613574938
90.6333333333333,0.647086143493652,-0.099,-0.0747729093409842
90.6666666666667,0.647086143493652,-0.099,-0.0756542773521585
90.7,0.647086143493652,-0.099,-0.0765210446463276
90.7333333333333,0.647086143493652,-0.099,-0.0773755854815213
90.7666666666667,0.647086143493652,-0.099,-0.0782199256843791
90.8,0.647086143493652,-0.099,-0.0790557914826459
90.8333333333333,0.646816539764404,-0.099,-0.0798846516496468
90.8666666666667,0.647122987111409,-0.099,-0.0802411743505665
90.9,0.647025775909424,-0.099,-0.0812102600794189
90.9333333333333,0.647036139170329,-0.099,-0.0819819498689342
90.9666666666667,0.646816539764404,-0.099,-0.0827782902348981
91,0.6467911084493,-0.1005,-0.0681969866333643
91.0333333333333,0.647120920817057,-0.1005,-0.0686445458896913
91.0666666666667,0.647120920817057,-0.1005,-0.0697326988008895
91.1,0.647069454193115,-0.1005,-0.0707734220593095
91.1333333333333,0.647034740447998,-0.1005,-0.0716847962057005
91.1666666666667,0.647034740447998,-0.102,-0.0575185416072514
91.2,0.646984036763509,-0.102,-0.0583486129819745
91.2333333333333,0.647083218892415,-0.1035,-0.0440878292877464
91.2666666666667,0.646957556406657,-0.1035,-0.0450124178009993
91.3,0.646957556406657,-0.1035,-0.0456991639817653
91.3333333333333,0.647067705790202,-0.105,-0.0314091983723024
91.3666666666667,0.646888033548991,-0.105,-0.0323295572234607
91.4,0.646869150797526,-0.105,-0.0329200841174791
91.4333333333333,0.646869150797526,-0.105,-0.0335198454709351
91.4666666666667,0.646869150797526,-0.105,-0.0341610909957318
91.5,0.646869150797526,-0.105,-0.0348372979529968
91.5333333333333,0.646869150797526,-0.105,-0.035542887205614
91.5666666666667,0.646869150797526,-0.105,-0.0362730918962362
91.6,0.646869150797526,-0.105,-0.0370238440454654
91.6333333333333,0.646869150797526,-0.105,-0.037791676650249
91.6666666666667,0.646892070770264,-0.105,-0.0385736391874729
91.7,0.646790758768717,-0.105,-0.0394068902946543
91.7333333333333,0.646739037831624,-0.105,-0.0400669168340921
91.7666666666667,0.64674654006958,-0.105,-0.0406715511782561
91.8,0.646875,-0.105,-0.0413343570786455
91.8333333333333,0.646875,-0.105,-0.0422548831674444
91.8666666666667,0.646875,-0.105,-0.0431634921595081
91.9,0.646791489919027,-0.105,-0.0440615750009907
91.9333333333333,0.646791489919027,-0.105,-0.0448058283679079
91.9666666666667,0.646586132049561,-0.105,-0.0455687710717856
92,0.646771494547526,-0.105,-0.0459917745381172
92.0333333333333,0.646752770741781,-0.105,-0.046814485278459
92.0666666666667,0.646614583333333,-0.105,-0.0476113514695663
92.1,0.646875,-0.105,-0.048180169194133
92.1333333333333,0.646781635284424,-0.105,-0.0492531340628764
92.1666666666667,0.646614583333333,-0.105,-0.0501252783037584
92.2,0.646805191040039,-0.105,-0.0507047352055935
92.2333333333333,0.646752770741781,-0.105,-0.0516644570451912
92.2666666666667,0.646741485595703,-0.105,-0.052514186352921
92.3,0.646434752146403,-0.105,-0.0533445312152199
92.3333333333333,0.646500078837077,-0.105,-0.0536473895780311
92.3666666666667,0.646653302510579,-0.105,-0.0541646361913017
92.4,0.646397813161214,-0.105,-0.0550112374862663
92.4333333333333,0.646405347188314,-0.105,-0.0554199849253373
92.4666666666667,0.646614583333333,-0.105,-0.0559271575766331
92.5,0.646358426411947,-0.105,-0.0568655631187186
92.5333333333333,0.646442476908366,-0.105,-0.0573508996187623
92.5666666666667,0.646447404225667,-0.105,-0.058055240614827
92.6,0.646447404225667,-0.105,-0.0588024182865314
92.6333333333333,0.646426900227865,-0.105,-0.0595761727370185
92.6666666666667,0.646679147084554,-0.105,-0.0603360579703419
92.7,0.646499633789062,-0.105,-0.0615565162382929
92.7333333333333,0.64659325281779,-0.105,-0.0624044503077871
92.7666666666667,0.646639919281006,-0.105,-0.0634191795653245
92.8,0.646652221679688,-0.105,-0.0644878417534396
92.8333333333333,0.646676381429036,-0.105,-0.0655394264488157
92.8666666666667,0.64669713973999,-0.105,-0.06659586446066
92.9,0.646756458282471,-0.105,-0.0676487353548315
92.9333333333333,0.646549320220947,-0.105,-0.0687638173505838
92.9666666666667,0.646549320220947,-0.105,-0.0694668282483642
93,0.646549320220947,-0.105,-0.070191126667513
93.0333333333333,0.646549320220947,-0.105,-0.0709333070154657
93.0666666666667,0.646549320220947,-0.105,-0.0716904600594609
93.1,0.646549320220947,-0.105,-0.0724601035938087
93.1333333333333,0.646549320220947,-0.105,-0.0732401225864167
93.1666666666667,0.646549320220947,-0.105,-0.0740287175231652
93.2,0.646451505025228,-0.105,-0.0748243598408799
93.2333333333333,0.646614583333333,-0.105,-0.0754564733133153
93.2666666666667,0.646614583333333,-0.1065,-0.0614070028282804
93.3,0.646506818135579,-0.1065,-0.0623353301176069
93.3333333333333,0.646694850921631,-0.108,-0.0480581413499967
93.3666666666667,0.646694850921631,-0.108,-0.0491248364694388
93.4,0.646694850921631,-0.108,-0.0501463565575797
93.4333333333333,0.64667870203654,-0.108,-0.0511295222286531
93.4666666666667,0.646540705362956,-0.1095,-0.0370522377978826
93.5,0.646269067128499,-0.1095,-0.0377138550071643
93.5333333333333,0.646269067128499,-0.1095,-0.0379310723793744
93.5666666666667,0.646269067128499,-0.1095,-0.0382576547560631
93.6,0.646269067128499,-0.1095,-0.0386766676265145
93.6333333333333,0.646269067128499,-0.1095,-0.0391736097605259
93.6666666666667,0.646269067128499,-0.1095,-0.0397360757015061
93.7,0.646269067128499,-0.1095,-0.0403534642346352
93.7333333333333,0.646269067128499,-0.1095,-0.041016726627474
93.7666666666667,0.646269067128499,-0.1095,-0.0417181492728268
93.8,0.646533234914144,-0.1095,-0.0424511660847092
93.8333333333333,0.646614583333333,-0.1095,-0.043667368627327
93.8666666666667,0.646354166666667,-0.1095,-0.0449604641156119
93.9,0.646459865570068,-0.1095,-0.0457219597813847
93.9333333333333,0.646370474497477,-0.1095,-0.0466814062594932
93.9666666666667,0.646480909983317,-0.1095,-0.0474643816150243
94,0.646628824869792,-0.1095,-0.0484485090674651
94.0333333333333,0.64633576075236,-0.1095,-0.0496611548275548
94.0666666666667,0.6465163230896,-0.1095,-0.0502953898012132
94.1,0.646418857574463,-0.1095,-0.0512761378663455
94.1333333333333,0.646482594807943,-0.1095,-0.0520586189531355
94.1666666666667,0.646587308247884,-0.1095,-0.052957640671118
94.2,0.646409130096436,-0.1095,-0.054022478655176
94.2333333333333,0.64652140935262,-0.111,-0.0397320587437865
94.2666666666667,0.646322345733643,-0.111,-0.040653674817213
94.3,0.64639933904012,-0.111,-0.0412095594573837
94.3333333333333,0.646358426411947,-0.111,-0.0419448942568891
94.3666666666667,0.646472644805908,-0.111,-0.0426236447966712
94.4,0.646589660644531,-0.111,-0.0435251897138034
94.4333333333333,0.646589660644531,-0.111,-0.044613550404132
94.4666666666667,0.646589660644531,-0.111,-0.0456507867034465
94.5,0.646589660644531,-0.111,-0.0466447225072225
94.5333333333333,0.646589660644531,-0.111,-0.047602063444417
94.5666666666667,0.646589660644531,-0.111,-0.0485285515758378
94.6,0.646589660644531,-0.111,-0.04942909904895
94.6333333333333,0.646589660644531,-0.111,-0.0503079035460169
94.6666666666667,0.64639835357666,-0.111,-0.0511685479819059
94.7,0.646614583333333,-0.111,-0.0516830082240348
94.7333333333333,0.64633576075236,-0.111,-0.0526208506015248
94.7666666666667,0.646562385559082,-0.111,-0.0530482638967227
94.8,0.646354166666667,-0.111,-0.0539343706881699
94.8333333333333,0.64633576075236,-0.111,-0.0544434598526911
94.8666666666667,0.646354166666667,-0.111,-0.0549738223221449
94.9,0.646095212300619,-0.111,-0.0555869689051473
94.9333333333333,0.646095212300619,-0.111,-0.0557890739452142
94.9666666666667,0.646354166666667,-0.111,-0.0561059404582812
95,0.646354166666667,-0.111,-0.0569677820585705
95.0333333333333,0.646614583333333,-0.111,-0.057827612897068
95.0666666666667,0.646354166666667,-0.111,-0.0591359386059702
95.1,0.646187941233317,-0.111,-0.0599073207393491
95.1333333333333,0.646354166666667,-0.111,-0.0604016737862693
95.1666666666667,0.646451250712077,-0.111,-0.0612460272371944
95.2,0.646393966674805,-0.111,-0.0622572070452389
95.2333333333333,0.646543375651042,-0.111,-0.0631365897995584
95.2666666666667,0.646354166666667,-0.111,-0.0642650786719855
95.3,0.646354166666667,-0.111,-0.0650096940681377
95.3333333333333,0.646508280436198,-0.111,-0.0657674044282633
95.3666666666667,0.646477508544922,-0.111,-0.0668027712814008
95.4,0.646409130096436,-0.111,-0.0677443092999762
95.4333333333333,0.646409130096436,-0.111,-0.0685430007036041
95.4666666666667,0.646409130096436,-0.111,-0.0693429590471067
95.5,0.646409130096436,-0.111,-0.0701439654030656
95.5333333333333,0.646409130096436,-0.111,-0.0709458337613204
95.5666666666667,0.646409130096436,-0.111,-0.0717484063622136
95.6,0.646409130096436,-0.111,-0.0725515496727709
95.6333333333333,0.646409130096436,-0.111,-0.0733551509185558
95.6666666666667,0.646409130096436,-0.1125,-0.0591591150956751
95.7,0.646409130096436,-0.1125,-0.0599633623975962
95.7333333333333,0.646361446380615,-0.1125,-0.0607678260002456
95.7666666666667,0.646372254689535,-0.1125,-0.0614899281339995
95.8,0.646184857686361,-0.114,-0.0472462229566764
95.8333333333333,0.646508280436198,-0.114,-0.0476877872471142
95.8666666666667,0.646295706431071,-0.114,-0.0487575374249299
95.9,0.646548430124919,-0.114,-0.0494129208943841
95.9333333333333,0.646428839365641,-0.114,-0.0505347525621982
95.9666666666667,0.646461391448975,-0.114,-0.0513926251719986
96,0.646107228597005,-0.114,-0.0522970998484919
96.0333333333333,0.646360238393148,-0.114,-0.0525699108997507
96.0666666666667,0.646403853098551,-0.114,-0.0533789211503626
96.1,0.64649289449056,-0.114,-0.0542649548222084
96.1333333333333,0.646644878387451,-0.114,-0.0552921789831412
96.1666666666667,0.646279112497966,-0.114,-0.056542673531437
96.2,0.646307214101156,-0.114,-0.0570774654790875
96.2333333333333,0.646160856882731,-0.114,-0.0577088978042396
96.2666666666667,0.646210289001465,-0.114,-0.0581186553215797
96.3,0.646239884694417,-0.114,-0.0586878775242197
96.3333333333333,0.64637123743693,-0.114,-0.0593548000731506
96.3666666666667,0.64637123743693,-0.114,-0.0602786117929416
96.4,0.646363131205241,-0.114,-0.0611848217597216
96.4333333333333,0.646354166666667,-0.114,-0.0620618545444557
96.4666666666667,0.646354166666667,-0.114,-0.0629129565121073
96.5,0.646354166666667,-0.114,-0.0637579552712048
96.5333333333333,0.646354166666667,-0.114,-0.0645976336057037
96.5666666666667,0.646354166666667,-0.114,-0.0654326722372682
96.6,0.646354166666667,-0.114,-0.0662636632614814
96.6333333333333,0.646354166666667,-0.114,-0.0670911218053886
96.6666666666667,0.646354166666667,-0.114,-0.0679154961425706
96.7,0.646354166666667,-0.114,-0.0687371764705294
96.7333333333333,0.646239598592122,-0.114,-0.0695565025279214
96.7666666666667,0.646372254689535,-0.114,-0.0701754972928897
96.8,0.646188672383626,-0.114,-0.0710592050071285
96.8333333333333,0.646367200215658,-0.114,-0.0716120679606154
96.8666666666667,0.646459356943766,-0.114,-0.0725218697251744
96.9,0.646367200215658,-0.1155,-0.0585740539874413
96.9333333333333,0.646407636006673,-0.1155,-0.0594224224708577
96.9666666666667,0.646274471282959,-0.1155,-0.0603329014666126
97,0.646363131205241,-0.1155,-0.0609931981810162
97.0333333333333,0.646231937408447,-0.1155,-0.0618331715860916
97.0666666666667,0.646354166666667,-0.1155,-0.0624396977835685
97.1,0.646279112497966,-0.1155,-0.0632946082591955
97.1333333333333,0.64637123743693,-0.1155,-0.0640113377661124
97.1666666666667,0.646354166666667,-0.1155,-0.0649046061009885
97.2,0.646301873524984,-0.1155,-0.0657530170705781
97.2333333333333,0.646550623575846,-0.1155,-0.066503399508152
97.2666666666667,0.64648536046346,-0.1155,-0.0676947079857769
97.3,0.646028423309326,-0.1155,-0.0687016460310026
97.3333333333333,0.64633576075236,-0.1155,-0.0688784328873647
97.3666666666667,0.646188449859619,-0.1155,-0.069701222000577
97.4,0.646354166666667,-0.1155,-0.0702665437910041
97.4333333333333,0.64642235438029,-0.1155,-0.0711639396340082
97.4666666666667,0.646339225769043,-0.1155,-0.0721641095079589
97.5,0.646286837259928,-0.1155,-0.0729854198912183
97.5333333333333,0.646301873524984,-0.117,-0.0587131900295644
97.5666666666667,0.646301873524984,-0.117,-0.0594814018216273
97.6,0.646301873524984,-0.117,-0.0602569163695908
97.6333333333333,0.646301873524984,-0.117,-0.0610385445491984
97.6666666666667,0.646301873524984,-0.1185,-0.0468252718428123
97.7,0.646301873524984,-0.1185,-0.0476162338617334
97.7333333333333,0.646301873524984,-0.1185,-0.048410695221416
97.7666666666667,0.646301873524984,-0.1185,-0.0492080313158767
97.8,0.646270243326823,-0.1185,-0.0500077125985834
97.8333333333333,0.645907084147135,-0.1185,-0.0507545514216866
97.8666666666667,0.646231937408447,-0.1185,-0.0508846191807731
97.9,0.646281941731771,-0.1185,-0.0517037831716603
97.9333333333333,0.64634313583374,-0.1185,-0.052611876352741
97.9666666666667,0.64634313583374,-0.1185,-0.0536114557269952
98,0.646055889129639,-0.1185,-0.0545788209406235
98.0333333333333,0.646276950836182,-0.1185,-0.0550215922923732
98.0666666666667,0.646436214447021,-0.1185,-0.0559161334914142
98.1,0.646436214447021,-0.1185,-0.0570733614475644
98.1333333333333,0.646436214447021,-0.1185,-0.0581680635673038
98.1666666666667,0.646436214447021,-0.1185,-0.0592097229528472
98.2,0.646436214447021,-0.1185,-0.0602064728508339
98.2333333333333,0.646436214447021,-0.1185,-0.0611652830015352
98.2666666666667,0.646436214447021,-0.1185,-0.0620921206668278
98.3,0.646436214447021,-0.1185,-0.0629920897484716
98.3333333333333,0.646436214447021,-0.1185,-0.0638695509507302
98.3666666666667,0.646436214447021,-0.1185,-0.0647282255450579
98.4,0.646436214447021,-0.1185,-0.0655712849512878
98.4333333333333,0.646436214447021,-0.1185,-0.0664014280524071
98.4666666666667,0.646436214447021,-0.1185,-0.0672209479024659
98.5,0.646436214447021,-0.1185,-0.0680317892640871
98.5333333333333,0.646436214447021,-0.1185,-0.0688355982188822
98.5666666666667,0.646436214447021,-0.1185,-0.0696337649267463
98.6,0.646436214447021,-0.1185,-0.0704274604651413
98.6333333333333,0.646436214447021,-0.1185,-0.0712176685540088
98.6666666666667,0.646354166666667,-0.1185,-0.0720052128633149
98.7,0.646214421590169,-0.1185,-0.072648787612833
98.7333333333333,0.64609375,-0.1185,-0.0730755644986729
98.7666666666667,0.646354166666667,-0.1185,-0.0733599769064304
98.8,0.646354166666667,-0.1185,-0.0741903356727509
98.8333333333333,0.646354166666667,-0.1185,-0.075017299252368
98.8666666666667,0.646354166666667,-0.1185,-0.0758412936632176
98.9,0.646354166666667,-0.1185,-0.0766626901089786
98.9333333333333,0.646354166666667,-0.1185,-0.0774818121394542
98.9666666666667,0.646354166666667,-0.1185,-0.0782989418672801
99,0.646354166666667,-0.1185,-0.0791143253659597
99.0333333333333,0.646295706431071,-0.1185,-0.0799281773576237
99.0666666666667,0.64609375,-0.1185,-0.0806395132849448
99.1,0.64609375,-0.1185,-0.0810190084264308
99.1333333333333,0.646120134989421,-0.1185,-0.0814785032957401
99.1666666666667,0.646182918548584,-0.1185,-0.0820511868144776
99.2,0.646107228597005,-0.1185,-0.082780868645823
99.2333333333333,0.646354166666667,-0.1185,-0.0833998546532298
99.2666666666667,0.646204980214437,-0.1185,-0.0844873644608225
99.3,0.646399021148682,-0.1185,-0.0852714666559358
99.3333333333333,0.646401119232178,-0.12,-0.0714008184450746
99.3666666666667,0.646405347188314,-0.12,-0.0724788735078885
99.4,0.646231937408447,-0.12,-0.0735168157196001
99.4333333333333,0.646354166666667,-0.1215,-0.0592129858229123
99.4666666666667,0.646308581034342,-0.123,-0.0451412558432088
99.5,0.646308581034342,-0.123,-0.0459685532679963
99.5333333333333,0.646218585968018,-0.123,-0.0467918034519049
99.5666666666667,0.64630168279012,-0.1245,-0.0324558439745137
99.6,0.646294403076172,-0.1245,-0.0332897475461671
99.6333333333333,0.646294403076172,-0.1245,-0.034106250497096
99.6666666666667,0.645906066894531,-0.1245,-0.0349209724523405
99.7,0.646083990732829,-0.1245,-0.0350620719600708
99.7333333333333,0.646083990732829,-0.1245,-0.0356349172440101
99.7666666666667,0.646301873524984,-0.1245,-0.0362549806458243
99.8,0.646244017283122,-0.1245,-0.0372917506000131
99.8333333333333,0.646256383260091,-0.1245,-0.0381913079816765
99.8666666666667,0.646183172861735,-0.1245,-0.0390992022804246
99.9,0.646072419484456,-0.1245,-0.0398650762997443
99.9333333333333,0.646083990732829,-0.1245,-0.0404496788234257
99.9666666666667,0.646281941731771,-0.1245,-0.0410985836957956
100,0.64609375,-0.1245,-0.0421235217089877
