0,0.190987396240234,0,1.76960555096062
0.0333333333333333,0.190987396240234,0.0285,1.45304888653591
0.0666666666666667,0.190987396240234,0.0705,1.17896275533425
0.1,0.189583333333333,0.0975,0.948474215082121
0.133333333333333,0.189583333333333,0.1155,0.743929051753143
0.166666666666667,0.189678764343262,0.135,0.568279510977338
0.2,0.189678764343262,0.165,0.418893858528808
0.233333333333333,0.189678764343262,0.1935,0.2921299383187
0.266666666666667,0.189401626586914,0.2145,0.186388747052722
0.3,0.189401626586914,0.222,0.0965701471404427
0.333333333333333,0.189401626586914,0.2235,0.0219072273383564
0.366666666666667,0.188547770182292,0.222,-0.0358690091181827
0.4,0.188547770182292,0.2205,-0.0865475214368483
0.433333333333333,0.187979888916016,0.216,-0.124767215182456
0.466666666666667,0.187979888916016,0.2115,-0.157252607970152
0.5,0.188453674316406,0.207,-0.184308330061881
0.533333333333333,0.188453674316406,0.204,-0.202541477686074
0.566666666666667,0.188453674316406,0.201,-0.215362429949426
0.6,0.188453674316406,0.1965,-0.223595286635426
0.633333333333333,0.188453674316406,0.1905,-0.227962526366718
0.666666666666667,0.188453674316406,0.1815,-0.229096235908983
0.7,0.188453674316406,0.1725,-0.227548180963427
0.733333333333333,0.188453674316406,0.1605,-0.22379883242379
0.766666666666667,0.189583333333333,0.1515,-0.223152955564784
0.8,0.189583333333333,0.141,-0.215322526224214
0.833333333333333,0.189583333333333,0.132,-0.206498440019963
0.866666666666667,0.189583333333333,0.1215,-0.196935105590321
0.9,0.189583333333333,0.1125,-0.186849847496728
0.933333333333333,0.189583333333333,0.102,-0.176427369791532
0.966666666666667,0.189583333333333,0.0945,-0.165823734222371
1,0.189583333333333,0.0855,-0.155169902566969
1.03333333333333,0.211116409301758,0.078,-0.237738400119228
1.06666666666667,0.211116409301758,0.0675,-0.210626470772863
1.1,0.237859153747559,0.057,-0.301675650794173
1.13333333333333,0.237859153747559,0.0465,-0.258579964417157
1.16666666666667,0.237859153747559,0.0345,-0.220330867086707
1.2,0.237859153747559,0.0225,-0.18643277974989
1.23333333333333,0.237859153747559,0.012,-0.156438007063662
1.26666666666667,0.237859153747559,0.003,-0.129942283014835
1.3,0.237859153747559,-0.0075,-0.106580719720543
1.33333333333333,0.237859153747559,-0.015,-0.0860241236669685
1.36666666666667,0.246404647827148,-0.0225,-0.10494798849323
1.4,0.246404647827148,-0.0285,-0.0825262705993609
1.43333333333333,0.246404647827148,-0.033,-0.0629914503486255
1.46666666666667,0.246404647827148,-0.0345,-0.0460231676451365
1.5,0.246404647827148,-0.0345,-0.0313338666617869
1.53333333333333,0.246404647827148,-0.0345,-0.0186656044918762
1.56666666666667,0.246404647827148,-0.0345,-0.00778715932695731
1.6,0.246404647827148,-0.0345,0.00150858920986521
1.63333333333333,0.246404647827148,-0.0345,0.00940703249627529
1.66666666666667,0.268229166666667,-0.0345,-0.0783504680609448
1.7,0.268229166666667,-0.0345,-0.055875682701115
1.73333333333333,0.268229166666667,-0.0345,-0.0366181110714288
1.76666666666667,0.268229166666667,-0.0345,-0.0201957430890098
1.8,0.268229166666667,-0.0345,-0.00626767500234567
1.83333333333333,0.268229166666667,-0.0345,0.00547004763441571
1.86666666666667,0.322986793518066,-0.0345,-0.221622364458255
1.9,0.322986793518066,-0.039,-0.171103012084455
1.93333333333333,0.346656163533529,-0.045,-0.230140190659511
1.96666666666667,0.36091849009196,-0.051,-0.23645619465397
2,0.36091849009196,-0.057,-0.178022649082181
2.03333333333333,0.36091849009196,-0.066,-0.128101733907292
2.06666666666667,0.36091849009196,-0.0735,-0.0856625195472251
2.1,0.365954208374023,-0.081,-0.0715741079630301
2.13333333333333,0.384493700663249,-0.0885,-0.1177595703711
2.16666666666667,0.384493700663249,-0.0975,-0.0749283422862564
2.2,0.389211336771647,-0.105,-0.0592713877680178
2.23333333333333,0.389211336771647,-0.1095,-0.025465170376149
2.26666666666667,0.398362096150716,-0.111,-0.0368976597539727
2.3,0.398362096150716,-0.1125,-0.00657752989280626
2.33333333333333,0.398362096150716,-0.1125,0.0185162876754645
2.36666666666667,0.422135416666667,-0.1125,-0.0637907337601785
2.4,0.422135416666667,-0.114,-0.0287835153485489
2.43333333333333,0.422135416666667,-0.114,0.000347978198188825
2.46666666666667,0.422135416666667,-0.114,0.0243631093920023
2.5,0.422135416666667,-0.114,0.0439348748507394
2.53333333333333,0.422135416666667,-0.114,0.0596589943165797
2.56666666666667,0.422135416666667,-0.114,0.072062092297857
2.6,0.422135416666667,-0.114,0.081609059509157
2.63333333333333,0.422135416666667,-0.114,0.0887096731509983
2.66666666666667,0.422135416666667,-0.114,0.0937245476783532
2.7,0.422135416666667,-0.114,0.096970480990396
2.73333333333333,0.436034393310547,-0.114,0.0385909069430785
2.76666666666667,0.472508811950684,-0.114,-0.107952934586468
2.8,0.472508811950684,-0.114,-0.0709386705831522
2.83333333333333,0.472508811950684,-0.117,-0.0398378933605107
2.86666666666667,0.476080449422201,-0.117,-0.0293514811985071
2.9,0.476080449422201,-0.117,-0.00514253866547809
2.93333333333333,0.476080449422201,-0.117,0.0147920026844968
2.96666666666667,0.486642360687256,-0.117,-0.0146780566453652
3,0.490104166666667,-0.117,-0.0084622002324494
3.03333333333333,0.493296241760254,-0.117,-0.00226172356292459
3.06666666666667,0.496551672617594,-0.117,0.00243201257382769
3.1,0.496551672617594,-0.117,0.0201950297253654
3.13333333333333,0.496551672617594,-0.117,0.0345649615664716
3.16666666666667,0.496551672617594,-0.117,0.0460049503580181
3.2,0.499836190541585,-0.117,0.0407132052517588
3.23333333333333,0.515685653686523,-0.117,-0.0185600097007271
3.26666666666667,0.515685653686523,-0.117,0.000821721126997577
3.3,0.518475373586019,-0.117,0.00462105558277526
3.33333333333333,0.518475373586019,-0.117,0.0196080273005872
3.36666666666667,0.518475373586019,-0.117,0.0316804736297889
3.4,0.518475373586019,-0.117,0.0412395743292199
3.43333333333333,0.518475373586019,-0.117,0.0486391721545678
3.46666666666667,0.518475373586019,-0.117,0.0541908782708341
3.5,0.518475373586019,-0.117,0.0581686588867345
3.53333333333333,0.518475373586019,-0.117,0.0608129536247459
3.56666666666667,0.524755191802978,-0.117,0.0351645456225182
3.6,0.524755191802978,-0.117,0.0406074655073966
3.63333333333333,0.547763474782308,-0.117,-0.0549259669753108
3.66666666666667,0.547763474782308,-0.117,-0.0343207040660367
3.7,0.547763474782308,-0.117,-0.0171302306244
3.73333333333333,0.547763474782308,-0.117,-0.00291090477231362
3.76666666666667,0.547763474782308,-0.117,0.00873009482184862
3.8,0.547763474782308,-0.117,0.0181401527503784
3.83333333333333,0.552670383453369,-0.117,0.00439616954357445
3.86666666666667,0.552670383453369,-0.117,0.0140261971423992
3.9,0.552670383453369,-0.117,0.0217313370423526
3.93333333333333,0.552670383453369,-0.117,0.0277803647129137
3.96666666666667,0.552670383453369,-0.117,0.0324100493971772
4,0.552670383453369,-0.117,0.0358286284008085
4.03333333333333,0.552670383453369,-0.117,0.0382189266471396
4.06666666666667,0.552670383453369,-0.117,0.0397411561678455
4.1,0.563456567128499,-0.117,-0.0061313269398582
4.13333333333333,0.563456567128499,-0.117,0.00240524619671777
4.16666666666667,0.563456567128499,-0.117,0.0093225398442653
4.2,0.563456567128499,-0.117,0.0148434223433722
4.23333333333333,0.563456567128499,-0.117,0.0191643802690723
4.26666666666667,0.563456567128499,-0.117,0.0224583736226556
4.3,0.563456567128499,-0.117,0.0248773999924671
4.33333333333333,0.563456567128499,-0.117,0.0265547960980117
4.36666666666667,0.57421875,-0.117,-0.018955611201853
4.4,0.574440129597982,-0.117,-0.0110543776527608
4.43333333333333,0.574440129597982,-0.117,-0.00357549660983121
4.46666666666667,0.574440129597982,-0.117,0.00253639459157618
4.5,0.574440129597982,-0.117,0.00746725996149646
4.53333333333333,0.574440129597982,-0.117,0.0113811669523191
4.56666666666667,0.574440129597982,-0.117,0.0144226493300186
4.6,0.574440129597982,-0.117,0.0167188296287274
4.63333333333333,0.574440129597982,-0.117,0.0183813246333341
4.66666666666667,0.574440129597982,-0.117,0.019507955120913
4.7,0.573678557078044,-0.117,0.0234792459027121
4.73333333333333,0.573678557078044,-0.117,0.0231905110535328
4.76666666666667,0.573678557078044,-0.117,0.0226702295049743
4.8,0.573678557078044,-0.117,0.0219656437291908
4.83333333333333,0.573678557078044,-0.117,0.0211174111333267
4.86666666666667,0.573678557078044,-0.117,0.0201603850306802
4.9,0.573678557078044,-0.117,0.0191243111700127
4.93333333333333,0.573678557078044,-0.117,0.0180344484153757
4.96666666666667,0.565158716837565,-0.117,0.05377347094336
5,0.565158716837565,-0.117,0.0460426026052985
5.03333333333333,0.565158716837565,-0.117,0.0391966997229822
5.06666666666667,0.565158716837565,-0.117,0.0331449582948628
5.1,0.565158716837565,-0.117,0.027805330536607
5.13333333333333,0.565158716837565,-0.117,0.0231037138790385
5.16666666666667,0.565158716837565,-0.117,0.0189732129754255
5.2,0.549824206034342,-0.117,0.0816986986975388
5.23333333333333,0.531177234649658,-0.117,0.147343772666524
5.26666666666667,0.531177234649658,-0.117,0.119879811143245
5.3,0.531177234649658,-0.117,0.0961219372407162
5.33333333333333,0.531177234649658,-0.117,0.075639150575021
5.36666666666667,0.531177234649658,-0.117,0.0580464297110727
5.4,0.531177234649658,-0.117,0.0430000996553816
5.43333333333333,0.531177234649658,-0.117,0.0301936473646252
5.46666666666667,0.531177234649658,-0.117,0.0193539432598298
5.5,0.528512064615885,-0.117,0.0217687703190158
5.53333333333333,0.512895488739014,-0.117,0.0796628640372809
5.56666666666667,0.512895488739014,-0.117,0.059496794082014
5.6,0.512895488739014,-0.117,0.0423414646779445
5.63333333333333,0.512895488739014,-0.117,0.0278280160306949
5.66666666666667,0.512895488739014,-0.117,0.0156282393947439
5.7,0.512895488739014,-0.117,0.00545038817829988
5.73333333333333,0.512895488739014,-0.117,-0.00296459906396045
5.76666666666667,0.512895488739014,-0.117,-0.00984650286935253
5.8,0.510527006785075,-0.117,-0.00515158016058637
5.83333333333333,0.510527006785075,-0.117,-0.0113876593581961
5.86666666666667,0.510527006785075,-0.117,-0.0163875495157862
5.9,0.510527006785075,-0.117,-0.0203203206831811
5.93333333333333,0.510527006785075,-0.117,-0.0233352585712136
5.96666666666667,0.492390823364258,-0.117,0.0529027702398107
6,0.492390823364258,-0.117,0.0373078437055717
6.03333333333333,0.492390823364258,-0.117,0.0241646703385462
6.06666666666667,0.478500970204671,-0.117,0.0732594477745353
6.1,0.478500970204671,-0.117,0.0533782683683012
6.13333333333333,0.478500970204671,-0.117,0.0365653283351658
6.16666666666667,0.478500970204671,-0.117,0.022437307105133
6.2,0.478500970204671,-0.117,0.0106536924017172
6.23333333333333,0.478500970204671,-0.117,0.000912326175678921
6.26666666666667,0.478500970204671,-0.117,-0.00705460824536765
6.3,0.478500970204671,-0.117,-0.0134841999422505
6.33333333333333,0.473525365193685,-0.117,0.00294104403523159
6.36666666666667,0.473525365193685,-0.117,-0.00486904374837872
6.4,0.473525365193685,-0.117,-0.0111829701338998
6.43333333333333,0.473525365193685,-0.117,-0.0162045240040784
6.46666666666667,0.473525365193685,-0.117,-0.0201136276322906
6.5,0.473525365193685,-0.117,-0.0230688964777372
6.53333333333333,0.473525365193685,-0.117,-0.0252099399835967
6.56666666666667,0.473525365193685,-0.117,-0.0266594285112276
6.6,0.434114583333333,-0.117,0.142987004991097
6.63333333333333,0.434114583333333,-0.117,0.112109177293429
6.66666666666667,0.434114583333333,-0.117,0.0857311901604259
6.7,0.434114583333333,-0.117,0.0633046476505743
6.73333333333333,0.434114583333333,-0.117,0.0443415676366145
6.76666666666667,0.434114583333333,-0.117,0.0284081494743924
6.8,0.434114583333333,-0.117,0.0151191554498622
6.83333333333333,0.434114583333333,-0.117,0.00413284761490683
6.86666666666667,0.434114583333333,-0.117,-0.00485357297002195
6.9,0.434114583333333,-0.117,-0.0121080726512139
6.93333333333333,0.434114583333333,-0.117,-0.0178674808489826
6.96666666666667,0.434114583333333,-0.117,-0.0223408145068402
7,0.424763552347819,-0.117,0.0147452546561647
7.03333333333333,0.424763552347819,-0.117,0.00507636520274888
7.06666666666667,0.424763552347819,-0.117,-0.00282405074724632
7.1,0.424763552347819,-0.117,-0.00919388197560926
7.13333333333333,0.424763552347819,-0.117,-0.0142432945156384
7.16666666666667,0.424763552347819,-0.117,-0.0181576981354179
7.2,0.424763552347819,-0.117,-0.0211004130345039
7.23333333333333,0.424763552347819,-0.117,-0.0232150658265733
7.26666666666667,0.392018572489421,-0.117,0.117044416606876
7.3,0.369916661580404,-0.117,0.186504753122139
7.33333333333333,0.369916661580404,-0.117,0.147129688537916
7.36666666666667,0.369916661580404,-0.117,0.113464282466336
7.4,0.369916661580404,-0.117,0.0848141360590923
7.43333333333333,0.369916661580404,-0.117,0.0605612664845792
7.46666666666667,0.369916661580404,-0.117,0.0401562288077993
7.5,0.369916661580404,-0.117,0.0231110134125042
7.53333333333333,0.369916661580404,-0.117,0.00899264520819498
7.56666666666667,0.369916661580404,-0.117,-0.00258258230621032
7.6,0.369916661580404,-0.117,-0.0119542988399723
7.63333333333333,0.369916661580404,-0.117,-0.0194227300408387
7.66666666666667,0.369916661580404,-0.117,-0.0252529010965436
7.7,0.369916661580404,-0.117,-0.0296784164806625
7.73333333333333,0.369916661580404,-0.117,-0.0329048568764966
7.76666666666667,0.350565973917643,-0.117,0.0486085120800617
7.8,0.350565973917643,-0.117,0.0322841012630503
7.83333333333333,0.350565973917643,-0.117,0.0186904947895042
7.86666666666667,0.350565973917643,-0.117,0.00747258662741909
7.9,0.350565973917643,-0.117,-0.00168407881746291
7.93333333333333,0.350565973917643,-0.117,-0.00905760877165514
7.96666666666667,0.350565973917643,-0.117,-0.0148936326544544
8,0.350565973917643,-0.117,-0.0194087827490867
8.03333333333333,0.350565973917643,-0.117,-0.0227938227084169
8.06666666666667,0.327933120727539,-0.117,0.0727052740901803
8.1,0.327933120727539,-0.117,0.0535811003874073
8.13333333333333,0.327933120727539,-0.117,0.0374933809899078
8.16666666666667,0.327933120727539,-0.117,0.0240556734081563
8.2,0.327933120727539,-0.117,0.0129252578137313
8.23333333333333,0.327933120727539,-0.117,0.00379854370800735
8.26666666666667,0.327933120727539,-0.117,-0.00359306499938758
8.3,0.308453496297201,-0.117,0.0747923008575583
8.33333333333333,0.286197916666667,-0.117,0.151399990378837
8.36666666666667,0.286197916666667,-0.117,0.117620067893339
8.4,0.286197916666667,-0.117,0.0888798116632291
8.43333333333333,0.286197916666667,-0.117,0.0645571216054072
8.46666666666667,0.286197916666667,-0.117,0.0440989968220071
8.5,0.286197916666667,-0.117,0.0270143660289967
8.53333333333333,0.286197916666667,-0.117,0.0128676270999431
8.56666666666667,0.286197916666667,-0.117,0.00127282804176986
8.6,0.283333333333333,-0.117,0.00428213548699727
8.63333333333333,0.283333333333333,-0.117,-0.00541076367424992
8.66666666666667,0.283333333333333,-0.117,-0.0131640478187756
8.7,0.283333333333333,-0.117,-0.01924711429
8.73333333333333,0.283333333333333,-0.117,-0.0238974345707412
8.76666666666667,0.283333333333333,-0.117,-0.0273240063356539
8.8,0.283333333333333,-0.117,-0.0297104541451082
8.83333333333333,0.283333333333333,-0.117,-0.0312178130325338
8.86666666666667,0.258285967508952,-0.117,0.0763811689904815
8.9,0.258285967508952,-0.117,0.0568415194064346
8.93333333333333,0.258285967508952,-0.117,0.0404105170738736
8.96666666666667,0.258285967508952,-0.117,0.0266919773443828
9,0.258285967508952,-0.117,0.0153345854708542
9.03333333333333,0.258285967508952,-0.117,0.00602717922064976
9.06666666666667,0.237113889058431,-0.117,0.090096148092646
9.1,0.237113889058431,-0.117,0.0677088300997731
9.13333333333333,0.220873641967773,-0.117,0.11910091636554
9.16666666666667,0.220873641967773,-0.117,0.0907302919011295
9.2,0.220873641967773,-0.117,0.0667215404912805
9.23333333333333,0.220873641967773,-0.117,0.0465282771269484
9.26666666666667,0.220873641967773,-0.117,0.0296653422142543
9.3,0.220873641967773,-0.117,0.0157024113788214
9.33333333333333,0.220873641967773,-0.117,0.0042582399884582
9.36666666666667,0.220873641967773,-0.117,-0.00500451838251237
9.4,0.215645027160645,-0.117,0.0102377873562341
9.43333333333333,0.215645027160645,-0.117,0.000431860040737295
9.46666666666667,0.215645027160645,-0.117,-0.00744271021005949
9.5,0.215645027160645,-0.117,-0.0136530864182559
9.53333333333333,0.215645027160645,-0.117,-0.0184348209187997
9.56666666666667,0.215645027160645,-0.117,-0.0219952707561817
9.6,0.215645027160645,-0.117,-0.0245166655913534
9.63333333333333,0.215645027160645,-0.117,-0.0261588619862319
9.66666666666667,0.189359029134115,-0.117,0.0866653603977859
9.7,0.189359029134115,-0.117,0.066035246546955
9.73333333333333,0.189359029134115,-0.117,0.0486449896798971
9.76666666666667,0.189359029134115,-0.117,0.0340839695112816
9.8,0.189359029134115,-0.117,0.0219879282814673
9.83333333333333,0.193438148498535,-0.117,-0.005614328930712
9.86666666666667,0.193438148498535,-0.117,-0.0105545267511679
9.9,0.193438148498535,-0.117,-0.0143141759256942
9.93333333333333,0.19135316212972,-0.117,-0.00804600932161194
9.96666666666667,0.19135316212972,-0.117,-0.0115575505388341
10,0.19135316212972,-0.117,-0.0141313548713249
10.0333333333333,0.19135316212972,-0.117,-0.0159093923107869
10.0666666666667,0.19135316212972,-0.117,-0.0170160622593982
10.1,0.19135316212972,-0.117,-0.0175601445708771
10.1333333333333,0.19135316212972,-0.117,-0.0176365483807847
10.1666666666667,0.19135316212972,-0.117,-0.0173278787001552
10.2,0.18963254292806,-0.117,-0.00926152719449264
10.2333333333333,0.18963254292806,-0.117,-0.00971985232993807
10.2666666666667,0.18963254292806,-0.117,-0.00980173070647839
10.3,0.18963254292806,-0.117,-0.00957398297240721
10.3333333333333,0.18963254292806,-0.117,-0.0090945725511525
10.3666666666667,0.18963254292806,-0.117,-0.00841362838107595
10.4,0.18963254292806,-0.117,-0.00757435891457644
10.4333333333333,0.18963254292806,-0.117,-0.00661386831365145
10.4666666666667,0.189880180358887,-0.117,-0.00663529564750015
10.5,0.189880180358887,-0.117,-0.00533116065069931
10.5333333333333,0.189880180358887,-0.117,-0.00401310090143939
10.5666666666667,0.189880180358887,-0.117,-0.00269734003528835
10.6,0.189760716756185,-0.117,-0.000880383142593644
10.6333333333333,0.189760716756185,-0.117,0.00030069833632089
10.6666666666667,0.189760716756185,-0.117,0.00145889551005546
10.7,0.189760716756185,-0.117,0.0025858850702101
10.7333333333333,0.189848454793294,-0.117,0.00329549588830898
10.7666666666667,0.189848454793294,-0.117,0.00440977548205038
10.8,0.189848454793294,-0.117,0.00546834119210246
10.8333333333333,0.189848454793294,-0.117,0.00646959355842677
10.8666666666667,0.189848454793294,-0.117,0.00741275792753163
10.9,0.189848454793294,-0.117,0.00829774974816587
10.9333333333333,0.189848454793294,-0.117,0.00912505690334935
10.9666666666667,0.189848454793294,-0.117,0.00989563717283046
11,0.189848454793294,-0.117,0.0106108291180768
11.0333333333333,0.189658228556315,-0.117,0.0120952944978917
11.0666666666667,0.189658228556315,-0.117,0.0125576467921901
11.1,0.189658228556315,-0.117,0.012989942786952
11.1333333333333,0.189658228556315,-0.117,0.013392070114074
11.1666666666667,0.189658228556315,-0.117,0.0137642510161309
11.2,0.189658228556315,-0.117,0.0141069818438694
11.2333333333333,0.189658228556315,-0.117,0.0144209805521565
11.2666666666667,0.189658228556315,-0.117,0.0147071412756943
11.3,0.189598655700684,-0.117,0.01522423894653
11.3333333333333,0.189598655700684,-0.117,0.0154118139083221
11.3666666666667,0.189598655700684,-0.117,0.0155811115242952
11.4,0.189598655700684,-0.117,0.0157326703940942
11.4333333333333,0.189598655700684,-0.117,0.0158671356329631
11.4666666666667,0.189598655700684,-0.117,0.0159852336458767
11.5,0.189598655700684,-0.117,0.0160877505440615
11.5333333333333,0.189598655700684,-0.117,0.0161755137657677
11.5666666666667,0.189598655700684,-0.117,0.0162493765108612
11.6,0.189598655700684,-0.117,0.0163102046416459
11.6333333333333,0.189644622802734,-0.117,0.0161599876665801
11.6666666666667,0.189644622802734,-0.117,0.016232918368726
11.7,0.189644622802734,-0.117,0.016290614691437
11.7333333333333,0.189644622802734,-0.117,0.0163344574041635
11.7666666666667,0.189644622802734,-0.117,0.0163657422336138
11.8,0.189644622802734,-0.117,0.0163856821754184
11.8333333333333,0.189644622802734,-0.117,0.016395410134511
11.8666666666667,0.189644622802734,-0.117,0.0163959818174116
11.9,0.18984375,-0.117,0.0155268488956326
11.9333333333333,0.189749908447266,-0.117,0.016072105378743
11.9666666666667,0.189749908447266,-0.117,0.0161116268434793
12,0.189749908447266,-0.117,0.0161369823378588
12.0333333333333,0.189749908447266,-0.117,0.0161499054303026
12.0666666666667,0.189749908447266,-0.117,0.0161519617857441
12.1,0.189749908447266,-0.117,0.0161445636831205
12.1333333333333,0.189778645833333,-0.117,0.0160046501866641
12.1666666666667,0.189778645833333,-0.117,0.0160042735379171
12.2,0.189828745524089,-0.117,0.0157781453228464
12.2333333333333,0.189828745524089,-0.117,0.0157998255622929
12.2666666666667,0.189828745524089,-0.117,0.0158097150880931
12.3,0.189828745524089,-0.117,0.0158094342938847
12.3333333333333,0.189828745524089,-0.117,0.0158004287766696
12.3666666666667,0.189828745524089,-0.117,0.0157839862983462
12.4,0.189828745524089,-0.117,0.0157612521968212
12.4333333333333,0.189828745524089,-0.117,0.0157332433830763
12.4666666666667,0.18984375,-0.117,0.015635943724531
12.5,0.18984375,-0.117,0.0156115976388259
12.5333333333333,0.18984375,-0.117,0.0155828203010994
12.5666666666667,0.18984375,-0.117,0.0155504122534962
12.6,0.18984375,-0.117,0.0155150789670847
12.6333333333333,0.18984375,-0.117,0.0154774405929498
12.6666666666667,0.18984375,-0.117,0.0154380407858988
12.7,0.18984375,-0.117,0.0153973546849999
12.7333333333333,0.18984375,-0.117,0.0153557961277597
12.7666666666667,0.18984375,-0.117,0.0153137241679703
12.8,0.18984375,-0.117,0.015271448961066
12.8333333333333,0.18984375,-0.117,0.0152292370751713
12.8666666666667,0.18984375,-0.117,0.0151873162808551
12.9,0.18984375,-0.117,0.0151458798678879
12.9333333333333,0.18984375,-0.117,0.0151050905329866
12.9666666666667,0.18984375,-0.117,0.0150650838785949
13,0.18979606628418,-0.117,0.0152322766153625
13.0333333333333,0.18979606628418,-0.117,0.015157244193902
13.0666666666667,0.18979606628418,-0.117,0.0150882199123002
13.1,0.18979606628418,-0.117,0.0150246826025665
13.1333333333333,0.18979606628418,-0.117,0.0149661585676764
13.1666666666667,0.18979606628418,-0.117,0.0149122171649837
13.2,0.18979606628418,-0.117,0.0148624668018368
13.2333333333333,0.18979606628418,-0.117,0.0148165513051819
13.2666666666667,0.1896484375,-0.117,0.0154128670844403
13.3,0.1896484375,-0.117,0.0152594205438157
13.3333333333333,0.1896484375,-0.117,0.015124250757845
13.3666666666667,0.1896484375,-0.117,0.0150053274506369
13.4,0.1896484375,-0.117,0.0149008332573786
13.4333333333333,0.1896484375,-0.117,0.0148091423857437
13.4666666666667,0.1896484375,-0.117,0.0147288013409443
13.5,0.1896484375,-0.117,0.0146585115204653
13.5333333333333,0.1896484375,-0.117,0.0145971135023285
13.5666666666667,0.1896484375,-0.117,0.0145435728669405
13.6,0.1896484375,-0.117,0.0144969674073329
13.6333333333333,0.1896484375,-0.117,0.0144564755960052
13.6666666666667,0.1896484375,-0.117,0.0144213661887908
13.7,0.1896484375,-0.117,0.0143909888572507
13.7333333333333,0.1896484375,-0.117,0.0143647657511892
13.7666666666667,0.1896484375,-0.117,0.0143421839020521
13.8,0.189864412943522,-0.117,0.0133883640184052
13.8333333333333,0.189864412943522,-0.117,0.0135389067200258
13.8666666666667,0.189864412943522,-0.117,0.0136694498783577
13.9,0.189864412943522,-0.117,0.013782290794808
13.9333333333333,0.189864412943522,-0.117,0.0138794840665695
13.9666666666667,0.189864412943522,-0.117,0.0139628658501195
14,0.189864412943522,-0.117,0.0140340757930253
14.0333333333333,0.189864412943522,-0.117,0.014094576851545
14.0666666666667,0.189809608459473,-0.117,0.0143827864696273
14.1,0.189809608459473,-0.117,0.0143832235187407
14.1333333333333,0.189809608459473,-0.117,0.0143821416124568
14.1666666666667,0.189809608459473,-0.117,0.0143797964363883
14.2,0.189809608459473,-0.117,0.0143764116380543
14.2333333333333,0.189809608459473,-0.117,0.0143721823583673
14.2666666666667,0.189809608459473,-0.117,0.0143672784015495
14.3,0.189809608459473,-0.117,0.0143618470787336
14.3333333333333,0.189809608459473,-0.117,0.0143560157571889
14.3666666666667,0.189809608459473,-0.117,0.0143498941440936
14.4,0.189809608459473,-0.117,0.0143435763310395
14.4333333333333,0.189809608459473,-0.117,0.014337142622963
14.4666666666667,0.189809608459473,-0.117,0.0143306611729492
14.5,0.189809608459473,-0.117,0.0143241894422955
14.5333333333333,0.189809608459473,-0.117,0.0143177755033746
14.5666666666667,0.189643923441569,-0.117,0.0150283005030926
14.6,0.189643923441569,-0.117,0.0148938820191443
14.6333333333333,0.189643923441569,-0.117,0.0147768243945967
14.6666666666667,0.189643923441569,-0.117,0.014675144328275
14.7,0.189643923441569,-0.117,0.0145870683118738
14.7333333333333,0.189643923441569,-0.117,0.0145110115849646
14.7666666666667,0.189643923441569,-0.117,0.0144455591205174
14.8,0.189643923441569,-0.117,0.0143894484507772
14.8333333333333,0.189643923441569,-0.117,0.01434155416073
14.8666666666667,0.189583333333333,-0.117,0.0145630188503035
14.9,0.189583333333333,-0.117,0.0144817667585998
14.9333333333333,0.189583333333333,-0.117,0.0144123353494451
14.9666666666667,0.189583333333333,-0.117,0.0143532875716644
15,0.189583333333333,-0.117,0.0143033443425257
15.0333333333333,0.189583333333333,-0.117,0.0142613682809887
15.0666666666667,0.189583333333333,-0.117,0.014226349040565
15.1,0.189583333333333,-0.117,0.0141973900898076
15.1333333333333,0.18984375,-0.117,0.0130469961222319
15.1666666666667,0.18984375,-0.117,0.0132294153970758
15.2,0.18984375,-0.117,0.0133887341524263
15.2333333333333,0.18984375,-0.117,0.0135275534648737
15.2666666666667,0.18984375,-0.117,0.0136482022638693
15.3,0.18984375,-0.117,0.0137527644000184
15.3333333333333,0.18984375,-0.117,0.0138431031194308
15.3666666666667,0.189861106872559,-0.117,0.0138457881452514
15.4,0.189784367879232,-0.117,0.0142579428416986
15.4333333333333,0.189784367879232,-0.117,0.01426714270455
15.4666666666667,0.189784367879232,-0.117,0.0142741537220336
15.5,0.189784367879232,-0.117,0.0142792873826584
15.5333333333333,0.189784367879232,-0.117,0.0142828181952019
15.5666666666667,0.189784367879232,-0.117,0.0142849876725243
15.6,0.189784367879232,-0.117,0.0142860079119235
15.6333333333333,0.189784367879232,-0.117,0.0142860648111568
15.6666666666667,0.18969841003418,-0.117,0.0146572202035749
15.7,0.189759000142415,-0.117,0.0143271451385715
15.7333333333333,0.189759000142415,-0.117,0.0143144991019938
15.7666666666667,0.189759000142415,-0.117,0.0143030190893162
15.8,0.189759000142415,-0.117,0.0142926022236323
15.8333333333333,0.189759000142415,-0.117,0.0142831544348344
15.8666666666667,0.189759000142415,-0.117,0.0142745897221342
15.9,0.189759000142415,-0.117,0.0142668294773082
15.9333333333333,0.189729944864909,-0.117,0.0143855104113134
15.9666666666667,0.189729944864909,-0.117,0.0143566623656422
16,0.189729944864909,-0.117,0.0143314383661701
16.0333333333333,0.189729944864909,-0.117,0.0143094321871335
16.0666666666667,0.189729944864909,-0.117,0.0142902799824316
16.1,0.189729944864909,-0.117,0.0142736560790063
16.1333333333333,0.190038108825684,-0.117,0.0129259883628535
16.1666666666667,0.190038108825684,-0.117,0.0131520826014351
16.2,0.18966121673584,-0.117,0.0149785573354086
16.2333333333333,0.18966121673584,-0.117,0.0148559655494422
16.2666666666667,0.18966121673584,-0.117,0.014748918218048
16.3,0.18966121673584,-0.117,0.0146556614390119
16.3333333333333,0.18966121673584,-0.117,0.0145746251839582
16.3666666666667,0.18966121673584,-0.117,0.0145044049778613
16.4,0.18966121673584,-0.117,0.0144437453368478
16.4333333333333,0.18966121673584,-0.117,0.0143915248003218
16.4666666666667,0.18984375,-0.117,0.0135570066532586
16.5,0.18984375,-0.117,0.0136600419607198
16.5333333333333,0.18984375,-0.117,0.0137498736732204
16.5666666666667,0.18984375,-0.117,0.0138280017253121
16.6,0.18984375,-0.117,0.0138957680503536
16.6333333333333,0.18984375,-0.117,0.0139543723791759
16.6666666666667,0.18984375,-0.117,0.0140048865183067
16.7,0.18984375,-0.117,0.0140482672498545
16.7333333333333,0.189819272359212,-0.117,0.0141912712443515
16.7666666666667,0.189819272359212,-0.117,0.0142039079793034
16.8,0.189819272359212,-0.117,0.0142142441383603
16.8333333333333,0.189819272359212,-0.117,0.0142225860200872
16.8666666666667,0.189819272359212,-0.117,0.014229204542836
16.9,0.189729944864909,-0.117,0.0146208171422822
16.9333333333333,0.189729944864909,-0.117,0.0145555432870028
16.9666666666667,0.189729944864909,-0.117,0.0144984577590651
17,0.189638964335124,-0.117,0.0148422734350963
17.0333333333333,0.189638964335124,-0.117,0.0147284940090278
17.0666666666667,0.189638964335124,-0.117,0.0146298759562824
17.1,0.189638964335124,-0.117,0.0145446609138301
17.1333333333333,0.189638964335124,-0.117,0.0144712781255536
17.1666666666667,0.189638964335124,-0.117,0.0144083255199979
17.2,0.189638964335124,-0.117,0.0143545526205917
17.2333333333333,0.189638964335124,-0.117,0.0143088451162809
17.2666666666667,0.18984375,-0.117,0.0133841994882334
17.3,0.18984375,-0.117,0.0135102507850207
17.3333333333333,0.18984375,-0.117,0.0136204446914326
17.3666666666667,0.18984375,-0.117,0.0137165625060352
17.4,0.18984375,-0.117,0.013800199310606
17.4333333333333,0.18984375,-0.117,0.0138727824874961
17.4666666666667,0.18984375,-0.117,0.0139355884623898
17.5,0.18984375,-0.117,0.0139897578377532
17.5333333333333,0.189719772338867,-0.117,0.0145727022133557
17.5666666666667,0.189719772338867,-0.117,0.014516591030647
17.6,0.189719772338867,-0.117,0.0144674538074152
17.6333333333333,0.189719772338867,-0.117,0.0144245122723019
17.6666666666667,0.18979066212972,-0.117,0.0140803623327285
17.7,0.18979066212972,-0.117,0.0141026588298106
17.7333333333333,0.18979066212972,-0.117,0.0141219100379852
17.7666666666667,0.18979066212972,-0.117,0.0141384741186303
17.8,0.189770317077637,-0.117,0.0142406941585843
17.8333333333333,0.189770317077637,-0.117,0.0142370620019594
17.8666666666667,0.189770317077637,-0.117,0.0142337136539805
17.9,0.189770317077637,-0.117,0.0142306289117349
17.9333333333333,0.189770317077637,-0.117,0.0142277888637017
17.9666666666667,0.189770317077637,-0.117,0.014225175820182
18,0.189770317077637,-0.117,0.0142227732461277
18.0333333333333,0.189770317077637,-0.117,0.0142205656964572
18.0666666666667,0.189583333333333,-0.117,0.0150275296476374
18.1,0.189583333333333,-0.117,0.0148809531727123
18.1333333333333,0.189583333333333,-0.117,0.0147539470996684
18.1666666666667,0.189583333333333,-0.117,0.0146442378794023
18.2,0.189583333333333,-0.117,0.0145497948658433
18.2333333333333,0.189583333333333,-0.117,0.0144688057898272
18.2666666666667,0.189583333333333,-0.117,0.0143996546102415
18.3,0.189583333333333,-0.117,0.0143409015190507
18.3333333333333,0.18979066212972,-0.117,0.0133942505129391
18.3666666666667,0.18979066212972,-0.117,0.0135130534647292
18.4,0.18979066212972,-0.117,0.0136172923604539
18.4333333333333,0.18979066212972,-0.117,0.013708576704971
18.4666666666667,0.189676729838053,-0.117,0.0142812811940804
18.5,0.189676729838053,-0.117,0.0142626576523324
18.5333333333333,0.189676729838053,-0.117,0.0142468043458163
18.5666666666667,0.189676729838053,-0.117,0.0142333794809375
18.6,0.189583333333333,-0.117,0.0146261620693934
18.6333333333333,0.189583333333333,-0.117,0.0145444321052784
18.6666666666667,0.189583333333333,-0.117,0.0144740156288992
18.7,0.189583333333333,-0.117,0.0144135708190642
18.7333333333333,0.189583333333333,-0.117,0.0143619011800809
18.7666666666667,0.189583333333333,-0.117,0.0143179407249082
18.8,0.189583333333333,-0.117,0.0142807406049959
18.8333333333333,0.189583333333333,-0.117,0.0142494570500911
18.8666666666667,0.189641761779785,-0.117,0.0139705480316892
18.9,0.189813804626465,-0.117,0.0132498055582599
18.9333333333333,0.189813804626465,-0.117,0.0134044100858448
18.9666666666667,0.189813804626465,-0.117,0.0135391802863715
19,0.189813804626465,-0.117,0.0136563669212276
19.0333333333333,0.189813804626465,-0.117,0.0137579840186994
19.0666666666667,0.189813804626465,-0.117,0.0138458325095431
19.1,0.189813804626465,-0.117,0.0139215215910225
19.1333333333333,0.1896515528361,-0.117,0.0146884753693504
19.1666666666667,0.1896515528361,-0.117,0.0146184256332501
19.2,0.1896515528361,-0.117,0.0145569252611459
19.2333333333333,0.18956470489502,-0.117,0.014878779333073
19.2666666666667,0.18956470489502,-0.117,0.0147644237186937
19.3,0.18956470489502,-0.117,0.0146650838250664
19.3333333333333,0.18956470489502,-0.117,0.0145790294089198
19.3666666666667,0.18956470489502,-0.117,0.0145047142122623
19.4,0.18956470489502,-0.117,0.0144407574416003
19.4333333333333,0.189637565612793,-0.117,0.0140706929127031
19.4666666666667,0.189637565612793,-0.117,0.0140802812428345
19.5,0.189637565612793,-0.117,0.0140893534568829
19.5333333333333,0.189637565612793,-0.117,0.0140979201770012
19.5666666666667,0.189637565612793,-0.117,0.0141059942816921
19.6,0.189637565612793,-0.117,0.0141135904379529
19.6333333333333,0.189637565612793,-0.117,0.0141207246960341
19.6666666666667,0.189637565612793,-0.117,0.0141274141396687
19.7,0.189638964335124,-0.117,0.0141276249704048
19.7333333333333,0.189638964335124,-0.117,0.01413456125601
19.7666666666667,0.189638964335124,-0.117,0.0141409621453569
19.8,0.189638964335124,-0.117,0.0141468631776657
19.8333333333333,0.189638964335124,-0.117,0.0141522979963933
19.8666666666667,0.189638964335124,-0.117,0.0141572984025188
19.9,0.189638964335124,-0.117,0.0141618944127935
19.9333333333333,0.189638964335124,-0.117,0.0141661143217432
19.9666666666667,0.18984375,-0.117,0.0132839733183385
20,0.189598655700684,-0.117,0.0145064218796634
20.0333333333333,0.189598655700684,-0.117,0.014457205733818
20.0666666666667,0.189598655700684,-0.117,0.0144143734872439
20.1,0.189598655700684,-0.117,0.0143771930744776
20.1333333333333,0.189598655700684,-0.117,0.0143450101062981
20.1666666666667,0.189598655700684,-0.117,0.0143172400583937
20.2,0.189598655700684,-0.117,0.0142933612152327
20.2333333333333,0.189844767252604,-0.117,0.0132080991348776
20.2666666666667,0.189844767252604,-0.117,0.0133811364046577
20.3,0.189844767252604,-0.117,0.0135312604891709
20.3333333333333,0.189844767252604,-0.117,0.0136611202173625
20.3666666666667,0.189844767252604,-0.117,0.0137730823560157
20.4,0.189844767252604,-0.117,0.0138692600216627
20.4333333333333,0.189844767252604,-0.117,0.0139515383435922
20.4666666666667,0.189844767252604,-0.117,0.0140215976358915
20.5,0.189702161153158,-0.117,0.014697923967584
20.5333333333333,0.189702161153158,-0.117,0.014637498950427
20.5666666666667,0.189702161153158,-0.117,0.0145836738343213
20.6,0.189702161153158,-0.117,0.0145357742869099
20.6333333333333,0.189702161153158,-0.117,0.0144931917839772
20.6666666666667,0.189702161153158,-0.117,0.0144553774002434
20.7,0.189702161153158,-0.117,0.0144218361710082
20.7333333333333,0.189702161153158,-0.117,0.0143921219732361
20.7666666666667,0.189702161153158,-0.117,0.0143658328792256
20.8,0.189702161153158,-0.117,0.0143426069401595
20.8333333333333,0.189702161153158,-0.117,0.0143221183606265
20.8666666666667,0.189702161153158,-0.117,0.0143040740286649
20.9,0.189702161153158,-0.117,0.0142882103690328
20.9333333333333,0.189702161153158,-0.117,0.014274290490292
20.9666666666667,0.189702161153158,-0.117,0.0142621015989189
21,0.189707310994466,-0.117,0.0142291717099801
21.0333333333333,0.189707310994466,-0.117,0.0142238770453875
21.0666666666667,0.189707310994466,-0.117,0.014219262481762
21.1,0.189707310994466,-0.117,0.0142152525853245
21.1333333333333,0.189707310994466,-0.117,0.0142117796472363
21.1666666666667,0.189707310994466,-0.117,0.014208782931858
21.2,0.189707310994466,-0.117,0.0142062079955902
21.2333333333333,0.189707310994466,-0.117,0.0142040060698455
21.2666666666667,0.189707310994466,-0.117,0.0142021335022712
21.3,0.18984375,-0.117,0.013610243716736
21.3333333333333,0.18984375,-0.117,0.0137145143140058
21.3666666666667,0.18984375,-0.117,0.013804841806069
21.4,0.18984375,-0.117,0.0138828488540738
21.4333333333333,0.18984375,-0.117,0.0139499844891281
21.4666666666667,0.18984375,-0.117,0.0140075416664591
21.5,0.18984375,-0.117,0.0140566731162532
21.5333333333333,0.18984375,-0.117,0.0140984056513823
21.5666666666667,0.189583333333333,-0.117,0.0152603537577853
21.6,0.189583333333333,-0.117,0.0150883781730809
21.6333333333333,0.189583333333333,-0.117,0.0149384923183223
21.6666666666667,0.189583333333333,-0.117,0.0148081862146627
21.7,0.189583333333333,-0.117,0.0146952141822171
21.7333333333333,0.189583333333333,-0.117,0.0145975684269377
21.7666666666667,0.189583333333333,-0.117,0.0145134551680061
21.8,0.18984375,-0.117,0.0133145723881757
21.8333333333333,0.189688491821289,-0.117,0.0141261726809541
21.8666666666667,0.189688491821289,-0.117,0.0141280700922072
21.9,0.189688491821289,-0.117,0.0141302946203519
21.9333333333333,0.189688491821289,-0.117,0.0141327728135668
21.9666666666667,0.189688491821289,-0.117,0.0141354414067164
22,0.189688491821289,-0.117,0.0141382461322806
22.0333333333333,0.189688491821289,-0.117,0.0141411406578073
22.0666666666667,0.189688491821289,-0.117,0.0141440856371927
22.1,0.189628028869629,-0.117,0.0144086426755882
22.1333333333333,0.189628028869629,-0.117,0.0143647988275394
22.1666666666667,0.189628028869629,-0.117,0.0143271995756517
22.2,0.189628028869629,-0.117,0.0142950945333619
22.2333333333333,0.189628028869629,-0.117,0.0142678151841925
22.2666666666667,0.189628028869629,-0.117,0.014244766495684
22.3,0.189628028869629,-0.117,0.0142254193547306
22.3333333333333,0.189628028869629,-0.117,0.014209303746517
22.3666666666667,0.189628028869629,-0.117,0.014196002606432
22.4,0.189628028869629,-0.117,0.0141851462808596
22.4333333333333,0.189628028869629,-0.117,0.0141764075387019
22.4666666666667,0.189628028869629,-0.117,0.0141694970808745
22.5,0.189628028869629,-0.117,0.0141641594999386
22.5333333333333,0.189628028869629,-0.117,0.014160169646485
22.5666666666667,0.189628028869629,-0.117,0.0141573293629572
22.6,0.189628028869629,-0.117,0.0141554645492709
22.6333333333333,0.18984375,-0.117,0.0132210984536928
22.6666666666667,0.18984375,-0.117,0.0133877036912852
22.7,0.18984375,-0.117,0.0135324816417478
22.7333333333333,0.18984375,-0.117,0.013657940152093
22.7666666666667,0.18984375,-0.117,0.0137663210968052
22.8,0.18984375,-0.117,0.0138596270920446
22.8333333333333,0.18984375,-0.117,0.0139396456307831
22.8666666666667,0.18984375,-0.117,0.014007970880467
22.9,0.18984375,-0.117,0.0140660233627049
22.9333333333333,0.18984375,-0.117,0.0141150677143593
22.9666666666667,0.18984375,-0.117,0.0141562287111093
23,0.18984375,-0.117,0.0141905057178971
23.0333333333333,0.18984375,-0.117,0.0142187857155074
23.0666666666667,0.18984375,-0.117,0.0142418550387378
23.1,0.18984375,-0.117,0.0142604099490819
23.1333333333333,0.18984375,-0.117,0.014275066153433
23.1666666666667,0.189764086405436,-0.117,0.0146310343505158
23.2,0.189764086405436,-0.117,0.0145778041095327
23.2333333333333,0.189764086405436,-0.117,0.0145303923993919
23.2666666666667,0.189764086405436,-0.117,0.0144882065050464
23.3,0.189764086405436,-0.117,0.014450711312982
23.3333333333333,0.189764086405436,-0.117,0.0144174239003305
23.3666666666667,0.189764086405436,-0.117,0.0143879086193051
23.4,0.189695803324382,-0.117,0.0146572014730081
23.4333333333333,0.18976001739502,-0.117,0.0143034186392815
23.4666666666667,0.18976001739502,-0.117,0.0142869551405486
23.5,0.18976001739502,-0.117,0.0142725070964972
23.5333333333333,0.18976001739502,-0.117,0.0142598551263403
23.5666666666667,0.18976001739502,-0.117,0.0142488021307302
23.6,0.18976001739502,-0.117,0.0142391711312505
23.6333333333333,0.18976001739502,-0.117,0.0142308033124981
23.6666666666667,0.18976001739502,-0.117,0.0142235562482363
23.7,0.189861106872559,-0.117,0.0137799355756101
23.7333333333333,0.189861106872559,-0.117,0.0138527989541816
23.7666666666667,0.189861106872559,-0.117,0.0139159420212773
23.8,0.189861106872559,-0.117,0.0139704961304042
23.8333333333333,0.189861106872559,-0.117,0.0140174714901726
23.8666666666667,0.189861106872559,-0.117,0.0140577694222778
23.9,0.189861106872559,-0.117,0.0140921934291178
23.9333333333333,0.189861106872559,-0.117,0.0141214591830833
23.9666666666667,0.18984375,-0.117,0.014221298579729
24,0.18984375,-0.117,0.0142286542952489
24.0333333333333,0.18984375,-0.117,0.0142343598660496
24.0666666666667,0.18984375,-0.117,0.0142386513821099
24.1,0.18984375,-0.117,0.0142417365985932
24.1333333333333,0.18984375,-0.117,0.0142437980201742
24.1666666666667,0.18966859181722,-0.117,0.0150028229099579
24.2,0.18966859181722,-0.117,0.0148677325572309
24.2333333333333,0.189698219299316,-0.117,0.014622044363526
24.2666666666667,0.189698219299316,-0.117,0.0145430447015313
24.3,0.189698219299316,-0.117,0.0144747431257736
24.3333333333333,0.189698219299316,-0.117,0.0144158899764721
24.3666666666667,0.189698219299316,-0.117,0.0143653694375367
24.4,0.189698219299316,-0.117,0.0143221860059378
24.4333333333333,0.189698219299316,-0.117,0.0142854522733546
24.4666666666667,0.189698219299316,-0.117,0.0142543778967586
24.5,0.189770317077637,-0.117,0.0139163264009169
24.5333333333333,0.189770317077637,-0.117,0.013950339496161
24.5666666666667,0.189770317077637,-0.117,0.0139806421704203
24.6,0.189770317077637,-0.117,0.0140076142531775
24.6333333333333,0.189770317077637,-0.117,0.0140315983974406
24.6666666666667,0.189770317077637,-0.117,0.0140529035986013
24.7,0.189770317077637,-0.117,0.0140718083887762
24.7333333333333,0.189770317077637,-0.117,0.0140885637359451
24.7666666666667,0.1896515528361,-0.117,0.0146172328012386
24.8,0.1896515528361,-0.117,0.0145384268392629
24.8333333333333,0.1896515528361,-0.117,0.0144704161521966
24.8666666666667,0.1896515528361,-0.117,0.0144119287811266
24.9,0.1896515528361,-0.117,0.0143618298970486
24.9333333333333,0.1896515528361,-0.117,0.0143191078668232
24.9666666666667,0.1896515528361,-0.117,0.0142828616760816
25,0.1896515528361,-0.117,0.0142522895811084
25.0333333333333,0.1896515528361,-0.117,0.0142266788734972
25.0666666666667,0.1896515528361,-0.117,0.0142053966520882
25.1,0.1896515528361,-0.117,0.0141878815064302
25.1333333333333,0.1896515528361,-0.117,0.0141736360248808
25.1666666666667,0.1896515528361,-0.117,0.0141622200485111
25.2,0.189711888631185,-0.117,0.0138921999348583
25.2333333333333,0.189711888631185,-0.117,0.0139320188425659
25.2666666666667,0.189711888631185,-0.117,0.0139673674935032
25.3,0.189711888631185,-0.117,0.0139987096859298
25.3333333333333,0.189711888631185,-0.117,0.0140264635254623
25.3666666666667,0.189711888631185,-0.117,0.0140510057633631
25.4,0.189711888631185,-0.117,0.014072675734249
25.4333333333333,0.189711888631185,-0.117,0.0140917789294088
25.4666666666667,0.189702161153158,-0.117,0.014150676470171
25.5,0.189531262715658,-0.117,0.0148973118300464
25.5333333333333,0.189531262715658,-0.117,0.0147714701019209
25.5666666666667,0.189531262715658,-0.117,0.0146626435450547
25.6,0.189531262715658,-0.117,0.0145688390659298
25.6333333333333,0.189531262715658,-0.117,0.0144882777634809
25.6666666666667,0.189531262715658,-0.117,0.0144193732066765
25.7,0.189531262715658,-0.117,0.0143607118248207
25.7333333333333,0.189531262715658,-0.117,0.014311035211501
25.7666666666667,0.189531262715658,-0.117,0.0142692241614082
25.8,0.189531262715658,-0.117,0.0142342842759025
25.8333333333333,0.189531262715658,-0.117,0.0142053329883416
25.8666666666667,0.189531262715658,-0.117,0.014181587873973
25.9,0.189531262715658,-0.117,0.0141623561217115
25.9333333333333,0.189531262715658,-0.117,0.0141470250565296
25.9666666666667,0.189690589904785,-0.117,0.0134457196504103
26,0.189690589904785,-0.117,0.0135599425048055
26.0333333333333,0.189690589904785,-0.117,0.0136600837512207
26.0666666666667,0.189690589904785,-0.117,0.0137477014723975
26.1,0.189690589904785,-0.117,0.0138241927484909
26.1333333333333,0.189690589904785,-0.117,0.0138908095213024
26.1666666666667,0.189690589904785,-0.117,0.0139486729493576
26.2,0.189690589904785,-0.117,0.0139987863935521
26.2333333333333,0.18984375,-0.117,0.0133793953199055
26.2666666666667,0.189861106872559,-0.117,0.013460049002491
26.3,0.189861106872559,-0.117,0.0136079927072108
26.3333333333333,0.189861106872559,-0.117,0.0137353872707108
26.3666666666667,0.189861106872559,-0.117,0.0138446665684352
26.4,0.189861106872559,-0.117,0.0139380014689052
26.4333333333333,0.189861106872559,-0.117,0.0140173265883913
26.4666666666667,0.189861106872559,-0.117,0.0140843644386687
26.5,0.189861106872559,-0.117,0.0141406472137829
26.5333333333333,0.189861106872559,-0.117,0.0141875364391221
26.5666666666667,0.189861106872559,-0.117,0.0142262406855147
26.6,0.189861106872559,-0.117,0.0142578315323529
26.6333333333333,0.189861106872559,-0.117,0.0142832579467056
26.6666666666667,0.189861106872559,-0.117,0.0143033592299014
26.7,0.189861106872559,-0.117,0.0143188766689791
26.7333333333333,0.189583333333333,-0.117,0.0155322597383335
26.7666666666667,0.189583333333333,-0.117,0.0153255088860057
26.8,0.189583333333333,-0.117,0.0151447526858969
26.8333333333333,0.189583333333333,-0.117,0.0149870749871484
26.8666666666667,0.189583333333333,-0.117,0.0148498640786245
26.9,0.189583333333333,-0.117,0.0147307824525946
26.9333333333333,0.189583333333333,-0.117,0.0146277394630086
26.9666666666667,0.189583333333333,-0.117,0.0145388666089836
27,0.18984375,-0.117,0.0133357945183687
27.0333333333333,0.18984375,-0.117,0.0134719858353907
27.0666666666667,0.18984375,-0.117,0.0135908210651925
27.1,0.18984375,-0.117,0.0136942676686577
27.1333333333333,0.18984375,-0.117,0.0137840860421547
27.1666666666667,0.18984375,-0.117,0.0138618502144788
27.2,0.18984375,-0.117,0.0139289665521946
27.2333333333333,0.18978214263916,-0.117,0.0142532367921181
27.2666666666667,0.18984375,-0.117,0.0139884614200478
27.3,0.18984375,-0.117,0.0140370367718612
27.3333333333333,0.18984375,-0.117,0.0140784822533435
27.3666666666667,0.18984375,-0.117,0.0141136686791943
27.4,0.18984375,-0.117,0.014143370860794
27.4333333333333,0.18984375,-0.117,0.0141682775120042
27.4666666666667,0.18984375,-0.117,0.0141890001794261
27.5,0.18984375,-0.117,0.0142060812899133
27.5333333333333,0.18984375,-0.117,0.0142200013995391
27.5666666666667,0.18984375,-0.117,0.0142311857204065
27.6,0.18984375,-0.117,0.0142400099945903
27.6333333333333,0.18984375,-0.117,0.0142468057780305
27.6666666666667,0.18984375,-0.117,0.0142518651913381
27.7,0.18984375,-0.117,0.0142554451891349
27.7333333333333,0.18984375,-0.117,0.0142577713947013
27.7666666666667,0.18984375,-0.117,0.0142590415423082
27.8,0.18984375,-0.117,0.0142594285656069
27.8333333333333,0.18984375,-0.117,0.0142590833668245
27.8666666666667,0.18984375,-0.117,0.0142581372982111
27.9,0.18984375,-0.117,0.0142567043842017
27.9333333333333,0.18984375,-0.117,0.0142548833100306
27.9666666666667,0.18984375,-0.117,0.0142527592000886
28,0.18984375,-0.117,0.0142504052070599
28.0333333333333,0.18984375,-0.117,0.0142478839308701
28.0666666666667,0.189688491821289,-0.117,0.014916977947621
28.1,0.189688491821289,-0.117,0.0147941113025045
28.1333333333333,0.189688491821289,-0.117,0.0146873353457537
28.1666666666667,0.189688491821289,-0.117,0.0145948037228344
28.2,0.189688491821289,-0.117,0.0145148656359376
28.2333333333333,0.189688491821289,-0.117,0.0144460462258012
28.2666666666667,0.189688491821289,-0.117,0.0143870288455644
28.3,0.189688491821289,-0.117,0.0143366390495707
28.3333333333333,0.189628028869629,-0.117,0.0145554249474943
28.3666666666667,0.189628028869629,-0.117,0.0144724694076046
28.4,0.189628028869629,-0.117,0.0144016119330649
28.4333333333333,0.189628028869629,-0.117,0.0143413843427603
28.4666666666667,0.189628028869629,-0.117,0.0142904794672132
28.5,0.189628028869629,-0.117,0.0142477346053253
28.5333333333333,0.189628028869629,-0.117,0.0142121166047299
28.5666666666667,0.189628028869629,-0.117,0.0141827084117547
28.6,0.189628028869629,-0.117,0.0141586969512189
28.6333333333333,0.189628028869629,-0.117,0.0141393622092238
28.6666666666667,0.189628028869629,-0.117,0.0141240674038731
28.7,0.189628028869629,-0.117,0.0141122501395475
28.7333333333333,0.189628028869629,-0.117,0.014103414450093
28.7666666666667,0.189628028869629,-0.117,0.0140971236451164
28.8,0.189628028869629,-0.117,0.0140929938816222
28.8333333333333,0.1896453221639,-0.117,0.0140158684234688
28.8666666666667,0.18984375,-0.117,0.0131699724224826
28.9,0.18984375,-0.117,0.0133356304921818
28.9333333333333,0.18984375,-0.117,0.0134801451718346
28.9666666666667,0.18984375,-0.117,0.0136059083411559
29,0.18984375,-0.117,0.0137150608323333
29.0333333333333,0.18984375,-0.117,0.0138095174564955
29.0666666666667,0.18984375,-0.117,0.0138909896277705
29.1,0.18984375,-0.117,0.0139610058089806
29.1333333333333,0.18984375,-0.117,0.0140209299825899
29.1666666666667,0.18984375,-0.117,0.0140719783319404
29.2,0.18984375,-0.117,0.014115234300871
29.2333333333333,0.18984375,-0.117,0.0141516621844166
29.2666666666667,0.18984375,-0.117,0.014182119389254
29.3,0.18984375,-0.117,0.0142073674898013
29.3333333333333,0.18984375,-0.117,0.0142280821942714
29.3666666666667,0.18965524037679,-0.117,0.0150604549799288
29.4,0.18965524037679,-0.117,0.014927932908992
29.4333333333333,0.18965524037679,-0.117,0.0148120490149677
29.4666666666667,0.18965524037679,-0.117,0.0147109365095754
29.5,0.18965524037679,-0.117,0.0146229236037567
29.5333333333333,0.18965524037679,-0.117,0.0145465141280159
29.5666666666667,0.18965524037679,-0.117,0.0144803700092074
29.6,0.18965524037679,-0.117,0.0144232954309061
29.6333333333333,0.189773495992025,-0.117,0.0138625859808492
29.6666666666667,0.189773495992025,-0.117,0.0139120862054893
29.7,0.189773495992025,-0.117,0.0139555064415091
29.7333333333333,0.189773495992025,-0.117,0.0139935204586274
29.7666666666667,0.189773495992025,-0.117,0.0140267322028354
29.8,0.189773495992025,-0.117,0.0140556826976028
29.8333333333333,0.189773495992025,-0.117,0.0140808562866573
29.8666666666667,0.189773495992025,-0.117,0.0141026862794612
29.9,0.189773495992025,-0.117,0.0141215600549503
29.9333333333333,0.189773495992025,-0.117,0.0141378236740532
29.9666666666667,0.189773495992025,-0.117,0.0141517860469025
30,0.189773495992025,-0.117,0.0141637226964529
30.0333333333333,0.189773495992025,-0.117,0.0141738791564101
30.0666666666667,0.189773495992025,-0.117,0.0141824740378966
30.1,0.189773495992025,-0.117,0.0141897017961208
30.1333333333333,0.189773495992025,-0.117,0.0141957352254386
30.1666666666667,0.189688491821289,-0.117,0.0145685008554311
30.2,0.189688491821289,-0.117,0.0145067991297197
30.2333333333333,0.189688491821289,-0.117,0.0144531394497803
30.2666666666667,0.189688491821289,-0.117,0.0144066000766683
30.3,0.189688491821289,-0.117,0.0143663568942988
30.3333333333333,0.189688491821289,-0.117,0.0143316736125221
30.3666666666667,0.189688491821289,-0.117,0.0143018929154933
30.4,0.189497566223145,-0.117,0.0151024739118467
30.4333333333333,0.18984375,-0.117,0.013435260926624
30.4666666666667,0.18984375,-0.117,0.0135569061682584
30.5,0.18984375,-0.117,0.0136630347372213
30.5333333333333,0.18984375,-0.117,0.0137554040356761
30.5666666666667,0.18984375,-0.117,0.0138355867382551
30.6,0.18984375,-0.117,0.0139049892336026
30.6333333333333,0.18984375,-0.117,0.0139648682933385
30.6666666666667,0.18984375,-0.117,0.0140163461339381
30.7,0.189769490559896,-0.117,0.0143817097627826
30.7333333333333,0.189769490559896,-0.117,0.0143618069593332
30.7666666666667,0.189769490559896,-0.117,0.0143439026889348
30.8,0.189769490559896,-0.117,0.0143278061212534
30.8333333333333,0.189769490559896,-0.117,0.0143133440295162
30.8666666666667,0.189769490559896,-0.117,0.0143003592071755
30.9,0.189769490559896,-0.117,0.0142887090242443
30.9333333333333,0.189769490559896,-0.117,0.0142782641111731
30.9666666666667,0.189769490559896,-0.117,0.0142689071591748
31,0.189769490559896,-0.117,0.0142605318268584
31.0333333333333,0.189769490559896,-0.117,0.0142530417439058
31.0666666666667,0.189769490559896,-0.117,0.0142463496033185
31.1,0.189769490559896,-0.117,0.014240376334493
31.1333333333333,0.189769490559896,-0.117,0.0142350503500546
31.1666666666667,0.189769490559896,-0.117,0.0142303068599823
31.2,0.189769490559896,-0.117,0.0142260872471222
31.2333333333333,0.189896138509115,-0.117,0.0136743922694208
31.2666666666667,0.189896138509115,-0.117,0.0137690860609251
31.3,0.189896138509115,-0.117,0.0138510087717792
31.3333333333333,0.189896138509115,-0.117,0.0139216532899865
31.3666666666667,0.189896138509115,-0.117,0.0139823523235516
31.4,0.189896138509115,-0.117,0.0140342946246866
31.4333333333333,0.189896138509115,-0.117,0.0140785396376516
31.4666666666667,0.189896138509115,-0.117,0.0141160307186492
31.5,0.18984375,-0.117,0.0143742675509583
31.5333333333333,0.18984375,-0.117,0.0143601286864098
31.5666666666667,0.18984375,-0.117,0.0143469228061879
31.6,0.18984375,-0.117,0.014334603295648
31.6333333333333,0.18984375,-0.117,0.0143231242684731
31.6666666666667,0.18984375,-0.117,0.0143124407943899
31.7,0.18984375,-0.117,0.0143025090831279
31.7333333333333,0.18984375,-0.117,0.0142932866303135
31.7666666666667,0.189583333333333,-0.117,0.0154114330106154
31.8,0.189583333333333,-0.117,0.0152019568960822
31.8333333333333,0.189583333333333,-0.117,0.0150201120486011
31.8666666666667,0.189583333333333,-0.117,0.0148627118128846
31.9,0.189583333333333,-0.117,0.0147269083115782
31.9333333333333,0.189583333333333,-0.117,0.0146101583613918
31.9666666666667,0.189583333333333,-0.117,0.0145101926838723
32,0.18984375,-0.117,0.0132982874216158
32.0333333333333,0.18984375,-0.117,0.0134275921058246
32.0666666666667,0.18984375,-0.117,0.0135412110753454
32.1,0.18984375,-0.117,0.0136408685928105
32.1333333333333,0.18984375,-0.117,0.0137281112492406
32.1666666666667,0.18984375,-0.117,0.0138043254501576
32.2,0.18984375,-0.117,0.0138707532388865
32.2333333333333,0.18984375,-0.117,0.0139285066109932
32.2666666666667,0.18984375,-0.117,0.0139785804598616
32.3,0.18984375,-0.117,0.014021864280701
32.3333333333333,0.18984375,-0.117,0.0140591527486981
32.3666666666667,0.18984375,-0.117,0.0140911552764873
32.4,0.18984375,-0.117,0.0141185046465089
32.4333333333333,0.18984375,-0.117,0.0141417648050952
32.4666666666667,0.18984375,-0.117,0.0141614378971541
32.5,0.18984375,-0.117,0.0141779706130932
32.5333333333333,0.18984375,-0.117,0.0141917599130297
32.5666666666667,0.189925257364909,-0.117,0.0138505140779352
32.6,0.189925257364909,-0.117,0.0139229166937642
32.6333333333333,0.189925257364909,-0.117,0.013985054037361
32.6666666666667,0.189925257364909,-0.117,0.0140381568534902
32.7,0.189925257364909,-0.117,0.0140833217909336
32.7333333333333,0.189925257364909,-0.117,0.0141215251255631
32.7666666666667,0.189815839131673,-0.117,0.0146270364757707
32.8,0.189815839131673,-0.117,0.014569140018273
32.8333333333333,0.189770317077637,-0.117,0.0147149205734253
32.8666666666667,0.189770317077637,-0.117,0.0146345244742756
32.9,0.189770317077637,-0.117,0.0145642186232552
32.9333333333333,0.189770317077637,-0.117,0.0145028730591297
32.9666666666667,0.189770317077637,-0.117,0.0144494756078283
33,0.189770317077637,-0.117,0.0144031201988825
33.0333333333333,0.189770317077637,-0.117,0.0143629962991737
33.0666666666667,0.189770317077637,-0.117,0.0143283793600975
33.1,0.18984375,-0.117,0.0139809123971608
33.1333333333333,0.18984375,-0.117,0.0140122709898661
33.1666666666667,0.18984375,-0.117,0.014039771518794
33.2,0.18984375,-0.117,0.014063843272393
33.2333333333333,0.18984375,-0.117,0.0140848708631839
33.2666666666667,0.18984375,-0.117,0.0141031986603667
33.3,0.18984375,-0.117,0.0141191347981024
33.3333333333333,0.18984375,-0.117,0.0141329547989739
33.3666666666667,0.18984375,-0.117,0.014144904848536
33.4,0.18984375,-0.117,0.0141552047535861
33.4333333333333,0.18984375,-0.117,0.0141640506138036
33.4666666666667,0.18984375,-0.117,0.0141716172337001
33.5,0.18984375,-0.117,0.0141780602993366
33.5333333333333,0.189775594075521,-0.117,0.0144783970356974
33.5666666666667,0.189775594075521,-0.117,0.0144302436985624
33.6,0.189775594075521,-0.117,0.0143884149344753
33.6333333333333,0.189775594075521,-0.117,0.0143521832989908
33.6666666666667,0.189775594075521,-0.117,0.0143208985392908
33.7,0.189775594075521,-0.117,0.014293979838764
33.7333333333333,0.189775594075521,-0.117,0.0142709088104489
33.7666666666667,0.189775594075521,-0.117,0.0142512231691813
33.8,0.189861106872559,-0.117,0.0138645372845845
33.8333333333333,0.189861106872559,-0.117,0.0139166148752904
33.8666666666667,0.189861106872559,-0.117,0.0139620938425996
33.9,0.189861106872559,-0.117,0.014001718906703
33.9333333333333,0.189861106872559,-0.117,0.0140361566757148
33.9666666666667,0.189861106872559,-0.117,0.0140660034324636
34,0.189861106872559,-0.117,0.0140917921735913
34.0333333333333,0.189861106872559,-0.117,0.0141139989707177
34.0666666666667,0.1896484375,-0.117,0.0150531692677245
34.1,0.1896484375,-0.117,0.0149048446998855
34.1333333333333,0.1896484375,-0.117,0.0147761624798336
34.1666666666667,0.1896484375,-0.117,0.0146648505556252
34.2,0.1896484375,-0.117,0.0145688789683382
34.2333333333333,0.1896484375,-0.117,0.0144864354523253
34.2666666666667,0.1896484375,-0.117,0.0144159033973582
34.3,0.18984375,-0.117,0.0135108164407402
34.3333333333333,0.189628028869629,-0.117,0.0145444293821508
34.3666666666667,0.189628028869629,-0.117,0.0144655256480269
34.4,0.189628028869629,-0.117,0.0143981353189171
34.4333333333333,0.189628028869629,-0.117,0.0143408579707523
34.4666666666667,0.189628028869629,-0.117,0.0142924471067056
34.5,0.189628028869629,-0.117,0.0142517943108679
34.5333333333333,0.189628028869629,-0.117,0.014217914959713
34.5666666666667,0.189628028869629,-0.117,0.0141899353433846
34.6,0.18966801961263,-0.117,0.0139940598887236
34.6333333333333,0.18966801961263,-0.117,0.0140065963735035
34.6666666666667,0.18966801961263,-0.117,0.0140188140636918
34.7,0.18966801961263,-0.117,0.0140306616193364
34.7333333333333,0.18966801961263,-0.117,0.0140420993024988
34.7666666666667,0.18966801961263,-0.117,0.0140530973706407
34.8,0.18966801961263,-0.117,0.0140636346571508
34.8333333333333,0.18966801961263,-0.117,0.0140736973191406
34.8666666666667,0.1896453221639,-0.117,0.0141814789413785
34.9,0.1896453221639,-0.117,0.0141730079738608
34.9333333333333,0.1896453221639,-0.117,0.0141664112483154
34.9666666666667,0.1896453221639,-0.117,0.0141614198886916
35,0.1896453221639,-0.117,0.0141577974118001
35.0333333333333,0.1896453221639,-0.117,0.0141553361892181
35.0666666666667,0.1896453221639,-0.117,0.0141538542717918
35.1,0.1896453221639,-0.117,0.0141531925412165
35.1333333333333,0.1896453221639,-0.117,0.0141532121565292
35.1666666666667,0.1896453221639,-0.117,0.0141537922664107
35.2,0.1896453221639,-0.117,0.014154827960968
35.2333333333333,0.1896453221639,-0.117,0.0141562284391744
35.2666666666667,0.1896453221639,-0.117,0.0141579153704361
35.3,0.1896453221639,-0.117,0.0141598214308182
35.3333333333333,0.189831352233887,-0.117,0.0133570242037412
35.3666666666667,0.189831352233887,-0.117,0.0135031827759583
35.4,0.189831352233887,-0.117,0.0136300954149109
35.4333333333333,0.189831352233887,-0.117,0.0137399774297459
35.4666666666667,0.189831352233887,-0.117,0.0138348090146651
35.5,0.189831352233887,-0.117,0.0139163588698902
35.5333333333333,0.189831352233887,-0.117,0.0139862055420715
35.5666666666667,0.189831352233887,-0.117,0.0140457566977651
35.6,0.1896515528361,-0.117,0.0148741741226461
35.6333333333333,0.1896515528361,-0.117,0.0147776026895856
35.6666666666667,0.1896515528361,-0.117,0.0146927689251237
35.7,0.1896515528361,-0.117,0.0146183798399231
35.7333333333333,0.1896515528361,-0.117,0.0145532759269836
35.7666666666667,0.1896515528361,-0.117,0.0144964180034958
35.8,0.1896515528361,-0.117,0.014446875305647
35.8333333333333,0.189713541666667,-0.117,0.0141356181471825
35.8666666666667,0.189831352233887,-0.117,0.01363655991046
35.9,0.189831352233887,-0.117,0.0137370266861234
35.9333333333333,0.189831352233887,-0.117,0.0138240494274181
35.9666666666667,0.189831352233887,-0.117,0.0138991918773928
36,0.189831352233887,-0.117,0.0139638505808081
36.0333333333333,0.189831352233887,-0.117,0.0140192717754222
36.0666666666667,0.189831352233887,-0.117,0.0140665666453817
36.1,0.189831352233887,-0.117,0.0141067250906775
36.1333333333333,0.18984375,-0.117,0.0140869888378877
36.1666666666667,0.18984375,-0.117,0.0141250151991644
36.2,0.18984375,-0.117,0.0141569780705178
36.2333333333333,0.18984375,-0.117,0.0141836448343588
36.2666666666667,0.18984375,-0.117,0.0142056965931311
36.3,0.18984375,-0.117,0.0142237371832023
36.3333333333333,0.18984375,-0.117,0.0142383012934229
36.3666666666667,0.18984375,-0.117,0.0142498617740544
36.4,0.18984375,-0.117,0.0142588362137882
36.4333333333333,0.18984375,-0.117,0.0142655928553359
36.4666666666667,0.18984375,-0.117,0.0142704559134757
36.5,0.18984375,-0.117,0.0142737103534648
36.5333333333333,0.18984375,-0.117,0.0142756061822803
36.5666666666667,0.18984375,-0.117,0.0142763623002147
36.6,0.18984375,-0.117,0.014276169955866
36.6333333333333,0.18984375,-0.117,0.0142751958434902
36.6666666666667,0.190032386779785,-0.117,0.0134574420756451
36.7,0.190032386779785,-0.117,0.0136013159398836
36.7333333333333,0.190032386779785,-0.117,0.0137251996919253
36.7666666666667,0.190032386779785,-0.117,0.0138314686598288
36.8,0.190032386779785,-0.117,0.0139222406244401
36.8333333333333,0.190032386779785,-0.117,0.0139994020975381
36.8666666666667,0.190032386779785,-0.117,0.0140646320328702
36.9,0.190032386779785,-0.117,0.0141194232127776
36.9333333333333,0.190032386779785,-0.117,0.0141651015307488
36.9666666666667,0.190032386779785,-0.117,0.0142028433698861
37,0.190032386779785,-0.117,0.0142336912587686
37.0333333333333,0.190032386779785,-0.117,0.014258567969363
37.0666666666667,0.190032386779785,-0.117,0.0142782892063305
37.1,0.190032386779785,-0.117,0.0142935750231638
37.1333333333333,0.190032386779785,-0.117,0.0143050600879467
37.1666666666667,0.190032386779785,-0.117,0.014313302910032
37.2,0.189583333333333,-0.117,0.0162616376111078
37.2333333333333,0.189715957641602,-0.117,0.0153434578989798
37.2666666666667,0.189715957641602,-0.117,0.0151464096504255
37.3,0.189715957641602,-0.117,0.0149751701112179
37.3333333333333,0.189715957641602,-0.117,0.0148267792780153
37.3666666666667,0.189715957641602,-0.117,0.0146985904742411
37.4,0.189715957641602,-0.117,0.0145882389344347
37.4333333333333,0.189715957641602,-0.117,0.0144936134169428
37.4666666666667,0.189715957641602,-0.117,0.0144128305616375
37.5,0.189715957641602,-0.117,0.014344211735248
37.5333333333333,0.189715957641602,-0.117,0.0142862621304413
37.5666666666667,0.189715957641602,-0.117,0.0142376519062536
37.6,0.189715957641602,-0.117,0.0141971991769816
37.6333333333333,0.189715957641602,-0.117,0.0141638546744139
37.6666666666667,0.189715957641602,-0.117,0.0141366879244407
37.7,0.189653778076172,-0.117,0.0143838965870667
37.7333333333333,0.189653778076172,-0.117,0.0143185839878312
37.7666666666667,0.189653778076172,-0.117,0.0142637085511412
37.8,0.189653778076172,-0.117,0.0142179500945845
37.8333333333333,0.189653778076172,-0.117,0.0141801367298781
37.8666666666667,0.189653778076172,-0.117,0.0141492293844424
37.9,0.189653778076172,-0.117,0.0141243078591592
37.9333333333333,0.189653778076172,-0.117,0.0141045582753773
37.9666666666667,0.189638964335124,-0.117,0.0141533538820216
38,0.189638964335124,-0.117,0.0141304113330603
38.0333333333333,0.189638964335124,-0.117,0.0141122678188282
38.0666666666667,0.189638964335124,-0.117,0.0140982533900923
38.1,0.189638964335124,-0.117,0.0140877774191129
38.1333333333333,0.189638964335124,-0.117,0.0140803200414238
38.1666666666667,0.189638964335124,-0.117,0.014075424466679
38.2,0.189698219299316,-0.117,0.013816321657524
38.2333333333333,0.1896453221639,-0.117,0.0140901194511637
38.2666666666667,0.1896453221639,-0.117,0.0140894677141489
38.3,0.1896453221639,-0.117,0.0140901100849089
38.3333333333333,0.1896453221639,-0.117,0.0140918149195815
38.3666666666667,0.1896453221639,-0.117,0.014094381072859
38.4,0.1896453221639,-0.117,0.0140976344031634
38.4333333333333,0.1896453221639,-0.117,0.0141014246468979
38.4666666666667,0.1896453221639,-0.117,0.0141056226248664
38.5,0.18984375,-0.117,0.0132516136402927
38.5333333333333,0.189757347106934,-0.117,0.0137837103268005
38.5666666666667,0.189757347106934,-0.117,0.0138546294179834
38.6,0.189757347106934,-0.117,0.0139163723430425
38.6333333333333,0.189757347106934,-0.117,0.0139699811097348
38.6666666666667,0.189757347106934,-0.117,0.014016388295251
38.7,0.189757347106934,-0.117,0.0140564279485679
38.7333333333333,0.189757347106934,-0.117,0.0140908454473185
38.7666666666667,0.189715067545573,-0.117,0.01430323022307
38.8,0.189715067545573,-0.117,0.0142956061374551
38.8333333333333,0.189715067545573,-0.117,0.0142885390440509
38.8666666666667,0.189715067545573,-0.117,0.0142819890829043
38.9,0.189715067545573,-0.117,0.0142759191808469
38.9333333333333,0.189715067545573,-0.117,0.0142702948620415
38.9666666666667,0.189583333333333,-0.117,0.0148350361728835
39,0.189583333333333,-0.117,0.0147282529773712
39.0333333333333,0.18984375,-0.117,0.0135088039789455
39.0666666666667,0.18984375,-0.117,0.0136300216025273
39.1,0.18984375,-0.117,0.0137351671110821
39.1333333333333,0.18984375,-0.117,0.0138260987812301
39.1666666666667,0.18984375,-0.117,0.0139044770402901
39.2,0.18984375,-0.117,0.0139717843906992
39.2333333333333,0.18984375,-0.117,0.0140293434071983
39.2666666666667,0.18984375,-0.117,0.014078332987578
39.3,0.189729944864909,-0.117,0.0146121844220273
39.3333333333333,0.189729944864909,-0.117,0.0145589891627944
39.3666666666667,0.189729944864909,-0.117,0.0145118559084904
39.4,0.189729944864909,-0.117,0.0144701452134154
39.4333333333333,0.189729944864909,-0.117,0.0144332816103061
39.4666666666667,0.189729944864909,-0.117,0.0144007474515565
39.5,0.189729944864909,-0.117,0.0143720773260597
39.5333333333333,0.189729944864909,-0.117,0.0143468529991176
39.5666666666667,0.18984375,-0.117,0.0138323174267573
39.6,0.18984375,-0.117,0.0139009760683646
39.6333333333333,0.18984375,-0.117,0.0139602479791114
39.6666666666667,0.18984375,-0.117,0.0140112385587021
39.7,0.18984375,-0.117,0.0140549340468394
39.7333333333333,0.18984375,-0.117,0.0140922136318023
39.7666666666667,0.189598846435547,-0.117,0.0151834431483876
39.8,0.189598846435547,-0.117,0.015020609936637
39.8333333333333,0.189687474568685,-0.117,0.0144954377868874
39.8666666666667,0.189687474568685,-0.117,0.0144410129888123
39.9,0.189687474568685,-0.117,0.014393928874835
39.9333333333333,0.189687474568685,-0.117,0.0143533295221433
39.9666666666667,0.189687474568685,-0.117,0.0143184505899328
40,0.189687474568685,-0.117,0.0142886100667474
40.0333333333333,0.189687474568685,-0.117,0.0142631999148378
40.0666666666667,0.189687474568685,-0.117,0.0142416785272455
40.1,0.189844767252604,-0.117,0.0135430323089922
40.1333333333333,0.189844767252604,-0.117,0.0136496331808326
40.1666666666667,0.189844767252604,-0.117,0.0137424990247077
40.2,0.189844767252604,-0.117,0.0138231949531385
40.2333333333333,0.189844767252604,-0.117,0.0138931208839803
40.2666666666667,0.189844767252604,-0.117,0.0139535280813567
40.3,0.189844767252604,-0.117,0.0140055341030794
40.3333333333333,0.189844767252604,-0.117,0.014050136303599
40.3666666666667,0.190054575602214,-0.117,0.0131804817806209
40.4,0.189792315165202,-0.117,0.0145099070509444
40.4333333333333,0.189792315165202,-0.117,0.0144748745038217
40.4666666666667,0.189792315165202,-0.117,0.014443436689713
40.5,0.189792315165202,-0.117,0.0144152446075964
40.5333333333333,0.189792315165202,-0.117,0.0143899818897445
40.5666666666667,0.189792315165202,-0.117,0.0143673618328511
40.6,0.189792315165202,-0.117,0.014347124693645
40.6333333333333,0.189792315165202,-0.117,0.0143290352258216
40.6666666666667,0.189792315165202,-0.117,0.0143128804371185
40.7,0.189792315165202,-0.117,0.0142984675471971
40.7333333333333,0.189792315165202,-0.117,0.0142856221286683
40.7666666666667,0.18984375,-0.117,0.0140516520278392
40.8,0.18984375,-0.117,0.0140812915355745
40.8333333333333,0.18984375,-0.117,0.0141067283532514
40.8666666666667,0.18984375,-0.117,0.0141284681891758
40.9,0.18984375,-0.117,0.0141469614433484
40.9333333333333,0.18984375,-0.117,0.0141626088865834
40.9666666666667,0.18984375,-0.117,0.0141757667821366
41,0.18984375,-0.117,0.0141867515027503
41.0333333333333,0.18982105255127,-0.117,0.0142940448978876
41.0666666666667,0.189719772338867,-0.117,0.0147221183876806
41.1,0.189719772338867,-0.117,0.0146345467895488
41.1333333333333,0.189719772338867,-0.117,0.0145583447239672
41.1666666666667,0.189719772338867,-0.117,0.0144922135085701
41.2,0.189719772338867,-0.117,0.014434991625219
41.2333333333333,0.189719772338867,-0.117,0.0143856409858826
41.2666666666667,0.189719772338867,-0.117,0.0143432345212564
41.3,0.189719772338867,-0.117,0.0143069449684537
41.3333333333333,0.189719772338867,-0.117,0.0142760347453885
41.3666666666667,0.189719772338867,-0.117,0.0142498468097647
41.4,0.189719772338867,-0.117,0.0142277964099336
41.4333333333333,0.189719772338867,-0.117,0.0142093636434111
41.4666666666667,0.189719772338867,-0.117,0.0141940867465873
41.5,0.189719772338867,-0.117,0.0141815560462223
41.5333333333333,0.189828936258952,-0.117,0.0136991074677335
41.5666666666667,0.189828936258952,-0.117,0.013775509573967
41.6,0.189828936258952,-0.117,0.0138423543333082
41.6333333333333,0.189828936258952,-0.117,0.013900711611407
41.6666666666667,0.189828936258952,-0.117,0.0139515396967026
41.7,0.189828936258952,-0.117,0.0139956963763235
41.7333333333333,0.189828936258952,-0.117,0.0140339489519397
41.7666666666667,0.189828936258952,-0.117,0.014066983294216
41.8,0.189828936258952,-0.117,0.0140954120255143
41.8333333333333,0.189713541666667,-0.117,0.0146190401483566
41.8666666666667,0.189713541666667,-0.117,0.0145505287493055
41.9,0.189713541666667,-0.117,0.0144908627249665
41.9333333333333,0.189713541666667,-0.117,0.0144390329144657
41.9666666666667,0.189713541666667,-0.117,0.0143941367589057
42,0.189713541666667,-0.117,0.0143553676210341
42.0333333333333,0.18984375,-0.117,0.0137586547941528
42.0666666666667,0.190022214253743,-0.117,0.0130587002602139
42.1,0.190022214253743,-0.117,0.0132596700816632
42.1333333333333,0.190022214253743,-0.117,0.0134338435731286
42.1666666666667,0.190022214253743,-0.117,0.0135843316394108
42.2,0.190022214253743,-0.117,0.0137139129524272
42.2333333333333,0.190022214253743,-0.117,0.0138250674883323
42.2666666666667,0.190022214253743,-0.117,0.0139200068145411
42.3,0.190022214253743,-0.117,0.0140007014320188
42.3333333333333,0.190022214253743,-0.117,0.0140689054502044
42.3666666666667,0.190022214253743,-0.117,0.0141261788464457
42.4,0.190022214253743,-0.117,0.014173907538641
42.4333333333333,0.190022214253743,-0.117,0.014213321478684
42.4666666666667,0.190022214253743,-0.117,0.0142455109551148
42.5,0.190022214253743,-0.117,0.0142714412759327
42.5333333333333,0.190022214253743,-0.117,0.014291965986646
42.5666666666667,0.190022214253743,-0.117,0.0143078387642127
42.6,0.189737764994303,-0.117,0.0155504025429991
42.6333333333333,0.189737764994303,-0.117,0.0153387349667979
42.6666666666667,0.189737764994303,-0.117,0.0151537152328526
42.7,0.189737764994303,-0.117,0.0149923533518895
42.7333333333333,0.189737764994303,-0.117,0.014851971434578
42.7666666666667,0.189737764994303,-0.117,0.0147301727025001
42.8,0.189737764994303,-0.117,0.0146248134649262
42.8333333333333,0.190009943644206,-0.117,0.0133563885246703
42.8666666666667,0.190009943644206,-0.117,0.0134890188979452
42.9,0.18984375,-0.117,0.0143237146004906
42.9333333333333,0.18984375,-0.117,0.0142956967658356
42.9666666666667,0.18984375,-0.117,0.0142716176769291
43,0.18984375,-0.117,0.0142510108599111
43.0333333333333,0.18984375,-0.117,0.014233460103697
43.0666666666667,0.18984375,-0.117,0.0142185943644613
43.1,0.18984375,-0.117,0.0142060831649613
43.1333333333333,0.18984375,-0.117,0.0141956324421636
43.1666666666667,0.18984375,-0.117,0.0141869808009036
43.2,0.18984375,-0.117,0.0141798961351939
43.2333333333333,0.18984375,-0.117,0.0141741725823377
43.2666666666667,0.18984375,-0.117,0.014169627778206
43.3,0.18984375,-0.117,0.0141661003849799
43.3333333333333,0.18984375,-0.117,0.0141634478653085
43.3666666666667,0.18984375,-0.117,0.014161544479256
43.4,0.18984375,-0.117,0.0141602794826119
43.4333333333333,0.1896484375,-0.117,0.0150045810173401
43.4666666666667,0.1896484375,-0.117,0.0148531498566528
43.5,0.1896484375,-0.117,0.0147223800474708
43.5333333333333,0.1896484375,-0.117,0.0146098435779858
43.5666666666667,0.1896484375,-0.117,0.0145133737061009
43.6,0.189666684468587,-0.117,0.0143520923808461
43.6333333333333,0.189666684468587,-0.117,0.0142962928854829
43.6666666666667,0.189666684468587,-0.117,0.0142494802210669
43.7,0.189701143900553,-0.117,0.0140614231548949
43.7333333333333,0.189701143900553,-0.117,0.014055958368304
43.7666666666667,0.189701143900553,-0.117,0.0140528501581142
43.8,0.189701143900553,-0.117,0.0140517206054394
43.8333333333333,0.189701143900553,-0.117,0.0140522392832468
43.8666666666667,0.189701143900553,-0.117,0.014054117959678
43.9,0.189701143900553,-0.117,0.0140571058507015
43.9333333333333,0.189701143900553,-0.117,0.0140609853678792
43.9666666666667,0.18965810139974,-0.117,0.0142517930095801
44,0.18984375,-0.117,0.0134203899281345
44.0333333333333,0.18984375,-0.117,0.0135407558837339
44.0666666666667,0.18984375,-0.117,0.013646076312415
44.1,0.18984375,-0.117,0.0137380307442639
44.1333333333333,0.18984375,-0.117,0.013818124071868
44.1666666666667,0.18984375,-0.117,0.0138877038384315
44.2,0.18984375,-0.117,0.0139479758753043
44.2333333333333,0.18979066212972,-0.117,0.0142297047380934
44.2666666666667,0.18979066212972,-0.117,0.0142333937715754
44.3,0.18979066212972,-0.117,0.0142361895082091
44.3333333333333,0.18979066212972,-0.117,0.0142382171930141
44.3666666666667,0.18984375,-0.117,0.0140099011301688
44.4,0.18984375,-0.117,0.0140517989575144
44.4333333333333,0.18984375,-0.117,0.0140877102001612
44.4666666666667,0.18984375,-0.117,0.0141183524405467
44.5,0.189864412943522,-0.117,0.0140549663741893
44.5333333333333,0.189864412943522,-0.117,0.0140929113613965
44.5666666666667,0.189864412943522,-0.117,0.0141251574360232
44.6,0.189864412943522,-0.117,0.0141524047786675
44.6333333333333,0.189864412943522,-0.117,0.0141752762741483
44.6666666666667,0.189864412943522,-0.117,0.0141943254855353
44.7,0.189864412943522,-0.117,0.0142100438434584
44.7333333333333,0.189864412943522,-0.117,0.0142228671252707
44.7666666666667,0.189712333679199,-0.117,0.0148911568843285
44.8,0.189712333679199,-0.117,0.0147816010830942
44.8333333333333,0.189712333679199,-0.117,0.0146859705497196
44.8666666666667,0.189712333679199,-0.117,0.014602691635463
44.9,0.189712333679199,-0.117,0.0145303558479377
44.9333333333333,0.189712333679199,-0.117,0.0144677033822383
44.9666666666667,0.189712333679199,-0.117,0.0144136082336426
45,0.189712333679199,-0.117,0.0143670647443262
45.0333333333333,0.18984375,-0.117,0.0137585987150959
45.0666666666667,0.18984375,-0.117,0.0138262734680202
45.1,0.18984375,-0.117,0.0138854433923601
45.1333333333333,0.189638964335124,-0.117,0.0148230750605924
45.1666666666667,0.189638964335124,-0.117,0.0147095063065658
45.2,0.189638964335124,-0.117,0.0146112727566411
45.2333333333333,0.189638964335124,-0.117,0.0145265816166345
45.2666666666667,0.189638964335124,-0.117,0.0144538324138994
45.3,0.18979066212972,-0.117,0.0137352723705929
45.3333333333333,0.18979066212972,-0.117,0.0137996864417034
45.3666666666667,0.18979066212972,-0.117,0.0138564576919702
45.4,0.18979066212972,-0.117,0.0139064132597488
45.4333333333333,0.18979066212972,-0.117,0.0139502960369747
45.4666666666667,0.18979066212972,-0.117,0.0139887728863879
45.5,0.18979066212972,-0.117,0.0140224420829275
45.5333333333333,0.18979066212972,-0.117,0.0140518400507137
45.5666666666667,0.18984375,-0.117,0.0138477611646799
45.6,0.18984375,-0.117,0.0139110959850793
45.6333333333333,0.18984375,-0.117,0.0139659434004882
45.6666666666667,0.18984375,-0.117,0.0140132900505404
45.7,0.18984375,-0.117,0.0140540171861858
45.7333333333333,0.18984375,-0.117,0.0140889113058452
45.7666666666667,0.18984375,-0.117,0.0141186737611688
45.8,0.18984375,-0.117,0.0141439294291803
45.8333333333333,0.18984375,-0.117,0.0141652345387022
45.8666666666667,0.18984375,-0.117,0.0141830837308976
45.9,0.18984375,-0.117,0.0141979164264089
45.9333333333333,0.18984375,-0.117,0.0142101225648962
45.9666666666667,0.18984375,-0.117,0.0142200477766936
46,0.18984375,-0.117,0.0142279980407716
46.0333333333333,0.18984375,-0.117,0.0142342438781692
46.0666666666667,0.18984375,-0.117,0.0142390241254787
46.1,0.18984375,-0.117,0.0142425493288208
46.1333333333333,0.18984375,-0.117,0.014245004794955
46.1666666666667,0.18984375,-0.117,0.0142465533327532
46.2,0.18984375,-0.117,0.01424733771513
46.2333333333333,0.18984375,-0.117,0.0142474828887031
46.2666666666667,0.18984375,-0.117,0.0142470979558714
46.3,0.18984375,-0.117,0.014246277951673
46.3333333333333,0.18984375,-0.117,0.0142451054356591
46.3666666666667,0.18966121673584,-0.117,0.0150333876722296
46.4,0.18966121673584,-0.117,0.0148904426585325
46.4333333333333,0.18966121673584,-0.117,0.0147662851332511
46.4666666666667,0.18966121673584,-0.117,0.0146587525457096
46.5,0.18966121673584,-0.117,0.0145659119730804
46.5333333333333,0.18966121673584,-0.117,0.0144860370368996
46.5666666666667,0.18966121673584,-0.117,0.0144175870495584
46.6,0.18984375,-0.117,0.0135694524266298
46.6333333333333,0.18984375,-0.117,0.0136611529326335
46.6666666666667,0.18984375,-0.117,0.0137416374694103
46.7,0.18984375,-0.117,0.0138121452846156
46.7333333333333,0.18984375,-0.117,0.0138737874825684
46.7666666666667,0.18984375,-0.117,0.0139275596682288
46.8,0.18984375,-0.117,0.0139743533864616
46.8333333333333,0.18984375,-0.117,0.0140149664682989
46.8666666666667,0.189702987670898,-0.117,0.0146591249116847
46.9,0.189702987670898,-0.117,0.0145804977610252
46.9333333333333,0.189702987670898,-0.117,0.0145122266215628
46.9666666666667,0.189702987670898,-0.117,0.0144531166923955
47,0.189702987670898,-0.117,0.0144021002964931
47.0333333333333,0.189702987670898,-0.117,0.0143582240799969
47.0666666666667,0.189702987670898,-0.117,0.0143206374498639
47.1,0.189702987670898,-0.117,0.0142885821336569
47.1333333333333,0.189759000142415,-0.117,0.0140190430832407
47.1666666666667,0.189759000142415,-0.117,0.0140394497011776
47.2,0.189759000142415,-0.117,0.0140577608676312
47.2333333333333,0.189759000142415,-0.117,0.014074179697138
47.2666666666667,0.189759000142415,-0.117,0.0140888903605266
47.3,0.189759000142415,-0.117,0.0141020598033156
47.3333333333333,0.189759000142415,-0.117,0.014113839311488
47.3666666666667,0.189759000142415,-0.117,0.0141243659379724
47.4,0.189844767252604,-0.117,0.0137626897742632
47.4333333333333,0.189844767252604,-0.117,0.0138374509848954
47.4666666666667,0.189844767252604,-0.117,0.0139023917216603
47.5,0.189844767252604,-0.117,0.0139586414799659
47.5333333333333,0.189844767252604,-0.117,0.0140072099093131
47.5666666666667,0.189844767252604,-0.117,0.0140489988532589
47.6,0.189844767252604,-0.117,0.0140848132268854
47.6333333333333,0.1897980372111,-0.117,0.0143175497957532
47.6666666666667,0.18984375,-0.117,0.0141095455732922
47.7,0.18984375,-0.117,0.0141355031506831
47.7333333333333,0.18984375,-0.117,0.0141574595754347
47.7666666666667,0.18984375,-0.117,0.0141759128832768
47.8,0.18984375,-0.117,0.0141913056829555
47.8333333333333,0.18984375,-0.117,0.0142040309063114
47.8666666666667,0.18984375,-0.117,0.0142144369901553
47.9,0.18984375,-0.117,0.0142228325441107
47.9333333333333,0.18976936340332,-0.117,0.0145513264412474
47.9666666666667,0.18976936340332,-0.117,0.0144989162962336
48,0.18976936340332,-0.117,0.0144529465168516
48.0333333333333,0.18976936340332,-0.117,0.014412704603652
48.0666666666667,0.18976936340332,-0.117,0.014377551739821
48.1,0.18976936340332,-0.117,0.0143469155233623
48.1333333333333,0.18976936340332,-0.117,0.0143202833914077
48.1666666666667,0.18976936340332,-0.117,0.014297196672506
48.2,0.189715957641602,-0.117,0.0145083068715142
48.2333333333333,0.189638964335124,-0.117,0.0147829044869671
48.2666666666667,0.189638964335124,-0.117,0.0146727859609728
48.3,0.189638964335124,-0.117,0.0145777111649427
48.3333333333333,0.189638964335124,-0.117,0.0144959116105902
48.3666666666667,0.189638964335124,-0.117,0.0144258091254105
48.4,0.189844767252604,-0.117,0.0134755839196079
48.4333333333333,0.189844767252604,-0.117,0.0135840894963678
48.4666666666667,0.189844767252604,-0.117,0.0136791457262002
48.5,0.18984375,-0.117,0.0137666512003324
48.5333333333333,0.18984375,-0.117,0.0138383580728782
48.5666666666667,0.18984375,-0.117,0.0139007620614656
48.6,0.18984375,-0.117,0.0139549262047212
48.6333333333333,0.18984375,-0.117,0.014001801193815
48.6666666666667,0.18984375,-0.117,0.0140422366290047
48.7,0.18984375,-0.117,0.0140769911914082
48.7333333333333,0.18984375,-0.117,0.0141067418314794
48.7666666666667,0.18984375,-0.117,0.0141320920663872
48.8,0.18984375,-0.117,0.014153579470064
48.8333333333333,0.18984375,-0.117,0.0141716824319993
48.8666666666667,0.18984375,-0.117,0.0141868262538667
48.9,0.18984375,-0.117,0.0141993886467105
48.9333333333333,0.18984375,-0.117,0.0142097046856233
48.9666666666667,0.18984375,-0.117,0.0142180712735916
49,0.189968808492025,-0.117,0.013683681767323
49.0333333333333,0.189968808492025,-0.117,0.0137856966076331
49.0666666666667,0.189968808492025,-0.117,0.0138734762382442
49.1,0.189968808492025,-0.117,0.0139487140306897
49.1333333333333,0.189968808492025,-0.117,0.0140129197176274
49.1666666666667,0.18984375,-0.117,0.0146085075215577
49.2,0.18984375,-0.117,0.0145577460478077
49.2333333333333,0.18984375,-0.117,0.0145125438694429
49.2666666666667,0.189702161153158,-0.117,0.0150849217586057
49.3,0.189702161153158,-0.117,0.0149396071961811
49.3333333333333,0.189702161153158,-0.117,0.0148130116452794
49.3666666666667,0.189702161153158,-0.117,0.0147030054331901
49.4,0.189702161153158,-0.117,0.0146076832857943
49.4333333333333,0.189702161153158,-0.117,0.0145253418937665
49.4666666666667,0.189702161153158,-0.117,0.0144544596370192
49.5,0.189702161153158,-0.117,0.0143936782657664
49.5333333333333,0.189583333333333,-0.117,0.014855898555048
49.5666666666667,0.189583333333333,-0.117,0.0147198493797188
49.6,0.189583333333333,-0.117,0.0146029876832895
49.6333333333333,0.189583333333333,-0.117,0.0145030211559907
49.6666666666667,0.189583333333333,-0.117,0.0144179066089348
49.7,0.189583333333333,-0.117,0.0143458245288755
49.7333333333333,0.189583333333333,-0.117,0.0142851561198987
49.7666666666667,0.189583333333333,-0.117,0.014234462596877
49.8,0.18976936340332,-0.117,0.013387601724597
49.8333333333333,0.18976936340332,-0.117,0.0134971487554838
49.8666666666667,0.18976936340332,-0.117,0.0135939399905238
49.9,0.18976936340332,-0.117,0.0136793379190842
49.9333333333333,0.189828745524089,-0.117,0.0134976490399561
49.9666666666667,0.189828745524089,-0.117,0.0136097704079511
50,0.189828745524089,-0.117,0.0137076472941144
50.0333333333333,0.189828745524089,-0.117,0.0137928857422828
50.0666666666667,0.189710871378581,-0.117,0.0143769097529726
50.1,0.189710871378581,-0.117,0.0143498045296726
50.1333333333333,0.189710871378581,-0.117,0.0143261751246186
50.1666666666667,0.189710871378581,-0.117,0.0143056232445733
50.2,0.189710871378581,-0.117,0.0142877929509823
50.2333333333333,0.189710871378581,-0.117,0.014272366388109
50.2666666666667,0.189710871378581,-0.117,0.0142590599254059
50.3,0.189710871378581,-0.117,0.014247620675152
50.3333333333333,0.1896515528361,-0.117,0.0144944668398862
50.3666666666667,0.1896515528361,-0.117,0.0144402011348568
50.4,0.1896515528361,-0.117,0.0143933579645783
50.4333333333333,0.1896515528361,-0.117,0.0143530613692294
50.4666666666667,0.1896515528361,-0.117,0.0143185300213509
50.5,0.1896515528361,-0.117,0.0142890675911652
50.5333333333333,0.1896515528361,-0.117,0.0142640540517905
50.5666666666667,0.1896515528361,-0.117,0.0142429378355807
50.6,0.189650281270345,-0.117,0.0142307302291484
50.6333333333333,0.189650281270345,-0.117,0.0142150089923814
50.6666666666667,0.189650281270345,-0.117,0.0142020058554834
50.7,0.189715957641602,-0.117,0.0139072127917425
50.7333333333333,0.189715957641602,-0.117,0.0139494457922837
50.7666666666667,0.189715957641602,-0.117,0.0139866245660874
50.8,0.189715957641602,-0.117,0.0140192969812441
50.8333333333333,0.189715957641602,-0.117,0.0140479551478051
50.8666666666667,0.1896484375,-0.117,0.0143651688069948
50.9,0.1896484375,-0.117,0.0143348209727828
50.9333333333333,0.1896484375,-0.117,0.0143086635278949
50.9666666666667,0.1896484375,-0.117,0.0142861981962593
51,0.1896484375,-0.117,0.0142669808465322
51.0333333333333,0.1896484375,-0.117,0.0142506159543859
51.0666666666667,0.1896484375,-0.117,0.014236751606983
51.1,0.189659118652344,-0.117,0.0141788626656877
51.1333333333333,0.189659118652344,-0.117,0.0141773627492953
51.1666666666667,0.189659118652344,-0.117,0.0141764173438159
51.2,0.189659118652344,-0.117,0.0141759373754771
51.2333333333333,0.189659118652344,-0.117,0.0141758450672542
51.2666666666667,0.189659118652344,-0.117,0.0141760726677876
51.3,0.189659118652344,-0.117,0.0141765613131292
51.3333333333333,0.189659118652344,-0.117,0.0141772600081209
51.3666666666667,0.189863967895508,-0.117,0.0132918381940311
51.4,0.189863967895508,-0.117,0.0134513747730877
51.4333333333333,0.189863967895508,-0.117,0.0135897361181861
51.4666666666667,0.189863967895508,-0.117,0.0137093725016373
51.5,0.189778645833333,-0.117,0.0141816216707005
51.5333333333333,0.189778645833333,-0.117,0.0142041057989185
51.5666666666667,0.189778645833333,-0.117,0.0142226117704695
51.6,0.189778645833333,-0.117,0.0142376614572003
51.6333333333333,0.189749908447266,-0.117,0.0143740502096359
51.6666666666667,0.189749908447266,-0.117,0.0143612790385251
51.7,0.189749908447266,-0.117,0.0143492675504201
51.7333333333333,0.189749908447266,-0.117,0.0143379865221186
51.7666666666667,0.189749908447266,-0.117,0.0143274058919126
51.8,0.189749908447266,-0.117,0.0143174951195638
51.8333333333333,0.189749908447266,-0.117,0.0143082234918602
51.8666666666667,0.189749908447266,-0.117,0.0142995603802733
51.9,0.18979066212972,-0.117,0.0141151534018287
51.9333333333333,0.18979066212972,-0.117,0.0141391582646042
51.9666666666667,0.18979066212972,-0.117,0.0141594505125543
52,0.18979066212972,-0.117,0.0141764946463892
52.0333333333333,0.18979066212972,-0.117,0.0141907032381229
52.0666666666667,0.18979066212972,-0.117,0.0142024423383483
52.1,0.18979066212972,-0.117,0.0142120363475443
52.1333333333333,0.18979066212972,-0.117,0.014219772402641
52.1666666666667,0.18984375,-0.117,0.0139962180294061
52.2,0.18984375,-0.117,0.0140420574119126
52.2333333333333,0.18984375,-0.117,0.0140812017391581
52.2666666666667,0.189701143900553,-0.117,0.0147314566405655
52.3,0.189701143900553,-0.117,0.0146491984618508
52.3333333333333,0.189701143900553,-0.117,0.0145772406043706
52.3666666666667,0.189701143900553,-0.117,0.0145144313118332
52.4,0.189701143900553,-0.117,0.0144597387584772
52.4333333333333,0.189825820922852,-0.117,0.0138728202088851
52.4666666666667,0.189825820922852,-0.117,0.0139281812777756
52.5,0.189825820922852,-0.117,0.0139762238456075
52.5333333333333,0.189825820922852,-0.117,0.0140177959533598
52.5666666666667,0.189825820922852,-0.117,0.0140536550650217
52.6,0.189825820922852,-0.117,0.0140844772176998
52.6333333333333,0.189825820922852,-0.117,0.0141108652841544
52.6666666666667,0.189825820922852,-0.117,0.0141333564312352
52.7,0.189759000142415,-0.117,0.0144415310021182
52.7333333333333,0.189759000142415,-0.117,0.0144058938134773
52.7666666666667,0.189759000142415,-0.117,0.0143745794889095
52.8,0.189759000142415,-0.117,0.0143471150807934
52.8333333333333,0.189759000142415,-0.117,0.0143230761049608
52.8666666666667,0.189759000142415,-0.117,0.0143020817963589
52.9,0.189759000142415,-0.117,0.0142837908136963
52.9333333333333,0.189759000142415,-0.117,0.0142678973516801
52.9666666666667,0.189759000142415,-0.117,0.0142541276231906
53,0.189759000142415,-0.117,0.0142422366771432
53.0333333333333,0.189759000142415,-0.117,0.0142320055208935
53.0666666666667,0.189759000142415,-0.117,0.0142232385188607
53.1,0.189759000142415,-0.117,0.0142157610416293
53.1333333333333,0.189759000142415,-0.117,0.0142094173421226
53.1666666666667,0.189759000142415,-0.117,0.0142040686375876
53.2,0.189759000142415,-0.117,0.0141995913780669
53.2333333333333,0.189741007486979,-0.117,0.0142737214583456
53.2666666666667,0.189741007486979,-0.117,0.0142567442346999
53.3,0.189741007486979,-0.117,0.0142422126261239
53.3333333333333,0.189741007486979,-0.117,0.014229832196791
53.3666666666667,0.189741007486979,-0.117,0.0142193406185178
53.4,0.189741007486979,-0.117,0.0142105043858435
53.4333333333333,0.189741007486979,-0.117,0.014203115852436
53.4666666666667,0.189741007486979,-0.117,0.0141969905584233
53.5,0.189741007486979,-0.117,0.0141919648210597
53.5333333333333,0.189741007486979,-0.117,0.0141878935636777
53.5666666666667,0.189741007486979,-0.117,0.0141846483601968
53.6,0.189741007486979,-0.117,0.0141821156745725
53.6333333333333,0.189741007486979,-0.117,0.0141801952764804
53.6666666666667,0.189741007486979,-0.117,0.0141787988162752
53.7,0.189741007486979,-0.117,0.014177848543852
53.7333333333333,0.189741007486979,-0.117,0.0141772761574713
53.7666666666667,0.189716784159342,-0.117,0.0142818247384702
53.8,0.189716784159342,-0.117,0.0142630882241621
53.8333333333333,0.189716784159342,-0.117,0.0142470868328399
53.8666666666667,0.189716784159342,-0.117,0.01423348770597
53.9,0.189716784159342,-0.117,0.0142219945876067
53.9333333333333,0.189716784159342,-0.117,0.0142123440548703
53.9666666666667,0.189716784159342,-0.117,0.0142043021191021
54,0.18984375,-0.117,0.0136483395661713
54.0333333333333,0.18984375,-0.117,0.013741181216321
54.0666666666667,0.18984375,-0.117,0.0138218932391912
54.1,0.18984375,-0.117,0.0138918674974069
54.1333333333333,0.18984375,-0.117,0.0139523483396139
54.1666666666667,0.18984375,-0.117,0.0140044474106146
54.2,0.18984375,-0.117,0.01404915703207
54.2333333333333,0.18984375,-0.117,0.0140873622876482
54.2666666666667,0.18984375,-0.117,0.0141198519342551
54.3,0.18984375,-0.117,0.0141473282498307
54.3333333333333,0.18984375,-0.117,0.014170415918056
54.3666666666667,0.18984375,-0.117,0.0141896700410831
54.4,0.18984375,-0.117,0.0142055833629953
54.4333333333333,0.18984375,-0.117,0.0142185927790743
54.4666666666667,0.18984375,-0.117,0.0142290851989896
54.5,0.18984375,-0.117,0.0142374028257152
54.5333333333333,0.189688491821289,-0.117,0.0149155771692184
54.5666666666667,0.189688491821289,-0.117,0.0148002536842252
54.6,0.189688491821289,-0.117,0.0146996804431819
54.6333333333333,0.189688491821289,-0.117,0.0146121856847469
54.6666666666667,0.189688491821289,-0.117,0.0145362733812959
54.7,0.189688491821289,-0.117,0.0144706056984787
54.7333333333333,0.189688491821289,-0.117,0.0144139871402967
54.7666666666667,0.18984375,-0.117,0.013693620959383
54.8,0.189702161153158,-0.117,0.0143847643312639
54.8333333333333,0.189702161153158,-0.117,0.0143437947576262
54.8666666666667,0.189702161153158,-0.117,0.0143087079023935
54.9,0.189702161153158,-0.117,0.0142787952179602
54.9333333333333,0.189702161153158,-0.117,0.0142534255124284
54.9666666666667,0.189702161153158,-0.117,0.0142320370255192
55,0.189702161153158,-0.117,0.0142141302804983
55.0333333333333,0.189702161153158,-0.117,0.0141992616386382
55.0666666666667,0.189734840393066,-0.117,0.0140456497576515
55.1,0.189734840393066,-0.117,0.0140610134910315
55.1333333333333,0.189734840393066,-0.117,0.0140749708582043
55.1666666666667,0.189734840393066,-0.117,0.0140876442664305
55.2,0.189734840393066,-0.117,0.0140991458293941
55.2333333333333,0.189734840393066,-0.117,0.0141095782111547
55.2666666666667,0.189734840393066,-0.117,0.0141190354022541
55.3,0.189734840393066,-0.117,0.0141276034333535
55.3333333333333,0.189734840393066,-0.117,0.0141353610313408
55.3666666666667,0.189734840393066,-0.117,0.0141423802224737
55.4,0.189734840393066,-0.117,0.0141487268867597
55.4333333333333,0.189734840393066,-0.117,0.014154461267452
55.4666666666667,0.189734840393066,-0.117,0.01415963843923
55.5,0.189734840393066,-0.117,0.0141643087383583
55.5333333333333,0.189734840393066,-0.117,0.0141685181578551
55.5666666666667,0.189734840393066,-0.117,0.0141723087104667
55.6,0.189707310994466,-0.117,0.0142948255478029
55.6333333333333,0.189628028869629,-0.117,0.014619600193867
55.6666666666667,0.189628028869629,-0.117,0.0145425426878075
55.7,0.189628028869629,-0.117,0.0144759587820417
55.7333333333333,0.189628028869629,-0.117,0.0144186186622061
55.7666666666667,0.189628028869629,-0.117,0.0143694248572702
55.8,0.189628028869629,-0.117,0.0143273988065937
55.8333333333333,0.189628028869629,-0.117,0.0142916687342116
55.8666666666667,0.190015856424967,-0.117,0.012583510916675
55.9,0.190015856424967,-0.117,0.0128582914009865
55.9333333333333,0.190015856424967,-0.117,0.0130970183385666
55.9666666666667,0.190015856424967,-0.117,0.0133038392937875
56,0.190015856424967,-0.117,0.0134824615169453
56.0333333333333,0.190015856424967,-0.117,0.0136361962047014
56.0666666666667,0.190015856424967,-0.117,0.0137679984847026
56.1,0.190015856424967,-0.117,0.013880503525143
56.1333333333333,0.189891242980957,-0.117,0.0145152030135488
56.1666666666667,0.189891242980957,-0.117,0.0144994540649744
56.2,0.189891242980957,-0.117,0.0144836434624917
56.2333333333333,0.189891242980957,-0.117,0.0144679147938728
56.2666666666667,0.189891242980957,-0.117,0.0144523870886839
56.3,0.189891242980957,-0.117,0.0144371579420653
56.3333333333333,0.189891242980957,-0.117,0.0144223062898622
56.3666666666667,0.189879862467448,-0.117,0.0144571330112477
56.4,0.1896515528361,-0.117,0.0154221911737117
56.4333333333333,0.1896515528361,-0.117,0.0152244670448449
56.4666666666667,0.1896515528361,-0.117,0.015052045760061
56.5,0.1896515528361,-0.117,0.0149020600162833
56.5333333333333,0.1896515528361,-0.117,0.014771943819751
56.5666666666667,0.1896515528361,-0.117,0.0146594024220217
56.6,0.1896515528361,-0.117,0.0145623851439796
56.6333333333333,0.1896515528361,-0.117,0.0144790608183673
56.6666666666667,0.189737065633138,-0.117,0.014037821871815
56.7,0.189754803975423,-0.117,0.0139665966612124
56.7333333333333,0.189754803975423,-0.117,0.0139862714474784
56.7666666666667,0.189754803975423,-0.117,0.0140044101838943
56.8,0.189754803975423,-0.117,0.0140211248736883
56.8333333333333,0.189754803975423,-0.117,0.0140365199291702
56.8666666666667,0.189754803975423,-0.117,0.0140506926384488
56.9,0.189754803975423,-0.117,0.0140637336079257
56.9333333333333,0.189754803975423,-0.117,0.0140757271813446
56.9666666666667,0.189754803975423,-0.117,0.0140867518362146
57,0.189754803975423,-0.117,0.0140968805584505
57.0333333333333,0.189754803975423,-0.117,0.0141061811960835
57.0666666666667,0.189754803975423,-0.117,0.014114716792912
57.1,0.189754803975423,-0.117,0.0141225459029542
57.1333333333333,0.189754803975423,-0.117,0.014129722886561
57.1666666666667,0.189754803975423,-0.117,0.0141362981890431
57.2,0.189593251546224,-0.117,0.0148412801330535
57.2333333333333,0.189593251546224,-0.117,0.0147217550034153
57.2666666666667,0.189593251546224,-0.117,0.0146185336563815
57.3,0.189593251546224,-0.117,0.014529699106657
57.3333333333333,0.189593251546224,-0.117,0.0144535407839421
57.3666666666667,0.189593251546224,-0.117,0.0143885335757116
57.4,0.189593251546224,-0.117,0.0143333189097209
57.4333333333333,0.189593251546224,-0.117,0.0142866876839512
57.4666666666667,0.189719772338867,-0.117,0.0137001687869395
57.5,0.18976936340332,-0.117,0.0135509634743339
57.5333333333333,0.18976936340332,-0.117,0.0136472654944725
57.5666666666667,0.18976936340332,-0.117,0.0137317667612066
57.6,0.18976936340332,-0.117,0.0138057693141788
57.6333333333333,0.18976936340332,-0.117,0.0138704408499575
57.6666666666667,0.18976936340332,-0.117,0.0139268279479358
57.7,0.18976936340332,-0.117,0.0139758680387237
57.7333333333333,0.18976936340332,-0.117,0.0140184002314168
57.7666666666667,0.18976936340332,-0.117,0.0140551751055877
57.8,0.18976936340332,-0.117,0.0140868635642348
57.8333333333333,0.18976936340332,-0.117,0.0141140648351811
57.8666666666667,0.18976936340332,-0.117,0.0141373137004415
57.9,0.18976936340332,-0.117,0.0141570870258304
57.9333333333333,0.18976936340332,-0.117,0.0141738096564699
57.9666666666667,0.18976936340332,-0.117,0.0141878597378437
58,0.189938418070475,-0.117,0.0134681533239883
58.0333333333333,0.189938418070475,-0.117,0.013608669899205
58.0666666666667,0.189938418070475,-0.117,0.0137298597762013
58.1,0.189938418070475,-0.117,0.0138340028053967
58.1333333333333,0.189938418070475,-0.117,0.0139231329727562
58.1666666666667,0.189938418070475,-0.117,0.0139990633821745
58.2,0.189938418070475,-0.117,0.0140634088053154
58.2333333333333,0.189938418070475,-0.117,0.014117606028274
58.2666666666667,0.189693895975749,-0.117,0.0152208645315468
58.3,0.189715957641602,-0.117,0.0149737545623843
58.3333333333333,0.189715957641602,-0.117,0.0148578290463314
58.3666666666667,0.189715957641602,-0.117,0.0147562052584997
58.4,0.189715957641602,-0.117,0.0146672972784283
58.4333333333333,0.189715957641602,-0.117,0.0145896834493253
58.4666666666667,0.189715957641602,-0.117,0.014522090157447
58.5,0.189715957641602,-0.117,0.0144633771574996
58.5333333333333,0.189715957641602,-0.117,0.0144125243006866
58.5666666666667,0.189715957641602,-0.117,0.0143686195350315
58.6,0.189715957641602,-0.117,0.0143308480594644
58.6333333333333,0.189715957641602,-0.117,0.0142984825239442
58.6666666666667,0.189715957641602,-0.117,0.0142708741777193
58.7,0.189715957641602,-0.117,0.0142474448767803
58.7333333333333,0.189715957641602,-0.117,0.0142276798696961
58.7666666666667,0.189715957641602,-0.117,0.014211121288448
58.8,0.189688491821289,-0.117,0.0143161939899886
58.8333333333333,0.189809608459473,-0.117,0.0137596013080918
58.8666666666667,0.189809608459473,-0.117,0.0138257323032534
58.9,0.189809608459473,-0.117,0.0138836413750425
58.9333333333333,0.189809608459473,-0.117,0.0139342461918393
58.9666666666667,0.189809608459473,-0.117,0.013978368873229
59,0.189809608459473,-0.117,0.0140167454654781
59.0333333333333,0.189809608459473,-0.117,0.0140500345107151
59.0666666666667,0.189809608459473,-0.117,0.0140788247941099
59.1,0.189809608459473,-0.117,0.0141036423456815
59.1333333333333,0.189809608459473,-0.117,0.0141249567663753
59.1666666666667,0.189809608459473,-0.117,0.0141431869416978
59.2,0.189809608459473,-0.117,0.014158706200406
59.2333333333333,0.189809608459473,-0.117,0.0141718469704813
59.2666666666667,0.189809608459473,-0.117,0.01418290497982
59.3,0.189809608459473,-0.117,0.0141921430447097
59.3333333333333,0.189759000142415,-0.117,0.0144187529181726
59.3666666666667,0.189759000142415,-0.117,0.0143858561605398
59.4,0.189759000142415,-0.117,0.0143570179377359
59.4333333333333,0.189759000142415,-0.117,0.0143317881662061
59.4666666666667,0.189759000142415,-0.117,0.0143097633839997
59.5,0.189759000142415,-0.117,0.0142905821466688
59.5333333333333,0.189759000142415,-0.117,0.0142739208620252
59.5666666666667,0.18984375,-0.117,0.0138928171698244
59.6,0.18984375,-0.117,0.0139459503827366
59.6333333333333,0.18984375,-0.117,0.0139920238380132
59.6666666666667,0.18984375,-0.117,0.014031856313335
59.7,0.18984375,-0.117,0.0140661791630008
59.7333333333333,0.18984375,-0.117,0.0140956451434457
59.7666666666667,0.18984375,-0.117,0.0141208363833254
59.8,0.18984375,-0.117,0.0141422715785581
59.8333333333333,0.18984375,-0.117,0.0141604124853345
59.8666666666667,0.18984375,-0.117,0.0141756697774105
59.9,0.18984375,-0.117,0.0141884083278772
59.9333333333333,0.18984375,-0.117,0.0141989519700597
59.9666666666667,0.18984375,-0.117,0.0142075877871363
60,0.18984375,-0.117,0.0142145699754758
60.0333333333333,0.18984375,-0.117,0.0142201233225143
60.0666666666667,0.18984375,-0.117,0.0142244463361916
60.1,0.18984375,-0.117,0.0142277140595133
60.1333333333333,0.189759000142415,-0.117,0.0145967534538913
60.1666666666667,0.189759000142415,-0.117,0.0145327618254749
60.2,0.189759000142415,-0.117,0.0144769234364069
60.2333333333333,0.189759000142415,-0.117,0.0144283171395662
60.2666666666667,0.189759000142415,-0.117,0.0143861183733464
60.3,0.189759000142415,-0.117,0.0143495895407833
60.3333333333333,0.189713541666667,-0.117,0.0145147487985638
60.3666666666667,0.189713541666667,-0.117,0.0144524695099764
60.4,0.189555740356445,-0.117,0.0150815387384785
60.4333333333333,0.189555740356445,-0.117,0.0149133426117365
60.4666666666667,0.189555740356445,-0.117,0.0147682210806832
60.5,0.189555740356445,-0.117,0.0146434553932206
60.5333333333333,0.189555740356445,-0.117,0.0145366197998788
60.5666666666667,0.189555740356445,-0.117,0.0144455517940906
60.6,0.189555740356445,-0.117,0.0143683252493613
60.6333333333333,0.189555740356445,-0.117,0.0143032261802428
60.6666666666667,0.1896515528361,-0.117,0.0138341952528509
60.7,0.1896515528361,-0.117,0.0138631049645126
60.7333333333333,0.1896515528361,-0.117,0.0138901161034487
60.7666666666667,0.1896515528361,-0.117,0.0139153241255444
60.8,0.1896515528361,-0.117,0.0139388228138534
60.8333333333333,0.1896515528361,-0.117,0.0139607038478959
60.8666666666667,0.1896515528361,-0.117,0.0139810564576191
60.9,0.1896515528361,-0.117,0.0139999671509578
60.9333333333333,0.1896515528361,-0.117,0.0140175195051793
60.9666666666667,0.1896515528361,-0.117,0.0140337940133015
61,0.1896515528361,-0.117,0.0140488679778752
61.0333333333333,0.1896515528361,-0.117,0.0140628154453149
61.0666666666667,0.1896515528361,-0.117,0.0140757071747558
61.1,0.1896515528361,-0.117,0.0140876106361338
61.1333333333333,0.1896515528361,-0.117,0.0140985900328221
61.1666666666667,0.189713541666667,-0.117,0.0138405097716613
61.2,0.18984375,-0.117,0.0133344469365325
61.2333333333333,0.18984375,-0.117,0.0134853223544326
61.2666666666667,0.18984375,-0.117,0.0136162916803873
61.3,0.18984375,-0.117,0.0137296483966719
61.3333333333333,0.18984375,-0.117,0.0138274424400357
61.3666666666667,0.18984375,-0.117,0.0139115046782793
61.4,0.18984375,-0.117,0.0139834690230946
61.4333333333333,0.18984375,-0.117,0.0140447924006226
61.4666666666667,0.18984375,-0.117,0.0140967727809203
61.5,0.18984375,-0.117,0.0141405654490963
61.5333333333333,0.18984375,-0.117,0.0141771976840831
61.5666666666667,0.18984375,-0.117,0.0142075819957476
61.6,0.18984375,-0.117,0.0142325280571405
61.6333333333333,0.18984375,-0.117,0.0142527534560499
61.6666666666667,0.18984375,-0.117,0.0142688933785228
61.7,0.18984375,-0.117,0.0142815093265652
61.7333333333333,0.18984375,-0.117,0.0142910969627235
61.7666666666667,0.18984375,-0.117,0.01429809316561
61.8,0.18984375,-0.117,0.0143028823725778
61.8333333333333,0.18984375,-0.117,0.0143058022786177
61.8666666666667,0.18984375,-0.117,0.0143071489540554
61.9,0.18984375,-0.117,0.0143071814377485
61.9333333333333,0.18984375,-0.117,0.0143061258571201
61.9666666666667,0.189687474568685,-0.117,0.0149803095590474
62,0.189682388305664,-0.117,0.0148786986515754
62.0333333333333,0.189682388305664,-0.117,0.0147668003697824
62.0666666666667,0.189682388305664,-0.117,0.0146693226114723
62.1,0.189682388305664,-0.117,0.0145846256147018
62.1333333333333,0.189682388305664,-0.117,0.014511242272972
62.1666666666667,0.189682388305664,-0.117,0.0144478608863185
62.2,0.189682388305664,-0.117,0.014393309570784
62.2333333333333,0.189682388305664,-0.117,0.0143465421714423
62.2666666666667,0.189682388305664,-0.117,0.0143066255382554
62.3,0.189682388305664,-0.117,0.0142727280369124
62.3333333333333,0.189682388305664,-0.117,0.0142441091785083
62.3666666666667,0.189682388305664,-0.117,0.014220110262572
62.4,0.189682388305664,-0.117,0.0142001459376562
62.4333333333333,0.189682388305664,-0.117,0.014183696592523
62.4666666666667,0.189682388305664,-0.117,0.0141703014989866
62.5,0.189688491821289,-0.117,0.0141331455875861
62.5333333333333,0.189688491821289,-0.117,0.0141294059104645
62.5666666666667,0.189688491821289,-0.117,0.0141269990744156
62.6,0.189688491821289,-0.117,0.0141257178049401
62.6333333333333,0.189688491821289,-0.117,0.014125380510058
62.6666666666667,0.189688491821289,-0.117,0.0141258284401863
62.7,0.189688491821289,-0.117,0.0141269231408747
62.7333333333333,0.189688491821289,-0.117,0.0141285441696146
62.7666666666667,0.189688491821289,-0.117,0.0141305870506702
62.8,0.189688491821289,-0.117,0.0141329614443552
62.8333333333333,0.189688491821289,-0.117,0.0141355895094332
62.8666666666667,0.189688491821289,-0.117,0.0141384044393565
62.9,0.189688491821289,-0.117,0.0141413491549147
62.9333333333333,0.189688491821289,-0.117,0.0141443751375362
62.9666666666667,0.189688491821289,-0.117,0.0141474413890126
63,0.1896484375,-0.117,0.0143238097520056
63.0333333333333,0.1896484375,-0.117,0.01429585892135
63.0666666666667,0.1896484375,-0.117,0.0142720208293732
63.1,0.1896484375,-0.117,0.0142517917393894
63.1333333333333,0.1896484375,-0.117,0.0142347235820814
63.1666666666667,0.1896484375,-0.117,0.0142204182004796
63.2,0.1896484375,-0.117,0.014208522162605
63.2333333333333,0.1896484375,-0.117,0.0141987220877062
63.2666666666667,0.189707310994466,-0.117,0.0139360224609789
63.3,0.189707310994466,-0.117,0.0139751790853811
63.3333333333333,0.189707310994466,-0.117,0.0140095785740748
63.3666666666667,0.189707310994466,-0.117,0.0140397418307401
63.4,0.189707310994466,-0.117,0.0140661363528128
63.4333333333333,0.189707310994466,-0.117,0.0140891814616223
63.4666666666667,0.189707310994466,-0.117,0.0141092530374385
63.5,0.190101114908854,-0.117,0.0124228831142612
63.5333333333333,0.189713541666667,-0.117,0.0144196158663445
63.5666666666667,0.189713541666667,-0.117,0.0143965805255663
63.6,0.189713541666667,-0.117,0.0143758372963397
63.6333333333333,0.189713541666667,-0.117,0.0143571670166115
63.6666666666667,0.189713541666667,-0.117,0.0143403708672218
63.7,0.189713541666667,-0.117,0.014325268526663
63.7333333333333,0.189713541666667,-0.117,0.0143116964901498
63.7666666666667,0.189713541666667,-0.117,0.0142995065385929
63.8,0.189713541666667,-0.117,0.0142885643443098
63.8333333333333,0.189713541666667,-0.117,0.0142787482014503
63.8666666666667,0.189713541666667,-0.117,0.0142699478701617
63.9,0.189713541666667,-0.117,0.014262063524465
63.9333333333333,0.189713541666667,-0.117,0.0142550047946888
63.9666666666667,0.189713541666667,-0.117,0.0142486898961089
64,0.189713541666667,-0.117,0.0142430448361577
64.0333333333333,0.189713541666667,-0.117,0.0142380026932484
64.0666666666667,0.18979066212972,-0.117,0.0138998389166226
64.1,0.18979066212972,-0.117,0.0139555145455768
64.1333333333333,0.18979066212972,-0.117,0.0140036205484265
64.1666666666667,0.18979066212972,-0.117,0.0140450451925763
64.2,0.18979066212972,-0.117,0.0140805812287009
64.2333333333333,0.18979066212972,-0.117,0.0141109355789592
64.2666666666667,0.189702161153158,-0.117,0.0145196402672954
64.3,0.189702161153158,-0.117,0.014472955949701
64.3333333333333,0.189778645833333,-0.117,0.0141010553571337
64.3666666666667,0.189778645833333,-0.117,0.0141243330502159
64.4,0.189778645833333,-0.117,0.0141441753182821
64.4333333333333,0.189778645833333,-0.117,0.0141610028100471
64.4666666666667,0.189778645833333,-0.117,0.0141751897324151
64.5,0.189778645833333,-0.117,0.0141870686469357
64.5333333333333,0.189778645833333,-0.117,0.0141969347935855
64.5666666666667,0.189622179667155,-0.117,0.0148820056446086
64.6,0.18984375,-0.117,0.0138088734454283
64.6333333333333,0.18984375,-0.117,0.0138807901917266
64.6666666666667,0.18984375,-0.117,0.0139429213384075
64.7,0.18984375,-0.117,0.0139964168810362
64.7333333333333,0.18984375,-0.117,0.014042302981913
64.7666666666667,0.18984375,-0.117,0.0140814945455277
64.8,0.18984375,-0.117,0.0141148065697451
64.8333333333333,0.189707310994466,-0.117,0.0147332719223132
64.8666666666667,0.189707310994466,-0.117,0.0146513230207164
64.9,0.189707310994466,-0.117,0.0145796050131562
64.9333333333333,0.189707310994466,-0.117,0.0145169756730419
64.9666666666667,0.189707310994466,-0.117,0.0144624116024598
65,0.189707310994466,-0.117,0.014414996461906
65.0333333333333,0.189968808492025,-0.117,0.0132425333962206
65.0666666666667,0.189968808492025,-0.117,0.0134094299791161
65.1,0.189968808492025,-0.117,0.0135541143239861
65.1333333333333,0.189705467224121,-0.117,0.014818518888457
65.1666666666667,0.189705467224121,-0.117,0.0147224246556581
65.2,0.189705467224121,-0.117,0.0146383993409318
65.2333333333333,0.189705467224121,-0.117,0.0145650902053326
65.2666666666667,0.189705467224121,-0.117,0.0145012856342448
65.3,0.189705467224121,-0.117,0.0144459011290931
65.3333333333333,0.189705467224121,-0.117,0.0143979666394828
65.3666666666667,0.1896484375,-0.117,0.0146033559582891
65.4,0.1896484375,-0.117,0.0145236746384617
65.4333333333333,0.1896484375,-0.117,0.0144550325400042
65.4666666666667,0.1896484375,-0.117,0.0143961235360799
65.5,0.1896484375,-0.117,0.0143457825666413
65.5333333333333,0.1896484375,-0.117,0.0143029712925223
65.5666666666667,0.1896484375,-0.117,0.0142667651471104
65.6,0.1896484375,-0.117,0.0142363416537751
65.6333333333333,0.1896484375,-0.117,0.0142109698893504
65.6666666666667,0.1896484375,-0.117,0.0141900009850063
65.7,0.1896484375,-0.117,0.014172859565875
65.7333333333333,0.1896484375,-0.117,0.014159036039928
65.7666666666667,0.1896484375,-0.117,0.0141480796549023
65.8,0.1896484375,-0.117,0.0141395922496179
65.8333333333333,0.1896484375,-0.117,0.0141332226328973
65.8666666666667,0.1896484375,-0.117,0.0141286615295282
65.9,0.1896484375,-0.117,0.0141256370383827
65.9333333333333,0.1896484375,-0.117,0.0141239105529587
65.9666666666667,0.1896484375,-0.117,0.0141232730992771
66,0.1896484375,-0.117,0.0141235420503345
66.0333333333333,0.1896484375,-0.117,0.0141245581801527
66.0666666666667,0.189711888631185,-0.117,0.0138516597625261
66.1,0.189711888631185,-0.117,0.0139028814668421
66.1333333333333,0.189711888631185,-0.117,0.0139478994739071
66.1666666666667,0.189711888631185,-0.117,0.0139873919315905
66.2,0.189711888631185,-0.117,0.014021967534017
66.2333333333333,0.189711888631185,-0.117,0.0140521723183011
66.2666666666667,0.189711888631185,-0.117,0.0140784958182342
66.3,0.189711888631185,-0.117,0.0141013766341977
66.3333333333333,0.189791679382324,-0.117,0.0137759903458417
66.3666666666667,0.189791679382324,-0.117,0.0138548768979515
66.4,0.189791679382324,-0.117,0.0139230937968442
66.4333333333333,0.189791679382324,-0.117,0.013981886917802
66.4666666666667,0.189791679382324,-0.117,0.0140323687116103
66.5,0.189791679382324,-0.117,0.0140755316927533
66.5333333333333,0.189791679382324,-0.117,0.0141122606194028
66.5666666666667,0.18984375,-0.117,0.0139180583667884
66.6,0.189778200785319,-0.117,0.0142680972454715
66.6333333333333,0.189778200785319,-0.117,0.0142740749279794
66.6666666666667,0.189778200785319,-0.117,0.0142783138675903
66.7,0.189778200785319,-0.117,0.0142810744934335
66.7333333333333,0.189778200785319,-0.117,0.0142825855046849
66.7666666666667,0.189778200785319,-0.117,0.0142830473451042
66.8,0.189778200785319,-0.117,0.0142826353216349
66.8333333333333,0.189778200785319,-0.117,0.0142815024018883
66.8666666666667,0.189554087320964,-0.117,0.0152494154861834
66.9,0.189554087320964,-0.117,0.0150737692369942
66.9333333333333,0.189554087320964,-0.117,0.0149210219681847
66.9666666666667,0.189554087320964,-0.117,0.0147885488733113
67,0.189554087320964,-0.117,0.01467400315359
67.0333333333333,0.189554087320964,-0.117,0.0145752881181055
67.0666666666667,0.189554087320964,-0.117,0.0144905319760399
67.1,0.189554087320964,-0.117,0.0144180650688434
67.1333333333333,0.189713541666667,-0.117,0.0136665152053843
67.1666666666667,0.189713541666667,-0.117,0.0137377357606305
67.2,0.189713541666667,-0.117,0.0138006964064541
67.2333333333333,0.189713541666667,-0.117,0.0138562784017603
67.2666666666667,0.189713541666667,-0.117,0.0139052741236484
67.3,0.189713541666667,-0.117,0.0139483956746562
67.3333333333333,0.189778645833333,-0.117,0.0137046075117459
67.3666666666667,0.189778645833333,-0.117,0.0137882217777337
67.4,0.189711888631185,-0.117,0.0141497577950128
67.4333333333333,0.189711888631185,-0.117,0.0141611439715644
67.4666666666667,0.189711888631185,-0.117,0.0141709234482453
67.5,0.189711888631185,-0.117,0.0141792869401045
67.5333333333333,0.189711888631185,-0.117,0.0141864045804769
67.5666666666667,0.189711888631185,-0.117,0.0141924280099233
67.6,0.189711888631185,-0.117,0.0141974922621251
67.6333333333333,0.189711888631185,-0.117,0.0142017174658438
67.6666666666667,0.18984375,-0.117,0.0136347081315477
67.7,0.18984375,-0.117,0.0137396180757347
67.7333333333333,0.18984375,-0.117,0.0138302824882134
67.7666666666667,0.18984375,-0.117,0.0139083708685844
67.8,0.18984375,-0.117,0.0139753733887073
67.8333333333333,0.18984375,-0.117,0.0140326190654961
67.8666666666667,0.18984375,-0.117,0.0140812921676292
67.9,0.18984375,-0.117,0.0141224470224633
67.9333333333333,0.189543533325195,-0.117,0.0154559180080134
67.9666666666667,0.189543533325195,-0.117,0.0152523913704939
68,0.189543533325195,-0.117,0.0150750304864534
68.0333333333333,0.189543533325195,-0.117,0.0149208593912399
68.0666666666667,0.189543533325195,-0.117,0.0147872157479022
68.1,0.189543533325195,-0.117,0.0146717194824255
68.1333333333333,0.189675013224284,-0.117,0.0140033926292194
68.1666666666667,0.189675013224284,-0.117,0.0140198002595702
68.2,0.189601453145345,-0.117,0.0143532460771839
68.2333333333333,0.189601453145345,-0.117,0.0143103602299362
68.2666666666667,0.189601453145345,-0.117,0.0142740502535932
68.3,0.189601453145345,-0.117,0.0142434990395149
68.3333333333333,0.189601453145345,-0.117,0.0142179803507167
68.3666666666667,0.189601453145345,-0.117,0.0141968493978463
68.4,0.189601453145345,-0.117,0.0141795343462625
68.4333333333333,0.189601453145345,-0.117,0.0141655286654538
68.4666666666667,0.189701970418294,-0.117,0.0137194931817912
68.5,0.189701970418294,-0.117,0.0137886097899792
68.5333333333333,0.189701970418294,-0.117,0.0138494051066286
68.5666666666667,0.189701970418294,-0.117,0.0139027874102588
68.6,0.189701970418294,-0.117,0.0139495719500648
68.6333333333333,0.189701970418294,-0.117,0.0139904900556668
68.6666666666667,0.189701970418294,-0.117,0.0140261973842413
68.7,0.189701970418294,-0.117,0.0140572813846124
68.7333333333333,0.189796447753906,-0.117,0.013675508966007
68.7666666666667,0.189796447753906,-0.117,0.0137719899934276
68.8,0.189796447753906,-0.117,0.0138554549412349
68.8333333333333,0.189796447753906,-0.117,0.0139274226600056
68.8666666666667,0.189796447753906,-0.117,0.0139892493581564
68.9,0.189555740356445,-0.117,0.0150835729691534
68.9333333333333,0.189555740356445,-0.117,0.014942320014582
68.9666666666667,0.189555740356445,-0.117,0.0148191696912699
69,0.18984375,-0.117,0.0134659825774853
69.0333333333333,0.18984375,-0.117,0.0135959896042864
69.0666666666667,0.18984375,-0.117,0.0137086511012373
69.1,0.18984375,-0.117,0.0138059813308872
69.1333333333333,0.18984375,-0.117,0.0138897794109744
69.1666666666667,0.18984375,-0.117,0.0139616510337803
69.2,0.18984375,-0.117,0.0140230280805525
69.2333333333333,0.18984375,-0.117,0.0140751863287789
69.2666666666667,0.189707310994466,-0.117,0.0147095689660957
69.3,0.189707310994466,-0.117,0.0146409734471659
69.3333333333333,0.189707310994466,-0.117,0.0145803693442597
69.3666666666667,0.189707310994466,-0.117,0.0145269024519936
69.4,0.189707310994466,-0.117,0.0144798047853373
69.4333333333333,0.189707310994466,-0.117,0.0144383862277736
69.4666666666667,0.189707310994466,-0.117,0.0144020269636968
69.5,0.189707310994466,-0.117,0.0143701706231816
69.5333333333333,0.189707310994466,-0.117,0.0143423180737135
69.5666666666667,0.189707310994466,-0.117,0.0143180217993622
69.6,0.189707310994466,-0.117,0.0142968808132361
69.6333333333333,0.189707310994466,-0.117,0.0142785360539558
69.6666666666667,0.189707310994466,-0.117,0.014262666221333
69.7,0.189707310994466,-0.117,0.0142489840105056
69.7333333333333,0.189707310994466,-0.117,0.0142372327074738
69.7666666666667,0.189707310994466,-0.117,0.0142271831123564
69.8,0.18966121673584,-0.117,0.0144180589807431
69.8333333333333,0.18966121673584,-0.117,0.01437514682465
69.8666666666667,0.18966121673584,-0.117,0.0143381736635392
69.9,0.18966121673584,-0.117,0.0143064375423189
69.9333333333333,0.18966121673584,-0.117,0.0142793122539282
69.9666666666667,0.18966121673584,-0.117,0.0142562396415571
70,0.18966121673584,-0.117,0.0142367226503433
70.0333333333333,0.18966121673584,-0.117,0.0142203190578901
70.0666666666667,0.18976001739502,-0.117,0.013779171742993
70.1,0.18976001739502,-0.117,0.0138443269916543
70.1333333333333,0.18976001739502,-0.117,0.0139012850097695
70.1666666666667,0.18976001739502,-0.117,0.0139509668135829
70.2,0.18976001739502,-0.117,0.0139941971144351
70.2333333333333,0.18976001739502,-0.117,0.0140317138972878
70.2666666666667,0.18976001739502,-0.117,0.0140641770811257
70.3,0.18976001739502,-0.117,0.0140921763467713
70.3333333333333,0.189638964335124,-0.117,0.0146399779792025
70.3666666666667,0.189638964335124,-0.117,0.0145668827608111
70.4,0.189638964335124,-0.117,0.0145033083651419
70.4333333333333,0.189638964335124,-0.117,0.0144481633923437
70.4666666666667,0.189638964335124,-0.117,0.0144004720743686
70.5,0.189638964335124,-0.117,0.0143593626664641
70.5333333333333,0.189638964335124,-0.117,0.0143240569591486
70.5666666666667,0.189707310994466,-0.117,0.0139981568918176
70.6,0.189792315165202,-0.117,0.0136575756333321
70.6333333333333,0.189792315165202,-0.117,0.0137473999612937
70.6666666666667,0.189792315165202,-0.117,0.0138255776584362
70.7,0.189792315165202,-0.117,0.0138934397874519
70.7333333333333,0.189792315165202,-0.117,0.0139521766918243
70.7666666666667,0.189792315165202,-0.117,0.0140028520999361
70.8,0.189792315165202,-0.117,0.0140464158695474
70.8333333333333,0.189792315165202,-0.117,0.0140837154998687
70.8666666666667,0.189644622802734,-0.117,0.0147545020542335
70.9,0.189644622802734,-0.117,0.0146671504389944
70.9333333333333,0.189644622802734,-0.117,0.0145908979124662
70.9666666666667,0.189644622802734,-0.117,0.0145244902664165
71,0.189644622802734,-0.117,0.0144668049284269
71.0333333333333,0.189644622802734,-0.117,0.0144168378347154
71.0666666666667,0.189644622802734,-0.117,0.0143736915637065
71.1,0.18984375,-0.117,0.0134750346980138
71.1333333333333,0.18984375,-0.117,0.0135973269524428
71.1666666666667,0.18984375,-0.117,0.0137036087508504
71.2,0.18984375,-0.117,0.0137957206553796
71.2333333333333,0.18984375,-0.117,0.0138753078673077
71.2666666666667,0.18984375,-0.117,0.0139438398647462
71.3,0.18984375,-0.117,0.0140026281430768
71.3333333333333,0.189723714192708,-0.117,0.0145721808307838
71.3666666666667,0.189723714192708,-0.117,0.0145219606612584
71.4,0.189778645833333,-0.117,0.0142399366315869
71.4333333333333,0.189778645833333,-0.117,0.0142433230078992
71.4666666666667,0.189778645833333,-0.117,0.0142456741701176
71.5,0.189778645833333,-0.117,0.0142471480765415
71.5333333333333,0.189778645833333,-0.117,0.0142478832162357
71.5666666666667,0.189778645833333,-0.117,0.0142480007585137
71.6,0.189778645833333,-0.117,0.0142476064808606
71.6333333333333,0.189778645833333,-0.117,0.0142467924970754
71.6666666666667,0.189702161153158,-0.117,0.014576552115494
71.7,0.189702161153158,-0.117,0.0145159324117425
71.7333333333333,0.189702161153158,-0.117,0.014463043966292
71.7666666666667,0.189702161153158,-0.117,0.0144170129708551
71.8,0.189702161153158,-0.117,0.014377057254123
71.8333333333333,0.189702161153158,-0.117,0.014342477153175
71.8666666666667,0.189702161153158,-0.117,0.014312647260652
71.9,0.189698727925618,-0.117,0.0143018629301111
71.9333333333333,0.189698727925618,-0.117,0.0142772605232235
71.9666666666667,0.189698727925618,-0.117,0.0142562630765651
72,0.189698727925618,-0.117,0.0142384329562008
72.0333333333333,0.189698727925618,-0.117,0.014223380490976
72.0666666666667,0.189698727925618,-0.117,0.0142107590488463
72.1,0.189828745524089,-0.117,0.0136377354761001
72.1333333333333,0.189828745524089,-0.117,0.0137297141257588
72.1666666666667,0.189713541666667,-0.117,0.0143082322849882
72.2,0.189713541666667,-0.117,0.0142886195675314
72.2333333333333,0.189713541666667,-0.117,0.0142716483116685
72.2666666666667,0.189713541666667,-0.117,0.014257010317036
72.3,0.189713541666667,-0.117,0.0142444303959713
72.3333333333333,0.189713541666667,-0.117,0.0142336630345271
72.3666666666667,0.189713541666667,-0.117,0.0142244893775161
72.4,0.189713541666667,-0.117,0.0142167145071091
72.4333333333333,0.18984375,-0.117,0.0136468146471724
72.4666666666667,0.18984375,-0.117,0.0137421114814836
72.5,0.18984375,-0.117,0.0138248221905227
72.5333333333333,0.18984375,-0.117,0.0138964004246812
72.5666666666667,0.18984375,-0.117,0.0139581450958487
72.6,0.18984375,-0.117,0.0140112159622328
72.6333333333333,0.18984375,-0.117,0.0140566477053464
72.6666666666667,0.18984375,-0.117,0.0140953626406509
72.7,0.18984375,-0.117,0.014128182190385
72.7333333333333,0.18984375,-0.117,0.0141558372353073
72.7666666666667,0.18984375,-0.117,0.0141789774513597
72.8,0.18984375,-0.117,0.0141981797274686
72.8333333333333,0.18984375,-0.117,0.014213955751838
72.8666666666667,0.18984375,-0.117,0.0142267588459884
72.9,0.18984375,-0.117,0.0142369901184565
72.9333333333333,0.18984375,-0.117,0.0142450040033787
72.9666666666667,0.18984375,-0.117,0.0142511132431135
73,0.18984375,-0.117,0.0142555933685278
73.0333333333333,0.18984375,-0.117,0.0142586867255574
73.0666666666667,0.18984375,-0.117,0.0142606060920897
73.1,0.18984375,-0.117,0.0142615379250767
73.1333333333333,0.18984375,-0.117,0.0142616452740186
73.1666666666667,0.18984375,-0.117,0.0142610703935475
73.2,0.18984375,-0.117,0.0142599370847335
73.2333333333333,0.189577547709147,-0.117,0.0154100851523496
73.2666666666667,0.189577547709147,-0.117,0.0152021146918133
73.3,0.189577547709147,-0.117,0.0150215079506835
73.3333333333333,0.189577547709147,-0.117,0.0148651136459647
73.3666666666667,0.189577547709147,-0.117,0.0147301151987641
73.4,0.189577547709147,-0.117,0.0146139970826122
73.4333333333333,0.189577547709147,-0.117,0.0145145144230279
73.4666666666667,0.189577547709147,-0.117,0.0144296655435965
73.5,0.189650281270345,-0.117,0.0140429832026501
73.5333333333333,0.189650281270345,-0.117,0.0140385405249385
73.5666666666667,0.189650281270345,-0.117,0.0140363973910842
73.6,0.189650281270345,-0.117,0.0140361799646425
73.6333333333333,0.189650281270345,-0.117,0.014037561515462
73.6666666666667,0.189650281270345,-0.117,0.0140402571647936
73.7,0.189650281270345,-0.117,0.0140440191751255
73.7333333333333,0.189593251546224,-0.117,0.0142953735782315
73.7666666666667,0.189593251546224,-0.117,0.0142565146649337
73.8,0.189593251546224,-0.117,0.0142240835040802
73.8333333333333,0.189593251546224,-0.117,0.0141972530735391
73.8666666666667,0.189593251546224,-0.117,0.014175290240699
73.9,0.189593251546224,-0.117,0.0141575458901901
73.9333333333333,0.189593251546224,-0.117,0.0141434460367473
73.9666666666667,0.189593251546224,-0.117,0.014132483828589
74,0.189884694417318,-0.117,0.0128632758520118
74.0333333333333,0.189740562438965,-0.117,0.0137064562759849
74.0666666666667,0.189740562438965,-0.117,0.0137861829196173
74.1,0.189740562438965,-0.117,0.0138557869730269
74.1333333333333,0.189740562438965,-0.117,0.0139164075087295
74.1666666666667,0.189740562438965,-0.117,0.0139690645909804
74.2,0.189740562438965,-0.117,0.0140146710939185
74.2333333333333,0.189740562438965,-0.117,0.0140540433888885
74.2666666666667,0.189740562438965,-0.117,0.0140879110061128
74.3,0.189740562438965,-0.117,0.0141169253663182
74.3333333333333,0.189740562438965,-0.117,0.0141416676692157
74.3666666666667,0.189740562438965,-0.117,0.014162656017799
74.4,0.189740562438965,-0.117,0.0141803518502052
74.4333333333333,0.189740562438965,-0.117,0.0141951657443156
74.4666666666667,0.189740562438965,-0.117,0.01420746265428
74.5,0.189740562438965,-0.117,0.0142175666327166
74.5333333333333,0.189740562438965,-0.117,0.0142257650873748
74.5666666666667,0.18984375,-0.117,0.0137858684749287
74.6,0.18984375,-0.117,0.01387085267772
74.6333333333333,0.18984375,-0.117,0.0139438955366602
74.6666666666667,0.18984375,-0.117,0.014006420821489
74.7,0.18984375,-0.117,0.0140596977689262
74.7333333333333,0.18984375,-0.117,0.0141048568525618
74.7666666666667,0.18984375,-0.117,0.0141429040124758
74.8,0.18984375,-0.117,0.0141747334901654
74.8333333333333,0.18984375,-0.117,0.0142011394009375
74.8666666666667,0.18984375,-0.117,0.0142228261637343
74.9,0.18984375,-0.117,0.0142404178972537
74.9333333333333,0.18984375,-0.117,0.0142544668811405
74.9666666666667,0.18984375,-0.117,0.0142654611718458
75,0.18984375,-0.117,0.0142738314544057
75.0333333333333,0.18984375,-0.117,0.0142799572038104
75.0666666666667,0.18984375,-0.117,0.0142841722227425
75.1,0.189682451883952,-0.117,0.0149846308529798
75.1333333333333,0.189682451883952,-0.117,0.014861030281462
75.1666666666667,0.189682451883952,-0.117,0.0147530422777889
75.2,0.189682451883952,-0.117,0.0146589117029337
75.2333333333333,0.189682451883952,-0.117,0.0145770668507706
75.2666666666667,0.189682451883952,-0.117,0.0145061012185928
75.3,0.189682451883952,-0.117,0.014444757023431
75.3333333333333,0.18984375,-0.117,0.0136940490648858
75.3666666666667,0.18970692952474,-0.117,0.0143654913951827
75.4,0.18970692952474,-0.117,0.014328932865833
75.4333333333333,0.18970692952474,-0.117,0.0142975840528408
75.4666666666667,0.18970692952474,-0.117,0.014270821291351
75.5,0.18970692952474,-0.117,0.0142480886820038
75.5333333333333,0.18970692952474,-0.117,0.0142288911752485
75.5666666666667,0.18970692952474,-0.117,0.0142127883308793
75.6,0.18970692952474,-0.117,0.0141993886890084
75.6333333333333,0.18970692952474,-0.117,0.0141883446945646
75.6666666666667,0.18970692952474,-0.117,0.0141793481227524
75.7,0.18970692952474,-0.117,0.0141721259577567
75.7333333333333,0.18970692952474,-0.117,0.0141664366814162
75.7666666666667,0.18970692952474,-0.117,0.0141620669325848
75.8,0.18970692952474,-0.117,0.014158828501578
75.8333333333333,0.18970692952474,-0.117,0.0141565556274033
75.8666666666667,0.189775594075521,-0.117,0.0138580232875802
75.9,0.189775594075521,-0.117,0.0139104052969494
75.9333333333333,0.189775594075521,-0.117,0.0139562372879822
75.9666666666667,0.189775594075521,-0.117,0.0139962519617717
76,0.189775594075521,-0.117,0.0140311056587468
76.0333333333333,0.189775594075521,-0.117,0.014061385934026
76.0666666666667,0.189775594075521,-0.117,0.0140876184081468
76.1,0.189787928263346,-0.117,0.0140569087193607
76.1333333333333,0.189812342325846,-0.117,0.0139803229828838
76.1666666666667,0.189812342325846,-0.117,0.0140241965020545
76.2,0.189812342325846,-0.117,0.0140619539994138
76.2333333333333,0.189812342325846,-0.117,0.0140943217702853
76.2666666666667,0.189812342325846,-0.117,0.0141219474716799
76.3,0.189812342325846,-0.117,0.0141454081339962
76.3333333333333,0.189812342325846,-0.117,0.0141652173911425
76.3666666666667,0.189812342325846,-0.117,0.0141818320028771
76.4,0.18984375,-0.117,0.0140597714726912
76.4333333333333,0.190038108825684,-0.117,0.0132545770689193
76.4666666666667,0.190038108825684,-0.117,0.0134353358233017
76.5,0.190038108825684,-0.117,0.0135912045581565
76.5333333333333,0.190038108825684,-0.117,0.0137251234276429
76.5666666666667,0.190038108825684,-0.117,0.0138397151313337
76.6,0.190038108825684,-0.117,0.0139373172032736
76.6333333333333,0.190038108825684,-0.117,0.0140200111544177
76.6666666666667,0.190038108825684,-0.117,0.0140896487653543
76.7,0.190038108825684,-0.117,0.0141478757989082
76.7333333333333,0.190038108825684,-0.117,0.0141961533773574
76.7666666666667,0.190038108825684,-0.117,0.0142357772463895
76.8,0.190038108825684,-0.117,0.0142678951273622
76.8333333333333,0.190038108825684,-0.117,0.0142935223407248
76.8666666666667,0.190038108825684,-0.117,0.0143135558664568
76.9,0.190038108825684,-0.117,0.014328786991925
76.9333333333333,0.18979606628418,-0.117,0.0153871171487835
76.9666666666667,0.18979606628418,-0.117,0.0152074206411538
77,0.18979606628418,-0.117,0.0150499024117429
77.0333333333333,0.18979606628418,-0.117,0.014912105823739
77.0666666666667,0.18979606628418,-0.117,0.0147918283329774
77.1,0.18979606628418,-0.117,0.0146870964313158
77.1333333333333,0.18979606628418,-0.117,0.014596142975223
77.1666666666667,0.18979606628418,-0.117,0.0145173866786269
77.2,0.189701143900553,-0.117,0.0148600981676415
77.2333333333333,0.18984375,-0.117,0.0141111896740874
77.2666666666667,0.18984375,-0.117,0.0141078894754257
77.3,0.18984375,-0.117,0.014105875158858
77.3333333333333,0.18984375,-0.117,0.0141049494920086
77.3666666666667,0.18984375,-0.117,0.0141049392802018
77.4,0.18984375,-0.117,0.014105692746208
77.4333333333333,0.18984375,-0.117,0.0141070771769407
77.4666666666667,0.18984375,-0.117,0.0141089768111263
77.5,0.18984375,-0.117,0.01411129094442
77.5333333333333,0.18984375,-0.117,0.0141139322306543
77.5666666666667,0.18984375,-0.117,0.0141168251599273
77.6,0.18984375,-0.117,0.0141199046960635
77.6333333333333,0.18984375,-0.117,0.0141231150576466
77.6666666666667,0.18984375,-0.117,0.0141264086283257
77.7,0.18984375,-0.117,0.0141297449834711
77.7333333333333,0.189868100484212,-0.117,0.014027736906122
77.7666666666667,0.189742787679036,-0.117,0.0145920778997758
77.8,0.189742787679036,-0.117,0.0145146909038059
77.8333333333333,0.189742787679036,-0.117,0.0144480190483542
77.8666666666667,0.189742787679036,-0.117,0.0143907937523574
77.9,0.189742787679036,-0.117,0.0143418835573493
77.9333333333333,0.189742787679036,-0.117,0.0143002801719365
77.9666666666667,0.189742787679036,-0.117,0.0142650858767509
78,0.189742787679036,-0.117,0.0142355021614766
78.0333333333333,0.189742787679036,-0.117,0.0142108194773694
78.0666666666667,0.189742787679036,-0.117,0.0141904079994305
78.1,0.189742787679036,-0.117,0.0141737093021811
78.1333333333333,0.189742787679036,-0.117,0.0141602288618769
78.1666666666667,0.189742787679036,-0.117,0.0141495293060865
78.2,0.189742787679036,-0.117,0.0141412243389198
78.2333333333333,0.189742787679036,-0.117,0.0141349732768691
78.2666666666667,0.18966604868571,-0.117,0.0144624897400883
78.3,0.18966604868571,-0.117,0.0144000904239899
78.3333333333333,0.18966604868571,-0.117,0.01434691828095
78.3666666666667,0.18966604868571,-0.117,0.0143018424154671
78.4,0.18966604868571,-0.117,0.0142638568604691
78.4333333333333,0.18966604868571,-0.117,0.0142320676698753
78.4666666666667,0.18966604868571,-0.117,0.014205681283498
78.5,0.189742660522461,-0.117,0.0138525305862099
78.5333333333333,0.189804077148438,-0.117,0.0136284923666267
78.5666666666667,0.189804077148438,-0.117,0.0137132782456354
78.6,0.189804077148438,-0.117,0.0137876962190388
78.6333333333333,0.189804077148438,-0.117,0.0138528872664428
78.6666666666667,0.189804077148438,-0.117,0.0139098749263821
78.7,0.189804077148438,-0.117,0.0139595768338273
78.7333333333333,0.189804077148438,-0.117,0.0140028151627128
78.7666666666667,0.189804077148438,-0.117,0.0140403260746705
78.8,0.18972593943278,-0.117,0.0144108334847629
78.8333333333333,0.18984375,-0.117,0.0138686099450045
78.8666666666667,0.18984375,-0.117,0.0139314373257525
78.9,0.18984375,-0.117,0.0139857162306596
78.9333333333333,0.18984375,-0.117,0.0140324467793425
78.9666666666667,0.18984375,-0.117,0.0140725219164902
79,0.18984375,-0.117,0.0141067382480558
79.0333333333333,0.18984375,-0.117,0.0141358058265145
79.0666666666667,0.18984375,-0.117,0.0141603569839617
79.1,0.18984375,-0.117,0.0141809543027622
79.1333333333333,0.18984375,-0.117,0.0141980978052277
79.1666666666667,0.18984375,-0.117,0.0142122314362855
79.2,0.18984375,-0.117,0.0142237489062897
79.2333333333333,0.18984375,-0.117,0.0142329989549109
79.2666666666667,0.18984375,-0.117,0.0142402900913945
79.3,0.18984375,-0.117,0.0142458948613477
79.3333333333333,0.1896515528361,-0.117,0.0150816005987397
79.3666666666667,0.1896515528361,-0.117,0.0149357735912193
79.4,0.1896515528361,-0.117,0.0148088556897954
79.4333333333333,0.1896515528361,-0.117,0.0146986853566601
79.4666666666667,0.1896515528361,-0.117,0.014603329621804
79.5,0.1896515528361,-0.117,0.0145210611693227
79.5333333333333,0.1896515528361,-0.117,0.0144503376329852
79.5666666666667,0.1896515528361,-0.117,0.0143897828942987
79.6,0.189707310994466,-0.117,0.0140969308161678
79.6333333333333,0.189707310994466,-0.117,0.0140963217278364
79.6666666666667,0.189707310994466,-0.117,0.0140968000150765
79.7,0.189707310994466,-0.117,0.0140981758409921
79.7333333333333,0.189707310994466,-0.117,0.0141002839467964
79.7666666666667,0.189707310994466,-0.117,0.014102980869661
79.8,0.189707310994466,-0.117,0.0141061424516447
79.8333333333333,0.189707310994466,-0.117,0.01410966161081
79.8666666666667,0.18984375,-0.117,0.0135231388142434
79.9,0.18984375,-0.117,0.013632707856151
79.9333333333333,0.18984375,-0.117,0.0137282294170604
79.9666666666667,0.18984375,-0.117,0.0138112972588239
80,0.18984375,-0.117,0.0138833375209145
80.0333333333333,0.18984375,-0.117,0.0139456254561053
80.0666666666667,0.18984375,-0.117,0.01399930055769
80.1,0.18984375,-0.117,0.014045380228386
80.1333333333333,0.18984375,-0.117,0.0140847721273703
80.1666666666667,0.18984375,-0.117,0.0141182853194293
80.2,0.18984375,-0.117,0.0141466403388475
80.2333333333333,0.18984375,-0.117,0.0141704782703351
80.2666666666667,0.18984375,-0.117,0.0141903689398807
80.3,0.18984375,-0.117,0.014206818299872
80.3333333333333,0.18984375,-0.117,0.0142202750850329
80.3666666666667,0.1896484375,-0.117,0.0150761623188554
80.4,0.1896484375,-0.117,0.0149336179136488
80.4333333333333,0.1896484375,-0.117,0.0148094214801085
80.4666666666667,0.1896484375,-0.117,0.0147014845404308
80.5,0.1896484375,-0.117,0.0146079388408551
80.5333333333333,0.1896484375,-0.117,0.0145271143183837
80.5666666666667,0.1896484375,-0.117,0.0144575191887037
80.6,0.1896484375,-0.117,0.0143978219570228
80.6333333333333,0.1896515528361,-0.117,0.0143333565746408
80.6666666666667,0.1896515528361,-0.117,0.0142924332843246
80.7,0.1896515528361,-0.117,0.0142578969407361
80.7333333333333,0.1896515528361,-0.117,0.0142289474886091
80.7666666666667,0.1896515528361,-0.117,0.0142048742671492
80.8,0.1896515528361,-0.117,0.0141850467103288
80.8333333333333,0.1896515528361,-0.117,0.0141689059680412
80.8666666666667,0.1896515528361,-0.117,0.0141559573601854
80.9,0.1896515528361,-0.117,0.0141457635839111
80.9333333333333,0.1896515528361,-0.117,0.014137938601684
80.9666666666667,0.1896515528361,-0.117,0.0141321421445723
81,0.1896515528361,-0.117,0.0141280747712968
81.0333333333333,0.1896515528361,-0.117,0.0141254734291529
81.0666666666667,0.1896515528361,-0.117,0.0141241074679799
81.1,0.1896515528361,-0.117,0.0141237750629544
81.1333333333333,0.18979606628418,-0.117,0.0134990581491565
81.1666666666667,0.18979606628418,-0.117,0.0136121336372069
81.2,0.18979606628418,-0.117,0.0137107738997867
81.2333333333333,0.18979606628418,-0.117,0.0137966116151868
81.2666666666667,0.18979606628418,-0.117,0.0138711081477734
81.3,0.18979606628418,-0.117,0.0139355706210759
81.3333333333333,0.18979606628418,-0.117,0.0139911673523769
81.3666666666667,0.18979606628418,-0.117,0.0140389418015741
81.4,0.190002250671387,-0.117,0.013187762110137
81.4333333333333,0.190002250671387,-0.117,0.0133821618263682
81.4666666666667,0.190002250671387,-0.117,0.0135498310131692
81.5,0.190002250671387,-0.117,0.0136939222069796
81.5333333333333,0.190002250671387,-0.117,0.013817248026156
81.5666666666667,0.190002250671387,-0.117,0.0139223157054461
81.6,0.190002250671387,-0.117,0.0140113582682008
81.6333333333333,0.189628028869629,-0.117,0.0157054447343985
81.6666666666667,0.189759000142415,-0.117,0.0149118957373107
81.7,0.189759000142415,-0.117,0.0148145180121682
81.7333333333333,0.189759000142415,-0.117,0.0147285593996131
81.7666666666667,0.189759000142415,-0.117,0.0146527944197964
81.8,0.189759000142415,-0.117,0.0145861216227676
81.8333333333333,0.189759000142415,-0.117,0.0145275515507083
81.8666666666667,0.189759000142415,-0.117,0.0144761958321827
81.9,0.189759000142415,-0.117,0.0144312573045467
81.9333333333333,0.189729944864909,-0.117,0.0145177296175816
81.9666666666667,0.189729944864909,-0.117,0.0144610675182556
82,0.189729944864909,-0.117,0.0144119101002983
82.0333333333333,0.189729944864909,-0.117,0.0143693922188938
82.0666666666667,0.189729944864909,-0.117,0.0143327405664846
82.1,0.189729944864909,-0.117,0.0143012644488281
82.1333333333333,0.189729944864909,-0.117,0.0142743474512142
82.1666666666667,0.189729944864909,-0.117,0.0142514399115003
82.2,0.18979066212972,-0.117,0.0139693570193439
82.2333333333333,0.18979066212972,-0.117,0.0140000454311855
82.2666666666667,0.18979066212972,-0.117,0.014027125437763
82.3,0.18979066212972,-0.117,0.014050987217673
82.3333333333333,0.18979066212972,-0.117,0.014071981135352
82.3666666666667,0.18979066212972,-0.117,0.0140904216350075
82.4,0.189792315165202,-0.117,0.0140994388572295
82.4333333333333,0.189791361490885,-0.117,0.0141189949374287
82.4666666666667,0.189791361490885,-0.117,0.0141317231743493
82.5,0.189791361490885,-0.117,0.0141428096118337
82.5333333333333,0.189791361490885,-0.117,0.0141524420452063
82.5666666666667,0.189791361490885,-0.117,0.0141607883702111
82.6,0.189791361490885,-0.117,0.0141679985826182
82.6333333333333,0.189791361490885,-0.117,0.014174206584601
82.6666666666667,0.189791361490885,-0.117,0.0141795318160051
82.7,0.190032386779785,-0.117,0.0131412774362191
82.7333333333333,0.190032386779785,-0.117,0.0133316871397211
82.7666666666667,0.190032386779785,-0.117,0.0134964723605389
82.8,0.190032386779785,-0.117,0.0136386236325127
82.8333333333333,0.190032386779785,-0.117,0.0137608110143795
82.8666666666667,0.190032386779785,-0.117,0.013865416518711
82.9,0.190032386779785,-0.117,0.0139545633924316
82.9333333333333,0.190032386779785,-0.117,0.0140301425451471
82.9666666666667,0.189667065938314,-0.117,0.0156744081982373
83,0.189667065938314,-0.117,0.0154449708957529
83.0333333333333,0.189667065938314,-0.117,0.015244405279683
83.0666666666667,0.189667065938314,-0.117,0.0150694699203923
83.1,0.189667065938314,-0.117,0.0149172620060995
83.1333333333333,0.189667065938314,-0.117,0.0147851836940702
83.1666666666667,0.189788627624512,-0.117,0.014144971327903
83.2,0.189788627624512,-0.117,0.0141405124317124
83.2333333333333,0.189788627624512,-0.117,0.0141373069349702
83.2666666666667,0.18984375,-0.117,0.0138966823368045
83.3,0.18984375,-0.117,0.0139381162848213
83.3333333333333,0.18984375,-0.117,0.0139745921512619
83.3666666666667,0.18984375,-0.117,0.0140066521519881
83.4,0.18984375,-0.117,0.0140347827371568
83.4333333333333,0.18984375,-0.117,0.0140594200769552
83.4666666666667,0.18984375,-0.117,0.0140809550255922
83.5,0.18984375,-0.117,0.0140997376118752
83.5333333333333,0.189719772338867,-0.117,0.0146524742464414
83.5666666666667,0.189719772338867,-0.117,0.0145707058858559
83.6,0.189719772338867,-0.117,0.0144999024322429
83.6333333333333,0.189719772338867,-0.117,0.0144387877983515
83.6666666666667,0.189719772338867,-0.117,0.0143862223494515
83.7,0.189719772338867,-0.117,0.0143411891193231
83.7333333333333,0.189719772338867,-0.117,0.0143027813626444
83.7666666666667,0.18984375,-0.117,0.0137337981720574
83.8,0.18984375,-0.117,0.0138022598455783
83.8333333333333,0.18984375,-0.117,0.0138623076584035
83.8666666666667,0.18984375,-0.117,0.0139148735481658
83.9,0.18984375,-0.117,0.013960792946854
83.9333333333333,0.18976001739502,-0.117,0.0143630859905959
83.9666666666667,0.18976001739502,-0.117,0.0143330742993019
84,0.18976001739502,-0.117,0.0143071287510786
84.0333333333333,0.189778645833333,-0.117,0.0142041760044071
84.0666666666667,0.189778645833333,-0.117,0.0141994010668672
84.1,0.189778645833333,-0.117,0.0141954760984987
84.1333333333333,0.189778645833333,-0.117,0.014192288347704
84.1666666666667,0.189778645833333,-0.117,0.0141897380859945
84.2,0.189778645833333,-0.117,0.0141877372231669
84.2333333333333,0.189778645833333,-0.117,0.0141862080617735
84.2666666666667,0.189778645833333,-0.117,0.0141850821774246
84.3,0.189769490559896,-0.117,0.0142239099835215
84.3333333333333,0.189769490559896,-0.117,0.0142163317903003
84.3666666666667,0.189769490559896,-0.117,0.0142099483353171
84.4,0.189769490559896,-0.117,0.0142046084548358
84.4333333333333,0.189769490559896,-0.117,0.0142001780120838
84.4666666666667,0.189769490559896,-0.117,0.014196538114578
84.5,0.189769490559896,-0.117,0.0141935835088805
84.5333333333333,0.189769490559896,-0.117,0.0141912211357705
84.5666666666667,0.189884694417318,-0.117,0.0136909358146204
84.6,0.189884694417318,-0.117,0.0137786835461347
84.6333333333333,0.189884694417318,-0.117,0.0138548427494214
84.6666666666667,0.189884694417318,-0.117,0.0139207509669503
84.7,0.189884694417318,-0.117,0.0139776034645745
84.7333333333333,0.189948590596517,-0.117,0.0137500187765181
84.7666666666667,0.189948590596517,-0.117,0.0138412994025342
84.8,0.189948590596517,-0.117,0.0139197580852703
84.8333333333333,0.18984375,-0.117,0.0144405199545916
84.8666666666667,0.18984375,-0.117,0.0144166142498065
84.9,0.18984375,-0.117,0.0143948790569943
84.9333333333333,0.18984375,-0.117,0.0143751263883505
84.9666666666667,0.18984375,-0.117,0.0143571840152547
85,0.18984375,-0.117,0.0143408941787617
85.0333333333333,0.18984375,-0.117,0.0143261124036224
85.0666666666667,0.18984375,-0.117,0.014312706407656
85.1,0.189746856689453,-0.117,0.0147197669731285
85.1333333333333,0.189750734965007,-0.117,0.0146169891502397
85.1666666666667,0.189750734965007,-0.117,0.0145450959550985
85.2,0.189750734965007,-0.117,0.0144826387568191
85.2333333333333,0.189750734965007,-0.117,0.014428533006887
85.2666666666667,0.189750734965007,-0.117,0.0143818091726078
85.3,0.189750734965007,-0.117,0.0143416011872742
85.3333333333333,0.189750734965007,-0.117,0.0143071360151242
85.3666666666667,0.189750734965007,-0.117,0.0142777242266814
85.4,0.189765357971191,-0.117,0.0141894846057219
85.4333333333333,0.189765357971191,-0.117,0.0141797215293687
85.4666666666667,0.189765357971191,-0.117,0.0141718457580592
85.5,0.189848645528158,-0.117,0.0138052558296175
85.5333333333333,0.189848645528158,-0.117,0.0138648791318635
85.5666666666667,0.189848645528158,-0.117,0.0139170613990216
85.6,0.189848645528158,-0.117,0.0139626346846663
85.6333333333333,0.189848645528158,-0.117,0.014002344317573
85.6666666666667,0.18984375,-0.117,0.0140580381600847
85.7,0.18984375,-0.117,0.0140841628705269
85.7333333333333,0.18984375,-0.117,0.0141067299199599
85.7666666666667,0.18984375,-0.117,0.0141261567193522
85.8,0.18984375,-0.117,0.0141428158201985
85.8333333333333,0.18984375,-0.117,0.014157039461733
85.8666666666667,0.18984375,-0.117,0.0141691236761697
85.9,0.18984375,-0.117,0.0141793319935835
85.9333333333333,0.189702161153158,-0.117,0.0148004872644485
85.9666666666667,0.189702161153158,-0.117,0.0146980375941246
86,0.189702161153158,-0.117,0.0146090415408209
86.0333333333333,0.189702161153158,-0.117,0.0145319501754923
86.0666666666667,0.189702161153158,-0.117,0.0144653791162492
86.1,0.189702161153158,-0.117,0.0144080919790158
86.1333333333333,0.189702161153158,-0.117,0.0143589854276714
86.1666666666667,0.189702161153158,-0.117,0.0143170756737062
86.2,0.189834276835124,-0.117,0.013709883746767
86.2333333333333,0.189834276835124,-0.117,0.0137820860379185
86.2666666666667,0.189834276835124,-0.117,0.0138454165501269
86.3,0.189834276835124,-0.117,0.0139008573094489
86.3333333333333,0.189834276835124,-0.117,0.0139492887192165
86.3666666666667,0.189834276835124,-0.117,0.0139914995901528
86.4,0.189834276835124,-0.117,0.0140281962147546
86.4333333333333,0.189834276835124,-0.117,0.0140600105745613
86.4666666666667,0.189834276835124,-0.117,0.0140875077608916
86.5,0.189834276835124,-0.117,0.0141111926823003
86.5333333333333,0.18984375,-0.117,0.0140905301875147
86.5666666666667,0.18984375,-0.117,0.0141152260787995
86.6,0.18984375,-0.117,0.0141363374034976
86.6333333333333,0.18984375,-0.117,0.0141542979479848
86.6666666666667,0.18984375,-0.117,0.0141694940175921
86.7,0.18984375,-0.117,0.0141822693082382
86.7333333333333,0.18984375,-0.117,0.0141929293004567
86.7666666666667,0.18984375,-0.117,0.0142017452210842
86.8,0.190032386779785,-0.117,0.0133928148113536
86.8333333333333,0.190032386779785,-0.117,0.0135446328155226
86.8666666666667,0.190032386779785,-0.117,0.0136756614474281
86.9,0.190032386779785,-0.117,0.0137883491140683
86.9333333333333,0.190032386779785,-0.117,0.0138848803657207
86.9666666666667,0.190032386779785,-0.117,0.0139672026979163
87,0.190032386779785,-0.117,0.0140370507440691
87.0333333333333,0.1896515528361,-0.117,0.0157436578203265
87.0666666666667,0.189719772338867,-0.117,0.015203115288975
87.1,0.189719772338867,-0.117,0.0150417300267242
87.1333333333333,0.189719772338867,-0.117,0.0149009401421283
87.1666666666667,0.189719772338867,-0.117,0.0147784150444757
87.2,0.189719772338867,-0.117,0.0146720688501706
87.2333333333333,0.189719772338867,-0.117,0.0145800359794656
87.2666666666667,0.189719772338867,-0.117,0.0145006490965475
87.3,0.189719772338867,-0.117,0.0144324191743713
87.3333333333333,0.189676729838053,-0.117,0.0145602421829813
87.3666666666667,0.189676729838053,-0.117,0.0144771711498014
87.4,0.189676729838053,-0.117,0.014406157714596
87.4333333333333,0.189676729838053,-0.117,0.01434574197716
87.4666666666667,0.189676729838053,-0.117,0.0142946239195393
87.5,0.189676729838053,-0.117,0.0142516469940514
87.5333333333333,0.189676729838053,-0.117,0.0142157833209585
87.5666666666667,0.189623133341471,-0.117,0.0144180072263611
87.6,0.189623133341471,-0.117,0.0143522544960663
87.6333333333333,0.189623133341471,-0.117,0.0142967416860479
87.6666666666667,0.189623133341471,-0.117,0.0142501863685776
87.7,0.189623133341471,-0.117,0.0142114494374757
87.7333333333333,0.189623133341471,-0.117,0.0141795201940189
87.7666666666667,0.189623133341471,-0.117,0.0141535029100859
87.8,0.18976936340332,-0.117,0.0134999358884185
87.8333333333333,0.189707310994466,-0.117,0.0138651028150982
87.8666666666667,0.189707310994466,-0.117,0.0139023878912649
87.9,0.189707310994466,-0.117,0.0139359552971194
87.9333333333333,0.189707310994466,-0.117,0.0139661540641636
87.9666666666667,0.189707310994466,-0.117,0.0139933017000023
88,0.189707310994466,-0.117,0.0140176869595463
88.0333333333333,0.189707310994466,-0.117,0.0140395723774259
88.0666666666667,0.189707310994466,-0.117,0.014059196581874
88.1,0.189707310994466,-0.117,0.0140767764086455
88.1333333333333,0.189707310994466,-0.117,0.0140925088319782
88.1666666666667,0.189707310994466,-0.117,0.0141065727281703
88.2,0.189707310994466,-0.117,0.0141191304860496
88.2333333333333,0.189707310994466,-0.117,0.0141303294773974
88.2666666666667,0.189707310994466,-0.117,0.0141403033992961
88.3,0.189707310994466,-0.117,0.0141491734993605
88.3333333333333,0.189707310994466,-0.117,0.0141570496938854
88.3666666666667,0.189784558614095,-0.117,0.0138298173970505
88.4,0.189784558614095,-0.117,0.0138957812678921
88.4333333333333,0.189784558614095,-0.117,0.0139530016163544
88.4666666666667,0.189784558614095,-0.117,0.014002486812787
88.5,0.189784558614095,-0.117,0.0140451381596879
88.5333333333333,0.189784558614095,-0.117,0.0140817606472074
88.5666666666667,0.18971373240153,-0.117,0.0144195044473707
88.6,0.18971373240153,-0.117,0.0143913304006757
88.6333333333333,0.189861106872559,-0.117,0.0137287913512049
88.6666666666667,0.189861106872559,-0.117,0.0138208397642961
88.7,0.189861106872559,-0.117,0.0139001782285123
88.7333333333333,0.189861106872559,-0.117,0.013968308028172
88.7666666666667,0.189861106872559,-0.117,0.0140265684666755
88.8,0.189861106872559,-0.117,0.0140761533281546
88.8333333333333,0.189861106872559,-0.117,0.0141181257362057
88.8666666666667,0.189861106872559,-0.117,0.0141534315608416
88.9,0.18984375,-0.117,0.0142580065513627
88.9333333333333,0.18984375,-0.117,0.0142689736677741
88.9666666666667,0.18984375,-0.117,0.0142773256577763
89,0.18984375,-0.117,0.0142834389975173
89.0333333333333,0.18984375,-0.117,0.0142876450246232
89.0666666666667,0.18984375,-0.117,0.0142902348397644
89.1,0.18984375,-0.117,0.0142914637086144
89.1333333333333,0.18984375,-0.117,0.0142915550129127
89.1666666666667,0.189849217732747,-0.117,0.0142670474816425
89.2,0.189628028869629,-0.117,0.0152266357782407
89.2333333333333,0.189628028869629,-0.117,0.0150568610019664
89.2666666666667,0.189628028869629,-0.117,0.0149090548643588
89.3,0.189628028869629,-0.117,0.0147807111048318
89.3333333333333,0.189628028869629,-0.117,0.0146695880371958
89.3666666666667,0.189628028869629,-0.117,0.0145736820631142
89.4,0.189628028869629,-0.117,0.0144912037363654
89.4333333333333,0.189628028869629,-0.117,0.014420556139422
89.4666666666667,0.189628028869629,-0.117,0.0143603153556332
89.5,0.189628028869629,-0.117,0.0143092128401362
89.5333333333333,0.189628028869629,-0.117,0.0142661195106643
89.5666666666667,0.189628028869629,-0.117,0.0142300313958539
89.6,0.189763641357422,-0.117,0.0136133251137616
89.6333333333333,0.189763641357422,-0.117,0.013693630261533
89.6666666666667,0.189763641357422,-0.117,0.0137644746604268
89.7,0.189763641357422,-0.117,0.0138268779825938
89.7333333333333,0.189763641357422,-0.117,0.0138817563204174
89.7666666666667,0.189763641357422,-0.117,0.0139299322706883
89.8,0.189763641357422,-0.117,0.0139721440679855
89.8333333333333,0.189763641357422,-0.117,0.0140090538546891
89.8666666666667,0.18984375,-0.117,0.0136946626727529
89.9,0.18984375,-0.117,0.0137846875663649
89.9333333333333,0.18984375,-0.117,0.0138626934739484
89.9666666666667,0.18984375,-0.117,0.0139300752821543
90,0.18984375,-0.117,0.0139880790098226
90.0333333333333,0.18984375,-0.117,0.014037816824627
90.0666666666667,0.18984375,-0.117,0.0140802806054235
90.1,0.18984375,-0.117,0.0141163541868581
90.1333333333333,0.189864222208659,-0.117,0.0140582507728131
90.1666666666667,0.189864222208659,-0.117,0.0140996619900738
90.2,0.189864222208659,-0.117,0.0141346656855064
90.2333333333333,0.189864222208659,-0.117,0.0141640613617606
90.2666666666667,0.189864222208659,-0.117,0.0141885593914558
90.3,0.189864222208659,-0.117,0.0142087902754882
90.3333333333333,0.189864222208659,-0.117,0.0142253129855524
90.3666666666667,0.189864222208659,-0.117,0.0142386224782596
90.4,0.189654668172201,-0.117,0.0151557984137747
90.4333333333333,0.189654668172201,-0.117,0.0150017583857616
90.4666666666667,0.189654668172201,-0.117,0.0148674296554128
90.5,0.189654668172201,-0.117,0.0147505774241316
90.5333333333333,0.189654668172201,-0.117,0.0146492018737722
90.5666666666667,0.189654668172201,-0.117,0.0145615147078725
90.6,0.189654668172201,-0.117,0.0144859179474834
90.6333333333333,0.189654668172201,-0.117,0.0144209847711338
90.6666666666667,0.189713541666667,-0.117,0.014110724231603
90.7,0.189713541666667,-0.117,0.0141090028688216
90.7333333333333,0.189713541666667,-0.117,0.0141084135049204
90.7666666666667,0.189713541666667,-0.117,0.0141087690618653
90.8,0.189713541666667,-0.117,0.0141099061396879
90.8333333333333,0.189713541666667,-0.117,0.0141116823711302
90.8666666666667,0.189713541666667,-0.117,0.0141139740506416
90.9,0.190002250671387,-0.117,0.0128675656637125
90.9333333333333,0.189763641357422,-0.117,0.014126379169008
90.9666666666667,0.189763641357422,-0.117,0.0141384272573219
91,0.189763641357422,-0.117,0.0141489335356583
91.0333333333333,0.189763641357422,-0.117,0.0141580721164152
91.0666666666667,0.189763641357422,-0.117,0.0141659988871549
91.1,0.189763641357422,-0.117,0.014172853322371
91.1333333333333,0.189763641357422,-0.117,0.0141787601217816
91.1666666666667,0.189763641357422,-0.117,0.0141838306912884
91.2,0.189729944864909,-0.117,0.0143339533876593
91.2333333333333,0.189729944864909,-0.117,0.0143115595895667
91.2666666666667,0.189729944864909,-0.117,0.0142920956986126
91.3,0.189729944864909,-0.117,0.0142752244815282
91.3333333333333,0.189729944864909,-0.117,0.0142606445538842
91.3666666666667,0.189729944864909,-0.117,0.0142480867713646
91.4,0.189729944864909,-0.117,0.0142373109701407
91.4333333333333,0.189729944864909,-0.117,0.0142281030235833
91.4666666666667,0.189593251546224,-0.117,0.014811680013335
91.5,0.189953994750977,-0.117,0.0131384957540876
91.5333333333333,0.189953994750977,-0.117,0.0133205266079467
91.5666666666667,0.189953994750977,-0.117,0.0134785616626134
91.6,0.189953994750977,-0.117,0.0136153691901307
91.6333333333333,0.189953994750977,-0.117,0.0137334230115316
91.6666666666667,0.189953994750977,-0.117,0.0138349321365614
91.7,0.189953994750977,-0.117,0.0139218675369657
91.7333333333333,0.189953994750977,-0.117,0.0139959863222362
91.7666666666667,0.189953994750977,-0.117,0.0140588535620738
91.8,0.189953994750977,-0.117,0.0141118619774177
91.8333333333333,0.189953994750977,-0.117,0.0141562497014938
91.8666666666667,0.189953994750977,-0.117,0.0141931162937796
91.9,0.18984375,-0.117,0.0147004144628272
91.9333333333333,0.18984375,-0.117,0.0146397296174482
91.9666666666667,0.18984375,-0.117,0.0145855756445997
92,0.18984375,-0.117,0.014537294917043
92.0333333333333,0.18984375,-0.117,0.0144942931383694
92.0666666666667,0.18984375,-0.117,0.0144560334379034
92.1,0.18984375,-0.117,0.0144220310028263
92.1333333333333,0.18984375,-0.117,0.0143918481995874
92.1666666666667,0.189910634358724,-0.117,0.0140757129153815
92.2,0.189910634358724,-0.117,0.0141037888046013
92.2333333333333,0.189910634358724,-0.117,0.0141276671090463
92.2666666666667,0.189910634358724,-0.117,0.0141478675338444
92.3,0.189910634358724,-0.117,0.0141648519084191
92.3333333333333,0.189910634358724,-0.117,0.0141790302043021
92.3666666666667,0.189910634358724,-0.117,0.0141907659567141
92.4,0.189910634358724,-0.117,0.0142003811469049
92.4333333333333,0.189775594075521,-0.117,0.014792416516107
92.4666666666667,0.189775594075521,-0.117,0.0146940969668729
92.5,0.189775594075521,-0.117,0.0146084374044254
92.5333333333333,0.189775594075521,-0.117,0.0145339998149977
92.5666666666667,0.189775594075521,-0.117,0.01446949744751
92.6,0.189775594075521,-0.117,0.0144137797147699
92.6333333333333,0.189775594075521,-0.117,0.0143658185452834
92.6666666666667,0.189775594075521,-0.117,0.0143246960503217
92.7,0.189775594075521,-0.117,0.0142895933832317
92.7333333333333,0.189775594075521,-0.117,0.0142597806792095
92.7666666666667,0.189775594075521,-0.117,0.0142346079739955
92.8,0.189775594075521,-0.117,0.0142134970092516
92.8333333333333,0.189775594075521,-0.117,0.0141959338408647
92.8666666666667,0.189775594075521,-0.117,0.0141814621741258
92.9,0.189775594075521,-0.117,0.0141696773567547
92.9333333333333,0.189775594075521,-0.117,0.0141602209671178
92.9666666666667,0.189759000142415,-0.117,0.0142245701003549
93,0.189759000142415,-0.117,0.0142060134138045
93.0333333333333,0.189759000142415,-0.117,0.0141906639866271
93.0666666666667,0.189759000142415,-0.117,0.0141781034935768
93.1,0.189759000142415,-0.117,0.0141679613795297
93.1333333333333,0.189759000142415,-0.117,0.0141599098217643
93.1666666666667,0.189759000142415,-0.117,0.0141536591957644
93.2,0.189688491821289,-0.117,0.0144540104059048
93.2333333333333,0.189719772338867,-0.117,0.0142607193120966
93.2666666666667,0.189719772338867,-0.117,0.0142354178224818
93.3,0.189719772338867,-0.117,0.0142142854760687
93.3333333333333,0.189719772338867,-0.117,0.0141967868705573
93.3666666666667,0.189719772338867,-0.117,0.0141824473145319
93.4,0.189719772338867,-0.117,0.0141708464490779
93.4333333333333,0.189719772338867,-0.117,0.0141616125055062
93.4666666666667,0.189719772338867,-0.117,0.0141544171381098
93.5,0.189713541666667,-0.117,0.0141759279705899
93.5333333333333,0.189713541666667,-0.117,0.0141671533924256
93.5666666666667,0.189713541666667,-0.117,0.0141602956898225
93.6,0.189713541666667,-0.117,0.0141550828345767
93.6333333333333,0.189713541666667,-0.117,0.014151275311349
93.6666666666667,0.189713541666667,-0.117,0.014148662587619
93.7,0.189713541666667,-0.117,0.0141470599437428
93.7333333333333,0.189713541666667,-0.117,0.014146305627964
93.7666666666667,0.189695676167806,-0.117,0.0142235539322715
93.8,0.189695676167806,-0.117,0.0142102633317111
93.8333333333333,0.189695676167806,-0.117,0.0141993044831653
93.8666666666667,0.189695676167806,-0.117,0.0141903683910559
93.9,0.189695676167806,-0.117,0.0141831817942434
93.9333333333333,0.189695676167806,-0.117,0.014177503359942
93.9666666666667,0.189844640096029,-0.117,0.0135286232655037
94,0.189844640096029,-0.117,0.0136406392318912
94.0333333333333,0.189968808492025,-0.117,0.0132009121099829
94.0666666666667,0.189968808492025,-0.117,0.0133816365856557
94.1,0.189968808492025,-0.117,0.0135380830053666
94.1333333333333,0.189968808492025,-0.117,0.0136730784705625
94.1666666666667,0.189968808492025,-0.117,0.0137891477222593
94.2,0.189968808492025,-0.117,0.0138885436857526
94.2333333333333,0.189968808492025,-0.117,0.0139732750539969
94.2666666666667,0.189968808492025,-0.117,0.0140451311879554
94.3,0.189767837524414,-0.117,0.0149752116302342
94.3333333333333,0.189767837524414,-0.117,0.0148703760518089
94.3666666666667,0.189767837524414,-0.117,0.0147777994049137
94.4,0.189767837524414,-0.117,0.0146961663731011
94.4333333333333,0.189767837524414,-0.117,0.0146242948491124
94.4666666666667,0.189767837524414,-0.117,0.0145611229940768
94.5,0.189767837524414,-0.117,0.0145056975148661
94.5333333333333,0.189767837524414,-0.117,0.0144571630477331
94.5666666666667,0.18984375,-0.117,0.0140863148969632
94.6,0.18984375,-0.117,0.0141080936456161
94.6333333333333,0.18984375,-0.117,0.0141268107441629
94.6666666666667,0.18984375,-0.117,0.0141428334158396
94.7,0.18984375,-0.117,0.0141564887794823
94.7333333333333,0.189826965332031,-0.117,0.014240687344329
94.7666666666667,0.189826965332031,-0.117,0.0142374586525276
94.8,0.189826965332031,-0.117,0.014234385417404
94.8333333333333,0.18984375,-0.117,0.0141588492231331
94.8666666666667,0.18984375,-0.117,0.0141690788732796
94.9,0.18984375,-0.117,0.0141777198464214
94.9333333333333,0.18984375,-0.117,0.0141849724484735
94.9666666666667,0.18984375,-0.117,0.0141910144375758
95,0.18984375,-0.117,0.0141960033853457
95.0333333333333,0.18984375,-0.117,0.014200078802993
95.0666666666667,0.18984375,-0.117,0.014203364054854
95.1,0.189734840393066,-0.117,0.0146771688281725
95.1333333333333,0.189734840393066,-0.117,0.0145948967351226
95.1666666666667,0.189734840393066,-0.117,0.0145234328690927
95.2,0.189734840393066,-0.117,0.0144615341314157
95.2333333333333,0.189734840393066,-0.117,0.0144080893193958
95.2666666666667,0.189734840393066,-0.117,0.0143621058762417
95.3,0.189734840393066,-0.117,0.0143226979202884
95.3333333333333,0.189734840393066,-0.117,0.0142890754336695
95.3666666666667,0.18951047261556,-0.117,0.0152312685593439
95.4,0.18951047261556,-0.117,0.0150335323735789
95.4333333333333,0.18951047261556,-0.117,0.0148629914647153
95.4666666666667,0.18951047261556,-0.117,0.0147164366503183
95.5,0.18951047261556,-0.117,0.0145910049682628
95.5333333333333,0.18951047261556,-0.117,0.0144841444846915
95.5666666666667,0.18951047261556,-0.117,0.0143935825296932
95.6,0.18951047261556,-0.117,0.0143172970374097
95.6333333333333,0.18951047261556,-0.117,0.0142534906970118
95.6666666666667,0.18951047261556,-0.117,0.014200567648043
95.7,0.18951047261556,-0.117,0.0141571124782321
95.7333333333333,0.18951047261556,-0.117,0.014121871304278
95.7666666666667,0.189791361490885,-0.117,0.0128784604187173
95.8,0.189791361490885,-0.117,0.0130738431075118
95.8333333333333,0.189791361490885,-0.117,0.0132453187305958
95.8666666666667,0.189791361490885,-0.117,0.0133955231961204
95.9,0.189791361490885,-0.117,0.013526820550985
95.9333333333333,0.189791361490885,-0.117,0.0136413297386567
95.9666666666667,0.189791361490885,-0.117,0.0137409488132845
96,0.189791361490885,-0.117,0.0138273768455098
96.0333333333333,0.1896453221639,-0.117,0.014533977352848
96.0666666666667,0.1896453221639,-0.117,0.0144853941138971
96.1,0.1896453221639,-0.117,0.0144428761852286
96.1333333333333,0.1896453221639,-0.117,0.0144057401123942
96.1666666666667,0.1896453221639,-0.117,0.0143733742951735
96.2,0.1896453221639,-0.117,0.0143452317998223
96.2333333333333,0.1896453221639,-0.117,0.0143208238639916
96.2666666666667,0.189716593424479,-0.117,0.0139913567388019
96.3,0.189644622802734,-0.117,0.0143396992804047
96.3333333333333,0.189644622802734,-0.117,0.0143161176662439
96.3666666666667,0.189644622802734,-0.117,0.01429572290815
96.4,0.189644622802734,-0.117,0.0142781389578405
96.4333333333333,0.189644622802734,-0.117,0.0142630305045486
96.4666666666667,0.189644622802734,-0.117,0.0142500988136765
96.5,0.189644622802734,-0.117,0.0142390779727074
96.5333333333333,0.189644622802734,-0.117,0.0142297315058071
96.5666666666667,0.189719772338867,-0.117,0.0138967125535129
96.6,0.189719772338867,-0.117,0.0139482704305069
96.6333333333333,0.189719772338867,-0.117,0.0139931375549683
96.6666666666667,0.189719772338867,-0.117,0.0140320766120069
96.7,0.189719772338867,-0.117,0.0140657699082706
96.7333333333333,0.189719772338867,-0.117,0.0140948274042487
96.7666666666667,0.189719772338867,-0.117,0.0141197939743206
96.8,0.189719772338867,-0.117,0.014141155966644
96.8333333333333,0.189701143900553,-0.117,0.0142399436370228
96.8666666666667,0.189701143900553,-0.117,0.0142409329227828
96.9,0.189701143900553,-0.117,0.0142414162651034
96.9333333333333,0.189701143900553,-0.117,0.0142414743331702
96.9666666666667,0.189701143900553,-0.117,0.0142411777807312
97,0.189701143900553,-0.117,0.0142405883506345
97.0333333333333,0.18984375,-0.117,0.0136227702111552
97.0666666666667,0.18984375,-0.117,0.0137321199284688
97.1,0.190015856424967,-0.117,0.0130818864724222
97.1333333333333,0.190015856424967,-0.117,0.0132962797004521
97.1666666666667,0.190015856424967,-0.117,0.0134811731497118
97.2,0.190015856424967,-0.117,0.0136400490011072
97.2333333333333,0.190015856424967,-0.117,0.0137760136818258
97.2666666666667,0.190015856424967,-0.117,0.0138918360655392
97.3,0.190015856424967,-0.117,0.0139899819514176
97.3333333333333,0.190015856424967,-0.117,0.0140726451729639
97.3666666666667,0.190055592854818,-0.117,0.0139698547752206
97.4,0.189861106872559,-0.117,0.0148993875285893
97.4333333333333,0.189861106872559,-0.117,0.014822555620393
97.4666666666667,0.189861106872559,-0.117,0.0147533673565075
97.5,0.189861106872559,-0.117,0.0146911027632135
97.5333333333333,0.189861106872559,-0.117,0.0146351072788057
97.5666666666667,0.189861106872559,-0.117,0.0145847859614537
97.6,0.189861106872559,-0.117,0.0145395982001536
97.6333333333333,0.189861106872559,-0.117,0.0144990528857293
97.6666666666667,0.189861106872559,-0.117,0.0144627040024738
97.7,0.189861106872559,-0.117,0.0144301466043591
97.7333333333333,0.189861106872559,-0.117,0.0144010131427957
97.7666666666667,0.189861106872559,-0.117,0.0143749701157263
97.8,0.189861106872559,-0.117,0.0143517150103957
97.8333333333333,0.189861106872559,-0.117,0.0143309735144933
97.8666666666667,0.189861106872559,-0.117,0.0143124969725139
97.9,0.189727465311686,-0.117,0.0148742643703348
97.9333333333333,0.189727465311686,-0.117,0.014756230673212
97.9666666666667,0.189727465311686,-0.117,0.0146537246171233
98,0.189727465311686,-0.117,0.0145649623281488
98.0333333333333,0.189727465311686,-0.117,0.0144883489008662
98.0666666666667,0.189727465311686,-0.117,0.014422459445152
98.1,0.189727465311686,-0.117,0.0143660219602535
98.1333333333333,0.189727465311686,-0.117,0.0143179018651705
98.1666666666667,0.18984375,-0.117,0.0137739787663007
98.2,0.18984375,-0.117,0.0138295698246809
98.2333333333333,0.18984375,-0.117,0.013878691410935
98.2666666666667,0.18984375,-0.117,0.0139220385561981
98.3,0.18984375,-0.117,0.0139602356829389
98.3333333333333,0.18984375,-0.117,0.0139938434886071
98.3666666666667,0.18984375,-0.117,0.0140233651790578
98.4,0.18984375,-0.117,0.0140492521116608
98.4333333333333,0.18984375,-0.117,0.0140719089025853
98.4666666666667,0.18984375,-0.117,0.0140916980478345
98.5,0.18984375,-0.117,0.0141089441031017
98.5333333333333,0.18984375,-0.117,0.0141239374634409
98.5666666666667,0.18984375,-0.117,0.0141369377800097
98.6,0.18984375,-0.117,0.0141481770477558
98.6333333333333,0.18984375,-0.117,0.0141578623948254
98.6666666666667,0.189987627665202,-0.117,0.0135436874787449
98.7,0.18976001739502,-0.117,0.0146469166511711
98.7333333333333,0.18976001739502,-0.117,0.0145732257622107
98.7666666666667,0.18976001739502,-0.117,0.0145090425932004
98.8,0.18976001739502,-0.117,0.0144532839938009
98.8333333333333,0.18976001739502,-0.117,0.0144049810658659
98.8666666666667,0.18976001739502,-0.117,0.0143632677313621
98.9,0.18976001739502,-0.117,0.0143273704008933
98.9333333333333,0.18976001739502,-0.117,0.014296598639952
98.9666666666667,0.189707310994466,-0.117,0.0144983725948701
99,0.189707310994466,-0.117,0.0144352796668775
99.0333333333333,0.189707310994466,-0.117,0.014381132519125
99.0666666666667,0.189707310994466,-0.117,0.0143348592876552
99.1,0.189707310994466,-0.117,0.0142955048141797
99.1333333333333,0.189707310994466,-0.117,0.0142622187099699
99.1666666666667,0.189707310994466,-0.117,0.0142342445874923
99.2,0.189707310994466,-0.117,0.0142109103492832
99.2333333333333,0.189763641357422,-0.117,0.0139479043940155
99.2666666666667,0.189763641357422,-0.117,0.0139757249587568
99.3,0.189763641357422,-0.117,0.0140007423995509
99.3333333333333,0.189763641357422,-0.117,0.0140232238965901
99.3666666666667,0.189763641357422,-0.117,0.0140434120853669
99.4,0.189763641357422,-0.117,0.0140615272527698
99.4333333333333,0.18984375,-0.117,0.0137311768461369
99.4666666666667,0.18984375,-0.117,0.0138077276286681
99.5,0.189792315165202,-0.117,0.0140969674963235
99.5333333333333,0.189792315165202,-0.117,0.0141151377977862
99.5666666666667,0.189792315165202,-0.117,0.0141309225253378
99.6,0.189792315165202,-0.117,0.014144594193856
99.6333333333333,0.189792315165202,-0.117,0.0141563966175258
99.6666666666667,0.189792315165202,-0.117,0.0141665477734283
99.7,0.189792315165202,-0.117,0.0141752423903122
99.7333333333333,0.189792315165202,-0.117,0.0141826542881583
99.7666666666667,0.190032386779785,-0.117,0.0131502613021836
99.8,0.190032386779785,-0.117,0.0133413601744145
99.8333333333333,0.190032386779785,-0.117,0.0135066642140344
99.8666666666667,0.190032386779785,-0.117,0.0136491868400398
99.9,0.190032386779785,-0.117,0.0137716184328384
99.9333333333333,0.190032386779785,-0.117,0.0138763590255186
99.9666666666667,0.190032386779785,-0.117,0.0139655478212909
100,0.190032386779785,-0.117,0.0140410898356978
