0,0.453569793701172,0,0
0.0333333333333333,0.453569793701172,0,0.253413908043686
0.0666666666666667,0.453569793701172,0,0.457928609019426
0.1,0.453569793701172,0.0015,0.606190281238695
0.133333333333333,0.187428410847982,0.003,0.719741664315909
0.166666666666667,0.187428410847982,0.006,1.24976297750137
0.2,0.187428410847982,0.0255,1.50156597062675
0.233333333333333,0.187239583333333,0.0615,1.49311967847568
0.266666666666667,0.187239583333333,0.0975,1.40510989167168
0.3,0.187239583333333,0.132,1.26525970433018
0.333333333333333,0.187214787801107,0.168,1.05476009869359
0.366666666666667,0.187214787801107,0.2055,0.783182976163822
0.4,0.187429618835449,0.249,0.41357840236374
0.433333333333333,0.187429618835449,0.282,0.117451488959366
0.466666666666667,0.186590830485026,0.3,-0.0539289070217175
0.5,0.186590830485026,0.3075,-0.139198387163206
0.533333333333333,0.186590830485026,0.3075,-0.165946137972355
0.566666666666667,0.186590830485026,0.306,-0.190644780000481
0.6,0.186590830485026,0.297,-0.150336404029206
0.633333333333333,0.186590830485026,0.285,-0.087549251280345
0.666666666666667,0.186590830485026,0.273,-0.0302260537809745
0.7,0.18560365041097,0.2655,-0.0216624391384118
0.733333333333333,0.18560365041097,0.2595,-0.0287455938820458
0.766666666666667,0.18560365041097,0.2565,-0.0673637828580662
0.8,0.18560365041097,0.255,-0.121531242387322
0.833333333333333,0.18560365041097,0.255,-0.190451863141575
0.866666666666667,0.18560365041097,0.252,-0.228489563494224
0.9,0.18560365041097,0.246,-0.235142936530893
0.933333333333333,0.18560365041097,0.237,-0.210023576790784
0.966666666666667,0.188718096415202,0.2295,-0.197837573797119
1,0.188718096415202,0.2205,-0.173759627881175
1.03333333333333,0.215405527750651,0.21,-0.131209869485009
1.06666666666667,0.215405527750651,0.201,-0.146440437376357
1.1,0.215405527750651,0.192,-0.149440894056207
1.13333333333333,0.215405527750651,0.183,-0.141707709895842
1.16666666666667,0.215405527750651,0.1755,-0.139547829390231
1.2,0.215405527750651,0.168,-0.129103195657513
1.23333333333333,0.215405527750651,0.162,-0.126372060580264
1.26666666666667,0.215405527750651,0.156,-0.117227505027299
1.3,0.215405527750651,0.15,-0.102433537311729
1.33333333333333,0.215405527750651,0.1455,-0.0976590892392543
1.36666666666667,0.215405527750651,0.1395,-0.0734901867846116
1.4,0.246408526102702,0.135,-0.0604405357404308
1.43333333333333,0.246408526102702,0.132,-0.112614899439944
1.46666666666667,0.246408526102702,0.129,-0.151401400972386
1.5,0.246408526102702,0.1245,-0.163766305563824
1.53333333333333,0.246408526102702,0.12,-0.166400202630508
1.56666666666667,0.255577723185221,0.114,-0.145755769314285
1.6,0.255577723185221,0.108,-0.133948748587316
1.63333333333333,0.255577723185221,0.102,-0.11311922443359
1.66666666666667,0.255577723185221,0.0975,-0.0996637493310225
1.7,0.29034169514974,0.093,-0.0797782422446004
1.73333333333333,0.29034169514974,0.087,-0.099648770613531
1.76666666666667,0.29034169514974,0.081,-0.103377566784016
1.8,0.29034169514974,0.0765,-0.108526235705608
1.83333333333333,0.299066162109375,0.0705,-0.0872843220656058
1.86666666666667,0.299066162109375,0.0675,-0.101619861974522
1.9,0.299066162109375,0.0645,-0.105114703480625
1.93333333333333,0.299066162109375,0.06,-0.08458168085134
1.96666666666667,0.299066162109375,0.0555,-0.0565645321568728
2,0.299066162109375,0.051,-0.0223758199176899
2.03333333333333,0.299066162109375,0.048,0.00187035647300264
2.06666666666667,0.321716245015462,0.0465,0.015230150782041
2.1,0.321716245015462,0.0465,-0.0222928592227858
2.13333333333333,0.350177256266276,0.0465,-0.0496092788890337
2.16666666666667,0.354847844441732,0.0465,-0.117722809157019
2.2,0.354847844441732,0.0465,-0.177443777755897
2.23333333333333,0.3593781153361,0.042,-0.176877336636258
2.26666666666667,0.3593781153361,0.0375,-0.171447893863111
2.3,0.3593781153361,0.033,-0.154001463799076
2.33333333333333,0.377437973022461,0.0285,-0.126642749405768
2.36666666666667,0.389068857828776,0.0225,-0.107412987919752
2.4,0.389068857828776,0.018,-0.11066892512405
2.43333333333333,0.389068857828776,0.012,-0.0846208460016405
2.46666666666667,0.389068857828776,0.006,-0.0467625397984244
2.5,0.389068857828776,0.0045,-0.0442115689088159
2.53333333333333,0.389068857828776,0.0015,-0.0187626912729898
2.56666666666667,0.389068857828776,0.0015,-0.0169339168899483
2.6,0.389068857828776,0.0015,-0.0100061986688372
2.63333333333333,0.389068857828776,0.0015,0.00094237687148397
2.66666666666667,0.396309661865234,0.0015,0.015007150194795
2.7,0.396309661865234,0.0015,0.0189005286473151
2.73333333333333,0.396309661865234,0.0015,0.0269412750325326
2.76666666666667,0.396309661865234,0.0015,0.0382285876991053
2.8,0.396309661865234,0.0015,0.0520076967995351
2.83333333333333,0.423512522379557,0.0015,0.0676484610537644
2.86666666666667,0.423512522379557,0.0015,0.0375493588026054
2.9,0.423512522379557,0.0015,0.0174386601328598
2.93333333333333,0.436233838399251,0.0015,0.00553921353693789
2.96666666666667,0.445255215962728,0.0015,-0.0216716487335929
3,0.445255215962728,0.0015,-0.0548179327582076
3.03333333333333,0.445255215962728,0.0015,-0.0770156560570748
3.06666666666667,0.445255215962728,0.0015,-0.0902112738425546
3.1,0.451203791300456,0,-0.0810554414309752
3.13333333333333,0.451203791300456,0,-0.0912398351430267
3.16666666666667,0.451203791300456,-0.0015,-0.0796629636722209
3.2,0.463902219136556,-0.003,-0.0626290706765879
3.23333333333333,0.463902219136556,-0.0045,-0.0632145367748548
3.26666666666667,0.463902219136556,-0.0045,-0.0711286025676649
3.3,0.463902219136556,-0.006,-0.0578110242405698
3.33333333333333,0.463902219136556,-0.006,-0.0544785163868304
3.36666666666667,0.463902219136556,-0.006,-0.0471568070131202
3.4,0.463902219136556,-0.006,-0.036708245910573
3.43333333333333,0.463902219136556,-0.006,-0.023855572143169
3.46666666666667,0.472860685984294,-0.006,-0.00920236467943928
3.5,0.472860685984294,-0.006,-0.00875426185795543
3.53333333333333,0.472860685984294,-0.006,-0.00443157057048629
3.56666666666667,0.472860685984294,-0.006,0.00295584933270083
3.6,0.491314633687337,-0.006,0.0127279767342011
3.63333333333333,0.491314633687337,-0.006,-0.00762093959902992
3.66666666666667,0.491314633687337,-0.006,-0.0204662419180107
3.7,0.491314633687337,-0.006,-0.0271654693020026
3.73333333333333,0.491314633687337,-0.006,-0.0288685421465334
3.76666666666667,0.495651817321777,-0.006,-0.0265474283057316
3.8,0.495651817321777,-0.006,-0.028527689002522
3.83333333333333,0.495651817321777,-0.006,-0.0265441790015633
3.86666666666667,0.495651817321777,-0.006,-0.0214011630977741
3.9,0.495651817321777,-0.006,-0.0137751166915385
3.93333333333333,0.495651817321777,-0.006,-0.00423329638595065
3.96666666666667,0.495651817321777,-0.006,0.0067502796849538
4,0.495651817321777,-0.006,0.0187810879166043
4.03333333333333,0.49828421274821,-0.006,0.0315322856209992
4.06666666666667,0.49828421274821,-0.006,0.0401789073155301
4.1,0.49828421274821,-0.006,0.0499351884644789
4.13333333333333,0.49828421274821,-0.006,0.0604845345242595
4.16666666666667,0.49828421274821,-0.006,0.0715651332368029
4.2,0.49828421274821,-0.006,0.0829617134362123
4.23333333333333,0.49828421274821,-0.006,0.0944984725127518
4.26666666666667,0.49828421274821,-0.006,0.106033011508253
4.3,0.491245142618815,-0.006,0.117451138675102
4.33333333333333,0.491245142618815,-0.006,0.14084432220434
4.36666666666667,0.47109375,-0.006,0.161609541751164
4.4,0.47109375,-0.006,0.214934832874305
4.43333333333333,0.47109375,-0.006,0.259491229598485
4.46666666666667,0.47109375,-0.006,0.296571561638479
4.5,0.47109375,-0.006,0.327287065549412
4.53333333333333,0.47109375,-0.006,0.352592284058016
4.56666666666667,0.46832602818807,-0.006,0.373306594283808
4.6,0.46832602818807,-0.006,0.394922671405898
4.63333333333333,0.46832602818807,-0.006,0.412328755290401
4.66666666666667,0.46832602818807,-0.006,0.426185150436234
4.7,0.46832602818807,-0.006,0.437056743800118
4.73333333333333,0.46832602818807,-0.006,0.445426276980352
4.76666666666667,0.46832602818807,-0.006,0.451705807793082
4.8,0.46832602818807,-0.006,0.456246605710066
4.83333333333333,0.435305086771647,-0.006,0.459347692803439
4.86666666666667,0.435305086771647,-0.006,0.518409658966144
4.9,0.435305086771647,-0.006,0.565474600507849
4.93333333333333,0.435305086771647,-0.006,0.602449363591921
4.96666666666667,0.435305086771647,-0.0045,0.615963647694394
5,0.435305086771647,-0.0045,0.637408665400503
5.03333333333333,0.435305086771647,-0.0045,0.652970520336506
5.06666666666667,0.435305086771647,-0.0045,0.663659016968219
5.1,0.435305086771647,-0.003,0.655332520126704
5.13333333333333,0.435305086771647,-0.003,0.658719399086033
5.16666666666667,0.435305086771647,-0.003,0.659436519102685
5.2,0.435305086771647,-0.003,0.658005181044621
5.23333333333333,0.435305086771647,-0.003,0.654864855802507
5.26666666666667,0.435305086771647,-0.003,0.650385013470077
5.3,0.435305086771647,-0.003,0.644875306838239
5.33333333333333,0.435305086771647,-0.003,0.638594333730655
5.36666666666667,0.396290143330892,-0.003,0.63175717239111
5.4,0.396290143330892,-0.003,0.692061596738862
5.43333333333333,0.396290143330892,-0.003,0.739105691267565
5.46666666666667,0.396290143330892,-0.003,0.775046556394916
5.5,0.396290143330892,0.0015,0.756724680594554
5.53333333333333,0.396290143330892,0.0105,0.685708316746607
5.56666666666667,0.396290143330892,0.018,0.623331780538423
5.6,0.396290143330892,0.021,0.6007284933167
5.63333333333333,0.396290143330892,0.024,0.573859481243722
5.66666666666667,0.396290143330892,0.03,0.513537946868427
5.7,0.396290143330892,0.0405,0.405450446308332
5.73333333333333,0.396290143330892,0.0465,0.340175133436146
5.76666666666667,0.396290143330892,0.048,0.318197470289133
5.8,0.396290143330892,0.048,0.309923749082626
5.83333333333333,0.396290143330892,0.048,0.300692724595888
5.86666666666667,0.396290143330892,0.048,0.29078561534236
5.9,0.377685483296712,0.048,0.280434696999758
5.93333333333333,0.377685483296712,0.048,0.302028133800354
5.96666666666667,0.377685483296712,0.048,0.317311073807475
6,0.377685483296712,0.048,0.327380675953412
6.03333333333333,0.377685483296712,0.048,0.333168748135667
6.06666666666667,0.377685483296712,0.048,0.335465214906927
6.1,0.377685483296712,0.048,0.334938350233163
6.13333333333333,0.352055168151855,0.048,0.332152214537922
6.16666666666667,0.330131149291992,0.048,0.371937813330361
6.2,0.330131149291992,0.048,0.439720554963202
6.23333333333333,0.330131149291992,0.048,0.491908940858974
6.26666666666667,0.330131149291992,0.048,0.531070922796879
6.3,0.330131149291992,0.048,0.559395633114153
6.33333333333333,0.330131149291992,0.0495,0.563746608989151
6.36666666666667,0.330131149291992,0.0495,0.575707717787398
6.4,0.330131149291992,0.0525,0.551622771745683
6.43333333333333,0.308094342549642,0.0555,0.522629687374998
6.46666666666667,0.308094342549642,0.0555,0.557827097458669
6.5,0.308094342549642,0.0585,0.552529201343191
6.53333333333333,0.308094342549642,0.063,0.52356785245163
6.56666666666667,0.308094342549642,0.066,0.502498421982936
6.6,0.308094342549642,0.069,0.475639065871057
6.63333333333333,0.308094342549642,0.072,0.444104577065626
6.66666666666667,0.308094342549642,0.072,0.438835558439438
6.7,0.308094342549642,0.072,0.430623552592389
6.73333333333333,0.308094342549642,0.072,0.420132679064788
6.76666666666667,0.308094342549642,0.072,0.407918255219136
6.8,0.308094342549642,0.072,0.394442812759638
6.83333333333333,0.308094342549642,0.072,0.380089866199634
6.86666666666667,0.308094342549642,0.072,0.365175741403682
6.9,0.308094342549642,0.072,0.349959730622393
6.93333333333333,0.308094342549642,0.072,0.33465280433716
6.96666666666667,0.29375,0.072,0.319425078987648
7,0.29375,0.072,0.329236707477756
7.03333333333333,0.29375,0.072,0.334579687262178
7.06666666666667,0.29375,0.072,0.336285402829571
7.1,0.29375,0.072,0.335056829450252
7.13333333333333,0.29375,0.072,0.331486963097868
7.16666666666667,0.29375,0.072,0.326074695504002
7.2,0.29375,0.072,0.319238482265153
7.23333333333333,0.28351510365804,0.072,0.31132810499039
7.26666666666667,0.28351510365804,0.072,0.320347424779314
7.3,0.28351510365804,0.072,0.325407305002721
7.33333333333333,0.28351510365804,0.072,0.327241155416017
7.36666666666667,0.28351510365804,0.072,0.326469281898368
7.4,0.28351510365804,0.072,0.323615108549975
7.43333333333333,0.28351510365804,0.072,0.319119151754662
7.46666666666667,0.28351510365804,0.072,0.31335105228786
7.5,0.27265625,0.072,0.306619930266643
7.53333333333333,0.27265625,0.072,0.317975757100983
7.56666666666667,0.27265625,0.072,0.325213388890504
7.6,0.27265625,0.072,0.329076015328933
7.63333333333333,0.27265625,0.072,0.330193267013054
7.66666666666667,0.27265625,0.072,0.329097434972416
7.7,0.27265625,0.072,0.326237447222097
7.73333333333333,0.264603805541992,0.072,0.321990907392756
7.76666666666667,0.26177183787028,0.072,0.330610118352196
7.8,0.26177183787028,0.072,0.340636012157233
7.83333333333333,0.26177183787028,0.072,0.346862547169068
7.86666666666667,0.26177183787028,0.072,0.349979853910842
7.9,0.26177183787028,0.072,0.350572364541763
7.93333333333333,0.26177183787028,0.072,0.349133925690911
7.96666666666667,0.26177183787028,0.072,0.346080820241202
8,0.26177183787028,0.072,0.341762982535249
8.03333333333333,0.26177183787028,0.072,0.336473653123064
8.06666666666667,0.26177183787028,0.072,0.330457685964751
8.1,0.26177183787028,0.072,0.323918692251289
8.13333333333333,0.26177183787028,0.072,0.317025180116704
8.16666666666667,0.26177183787028,0.072,0.309915827968767
8.2,0.26177183787028,0.072,0.302704010515046
8.23333333333333,0.26177183787028,0.072,0.295481680418965
8.26666666666667,0.26177183787028,0.072,0.28832269455035
8.3,0.250447845458984,0.072,0.281285661705811
8.33333333333333,0.250447845458984,0.072,0.294013818142093
8.36666666666667,0.250447845458984,0.072,0.303163231113393
8.4,0.250447845458984,0.072,0.309351316768125
8.43333333333333,0.250447845458984,0.072,0.313102715457465
8.46666666666667,0.250447845458984,0.072,0.314862441010286
8.5,0.238211250305176,0.072,0.315007218695618
8.53333333333333,0.238211250305176,0.072,0.335032059118748
8.56666666666667,0.225348345438639,0.072,0.349941959754081
8.6,0.225348345438639,0.072,0.382861849878409
8.63333333333333,0.225348345438639,0.072,0.407970978682805
8.66666666666667,0.225348345438639,0.072,0.426565800287152
8.7,0.225348345438639,0.072,0.439750900247366
8.73333333333333,0.225348345438639,0.072,0.448465994804356
8.76666666666667,0.225348345438639,0.072,0.453509224633038
8.8,0.225348345438639,0.072,0.455557245029032
8.83333333333333,0.223879623413086,0.072,0.455182546958983
8.86666666666667,0.223879623413086,0.072,0.455410173255819
8.9,0.223879623413086,0.072,0.453614745597058
8.93333333333333,0.223879623413086,0.072,0.450214531880682
8.96666666666667,0.223879623413086,0.072,0.445560960375039
9,0.223879623413086,0.072,0.439948356821521
9.03333333333333,0.223879623413086,0.072,0.433622321753676
9.06666666666667,0.223879623413086,0.072,0.426786933921419
9.1,0.214349810282389,0.072,0.419610940582153
9.13333333333333,0.212618764241536,0.072,0.428725484965048
9.16666666666667,0.212618764241536,0.072,0.437564798508766
9.2,0.212618764241536,0.072,0.443144400903552
9.23333333333333,0.212618764241536,0.072,0.446054039022206
9.26666666666667,0.212618764241536,0.072,0.446793264954435
9.3,0.212956110636393,0.072,0.445784323748592
9.33333333333333,0.212956110636393,0.072,0.442799442753556
9.36666666666667,0.216623242696126,0.072,0.438834498192059
9.4,0.216623242696126,0.072,0.427776495171113
9.43333333333333,0.216623242696126,0.072,0.417391041461889
9.46666666666667,0.216623242696126,0.072,0.407648230274408
9.5,0.216623242696126,0.072,0.398517687662401
9.53333333333333,0.216623242696126,0.072,0.389968966846662
9.56666666666667,0.216623242696126,0.072,0.381971865213456
9.6,0.216623242696126,0.072,0.374496676142627
9.63333333333333,0.218432807922363,0.072,0.367514386061931
9.66666666666667,0.218432807922363,0.072,0.357865169872204
9.7,0.218432807922363,0.072,0.349257760984761
9.73333333333333,0.218432807922363,0.072,0.341571494709184
9.76666666666667,0.218432807922363,0.072,0.334700435231242
9.8,0.218432807922363,0.072,0.328551513112457
9.83333333333333,0.218432807922363,0.072,0.323042903568891
9.86666666666667,0.218432807922363,0.072,0.31810261398833
9.9,0.2296875,0.072,0.313667253308478
9.93333333333333,0.2296875,0.072,0.290203451568183
9.96666666666667,0.2296875,0.072,0.270897863845364
10,0.2296875,0.072,0.255119311767209
10.0333333333333,0.2296875,0.072,0.242326494672384
10.0666666666667,0.242843373616536,0.072,0.232055579528186
10.1,0.242843373616536,0.072,0.201141761333385
10.1333333333333,0.242843373616536,0.072,0.176406446388267
10.1666666666667,0.242843373616536,0.072,0.156872539812591
10.2,0.247896385192871,0.072,0.141704651936947
10.2333333333333,0.247896385192871,0.072,0.121444548931214
10.2666666666667,0.247896385192871,0.072,0.105915927671271
10.3,0.247896385192871,0.072,0.0943366066195372
10.3333333333333,0.247896385192871,0.072,0.0860399736360991
10.3666666666667,0.247896385192871,0.072,0.0804587360739957
10.4,0.247896385192871,0.072,0.077110900186943
10.4333333333333,0.247896385192871,0.072,0.0755876779375515
10.4666666666667,0.251722272237142,0.072,0.0755430598971212
10.5,0.251722272237142,0.072,0.0700637011250302
10.5333333333333,0.251722272237142,0.072,0.0668021838268681
10.5666666666667,0.251722272237142,0.072,0.0653519419680883
10.6,0.251722272237142,0.072,0.0653688808759961
10.6333333333333,0.251722272237142,0.072,0.0665624318701803
10.6666666666667,0.251722272237142,0.072,0.0686878455119817
10.7,0.251722272237142,0.072,0.0715395549023812
10.7333333333333,0.255806414286296,0.072,0.0749454631887848
10.7666666666667,0.253327178955078,0.072,0.0716939628823
10.8,0.253327178955078,0.072,0.074388370964026
10.8333333333333,0.25255184173584,0.072,0.0775983968659427
10.8666666666667,0.25255184173584,0.072,0.0825318905048859
10.9,0.25255184173584,0.072,0.0874768893965315
10.9333333333333,0.25255184173584,0.072,0.0923819725023112
10.9666666666667,0.25255184173584,0.072,0.0972062932799357
11,0.251041666666667,0.072,0.10191789260053
11.0333333333333,0.251041666666667,0.072,0.109105784734346
11.0666666666667,0.251041666666667,0.072,0.115633833787556
11.1,0.251041666666667,0.072,0.12156776679066
11.1333333333333,0.251041666666667,0.072,0.126966205739743
11.1666666666667,0.251041666666667,0.072,0.131881491311912
11.2,0.251041666666667,0.072,0.136360405966288
11.2333333333333,0.251041666666667,0.072,0.140444809159018
11.2666666666667,0.246018155415853,0.072,0.144172195754824
11.3,0.246018155415853,0.072,0.156269937370391
11.3333333333333,0.246018155415853,0.072,0.166396902868004
11.3666666666667,0.246018155415853,0.072,0.174842527052877
11.4,0.246018155415853,0.072,0.181855665956738
11.4333333333333,0.246018155415853,0.072,0.187650155477938
11.4666666666667,0.246018155415853,0.072,0.192409617828068
11.5,0.246018155415853,0.072,0.196291616900531
11.5333333333333,0.235244433085124,0.072,0.19943125013312
11.5666666666667,0.235244433085124,0.072,0.220589388492293
11.6,0.224357159932454,0.072,0.237622152109848
11.6333333333333,0.224357159932454,0.072,0.270018455191842
11.6666666666667,0.224357159932454,0.072,0.295854648700152
11.7,0.224357159932454,0.072,0.316172418560995
11.7333333333333,0.224357159932454,0.072,0.331862111452116
11.7666666666667,0.224357159932454,0.072,0.343683841172857
11.8,0.221092987060547,0.072,0.352285711677159
11.8333333333333,0.221092987060547,0.072,0.363868563910477
11.8666666666667,0.221092987060547,0.072,0.37216245134633
11.9,0.221092987060547,0.072,0.377735936275505
11.9333333333333,0.221092987060547,0.072,0.381072080547245
11.9666666666667,0.221092987060547,0.072,0.382580568037287
12,0.221092987060547,0.072,0.382608156941642
12.0333333333333,0.221092987060547,0.072,0.381447688599377
12.0666666666667,0.219751930236816,0.072,0.379345849021457
12.1,0.219751930236816,0.072,0.378830702229163
12.1333333333333,0.219751930236816,0.072,0.377307060155786
12.1666666666667,0.219751930236816,0.072,0.374989677208902
12.2,0.219751930236816,0.072,0.372058689533298
12.2333333333333,0.219751930236816,0.072,0.368664676825848
12.2666666666667,0.219751930236816,0.072,0.364933015995386
12.3,0.219751930236816,0.072,0.3609676235663
12.3333333333333,0.219751930236816,0.072,0.35685417062
12.3666666666667,0.219751930236816,0.072,0.352662842724951
12.4,0.219751930236816,0.072,0.348450707487671
12.4333333333333,0.219751930236816,0.072,0.344263743859687
12.4666666666667,0.219751930236816,0.072,0.340138579981981
12.5,0.219751930236816,0.072,0.336103979985501
12.5333333333333,0.219751930236816,0.072,0.332182114661145
12.5666666666667,0.219751930236816,0.072,0.328389646150082
12.6,0.237727546691895,0.072,0.324738652685804
12.6333333333333,0.237727546691895,0.072,0.290128593909682
12.6666666666667,0.237727546691895,0.072,0.261676260556224
12.7,0.237727546691895,0.072,0.23844561034414
12.7333333333333,0.237727546691895,0.072,0.219633979134753
12.7666666666667,0.237727546691895,0.072,0.204553658222844
12.8,0.237727546691895,0.072,0.192615975613746
12.8333333333333,0.237727546691895,0.072,0.183317543872099
12.8666666666667,0.239368057250977,0.072,0.176228382380856
12.9,0.239368057250977,0.072,0.168142573387439
12.9333333333333,0.239368057250977,0.072,0.16213450663901
12.9666666666667,0.239368057250977,0.072,0.157852641488751
13,0.239368057250977,0.072,0.154997862900418
13.0333333333333,0.239368057250977,0.072,0.153316077431664
13.0666666666667,0.239368057250977,0.072,0.152591827272502
13.1,0.239368057250977,0.072,0.152642784298579
13.1333333333333,0.245570119222005,0.072,0.153315004675718
13.1666666666667,0.249009958902995,0.072,0.143745476248606
13.2,0.249009958902995,0.072,0.130676791998056
13.2333333333333,0.249009958902995,0.072,0.120795706608661
13.2666666666667,0.249009958902995,0.072,0.113569494935918
13.3,0.249009958902995,0.072,0.1085444902303
13.3333333333333,0.249009958902995,0.072,0.105334944618136
13.3666666666667,0.249009958902995,0.072,0.103613419453782
13.4,0.249009958902995,0.072,0.103102498235826
13.4333333333333,0.249009958902995,0.072,0.103567642668783
13.4666666666667,0.249009958902995,0.072,0.104811036603553
13.5,0.249009958902995,0.072,0.10666628350437
13.5333333333333,0.249009958902995,0.072,0.108993841200014
13.5666666666667,0.249009958902995,0.072,0.111677093357781
13.6,0.249009958902995,0.072,0.114618970695154
13.6333333333333,0.247715441385905,0.072,0.117739046697772
13.6666666666667,0.247715441385905,0.072,0.123211350653579
13.7,0.247715441385905,0.072,0.128309008555699
13.7333333333333,0.247715441385905,0.072,0.133055513485458
13.7666666666667,0.247715441385905,0.072,0.13747319830486
13.8,0.247715441385905,0.072,0.141583243354019
13.8333333333333,0.247715441385905,0.072,0.145405694078887
13.8666666666667,0.247715441385905,0.072,0.148959486448581
13.9,0.243489583333333,0.072,0.152262478367903
13.9333333333333,0.243489583333333,0.072,0.162644807277226
13.9666666666667,0.243489583333333,0.072,0.171397772427406
14,0.243489583333333,0.072,0.178756887509596
14.0333333333333,0.243489583333333,0.072,0.184924902982587
14.0666666666667,0.243489583333333,0.072,0.190076275977063
14.1,0.243489583333333,0.072,0.194361036649257
14.1333333333333,0.235440444946289,0.072,0.197908132021152
14.1666666666667,0.226978047688802,0.072,0.214758254950908
14.2,0.226978047688802,0.072,0.243033714091351
14.2333333333333,0.226978047688802,0.072,0.265765267499972
14.2666666666667,0.226978047688802,0.072,0.28382431717144
14.3,0.226978047688802,0.072,0.297956223476062
14.3333333333333,0.226978047688802,0.072,0.308797845235054
14.3666666666667,0.226978047688802,0.072,0.316892686370816
14.4,0.226978047688802,0.072,0.322703972336254
14.4333333333333,0.226123873392741,0.072,0.326625936129132
14.4666666666667,0.222152137756348,0.072,0.330471800604561
14.5,0.222152137756348,0.072,0.339635733854561
14.5333333333333,0.222152137756348,0.072,0.346202984365263
14.5666666666667,0.222152137756348,0.072,0.350622249905106
14.6,0.222152137756348,0.072,0.35327476395689
14.6333333333333,0.222152137756348,0.072,0.354483860252542
14.6666666666667,0.222152137756348,0.072,0.35452321960372
14.7,0.221918169657389,0.072,0.353623977884881
14.7333333333333,0.221918169657389,0.072,0.352385757999167
14.7666666666667,0.221918169657389,0.072,0.350489087668308
14.8,0.221918169657389,0.072,0.348083143811652
14.8333333333333,0.221918169657389,0.072,0.345292637834693
14.8666666666667,0.221918169657389,0.072,0.342221418717172
14.9,0.223053105672201,0.072,0.338955570271341
14.9333333333333,0.223053105672201,0.072,0.333601937744496
14.9666666666667,0.228385416666667,0.072,0.328561817428836
15,0.228385416666667,0.072,0.314595082002851
15.0333333333333,0.228385416666667,0.072,0.302697983912762
15.0666666666667,0.228385416666667,0.072,0.292579112387327
15.1,0.228385416666667,0.072,0.283987063680057
15.1333333333333,0.228385416666667,0.072,0.276705020915216
15.1666666666667,0.228385416666667,0.072,0.270546063022429
15.2,0.228385416666667,0.072,0.265349105070974
15.2333333333333,0.229256057739258,0.072,0.260975385375541
15.2666666666667,0.237430127461751,0.072,0.25579868396081
15.3,0.237430127461751,0.072,0.237367517919104
15.3333333333333,0.237430127461751,0.072,0.222423792007869
15.3666666666667,0.237430127461751,0.072,0.210425746170508
15.4,0.237430127461751,0.072,0.200909576976443
15.4333333333333,0.237430127461751,0.072,0.193478616915203
15.4666666666667,0.237430127461751,0.072,0.187793988239928
15.5,0.238527870178223,0.072,0.183566532384303
15.5333333333333,0.238527870178223,0.072,0.178650075696822
15.5666666666667,0.238527870178223,0.072,0.175101299771731
15.6,0.238527870178223,0.072,0.172684766408221
15.6333333333333,0.238527870178223,0.072,0.171200385572284
15.6666666666667,0.242342185974121,0.072,0.170478407414654
15.7,0.242342185974121,0.072,0.163774002377454
15.7333333333333,0.242342185974121,0.072,0.158840604436278
15.7666666666667,0.244270833333333,0.072,0.15537670514942
15.8,0.244270833333333,0.072,0.149788129167149
15.8333333333333,0.244270833333333,0.072,0.145838939908868
15.8666666666667,0.244270833333333,0.072,0.143243899520809
15.9,0.244270833333333,0.072,0.141760769881148
15.9333333333333,0.244270833333333,0.072,0.141184209008208
15.9666666666667,0.244270833333333,0.072,0.141340508880999
16,0.244270833333333,0.072,0.142083060426597
16.0333333333333,0.244417381286621,0.072,0.143288446814924
16.0666666666667,0.244417381286621,0.072,0.144599461842247
16.1,0.244417381286621,0.072,0.146232006343125
16.1333333333333,0.244417381286621,0.072,0.148106215357006
16.1666666666667,0.244417381286621,0.072,0.150155629981838
16.2,0.244417381286621,0.072,0.15232520437536
16.2333333333333,0.244417381286621,0.072,0.154569593808427
16.2666666666667,0.244417381286621,0.072,0.156851685154954
16.3,0.244417381286621,0.072,0.159141336436922
16.3333333333333,0.241383679707845,0.072,0.16141429657248
16.3666666666667,0.241383679707845,0.072,0.168901441494628
16.4,0.241383679707845,0.072,0.175324418999196
16.4333333333333,0.241383679707845,0.072,0.180830028586908
16.4666666666667,0.23536262512207,0.072,0.185545130483789
16.5,0.23536262512207,0.072,0.199999442285092
16.5333333333333,0.23536262512207,0.072,0.211856848811498
16.5666666666667,0.23536262512207,0.072,0.221513517884939
16.6,0.230244700113932,0.072,0.229309074597192
16.6333333333333,0.230244700113932,0.072,0.244391561326929
16.6666666666667,0.230244700113932,0.072,0.25644366965906
16.7,0.230244700113932,0.072,0.265945430158209
16.7333333333333,0.230244700113932,0.072,0.273307206090565
16.7666666666667,0.230244700113932,0.072,0.278879404508742
16.8,0.230244700113932,0.072,0.282960861062965
16.8333333333333,0.230244700113932,0.072,0.285806077720153
16.8666666666667,0.229043769836426,0.072,0.287631468506776
16.9,0.229043769836426,0.072,0.290699092191018
16.9333333333333,0.229043769836426,0.072,0.292685223756114
16.9666666666667,0.229043769836426,0.072,0.293784185525191
17,0.229043769836426,0.072,0.294160654202582
17.0333333333333,0.229043769836426,0.072,0.293953892086187
17.0666666666667,0.229043769836426,0.072,0.293281393362764
17.1,0.229043769836426,0.072,0.292242025022113
17.1333333333333,0.225722567240397,0.072,0.290918731206012
17.1666666666667,0.225722567240397,0.072,0.295128574406063
17.2,0.225722567240397,0.072,0.298072506315765
17.2333333333333,0.227086575826009,0.072,0.299971832805697
17.2666666666667,0.227086575826009,0.072,0.298653867898494
17.3,0.227086575826009,0.072,0.297093891525366
17.3333333333333,0.227086575826009,0.072,0.295355308391962
17.3666666666667,0.227086575826009,0.072,0.29349074846473
17.4,0.229217974344889,0.072,0.291543676583426
17.4333333333333,0.229217974344889,0.072,0.285861150189873
17.4666666666667,0.229217974344889,0.072,0.280872641992055
17.5,0.229217974344889,0.072,0.276490360569766
17.5333333333333,0.229217974344889,0.072,0.272637866403324
17.5666666666667,0.229217974344889,0.072,0.269248584644279
17.6,0.229217974344889,0.072,0.266264514218787
17.6333333333333,0.229217974344889,0.072,0.263635107232397
17.6666666666667,0.238214683532715,0.072,0.261316296104911
17.7,0.238214683532715,0.072,0.243699833779158
17.7333333333333,0.238214683532715,0.072,0.229326385195745
17.7666666666667,0.238214683532715,0.072,0.217696902359849
17.8,0.238214683532715,0.072,0.208383844520947
17.8333333333333,0.238214683532715,0.072,0.201021273617124
17.8666666666667,0.238214683532715,0.072,0.195296297924085
17.9,0.238214683532715,0.072,0.19094168209127
17.9333333333333,0.238669904073079,0.072,0.187729466143144
17.9666666666667,0.238669904073079,0.072,0.184677646913889
18,0.241722742716471,0.072,0.18256087242711
18.0333333333333,0.241722742716471,0.072,0.175931825215661
18.0666666666667,0.241722742716471,0.072,0.170954024719037
18.1,0.241722742716471,0.072,0.167350108046046
18.1333333333333,0.241722742716471,0.072,0.164883957211837
18.1666666666667,0.241722742716471,0.072,0.163354882057822
18.2,0.241896311442057,0.072,0.162592602466644
18.2333333333333,0.241896311442057,0.072,0.162152541372371
18.2666666666667,0.241896311442057,0.072,0.162271197514233
18.3,0.241896311442057,0.072,0.162836804299055
18.3333333333333,0.241896311442057,0.072,0.163755275359548
18.3666666666667,0.241896311442057,0.072,0.164947640129963
18.4,0.241896311442057,0.072,0.166347836778391
18.4333333333333,0.241896311442057,0.072,0.167900813697835
18.4666666666667,0.240934944152832,0.072,0.169560897350271
18.5,0.23657906850179,0.072,0.17295414396731
18.5333333333333,0.23657906850179,0.072,0.183603164286212
18.5666666666667,0.23657906850179,0.072,0.192540029092261
18.6,0.23657906850179,0.072,0.200014811509544
18.6333333333333,0.23657906850179,0.072,0.206242617767066
18.6666666666667,0.23657906850179,0.072,0.211408370483213
18.7,0.23657906850179,0.072,0.21567094515779
18.7333333333333,0.23657906850179,0.072,0.219166746782993
18.7666666666667,0.23657906850179,0.072,0.222012801846433
18.8,0.23657906850179,0.072,0.224309430916489
18.8333333333333,0.23657906850179,0.072,0.226142558265318
18.8666666666667,0.23657906850179,0.072,0.227585707417764
18.9,0.23657906850179,0.072,0.228701724959179
18.9333333333333,0.23657906850179,0.072,0.229544269256779
18.9666666666667,0.23657906850179,0.072,0.230159095830348
19,0.231598981221517,0.072,0.230585166847564
19.0333333333333,0.231598981221517,0.072,0.239474208556732
19.0666666666667,0.231598981221517,0.072,0.246572676421474
19.1,0.231598981221517,0.072,0.252164435108803
19.1333333333333,0.231598981221517,0.072,0.256492137506333
19.1666666666667,0.231598981221517,0.072,0.259762970301135
19.2,0.231598981221517,0.072,0.262153614797196
19.2333333333333,0.231598981221517,0.072,0.263814528998994
19.2666666666667,0.228385416666667,0.072,0.264873642747857
19.3,0.229033342997233,0.072,0.271000979531914
19.3333333333333,0.229033342997233,0.072,0.274532649237508
19.3666666666667,0.229033342997233,0.072,0.277051910197265
19.4,0.229033342997233,0.072,0.278734112720806
19.4333333333333,0.229033342997233,0.072,0.279728218635069
19.4666666666667,0.229033342997233,0.072,0.280160543984653
19.5,0.229033342997233,0.072,0.280137985991879
19.5333333333333,0.229033342997233,0.072,0.279750804287704
19.5666666666667,0.229033342997233,0.072,0.279075016996949
19.6,0.229033342997233,0.072,0.278174464097543
19.6333333333333,0.229033342997233,0.072,0.277102583404731
19.6666666666667,0.229033342997233,0.072,0.275903938410717
19.7,0.229033342997233,0.072,0.274615531911451
19.7333333333333,0.229033342997233,0.072,0.273267934764938
19.7666666666667,0.229033342997233,0.072,0.271886255154574
19.8,0.233162371317546,0.072,0.270490970293855
19.8333333333333,0.233162371317546,0.072,0.261952892563351
19.8666666666667,0.233162371317546,0.072,0.25480987760915
19.9,0.233162371317546,0.072,0.248856787319733
19.9333333333333,0.233162371317546,0.072,0.243917261178519
19.9666666666667,0.233162371317546,0.072,0.239839772974865
20,0.233162371317546,0.072,0.236494221208302
20.0333333333333,0.233162371317546,0.072,0.233768981436494
20.0666666666667,0.236408360799154,0.072,0.231568358427988
20.1,0.238806470235189,0.072,0.224192835163099
20.1333333333333,0.238806470235189,0.072,0.214123592712359
20.1666666666667,0.238806470235189,0.072,0.206082200209381
20.2,0.238806470235189,0.072,0.199747199586094
20.2333333333333,0.238806470235189,0.072,0.194843800985098
20.2666666666667,0.238806470235189,0.072,0.191137376564497
20.3,0.238806470235189,0.072,0.18842784294616
20.3333333333333,0.238806470235189,0.072,0.186544812245154
20.3666666666667,0.238806470235189,0.072,0.185343407743866
20.4,0.238806470235189,0.072,0.184700654241303
20.4333333333333,0.238806470235189,0.072,0.184512365204597
20.4666666666667,0.238806470235189,0.072,0.184690459325999
20.5,0.238806470235189,0.072,0.185160648161007
20.5333333333333,0.238806470235189,0.072,0.185860444379683
20.5666666666667,0.238806470235189,0.072,0.18673744696606
20.6,0.239852142333984,0.072,0.187747865590902
20.6333333333333,0.238177490234375,0.072,0.187045598544604
20.6666666666667,0.238177490234375,0.072,0.189657468003064
20.7,0.238177490234375,0.072,0.192046577123752
20.7333333333333,0.238177490234375,0.072,0.194233273892935
20.7666666666667,0.238177490234375,0.072,0.196235890392732
20.8,0.238177490234375,0.072,0.198070959625041
20.8333333333333,0.238177490234375,0.072,0.199753407298726
20.8666666666667,0.238177490234375,0.072,0.201296721629617
20.9,0.238177490234375,0.072,0.202713103817757
20.9333333333333,0.238177490234375,0.072,0.204013601531039
20.9666666666667,0.238177490234375,0.072,0.205208227432201
21,0.238177490234375,0.072,0.206306064531635
21.0333333333333,0.238177490234375,0.072,0.207315359926584
21.0666666666667,0.238177490234375,0.072,0.208243608293839
21.1,0.238177490234375,0.072,0.209097626334256
21.1333333333333,0.235677083333333,0.072,0.209883619220202
21.1666666666667,0.232644017537435,0.072,0.214934474768571
21.2,0.232644017537435,0.072,0.22434218188359
21.2333333333333,0.232644017537435,0.072,0.231980078247243
21.2666666666667,0.232644017537435,0.072,0.238122557986306
21.3,0.232644017537435,0.072,0.24300456573397
21.3333333333333,0.232644017537435,0.072,0.246827070003207
21.3666666666667,0.23228079477946,0.072,0.249761790868078
21.4,0.230097007751465,0.072,0.252583880316944
21.4333333333333,0.230097007751465,0.072,0.258447646831943
21.4666666666667,0.230097007751465,0.072,0.262969823834422
21.5,0.230097007751465,0.072,0.266371011524174
21.5333333333333,0.230097007751465,0.072,0.268839286996699
21.5666666666667,0.230097007751465,0.072,0.270534772443771
21.6,0.230097007751465,0.072,0.271593576984231
21.6333333333333,0.230097007751465,0.072,0.27213119692869
21.6666666666667,0.229844220479329,0.072,0.272245447878676
21.7,0.231080182393392,0.072,0.272456468933707
21.7333333333333,0.231080182393392,0.072,0.270173083107377
21.7666666666667,0.231080182393392,0.072,0.268018787879733
21.8,0.231080182393392,0.072,0.265989441796603
21.8333333333333,0.231080182393392,0.072,0.264080481370791
21.8666666666667,0.231080182393392,0.072,0.262287049967731
21.9,0.231080182393392,0.072,0.260604104094018
21.9333333333333,0.231080182393392,0.072,0.25902650050518
21.9666666666667,0.231489690144857,0.072,0.257549067063464
22,0.231489690144857,0.072,0.255457960728763
22.0333333333333,0.231489690144857,0.072,0.253593562348097
22.0666666666667,0.231489690144857,0.072,0.251929527962888
22.1,0.231489690144857,0.072,0.250442736663344
22.1333333333333,0.234174664815267,0.072,0.249112882425117
22.1666666666667,0.234174664815267,0.072,0.243275468717664
22.2,0.234174664815267,0.072,0.238458075186862
22.2333333333333,0.235191027323405,0.072,0.234506684011212
22.2666666666667,0.235191027323405,0.072,0.229530226445512
22.3,0.235191027323405,0.072,0.225513760017749
22.3333333333333,0.235191027323405,0.072,0.222307188827695
22.3666666666667,0.235191027323405,0.072,0.21978207678106
22.4,0.235191027323405,0.072,0.217828636853793
22.4333333333333,0.235191027323405,0.072,0.216353130937929
22.4666666666667,0.235191027323405,0.072,0.21527562484275
22.5,0.233623631795247,0.072,0.214528050466046
22.5333333333333,0.233623631795247,0.072,0.216765087488968
22.5666666666667,0.233623631795247,0.072,0.218701639851949
22.6,0.233623631795247,0.072,0.220377937127837
22.6333333333333,0.233623631795247,0.072,0.22182883265167
22.6666666666667,0.233623631795247,0.072,0.223084521268787
22.7,0.233623631795247,0.072,0.224171161314878
22.7333333333333,0.233623631795247,0.072,0.22511141360215
22.7666666666667,0.233623631795247,0.072,0.225924908482172
22.8,0.233623631795247,0.072,0.226628650579528
22.8333333333333,0.233623631795247,0.072,0.227237369510883
22.8666666666667,0.233623631795247,0.072,0.227763823795133
22.9,0.233623631795247,0.072,0.228219064199283
22.9333333333333,0.233623631795247,0.072,0.228612661931835
22.9666666666667,0.233623631795247,0.072,0.228952906373625
23,0.233623631795247,0.072,0.22924697641054
23.0333333333333,0.23126958211263,0.072,0.229501088890385
23.0666666666667,0.23126958211263,0.072,0.233794574462208
23.1,0.23126958211263,0.072,0.237272031176373
23.1333333333333,0.23126958211263,0.072,0.240060417077813
23.1666666666667,0.23126958211263,0.072,0.242268409338172
23.2,0.23126958211263,0.072,0.243988942562218
23.2333333333333,0.23126958211263,0.072,0.245301401136005
23.2666666666667,0.23126958211263,0.072,0.246273512304846
23.3,0.231440925598145,0.072,0.246962980402343
23.3333333333333,0.231440925598145,0.072,0.247122368089456
23.3666666666667,0.231440925598145,0.072,0.247147119365006
23.4,0.231440925598145,0.072,0.247063636948584
23.4333333333333,0.231440925598145,0.072,0.246894173282053
23.4666666666667,0.231440925598145,0.072,0.246657430851022
23.5,0.231440925598145,0.072,0.24636907896391
23.5333333333333,0.231440925598145,0.072,0.24604219838846
23.5666666666667,0.233093706766764,0.072,0.245687663706084
23.6,0.233093706766764,0.072,0.242454148583196
23.6333333333333,0.233093706766764,0.072,0.239761311150776
23.6666666666667,0.233093706766764,0.072,0.237528896246085
23.7,0.233093706766764,0.072,0.235687957963307
23.7333333333333,0.233093706766764,0.072,0.234179306392606
23.7666666666667,0.233093706766764,0.072,0.232952164841577
23.8,0.232807795206706,0.072,0.231963009222769
23.8333333333333,0.232519658406576,0.072,0.231669367132061
23.8666666666667,0.232519658406576,0.072,0.231947720323471
23.9,0.232519658406576,0.072,0.232190867393457
23.9333333333333,0.232519658406576,0.072,0.232403360304642
23.9666666666667,0.232519658406576,0.072,0.232589154689287
24,0.232519658406576,0.072,0.232751688570076
24.0333333333333,0.232519658406576,0.072,0.232893950643677
24.0666666666667,0.232519658406576,0.072,0.233018539514318
24.1,0.232597732543945,0.072,0.23312771507998
24.1333333333333,0.232597732543945,0.072,0.233088327055622
24.1666666666667,0.232597732543945,0.072,0.233063274067499
24.2,0.232597732543945,0.072,0.233049967748262
24.2333333333333,0.232597732543945,0.072,0.233046215308986
24.2666666666667,0.232597732543945,0.072,0.233050163034107
24.3,0.232597732543945,0.072,0.23306024759071
24.3333333333333,0.232597732543945,0.072,0.23307515408938
24.3666666666667,0.233376948038737,0.072,0.233093779977035
24.4,0.233376948038737,0.072,0.231766684089584
24.4333333333333,0.233376948038737,0.072,0.230701832399689
24.4666666666667,0.233376948038737,0.072,0.229857901270893
24.5,0.233376948038737,0.072,0.229199550763151
24.5333333333333,0.233376948038737,0.072,0.228696591485844
24.5666666666667,0.2328125,0.072,0.228323265169716
24.6,0.2328125,0.072,0.229034464286432
24.6333333333333,0.232754262288411,0.072,0.22964618103242
24.6666666666667,0.232754262288411,0.072,0.230272813645037
24.7,0.232754262288411,0.072,0.230805897834671
24.7333333333333,0.232754262288411,0.072,0.23125865188718
24.7666666666667,0.232754262288411,0.072,0.231642476109152
24.8,0.232754262288411,0.072,0.231967199364935
24.8333333333333,0.232754262288411,0.072,0.232241292433501
24.8666666666667,0.232754262288411,0.072,0.23247205263216
24.9,0.232968775431315,0.072,0.232665763559512
24.9333333333333,0.232968775431315,0.072,0.232456594222942
24.9666666666667,0.232968775431315,0.072,0.232292070764663
25,0.232968775431315,0.072,0.232164991435189
25.0333333333333,0.232968775431315,0.072,0.232069207810707
25.0666666666667,0.232968775431315,0.072,0.231999477410956
25.1,0.232968775431315,0.072,0.231951336485235
25.1333333333333,0.232968775431315,0.072,0.231920990238906
25.1666666666667,0.232800674438477,0.072,0.231905218139323
25.2,0.232625007629395,0.072,0.232192209894168
25.2333333333333,0.232625007629395,0.072,0.232736617286888
25.2666666666667,0.232625007629395,0.072,0.233182600256162
25.3,0.232625007629395,0.072,0.233545207817665
25.3333333333333,0.232625007629395,0.072,0.233837338914032
25.3666666666667,0.232625007629395,0.072,0.234070039789923
25.4,0.232625007629395,0.072,0.234252760919655
25.4333333333333,0.232625007629395,0.072,0.234393578939816
25.4666666666667,0.232625007629395,0.072,0.234499388307877
25.5,0.232625007629395,0.072,0.234576066774246
25.5333333333333,0.232625007629395,0.072,0.234628618206409
25.5666666666667,0.232625007629395,0.072,0.234661295828487
25.6,0.232552083333333,0.072,0.234677708527838
25.6333333333333,0.232552083333333,0.072,0.234807116203481
25.6666666666667,0.232552083333333,0.072,0.234901545253256
25.7,0.232552083333333,0.072,0.234966980582965
25.7333333333333,0.232552083333333,0.072,0.235008510642807
25.7666666666667,0.232552083333333,0.072,0.235030454294179
25.8,0.232552083333333,0.072,0.235036470213848
25.8333333333333,0.232552083333333,0.072,0.235029651204643
25.8666666666667,0.232660102844238,0.072,0.235012605462837
25.9,0.232866859436035,0.072,0.234800586688018
25.9333333333333,0.232866859436035,0.072,0.23426063078185
25.9666666666667,0.232866859436035,0.072,0.233815494236396
26,0.232866859436035,0.072,0.233450833177293
26.0333333333333,0.232866859436035,0.072,0.233154343053651
26.0666666666667,0.232866859436035,0.072,0.232915477276624
26.1,0.232866859436035,0.072,0.232725204077327
26.1333333333333,0.232679812113444,0.072,0.232575796435675
26.1666666666667,0.232679812113444,0.072,0.232784357008929
26.2,0.232679812113444,0.072,0.232959079294492
26.2333333333333,0.232679812113444,0.072,0.233104924529466
26.2666666666667,0.232679812113444,0.072,0.233226158951498
26.3,0.232679812113444,0.072,0.233326448962407
26.3333333333333,0.232679812113444,0.072,0.233408943417204
26.3666666666667,0.232679812113444,0.072,0.233476344769
26.4,0.232801628112793,0.072,0.233530970568523
26.4333333333333,0.232754325866699,0.072,0.23336399035607
26.4666666666667,0.232754325866699,0.072,0.233310461704387
26.5,0.232754325866699,0.072,0.233267819499383
26.5333333333333,0.232754325866699,0.072,0.233234332759024
26.5666666666667,0.232754325866699,0.072,0.233208522128289
26.6,0.232754325866699,0.072,0.233189124776363
26.6333333333333,0.232754325866699,0.072,0.233175064089938
26.6666666666667,0.232818285624186,0.072,0.233165423514485
26.7,0.232818285624186,0.072,0.233048734442993
26.7333333333333,0.232818285624186,0.072,0.232956384218132
26.7666666666667,0.232818285624186,0.072,0.23288447321515
26.8,0.232818285624186,0.072,0.232829670538726
26.8333333333333,0.232818285624186,0.072,0.232789134556571
26.8666666666667,0.232818285624186,0.072,0.232760444299556
26.9,0.232685470581055,0.072,0.232741540259267
26.9333333333333,0.232685470581055,0.072,0.232960524651298
26.9666666666667,0.2328125,0.072,0.233141710812532
27,0.2328125,0.072,0.233070940868586
27.0333333333333,0.2328125,0.072,0.233015349530073
27.0666666666667,0.2328125,0.072,0.23297248495384
27.1,0.2328125,0.072,0.232940254112563
27.1333333333333,0.2328125,0.072,0.232916872574688
27.1666666666667,0.2328125,0.072,0.23290082115764
27.2,0.232905705769857,0.072,0.232890808524619
27.2333333333333,0.232758522033691,0.072,0.23272443587369
27.2666666666667,0.232758522033691,0.072,0.232847921560041
27.3,0.232758522033691,0.072,0.232951745600538
27.3333333333333,0.232758522033691,0.072,0.233038767829901
27.3666666666667,0.232758522033691,0.072,0.233111449011065
27.4,0.232758522033691,0.072,0.233171905368543
27.4333333333333,0.232758522033691,0.072,0.233221955752
27.4666666666667,0.232758522033691,0.072,0.233263162420037
27.5,0.232758522033691,0.072,0.233296866301629
27.5333333333333,0.232758522033691,0.072,0.233324217477826
27.5666666666667,0.232758522033691,0.072,0.23334620152685
27.6,0.232758522033691,0.072,0.233363662289522
27.6333333333333,0.232758522033691,0.072,0.233377321537313
27.6666666666667,0.232758522033691,0.072,0.233387795960608
27.7,0.232758522033691,0.072,0.233395611838781
27.7333333333333,0.232758522033691,0.072,0.233401217705111
27.7666666666667,0.232941309611003,0.072,0.233404995277581
27.8,0.232941309611003,0.072,0.233090934470626
27.8333333333333,0.232941309611003,0.072,0.232836685251499
27.8666666666667,0.232941309611003,0.072,0.232632935810676
27.9,0.232941309611003,0.072,0.232471715562199
27.9333333333333,0.232941309611003,0.072,0.232346208886474
27.9666666666667,0.232941309611003,0.072,0.232250594260966
28,0.232941309611003,0.072,0.232179905352473
28.0333333333333,0.232802200317383,0.072,0.232129911104595
28.0666666666667,0.232802200317383,0.072,0.232337756499257
28.1,0.232802200317383,0.072,0.232513186088441
28.1333333333333,0.232802200317383,0.072,0.232660872526892
28.1666666666667,0.232802200317383,0.072,0.232784839320465
28.2,0.232802200317383,0.072,0.232888549326796
28.2333333333333,0.232802200317383,0.072,0.232974981310728
28.2666666666667,0.232802200317383,0.072,0.233046696158005
28.3,0.232709566752116,0.072,0.233105894136151
28.3333333333333,0.232709566752116,0.072,0.233314777187849
28.3666666666667,0.232709566752116,0.072,0.23348371914192
28.4,0.232709566752116,0.072,0.233618946615237
28.4333333333333,0.232709566752116,0.072,0.233725788842288
28.4666666666667,0.232709566752116,0.072,0.233808802332481
28.5,0.232709566752116,0.072,0.233871878533322
28.5333333333333,0.232709566752116,0.072,0.23391833679317
28.5666666666667,0.232709566752116,0.072,0.233951004609357
28.6,0.232709566752116,0.072,0.233972286880787
28.6333333333333,0.232709566752116,0.072,0.233984225653129
28.6666666666667,0.232709566752116,0.072,0.233988551644651
28.7,0.232709566752116,0.072,0.233986728667503
28.7333333333333,0.232709566752116,0.072,0.233979991909189
28.7666666666667,0.232709566752116,0.072,0.233969380909048
28.8,0.23294734954834,0.072,0.233955767952035
28.8333333333333,0.23294734954834,0.072,0.233528372685917
28.8666666666667,0.23294734954834,0.072,0.233178718276847
28.9,0.23294734954834,0.072,0.232894892304156
28.9333333333333,0.23294734954834,0.072,0.232666685974495
28.9666666666667,0.23294734954834,0.072,0.232485358377232
29,0.23294734954834,0.072,0.232343432813038
29.0333333333333,0.23294734954834,0.072,0.23223452087151
29.0666666666667,0.232818094889323,0.072,0.232153170513738
29.1,0.232818094889323,0.072,0.232318424613909
29.1333333333333,0.232818094889323,0.072,0.232459475106433
29.1666666666667,0.232818094889323,0.072,0.232579710860944
29.2,0.232818094889323,0.072,0.232682056843751
29.2333333333333,0.232818094889323,0.072,0.232769036870066
29.2666666666667,0.232818094889323,0.072,0.23284282792231
29.3,0.232778358459473,0.072,0.232905307163992
29.3333333333333,0.232637786865234,0.072,0.233026860979795
29.3666666666667,0.232637786865234,0.072,0.233370120385629
29.4,0.232637786865234,0.072,0.233648143271763
29.4333333333333,0.232637786865234,0.072,0.23387107894451
29.4666666666667,0.232637786865234,0.072,0.23404761531046
29.5,0.232637786865234,0.072,0.234185181791461
29.5333333333333,0.232637786865234,0.072,0.234290124583389
29.5666666666667,0.232637786865234,0.072,0.234367857990991
29.6,0.23255132039388,0.072,0.234422995070091
29.6333333333333,0.23255132039388,0.072,0.234609100308657
29.6666666666667,0.23255132039388,0.072,0.234750992304815
29.7,0.23255132039388,0.072,0.234856012089341
29.7333333333333,0.23255132039388,0.072,0.234930414115512
29.7666666666667,0.23255132039388,0.072,0.234979519169066
29.8,0.23255132039388,0.072,0.235007846291418
29.8333333333333,0.23255132039388,0.072,0.235019226559003
29.8666666666667,0.2328125,0.072,0.235016901179226
29.9,0.2328125,0.072,0.234551605407898
29.9333333333333,0.2328125,0.072,0.234164862112926
29.9666666666667,0.2328125,0.072,0.23384496682145
30,0.2328125,0.072,0.233581867396104
30.0333333333333,0.2328125,0.072,0.233366936885788
30.0666666666667,0.232726860046387,0.072,0.23319277717266
30.1,0.232726860046387,0.072,0.233201258823589
30.1333333333333,0.232679176330566,0.072,0.233210147011512
30.1666666666667,0.232679176330566,0.072,0.233301794961174
30.2,0.232679176330566,0.072,0.233377619300918
30.2333333333333,0.232679176330566,0.072,0.233439998463002
30.2666666666667,0.232679176330566,0.072,0.233490973733806
30.3,0.232679176330566,0.072,0.233532295698943
30.3333333333333,0.232679176330566,0.072,0.233565464384442
30.3666666666667,0.232679176330566,0.072,0.233591763942847
30.4,0.232792282104492,0.072,0.23361229261923
30.4333333333333,0.232864125569661,0.072,0.233432246396238
30.4666666666667,0.232864125569661,0.072,0.233161605652276
30.5,0.232864125569661,0.072,0.232943471218382
30.5333333333333,0.232864125569661,0.072,0.232769618313264
30.5666666666667,0.232864125569661,0.072,0.232633010020235
30.6,0.232864125569661,0.072,0.232527632105599
30.6333333333333,0.232864125569661,0.072,0.232448350368066
30.6666666666667,0.232864125569661,0.072,0.232390787477292
30.7,0.232839584350586,0.072,0.232351216668026
30.7333333333333,0.232839584350586,0.072,0.232368941344336
30.7666666666667,0.232839584350586,0.072,0.232390606603689
30.8,0.232839584350586,0.072,0.232415217172045
30.8333333333333,0.232981109619141,0.072,0.232441945500088
30.8666666666667,0.232981109619141,0.072,0.232225181426854
30.9,0.232981109619141,0.072,0.232056548060615
30.9333333333333,0.232981109619141,0.072,0.231928194741363
30.9666666666667,0.2328125,0.072,0.231833424390595
31,0.2328125,0.072,0.232058329609532
31.0333333333333,0.2328125,0.072,0.232249953608396
31.0666666666667,0.2328125,0.072,0.232412979392842
31.1,0.2328125,0.072,0.232551447268564
31.1333333333333,0.2328125,0.072,0.232668841898563
31.1666666666667,0.2328125,0.072,0.23276816765112
31.2,0.2328125,0.072,0.232852013807291
31.2333333333333,0.2328125,0.072,0.232922610986988
31.2666666666667,0.2328125,0.072,0.232981879971008
31.3,0.2328125,0.072,0.233031473938883
31.3333333333333,0.2328125,0.072,0.233072815005993
31.3666666666667,0.2328125,0.072,0.233107125825195
31.4,0.2328125,0.072,0.23313545691579
31.4333333333333,0.2328125,0.072,0.233158710293917
31.4666666666667,0.2328125,0.072,0.233177659901605
31.5,0.23274834950765,0.072,0.233192969265092
31.5333333333333,0.23274834950765,0.072,0.233316226382917
31.5666666666667,0.23274834950765,0.072,0.233415475480249
31.6,0.232739321390788,0.072,0.233494482139596
31.6333333333333,0.232739321390788,0.072,0.233572091959066
31.6666666666667,0.232739321390788,0.072,0.233632418865558
31.7,0.232739321390788,0.072,0.233678284147159
31.7333333333333,0.232739321390788,0.072,0.233712094392781
31.7666666666667,0.232955487569173,0.072,0.233735899657051
31.8,0.232955487569173,0.072,0.233377343820596
31.8333333333333,0.232955487569173,0.072,0.233084194382833
31.8666666666667,0.232955487569173,0.072,0.232846418742032
31.9,0.232955487569173,0.072,0.232655419748662
31.9333333333333,0.232955487569173,0.072,0.232503837024267
31.9666666666667,0.232955487569173,0.072,0.232385375314346
32,0.232955487569173,0.072,0.232294656230201
32.0333333333333,0.232690238952637,0.072,0.232227090223763
32.0666666666667,0.232866923014323,0.072,0.23263780856671
32.1,0.232866923014323,0.072,0.232670091175501
32.1333333333333,0.232866923014323,0.072,0.232699734757273
32.1666666666667,0.232866923014323,0.072,0.23272696705661
32.2,0.232866923014323,0.072,0.232751994703933
32.2333333333333,0.232866923014323,0.072,0.232775005341137
32.2666666666667,0.232866923014323,0.072,0.232796169515204
32.3,0.232605934143066,0.072,0.232815642366903
32.3333333333333,0.232605934143066,0.072,0.233285235674736
32.3666666666667,0.232605934143066,0.072,0.233666252427636
32.4,0.232697486877441,0.072,0.233972438083715
32.4333333333333,0.232697486877441,0.072,0.234057118845097
32.4666666666667,0.232697486877441,0.072,0.234119376165348
32.5,0.232697486877441,0.072,0.23416302961707
32.5333333333333,0.232697486877441,0.072,0.234191327648331
32.5666666666667,0.232604916890462,0.072,0.234207028342501
32.6,0.232604916890462,0.072,0.234372671819476
32.6333333333333,0.232604916890462,0.072,0.234499119006954
32.6666666666667,0.232604916890462,0.072,0.234592871417686
32.7,0.232604916890462,0.072,0.234659468637762
32.7333333333333,0.232604916890462,0.072,0.23470362366873
32.7666666666667,0.232604916890462,0.072,0.23472933969599
32.8,0.232604916890462,0.072,0.234740010799335
32.8333333333333,0.232604916890462,0.072,0.234738508783106
32.8666666666667,0.23280881245931,0.072,0.234727258010398
32.9,0.23280881245931,0.072,0.234355435703843
32.9333333333333,0.23280881245931,0.072,0.234045709274064
32.9666666666667,0.23280881245931,0.072,0.233788866117227
33,0.23280881245931,0.072,0.233576991529842
33.0333333333333,0.23280881245931,0.072,0.23340329047119
33.0666666666667,0.23280881245931,0.072,0.23326193347718
33.1,0.23280881245931,0.072,0.233147923476619
33.1333333333333,0.232801628112793,0.072,0.233056980696269
33.1666666666667,0.232641537984212,0.072,0.232997876536237
33.2,0.232641537984212,0.072,0.233229702496838
33.2333333333333,0.232641537984212,0.072,0.233419646765735
33.2666666666667,0.232641537984212,0.072,0.233574111340559
33.3,0.232641537984212,0.072,0.233698583666124
33.3333333333333,0.232641537984212,0.072,0.233797763117983
33.3666666666667,0.232641537984212,0.072,0.233875670282878
33.4,0.2328125,0.072,0.233935741355078
33.4333333333333,0.2328125,0.072,0.233685040698568
33.4666666666667,0.2328125,0.072,0.233479029513676
33.5,0.2328125,0.072,0.233310909730794
33.5333333333333,0.2328125,0.072,0.233174852260248
33.5666666666667,0.2328125,0.072,0.233065863131231
33.6,0.2328125,0.072,0.232979667826497
33.6333333333333,0.2328125,0.072,0.232912611360795
33.6666666666667,0.232679176330566,0.072,0.232861571979909
33.7,0.232679176330566,0.072,0.233054618216887
33.7333333333333,0.232679176330566,0.072,0.233214227456712
33.7666666666667,0.232679176330566,0.072,0.233345431703364
33.8,0.232679176330566,0.072,0.233452549263076
33.8333333333333,0.232679176330566,0.072,0.233539283091464
33.8666666666667,0.232679176330566,0.072,0.233608805790135
33.9,0.232679176330566,0.072,0.233663833050534
33.9333333333333,0.232790501912435,0.072,0.233706687101808
33.9666666666667,0.232790501912435,0.072,0.233546690095482
34,0.232790501912435,0.072,0.233415371965732
34.0333333333333,0.232790501912435,0.072,0.233308361328129
34.0666666666667,0.232790501912435,0.072,0.233221910460294
34.1,0.232790501912435,0.072,0.233152809105096
34.1333333333333,0.232790501912435,0.072,0.233098309993495
34.1666666666667,0.232790501912435,0.072,0.23305606450749
34.2,0.232790501912435,0.072,0.233024067115535
34.2333333333333,0.232790501912435,0.072,0.233000607396272
34.2666666666667,0.232790501912435,0.072,0.232984228625432
34.3,0.232790501912435,0.072,0.232973692038387
34.3333333333333,0.232790501912435,0.072,0.232967946000162
34.3666666666667,0.232790501912435,0.072,0.232966099417931
34.4,0.232790501912435,0.072,0.232967398820525
34.4333333333333,0.232790501912435,0.072,0.23297120860692
34.4666666666667,0.232799212137858,0.072,0.232976994032747
34.5,0.232880465189616,0.072,0.232969232539211
34.5333333333333,0.232880465189616,0.072,0.232824914400158
34.5666666666667,0.232880465189616,0.072,0.232711023958061
34.6,0.232880465189616,0.072,0.23262267048523
34.6333333333333,0.232880465189616,0.072,0.232555677491436
34.6666666666667,0.232880465189616,0.072,0.232506482860574
34.7,0.232913144429525,0.072,0.232472052647665
34.7333333333333,0.232758522033691,0.072,0.23239325159634
34.7666666666667,0.232758522033691,0.072,0.232602948626386
34.8,0.232758522033691,0.072,0.232778354686397
34.8333333333333,0.232758522033691,0.072,0.232924513817873
34.8666666666667,0.232758522033691,0.072,0.233045762349191
34.9,0.232758522033691,0.072,0.233145825879088
34.9333333333333,0.232758522033691,0.072,0.233227903133605
34.9666666666667,0.232758522033691,0.072,0.233294738461251
35,0.232914606730143,0.072,0.233348684494782
35.0333333333333,0.232914606730143,0.072,0.23312163421626
35.0666666666667,0.232914606730143,0.072,0.232937557253737
35.1,0.232914606730143,0.072,0.232789777233696
35.1333333333333,0.232914606730143,0.072,0.232672578521008
35.1666666666667,0.232914606730143,0.072,0.232581072861604
35.2,0.232914606730143,0.072,0.232511084198094
35.2333333333333,0.232914606730143,0.072,0.232459049206063
35.2666666666667,0.232775433858236,0.072,0.232421931427914
35.3,0.232737477620443,0.072,0.232638001442511
35.3333333333333,0.232737477620443,0.072,0.232883421950254
35.3666666666667,0.232737477620443,0.072,0.233085236256379
35.4,0.232737477620443,0.072,0.233250069726855
35.4333333333333,0.232737477620443,0.072,0.233383603881816
35.4666666666667,0.232737477620443,0.072,0.233490706748368
35.5,0.232737477620443,0.072,0.233575545497118
35.5333333333333,0.232737477620443,0.072,0.233641683749623
35.5666666666667,0.232737477620443,0.072,0.233692165623813
35.6,0.232737477620443,0.072,0.233729588307099
35.6333333333333,0.232737477620443,0.072,0.233756164706655
35.6666666666667,0.232737477620443,0.072,0.233773777518285
35.7,0.232737477620443,0.072,0.233784025875063
35.7333333333333,0.232815361022949,0.072,0.233788265580827
35.7666666666667,0.232815361022949,0.072,0.23365285782841
35.8,0.232815361022949,0.072,0.23353956555079
35.8333333333333,0.232815361022949,0.072,0.233445137320889
35.8666666666667,0.232815361022949,0.072,0.233366777796952
35.9,0.232815361022949,0.072,0.233302085229514
35.9333333333333,0.232815361022949,0.072,0.233248997426127
35.9666666666667,0.232815361022949,0.072,0.233205745036778
36,0.232867177327474,0.072,0.233170811175282
36.0333333333333,0.232638168334961,0.072,0.233053222592739
36.0666666666667,0.232638168334961,0.072,0.233355170730984
36.1,0.232638168334961,0.072,0.233600197853485
36.1333333333333,0.232638168334961,0.072,0.233797135286302
36.1666666666667,0.232638168334961,0.072,0.233953544282778
36.2,0.232638168334961,0.072,0.234075892265771
36.2333333333333,0.232624816894531,0.072,0.234169705056693
36.2666666666667,0.232679176330566,0.072,0.234262804497723
36.3,0.232679176330566,0.072,0.2342375697276
36.3333333333333,0.232679176330566,0.072,0.234210346239552
36.3666666666667,0.232679176330566,0.072,0.234181798211415
36.4,0.232679176330566,0.072,0.234152471523122
36.4333333333333,0.232679176330566,0.072,0.234122811746512
36.4666666666667,0.232679176330566,0.072,0.234093179571272
36.5,0.232679176330566,0.072,0.234063864021162
36.5333333333333,0.232679176330566,0.072,0.23403509376658
36.5666666666667,0.232679176330566,0.072,0.234007046797807
36.6,0.232679176330566,0.072,0.233979858687281
36.6333333333333,0.232679176330566,0.072,0.233953629638073
36.6666666666667,0.232679176330566,0.072,0.233928430488745
36.7,0.232679176330566,0.072,0.233904307821494
36.7333333333333,0.232679176330566,0.072,0.233881288300301
36.7666666666667,0.232679176330566,0.072,0.233859382348365
36.8,0.232697486877441,0.072,0.233838587259075
36.8333333333333,0.232697486877441,0.072,0.233787201365067
36.8666666666667,0.232697486877441,0.072,0.233743006280534
36.9,0.232697486877441,0.072,0.233705017936708
36.9333333333333,0.232697486877441,0.072,0.233672385359303
36.9666666666667,0.232697486877441,0.072,0.233644372782068
37,0.232679176330566,0.072,0.233620344155659
37.0333333333333,0.232679176330566,0.072,0.233631438188334
37.0666666666667,0.232679176330566,0.072,0.233639376695838
37.1,0.232679176330566,0.072,0.233644705360436
37.1333333333333,0.232679176330566,0.072,0.233647887793866
37.1666666666667,0.232679176330566,0.072,0.233649317174215
37.2,0.232679176330566,0.072,0.233649326279478
37.2333333333333,0.232679176330566,0.072,0.233648196135425
37.2666666666667,0.232679176330566,0.072,0.233646163466107
37.3,0.232679176330566,0.072,0.233643427109948
37.3333333333333,0.232758522033691,0.072,0.233640153542412
37.3666666666667,0.232758522033691,0.072,0.233499164981772
37.4,0.232758522033691,0.072,0.233384390279338
37.4333333333333,0.232758522033691,0.072,0.233291781543968
37.4666666666667,0.232758522033691,0.072,0.23321787179991
37.5,0.232758522033691,0.072,0.233159694460812
37.5333333333333,0.232758522033691,0.072,0.233114713769391
37.5666666666667,0.232760111490885,0.072,0.233080764723624
37.6,0.232697486877441,0.072,0.233053250474726
37.6333333333333,0.232697486877441,0.072,0.23314225946809
37.6666666666667,0.232697486877441,0.072,0.233217080275262
37.7,0.232697486877441,0.072,0.233279777600875
37.7333333333333,0.232697486877441,0.072,0.233332127964938
37.7666666666667,0.232697486877441,0.072,0.233375659088274
37.8,0.232602055867513,0.072,0.233411683954937
37.8333333333333,0.232792218526204,0.072,0.233606484341034
37.8666666666667,0.232792218526204,0.072,0.233434907802416
37.9,0.232792218526204,0.072,0.23329536870247
37.9333333333333,0.232792218526204,0.072,0.233182912594367
37.9666666666667,0.232792218526204,0.072,0.233093296516225
38,0.232792218526204,0.072,0.233022890333183
38.0333333333333,0.232792218526204,0.072,0.232968591516598
38.0666666666667,0.232792218526204,0.072,0.232927751547669
38.1,0.232792218526204,0.072,0.232898112376079
38.1333333333333,0.232715225219727,0.072,0.232877751574913
38.1666666666667,0.232715225219727,0.072,0.232998280574639
38.2,0.232715225219727,0.072,0.233099355858552
38.2333333333333,0.232715225219727,0.072,0.233183823422963
38.2666666666667,0.232715225219727,0.072,0.233254131002551
38.3,0.232715225219727,0.072,0.233312382572843
38.3333333333333,0.232715225219727,0.072,0.233360385481277
38.3666666666667,0.232715225219727,0.072,0.233399691197496
38.4,0.232641537984212,0.072,0.233431630540821
38.4333333333333,0.232641537984212,0.072,0.23358486816005
38.4666666666667,0.232641537984212,0.072,0.233708249480255
38.5,0.232641537984212,0.072,0.233806457810742
38.5333333333333,0.232641537984212,0.072,0.233883499660595
38.5666666666667,0.232790501912435,0.072,0.233942798881316
38.6,0.232790501912435,0.072,0.233729479167993
38.6333333333333,0.232790501912435,0.072,0.233553575967702
38.6666666666667,0.23276621500651,0.072,0.233409431538174
38.7,0.23276621500651,0.072,0.233334223574472
38.7333333333333,0.23276621500651,0.072,0.23327365019349
38.7666666666667,0.23276621500651,0.072,0.233225416742891
38.8,0.23276621500651,0.072,0.233187560117619
38.8333333333333,0.23276621500651,0.072,0.233158402645954
38.8666666666667,0.23276621500651,0.072,0.233136512266289
38.9,0.23276621500651,0.072,0.233120668145251
38.9333333333333,0.23255132039388,0.072,0.233109831001853
38.9666666666667,0.23255132039388,0.072,0.23347501674912
39,0.23255132039388,0.072,0.233771814309221
39.0333333333333,0.23255132039388,0.072,0.234010810216489
39.0666666666667,0.23255132039388,0.072,0.234201070040933
39.1,0.23255132039388,0.072,0.234350349339646
39.1333333333333,0.23255132039388,0.072,0.234465275873431
39.1666666666667,0.23255132039388,0.072,0.234551506965268
39.2,0.232770156860352,0.072,0.234613865356968
39.2333333333333,0.232770156860352,0.072,0.23427773540124
39.2666666666667,0.232770156860352,0.072,0.233998406150981
39.3,0.232770156860352,0.072,0.23376741099053
39.3333333333333,0.232799212137858,0.072,0.23357747876064
39.3666666666667,0.232799212137858,0.072,0.233372085983096
39.4,0.232799212137858,0.072,0.233205867825189
39.4333333333333,0.232799212137858,0.072,0.233072722310385
39.4666666666667,0.232679176330566,0.072,0.232967426553
39.5,0.232679176330566,0.072,0.233093250102374
39.5333333333333,0.232679176330566,0.072,0.233198558171708
39.5666666666667,0.232679176330566,0.072,0.233286364847453
39.6,0.232679176330566,0.072,0.233359261565604
39.6333333333333,0.232679176330566,0.072,0.233419475013373
39.6666666666667,0.232679176330566,0.072,0.233468917195227
39.7,0.232679176330566,0.072,0.233509228716658
39.7333333333333,0.232643254597982,0.072,0.233541816197949
39.7666666666667,0.232643254597982,0.072,0.233630051198227
39.8,0.232643254597982,0.072,0.233700802604669
39.8333333333333,0.232643254597982,0.072,0.233756827826781
39.8666666666667,0.232643254597982,0.072,0.233800484847651
39.9,0.232643254597982,0.072,0.233833787848934
39.9333333333333,0.232643254597982,0.072,0.23385845524267
39.9666666666667,0.232643254597982,0.072,0.233875951135492
40,0.232805061340332,0.072,0.233887521113112
40.0333333333333,0.232805061340332,0.072,0.233614198383997
40.0666666666667,0.232805061340332,0.072,0.233390938675048
40.1,0.23254222869873,0.072,0.233210051742823
40.1333333333333,0.23254222869873,0.072,0.233519809764193
40.1666666666667,0.23254222869873,0.072,0.233771939850472
40.2,0.23254222869873,0.072,0.23397534265905
40.2333333333333,0.23254222869873,0.072,0.234137641388186
40.2666666666667,0.232483863830566,0.072,0.234265358865636
40.3,0.232483863830566,0.072,0.234465077477054
40.3333333333333,0.232483863830566,0.072,0.234621059924357
40.3666666666667,0.232483863830566,0.072,0.234740412777776
40.4,0.232483863830566,0.072,0.234829200025869
40.4333333333333,0.232483863830566,0.072,0.234892589170196
40.4666666666667,0.232483863830566,0.072,0.234934977312709
40.5,0.232483863830566,0.072,0.234960099942859
40.5333333333333,0.232602055867513,0.072,0.234971124767524
40.5666666666667,0.232602055867513,0.072,0.234766188025386
40.6,0.232602055867513,0.072,0.234591567266952
40.6333333333333,0.232602055867513,0.072,0.234442997418769
40.6666666666667,0.232602055867513,0.072,0.234316798700978
40.7,0.232602055867513,0.072,0.234209797349606
40.7333333333333,0.232602055867513,0.072,0.234119257001529
40.7666666666667,0.232602055867513,0.072,0.234042819313541
40.8,0.232602055867513,0.072,0.233978452577956
40.8333333333333,0.232602055867513,0.072,0.233924407262634
40.8666666666667,0.232602055867513,0.072,0.233879177546722
40.9,0.232602055867513,0.072,0.233841468047645
40.9333333333333,0.232602055867513,0.072,0.233810165042485
40.9666666666667,0.232602055867513,0.072,0.233784311580205
41,0.232602055867513,0.072,0.233763085961911
41.0333333333333,0.232690493265788,0.072,0.233745783136386
41.0666666666667,0.232690493265788,0.072,0.233578747774414
41.1,0.232690493265788,0.072,0.233444045872464
41.1333333333333,0.232690493265788,0.072,0.233336616319487
41.1666666666667,0.232690493265788,0.072,0.233252128719677
41.2,0.232690493265788,0.072,0.233186881797199
41.2333333333333,0.232690493265788,0.072,0.233137715657512
41.2666666666667,0.232690493265788,0.072,0.23310193603459
41.3,0.232690493265788,0.072,0.233077248904507
41.3333333333333,0.232313601175944,0.072,0.233061704063369
41.3666666666667,0.232313601175944,0.072,0.23370590052169
41.4,0.232313601175944,0.072,0.234230322209487
41.4333333333333,0.232313601175944,0.072,0.234653464504583
41.4666666666667,0.232313601175944,0.072,0.234991168501598
41.5,0.232313601175944,0.072,0.235256988946418
41.5333333333333,0.232313601175944,0.072,0.235462512067002
41.5666666666667,0.232313601175944,0.072,0.235617630058959
41.6,0.232758522033691,0.072,0.235730778077378
41.6333333333333,0.232758522033691,0.072,0.235039153316433
41.6666666666667,0.232758522033691,0.072,0.234467425779225
41.7,0.232758522033691,0.072,0.23399754597997
41.7333333333333,0.232758522033691,0.072,0.23361402481204
41.7666666666667,0.232758522033691,0.072,0.233303580701911
41.8,0.232758522033691,0.072,0.233054834663591
41.8333333333333,0.232880465189616,0.072,0.232858046803121
41.8666666666667,0.232666651407878,0.072,0.232493852368714
41.9,0.232666651407878,0.072,0.232576924803611
41.9333333333333,0.232666651407878,0.072,0.232653397928602
41.9666666666667,0.232666651407878,0.072,0.232723817954696
42,0.232666651407878,0.072,0.232788683137075
42.0333333333333,0.232666651407878,0.072,0.232848448315325
42.0666666666667,0.232666651407878,0.072,0.232903528986496
42.1,0.232666651407878,0.072,0.232954304962958
42.1333333333333,0.232679812113444,0.072,0.233001123660894
42.1666666666667,0.232679812113444,0.072,0.233021526981651
42.2,0.232679812113444,0.072,0.233042977126003
42.2333333333333,0.232679812113444,0.072,0.233065053722016
42.2666666666667,0.232679812113444,0.072,0.233087413376602
42.3,0.232679812113444,0.072,0.233109777851703
42.3333333333333,0.232679812113444,0.072,0.23313192393325
42.3666666666667,0.232679812113444,0.072,0.233153674758538
42.4,0.232792282104492,0.072,0.233174892399535
42.4333333333333,0.232792282104492,0.072,0.23300082958356
42.4666666666667,0.232792282104492,0.072,0.232863608581055
42.5,0.232792282104492,0.072,0.232757300973753
42.5333333333333,0.232792282104492,0.072,0.232676844540476
42.5666666666667,0.232792282104492,0.072,0.232617922118771
42.6,0.232815933227539,0.072,0.232576857039099
42.6333333333333,0.232815933227539,0.072,0.232509591967418
42.6666666666667,0.2328125,0.072,0.232462301937117
42.7,0.2328125,0.072,0.232437444828941
42.7333333333333,0.2328125,0.072,0.232424974493723
42.7666666666667,0.2328125,0.072,0.232422563138117
42.8,0.2328125,0.072,0.232428243743957
42.8333333333333,0.2328125,0.072,0.232440358208099
42.8666666666667,0.2328125,0.072,0.23245751267697
42.9,0.2328125,0.072,0.232478539095655
42.9333333333333,0.23274834950765,0.072,0.232502462123596
42.9666666666667,0.23274834950765,0.072,0.232639490311068
43,0.23274834950765,0.072,0.232756510215643
43.0333333333333,0.23274834950765,0.072,0.232856319140654
43.0666666666667,0.23274834950765,0.072,0.232941331760891
43.1,0.23274834950765,0.072,0.23301363185936
43.1333333333333,0.23274834950765,0.072,0.23307501711218
43.1666666666667,0.23274834950765,0.072,0.23312703785251
43.2,0.232739321390788,0.072,0.233171030620019
43.2333333333333,0.232739321390788,0.072,0.233223771364162
43.2666666666667,0.232739321390788,0.072,0.233267613190516
43.3,0.232739321390788,0.072,0.233303881765894
43.3333333333333,0.232739321390788,0.072,0.233333715630317
43.3666666666667,0.232602055867513,0.072,0.233358091920285
43.4,0.232602055867513,0.072,0.233615402000027
43.4333333333333,0.232841237386068,0.072,0.233822971759336
43.4666666666667,0.232841237386068,0.072,0.233574653032632
43.5,0.232841237386068,0.072,0.233370907981744
43.5333333333333,0.232841237386068,0.072,0.233204938935603
43.5666666666667,0.232841237386068,0.072,0.233070918271022
43.6,0.232841237386068,0.072,0.232963854325668
43.6333333333333,0.232841237386068,0.072,0.232879475543164
43.6666666666667,0.232841237386068,0.072,0.232814130392966
43.7,0.232841237386068,0.072,0.232764700937324
43.7333333333333,0.232775433858236,0.072,0.232728528203125
43.7666666666667,0.232775433858236,0.072,0.232817228154736
43.8,0.232775433858236,0.072,0.232893020365384
43.8333333333333,0.232775433858236,0.072,0.232957706446201
43.8666666666667,0.232775433858236,0.072,0.233012841787493
43.9,0.232775433858236,0.072,0.233059768835852
43.9333333333333,0.232775433858236,0.072,0.23309964590094
43.9666666666667,0.232775433858236,0.072,0.2331334720905
44,0.232742500305176,0.072,0.233162108892109
44.0333333333333,0.232742500305176,0.072,0.23324329406112
44.0666666666667,0.232742500305176,0.072,0.233309674253906
44.1,0.232742500305176,0.072,0.233363520140375
44.1333333333333,0.232697486877441,0.072,0.233406777521742
44.1666666666667,0.232697486877441,0.072,0.233519013083761
44.2,0.232697486877441,0.072,0.233608718997515
44.2333333333333,0.232697486877441,0.072,0.233679463070957
44.2666666666667,0.232679176330566,0.072,0.233734295377054
44.3,0.232679176330566,0.072,0.233807508874279
44.3333333333333,0.232679176330566,0.072,0.2338635216832
44.3666666666667,0.232679176330566,0.072,0.233905181690951
44.4,0.232679176330566,0.072,0.233934915739219
44.4333333333333,0.232679176330566,0.072,0.233954788843987
44.4666666666667,0.232679176330566,0.072,0.233966555289706
44.5,0.232823244730632,0.072,0.233971702698438
44.5333333333333,0.232823244730632,0.072,0.233722163489202
44.5666666666667,0.232823244730632,0.072,0.233516437738741
44.6,0.232823244730632,0.072,0.233347897930748
44.6333333333333,0.232823244730632,0.072,0.233210858781999
44.6666666666667,0.232823244730632,0.072,0.233100447246161
44.7,0.232823244730632,0.072,0.23301249017577
44.7333333333333,0.232823244730632,0.072,0.232943417263726
44.7666666666667,0.232823244730632,0.072,0.232890177204585
44.8,0.23255132039388,0.072,0.232850165292233
44.8333333333333,0.23255132039388,0.072,0.233291756496746
44.8666666666667,0.23255132039388,0.072,0.233651657771821
44.9,0.23284428914388,0.072,0.233942461347219
44.9333333333333,0.23284428914388,0.072,0.233667938454267
44.9666666666667,0.23284428914388,0.072,0.233442170041521
45,0.23284428914388,0.072,0.233257749797668
45.0333333333333,0.23284428914388,0.072,0.2331083264275
45.0666666666667,0.232701365152995,0.072,0.232988457951359
45.1,0.232701365152995,0.072,0.233140831815079
45.1333333333333,0.232701365152995,0.072,0.233266389764442
45.1666666666667,0.232701365152995,0.072,0.23336919169131
45.2,0.232701365152995,0.072,0.233452720060856
45.2333333333333,0.232701365152995,0.072,0.233519959593105
45.2666666666667,0.232701365152995,0.072,0.233573466119667
45.3,0.232701365152995,0.072,0.233615426073933
45.3333333333333,0.232856369018555,0.072,0.233647707877424
45.3666666666667,0.232856369018555,0.072,0.233403654727889
45.4,0.232856369018555,0.072,0.233204639987081
45.4333333333333,0.232856369018555,0.072,0.233043726988755
45.4666666666667,0.232856369018555,0.072,0.232914973388766
45.5,0.232856369018555,0.072,0.232813293413543
45.5333333333333,0.232856369018555,0.072,0.23273433886117
45.5666666666667,0.232856369018555,0.072,0.232674396325973
45.6,0.232679176330566,0.072,0.232630298456887
45.6333333333333,0.232679176330566,0.072,0.232905999189322
45.6666666666667,0.232761637369792,0.072,0.233133380037612
45.7,0.232761637369792,0.072,0.233177037184377
45.7333333333333,0.232761637369792,0.072,0.233213482068003
45.7666666666667,0.232761637369792,0.072,0.233243780025715
45.8,0.232761637369792,0.072,0.233268846620278
45.8333333333333,0.232761637369792,0.072,0.23328946818604
45.8666666666667,0.232737159729004,0.072,0.233306319592574
45.9,0.232737159729004,0.072,0.233362340904959
45.9333333333333,0.232737159729004,0.072,0.233407492626229
45.9666666666667,0.232737159729004,0.072,0.233443477462406
46,0.232737159729004,0.072,0.233471752202696
46.0333333333333,0.232737159729004,0.072,0.233493561916325
46.0666666666667,0.232737159729004,0.072,0.233509969484856
46.1,0.232737159729004,0.072,0.233521881099747
46.1333333333333,0.232809766133626,0.072,0.233530068270355
46.1666666666667,0.2328125,0.072,0.23340953328146
46.2,0.2328125,0.072,0.233306001244203
46.2333333333333,0.2328125,0.072,0.233221796392649
46.2666666666667,0.2328125,0.072,0.233153930114995
46.3,0.2328125,0.072,0.233099842963867
46.3333333333333,0.2328125,0.072,0.233057345147433
46.3666666666667,0.2328125,0.072,0.233024565125489
46.4,0.232720883687337,0.072,0.232999905217163
46.4333333333333,0.232624816894531,0.072,0.233140555586109
46.4666666666667,0.232624816894531,0.072,0.233422464047341
46.5,0.232624816894531,0.072,0.233651093643223
46.5333333333333,0.232624816894531,0.072,0.233834717765812
46.5666666666667,0.232624816894531,0.072,0.233980419515611
46.6,0.232624816894531,0.072,0.234094256904571
46.6333333333333,0.232624816894531,0.072,0.234181405547736
46.6666666666667,0.232864125569661,0.072,0.234246281881139
46.7,0.232864125569661,0.072,0.233878499012366
46.7333333333333,0.232864125569661,0.072,0.233575325333764
46.7666666666667,0.232864125569661,0.072,0.233326985657471
46.8,0.232864125569661,0.072,0.233125094662199
46.8333333333333,0.232864125569661,0.072,0.232962465129751
46.8666666666667,0.232864125569661,0.072,0.232832942230599
46.9,0.232864125569661,0.072,0.232731260349507
46.9333333333333,0.232739321390788,0.072,0.232652919412688
46.9666666666667,0.232552083333333,0.072,0.232810065725804
47,0.232552083333333,0.072,0.233265795952469
47.0333333333333,0.232552083333333,0.072,0.233637276016298
47.0666666666667,0.232552083333333,0.072,0.233937489825304
47.1,0.232552083333333,0.072,0.234177559621251
47.1333333333333,0.232552083333333,0.072,0.234367003927113
47.1666666666667,0.232552083333333,0.072,0.234513960376663
47.2,0.232792218526204,0.072,0.234625378162591
47.2333333333333,0.232792218526204,0.072,0.234291603298819
47.2666666666667,0.232792218526204,0.072,0.234013456018228
47.3,0.232792218526204,0.072,0.233782690155744
47.3333333333333,0.232792218526204,0.072,0.233592220836459
47.3666666666667,0.232792218526204,0.072,0.233435965030531
47.4,0.232792218526204,0.072,0.233308703710774
47.4333333333333,0.232792218526204,0.072,0.233205962706979
47.4666666666667,0.232679176330566,0.072,0.233123909740404
47.5,0.232679176330566,0.072,0.233254897667103
47.5333333333333,0.232679176330566,0.072,0.233362741457739
47.5666666666667,0.232679176330566,0.072,0.233450950290692
47.6,0.232679176330566,0.072,0.233522533903447
47.6333333333333,0.232679176330566,0.072,0.233580071536352
47.6666666666667,0.232679176330566,0.072,0.233625771508582
47.7,0.232679176330566,0.072,0.233661522688432
47.7333333333333,0.232697486877441,0.072,0.23368893895078
47.7666666666667,0.232697486877441,0.072,0.233677709111316
47.8,0.232697486877441,0.072,0.233666810101977
47.8333333333333,0.232697486877441,0.072,0.233656284756501
47.8666666666667,0.232697486877441,0.072,0.233646163717005
47.9,0.232697486877441,0.072,0.23363646754256
47.9333333333333,0.232697486877441,0.072,0.233627208500622
47.9666666666667,0.2328125,0.072,0.233618392086278
48,0.232607968648275,0.072,0.233410975189879
48.0333333333333,0.232607968648275,0.072,0.233596368720236
48.0666666666667,0.232607968648275,0.072,0.233746293047813
48.1,0.232607968648275,0.072,0.233866278662215
48.1333333333333,0.232607968648275,0.072,0.233961058931845
48.1666666666667,0.232607968648275,0.072,0.234034680838195
48.2,0.232607968648275,0.072,0.234090600613761
48.2333333333333,0.232607968648275,0.072,0.234131766321186
48.2666666666667,0.232745615641276,0.072,0.23416068913767
48.3,0.232745615641276,0.072,0.233941291300231
48.3333333333333,0.232745615641276,0.072,0.233759566014179
48.3666666666667,0.232745615641276,0.072,0.233609862719708
48.4,0.232745615641276,0.072,0.233487331040021
48.4333333333333,0.232745615641276,0.072,0.233387810603859
48.4666666666667,0.232745615641276,0.072,0.233307735818214
48.5,0.232745615641276,0.072,0.233244053578518
48.5333333333333,0.23284428914388,0.072,0.233194152173359
48.5666666666667,0.23284428914388,0.072,0.232985034302704
48.6,0.23284428914388,0.072,0.232818511996445
48.6333333333333,0.23284428914388,0.072,0.232687809190186
48.6666666666667,0.23284428914388,0.072,0.232587135034681
48.7,0.23284428914388,0.072,0.232511546441281
48.7333333333333,0.232864125569661,0.072,0.232456829408771
48.7666666666667,0.232864125569661,0.072,0.232385067432196
48.8,0.232755215962728,0.072,0.232334164820554
48.8333333333333,0.232755215962728,0.072,0.232488979035527
48.8666666666667,0.232755215962728,0.072,0.232621583213237
48.9,0.232755215962728,0.072,0.232735055574386
48.9333333333333,0.232755215962728,0.072,0.232832055198348
48.9666666666667,0.232755215962728,0.072,0.232914878558026
49,0.232755215962728,0.072,0.232985508468332
49.0333333333333,0.232755215962728,0.072,0.233045656463406
49.0666666666667,0.232637786865234,0.072,0.233096799482086
49.1,0.232637786865234,0.072,0.233343435857652
49.1333333333333,0.232637786865234,0.072,0.233544225585258
49.1666666666667,0.232637786865234,0.072,0.233706247666672
49.2,0.232637786865234,0.072,0.233835565226771
49.2333333333333,0.232637786865234,0.072,0.233937366331099
49.2666666666667,0.232637786865234,0.072,0.234016085627703
49.3,0.232637786865234,0.072,0.234075509399807
49.3333333333333,0.23255132039388,0.072,0.234118866268833
49.3666666666667,0.23255132039388,0.072,0.234298545420677
49.4,0.23255132039388,0.072,0.234438369570228
49.4333333333333,0.23255132039388,0.072,0.234544837668502
49.4666666666667,0.23255132039388,0.072,0.234623493818705
49.5,0.23255132039388,0.072,0.234679061172326
49.5333333333333,0.232830429077148,0.072,0.234715557481761
49.5666666666667,0.232830429077148,0.072,0.234253365886886
49.6,0.232791709899902,0.072,0.233871613741968
49.6333333333333,0.232791709899902,0.072,0.233625181363661
49.6666666666667,0.232791709899902,0.072,0.233423724872116
49.7,0.232791709899902,0.072,0.233260344242427
49.7333333333333,0.232791709899902,0.072,0.233129126776541
49.7666666666667,0.232791709899902,0.072,0.233025010441682
49.8,0.232791709899902,0.072,0.232943665804332
49.8333333333333,0.232791709899902,0.072,0.232881394052491
49.8666666666667,0.232711919148763,0.072,0.232835038935313
49.9,0.232711919148763,0.072,0.232939997591537
49.9333333333333,0.232711919148763,0.072,0.233029248895744
49.9666666666667,0.232711919148763,0.072,0.23310501483092
50,0.232711919148763,0.072,0.233169211599738
50.0333333333333,0.232711919148763,0.072,0.233223491104543
50.0666666666667,0.232711919148763,0.072,0.233269276843801
50.1,0.232711919148763,0.072,0.233307794973435
50.1333333333333,0.232711919148763,0.072,0.233340101181365
50.1666666666667,0.232791646321615,0.072,0.233367103936874
50.2,0.232791646321615,0.072,0.233251607779693
50.2333333333333,0.232791646321615,0.072,0.233158885435727
50.2666666666667,0.232791646321615,0.072,0.23308535074677
50.3,0.232791646321615,0.072,0.233027936677521
50.3333333333333,0.232791646321615,0.072,0.232984023045581
50.3666666666667,0.232791646321615,0.072,0.232951374115066
50.4,0.232791646321615,0.072,0.232928084721697
50.4333333333333,0.232791646321615,0.072,0.232912533776158
50.4666666666667,0.232791646321615,0.072,0.232903344147412
50.5,0.232791646321615,0.072,0.232899348061866
50.5333333333333,0.232791646321615,0.072,0.232899557270504
50.5666666666667,0.2328125,0.072,0.232903137336729
50.6,0.2328125,0.072,0.232873295853676
50.6333333333333,0.2328125,0.072,0.232852496182843
50.6666666666667,0.2328125,0.072,0.232839155379417
50.7,0.2328125,0.072,0.232831929685383
50.7333333333333,0.2328125,0.072,0.23282968054145
50.7666666666667,0.2328125,0.072,0.232831445286984
50.8,0.2328125,0.072,0.232836411911239
50.8333333333333,0.232760238647461,0.072,0.232843897304921
50.8666666666667,0.232760238647461,0.072,0.232943772672047
50.9,0.232760238647461,0.072,0.233027662741962
50.9333333333333,0.232760238647461,0.072,0.233097897791956
50.9666666666667,0.232760238647461,0.072,0.233156482570225
51,0.232760238647461,0.072,0.23320514080478
51.0333333333333,0.232760238647461,0.072,0.233245353695459
51.0666666666667,0.232861963907878,0.072,0.233278393197456
51.1,0.232861963907878,0.072,0.233129303815206
51.1333333333333,0.232861963907878,0.072,0.233009038764102
51.1666666666667,0.232861963907878,0.072,0.232913088023391
51.2,0.232861963907878,0.072,0.232837592607011
51.2333333333333,0.232861963907878,0.072,0.232779254054655
51.2666666666667,0.232861963907878,0.072,0.232735256266793
51.3,0.232861963907878,0.072,0.23270319801721
51.3333333333333,0.232822291056315,0.072,0.232681034700362
51.3666666666667,0.232822291056315,0.072,0.232735686387291
51.4,0.232822291056315,0.072,0.232783771061112
51.4333333333333,0.232822291056315,0.072,0.232826110666998
51.4666666666667,0.232822291056315,0.072,0.232863421556758
51.5,0.232822291056315,0.072,0.232896328269859
51.5333333333333,0.232822291056315,0.072,0.232925375499198
51.5666666666667,0.232822291056315,0.072,0.232951038482002
51.6,0.232822291056315,0.072,0.232973732024299
51.6333333333333,0.23278694152832,0.072,0.232993818339744
51.6666666666667,0.23278694152832,0.072,0.233072790185563
51.7,0.23278694152832,0.072,0.233137943106828
51.7333333333333,0.23278694152832,0.072,0.233191364800123
51.7666666666667,0.23278694152832,0.072,0.233234846328346
51.8,0.23278694152832,0.072,0.233269923033945
51.8333333333333,0.232805061340332,0.072,0.233297909895524
51.8666666666667,0.232805061340332,0.072,0.233288573707748
51.9,0.232792282104492,0.072,0.233280285542963
51.9333333333333,0.232792282104492,0.072,0.233295036235556
51.9666666666667,0.232792282104492,0.072,0.233306332873655
52,0.232792282104492,0.072,0.23331474685432
52.0333333333333,0.232792282104492,0.072,0.233320765125582
52.0666666666667,0.232792282104492,0.072,0.233324802062187
52.1,0.232792282104492,0.072,0.233327209711992
52.1333333333333,0.232792282104492,0.072,0.233328286633709
52.1666666666667,0.232715225219727,0.072,0.233328285516948
52.2,0.232715225219727,0.072,0.233460775338212
52.2333333333333,0.232715225219727,0.072,0.233566847718143
52.2666666666667,0.232715225219727,0.072,0.233650677327644
52.3,0.232715225219727,0.072,0.233715833591875
52.3333333333333,0.232715225219727,0.072,0.233765365013827
52.3666666666667,0.232715225219727,0.072,0.233801871984627
52.4,0.232715225219727,0.072,0.233827569635805
52.4333333333333,0.232602055867513,0.072,0.233844342079899
52.4666666666667,0.232602055867513,0.072,0.234049641471556
52.5,0.232602055867513,0.072,0.234211179556059
52.5333333333333,0.232602055867513,0.072,0.234336012667856
52.5666666666667,0.232602055867513,0.072,0.234430165252053
52.6,0.232732137044271,0.072,0.234498774235734
52.6333333333333,0.232732137044271,0.072,0.234321093566641
52.6666666666667,0.232732137044271,0.072,0.234169401555795
52.7,0.232873280843099,0.072,0.234040061773232
52.7333333333333,0.232873280843099,0.072,0.2336856702259
52.7666666666667,0.232873280843099,0.072,0.233394917469143
52.8,0.232873280843099,0.072,0.233158096947006
52.8333333333333,0.232873280843099,0.072,0.232966887347575
52.8666666666667,0.232873280843099,0.072,0.232814161118303
52.9,0.232873280843099,0.072,0.232693819018391
52.9333333333333,0.232873280843099,0.072,0.232600647198905
52.9666666666667,0.232797495524089,0.072,0.232530193772059
53,0.232841237386068,0.072,0.232609817239874
53.0333333333333,0.232841237386068,0.072,0.232604121390539
53.0666666666667,0.232841237386068,0.072,0.232604621885024
53.1,0.232841237386068,0.072,0.232610087301761
53.1333333333333,0.232841237386068,0.072,0.232619480613707
53.1666666666667,0.232841237386068,0.072,0.232631931017728
53.2,0.232841237386068,0.072,0.232646709687873
53.2333333333333,0.232791646321615,0.072,0.232663208916839
53.2666666666667,0.232791646321615,0.072,0.232766747085675
53.3,0.232791646321615,0.072,0.232854524001129
53.3333333333333,0.232791646321615,0.072,0.232928786967522
53.3666666666667,0.232763163248698,0.072,0.232991472781021
53.4,0.232763163248698,0.072,0.23309354309551
53.4333333333333,0.232763163248698,0.072,0.233177629784387
53.4666666666667,0.232763163248698,0.072,0.233246456701772
53.5,0.232493654886882,0.072,0.233302360219844
53.5333333333333,0.232493654886882,0.072,0.233813757175481
53.5666666666667,0.232493654886882,0.072,0.234225947485747
53.6,0.232493654886882,0.072,0.234554470826313
53.6333333333333,0.232493654886882,0.072,0.234812622580627
53.6666666666667,0.232493654886882,0.072,0.235011765924
53.7,0.232493654886882,0.072,0.235161601339066
53.7333333333333,0.232493654886882,0.072,0.235270399309793
53.7666666666667,0.2328125,0.072,0.235345201169605
53.8,0.2328125,0.072,0.234840195153874
53.8333333333333,0.2328125,0.072,0.23441873346908
53.8666666666667,0.2328125,0.072,0.234068468634461
53.9,0.2328125,0.072,0.233778789556667
53.9333333333333,0.2328125,0.072,0.23354058329901
53.9666666666667,0.2328125,0.072,0.233346029115131
54,0.2328125,0.072,0.233188420407869
54.0333333333333,0.232826614379883,0.072,0.233062010855462
54.0666666666667,0.232826614379883,0.072,0.232937454932162
54.1,0.232826614379883,0.072,0.232839685983912
54.1333333333333,0.232720184326172,0.072,0.232764373677519
54.1666666666667,0.232720184326172,0.072,0.232892010764607
54.2,0.232720184326172,0.072,0.232999715406722
54.2333333333333,0.232720184326172,0.072,0.233090362472355
54.2666666666667,0.232720184326172,0.072,0.233166427324382
54.3,0.2328125,0.072,0.233230040294201
54.3333333333333,0.2328125,0.072,0.233123271167173
54.3666666666667,0.2328125,0.072,0.233038285931893
54.4,0.2328125,0.072,0.232971617474151
54.4333333333333,0.2328125,0.072,0.23292030289501
54.4666666666667,0.2328125,0.072,0.232881813156574
54.5,0.2328125,0.072,0.232853992341283
54.5333333333333,0.2328125,0.072,0.232835005225567
54.5666666666667,0.2328125,0.072,0.232823292043209
54.6,0.2328125,0.072,0.232817529464921
54.6333333333333,0.2328125,0.072,0.232816596951527
54.6666666666667,0.2328125,0.072,0.232819547751557
54.7,0.2328125,0.072,0.232825583912189
54.7333333333333,0.2328125,0.072,0.232834034757519
54.7666666666667,0.2328125,0.072,0.232844338361772
54.8,0.2328125,0.072,0.23285602560875
54.8333333333333,0.232762463887533,0.072,0.232868706484076
54.8666666666667,0.232762463887533,0.072,0.232968651403415
54.9,0.232762463887533,0.072,0.233052292604461
54.9333333333333,0.232719930013021,0.072,0.23312202586314
54.9666666666667,0.232719930013021,0.072,0.2332535206197
55,0.232719930013021,0.072,0.233360733226539
55.0333333333333,0.232719930013021,0.072,0.233447404382802
55.0666666666667,0.232719930013021,0.072,0.233516738530441
55.1,0.232865905761719,0.072,0.233571478150057
55.1333333333333,0.232865905761719,0.072,0.233361340524159
55.1666666666667,0.232865905761719,0.072,0.233189702867278
55.2,0.232865905761719,0.072,0.233050650596467
55.2333333333333,0.232865905761719,0.072,0.232939115971052
55.2666666666667,0.232865905761719,0.072,0.232850760840037
55.3,0.232865905761719,0.072,0.232781875346681
55.3333333333333,0.232865905761719,0.072,0.232729290438538
55.3666666666667,0.232926432291667,0.072,0.232690302319896
55.4,0.232926432291667,0.072,0.232557859279785
55.4333333333333,0.232926432291667,0.072,0.23245496162358
55.4666666666667,0.232926432291667,0.072,0.23237678401338
55.5,0.232926432291667,0.072,0.232319210524739
55.5333333333333,0.232926432291667,0.072,0.232278735136236
55.5666666666667,0.232926432291667,0.072,0.232252375853978
55.6,0.232926432291667,0.072,0.232237600625672
55.6333333333333,0.232679176330566,0.072,0.232232263447041
55.6666666666667,0.232679176330566,0.072,0.232662453472078
55.7,0.2328125,0.072,0.23301616579235
55.7333333333333,0.2328125,0.072,0.233074290909017
55.7666666666667,0.2328125,0.072,0.233122049028894
55.8,0.2328125,0.072,0.233161017476484
55.8333333333333,0.2328125,0.072,0.233192548727571
55.8666666666667,0.2328125,0.072,0.233217801472709
55.9,0.2328125,0.072,0.233237767458135
55.9333333333333,0.2328125,0.072,0.233253294673147
55.9666666666667,0.2328125,0.072,0.233265107376656
56,0.2328125,0.072,0.2332738233895
56.0333333333333,0.2328125,0.072,0.233279969021869
56.0666666666667,0.2328125,0.072,0.233283991955578
56.1,0.2328125,0.072,0.233286272357946
56.1333333333333,0.2328125,0.072,0.233287132466865
56.1666666666667,0.232787895202637,0.072,0.233286844854399
56.2,0.232883516947428,0.072,0.233328220911936
56.2333333333333,0.232883516947428,0.072,0.233195172154654
56.2666666666667,0.232883516947428,0.072,0.233086562154235
56.3,0.232883516947428,0.072,0.232998633101555
56.3333333333333,0.232883516947428,0.072,0.232928165444946
56.3666666666667,0.232883516947428,0.072,0.232872403348595
56.4,0.232883516947428,0.072,0.23282899029659
56.4333333333333,0.2328125,0.072,0.232795913474435
56.4666666666667,0.232792282104492,0.072,0.232894358542256
56.5,0.232792282104492,0.072,0.233011233570745
56.5333333333333,0.232792282104492,0.072,0.233107261441415
56.5666666666667,0.232792282104492,0.072,0.233185614117339
56.6,0.232792282104492,0.072,0.233249011389731
56.6333333333333,0.232792282104492,0.072,0.233299783347204
56.6666666666667,0.232792282104492,0.072,0.233339924353337
56.7,0.232603772481283,0.072,0.233371139676866
56.7333333333333,0.232603772481283,0.072,0.23372112282759
56.7666666666667,0.232603772481283,0.072,0.234001927849925
56.8,0.232603772481283,0.072,0.234224456567062
56.8333333333333,0.232603772481283,0.072,0.23439803214961
56.8666666666667,0.232603772481283,0.072,0.234530618925231
56.9,0.232603772481283,0.072,0.234629012185461
56.9333333333333,0.232603772481283,0.072,0.234699002041875
56.9666666666667,0.232804107666016,0.072,0.234745514839626
57,0.232804107666016,0.072,0.234426032641268
57.0333333333333,0.232804107666016,0.072,0.234157706375783
57.0666666666667,0.232804107666016,0.072,0.233933077353623
57.1,0.232804107666016,0.072,0.233745728923326
57.1333333333333,0.232804107666016,0.072,0.233590143989226
57.1666666666667,0.232804107666016,0.072,0.233461581790942
57.2,0.232804107666016,0.072,0.233355971356733
57.2333333333333,0.232608985900879,0.072,0.233269819389296
57.2666666666667,0.232608985900879,0.072,0.23353781075884
57.3,0.232608985900879,0.072,0.233754539975029
57.3333333333333,0.232608985900879,0.072,0.23392799952732
57.3666666666667,0.232608985900879,0.072,0.234065029962293
57.4,0.232608985900879,0.072,0.234171479906791
57.4333333333333,0.232608985900879,0.072,0.234252344275314
57.4666666666667,0.232608985900879,0.072,0.234311883606177
57.5,0.232809766133626,0.072,0.234353727075639
57.5333333333333,0.232809766133626,0.072,0.234033488667568
57.5666666666667,0.232809766133626,0.072,0.233768311023317
57.6,0.232809766133626,0.072,0.23354993127557
57.6333333333333,0.232809766133626,0.072,0.23337125695215
57.6666666666667,0.232809766133626,0.072,0.233226204804265
57.7,0.232809766133626,0.072,0.233109561505879
57.7333333333333,0.232809766133626,0.072,0.233016863279605
57.7666666666667,0.232552083333333,0.072,0.232944291899282
57.8,0.232552083333333,0.072,0.233334533870792
57.8333333333333,0.232552083333333,0.072,0.233652804702726
57.8666666666667,0.232552083333333,0.072,0.233910186703149
57.9,0.232552083333333,0.072,0.234116173767517
57.9333333333333,0.232552083333333,0.072,0.234278891423444
57.9666666666667,0.232552083333333,0.072,0.23440528692077
58,0.232792218526204,0.072,0.234501293406768
58.0333333333333,0.23284428914388,0.072,0.23415639077902
58.0666666666667,0.23284428914388,0.072,0.233780547966541
58.1,0.23284428914388,0.072,0.233472394850004
58.1333333333333,0.23284428914388,0.072,0.233221596000467
58.1666666666667,0.23284428914388,0.072,0.233019291697963
58.2,0.23284428914388,0.072,0.232857893891771
58.2333333333333,0.23284428914388,0.072,0.232730909908487
58.2666666666667,0.23284428914388,0.072,0.232632790167773
58.3,0.232713317871094,0.072,0.232558796667307
58.3333333333333,0.232713317871094,0.072,0.232731549921518
58.3666666666667,0.232713317871094,0.072,0.232877212665865
58.4,0.232713317871094,0.072,0.232999699340074
58.4333333333333,0.232713317871094,0.072,0.233102379921113
58.4666666666667,0.232713317871094,0.072,0.233188154198073
58.5,0.232713317871094,0.072,0.233259516018519
58.5333333333333,0.232713317871094,0.072,0.233318608852785
58.5666666666667,0.232775433858236,0.072,0.233367273842458
58.6,0.232775433858236,0.072,0.233299592655202
58.6333333333333,0.232775433858236,0.072,0.233245162602198
58.6666666666667,0.232775433858236,0.072,0.233201901805358
58.7,0.232775433858236,0.072,0.233168029453543
58.7333333333333,0.232775433858236,0.072,0.233142023909962
58.7666666666667,0.232724380493164,0.072,0.233122586535723
58.8,0.232724380493164,0.072,0.233196964036383
58.8333333333333,0.2328125,0.072,0.233258811902864
58.8666666666667,0.2328125,0.072,0.233157494789761
58.9,0.2328125,0.072,0.233076542329545
58.9333333333333,0.2328125,0.072,0.233012728241123
58.9666666666667,0.2328125,0.072,0.232963294501462
59,0.2328125,0.072,0.232925886072324
59.0333333333333,0.2328125,0.072,0.232898494541702
59.0666666666667,0.2328125,0.072,0.23287940947555
59.1,0.232828648885091,0.072,0.232867176437186
59.1333333333333,0.232801628112793,0.072,0.23283261331354
59.1666666666667,0.232801628112793,0.072,0.232854776730091
59.2,0.232801628112793,0.072,0.232876153107045
59.2333333333333,0.232801628112793,0.072,0.232896685783677
59.2666666666667,0.232801628112793,0.072,0.23291633769893
59.3,0.232801628112793,0.072,0.232935087880351
59.3333333333333,0.232801628112793,0.072,0.232952928468086
59.3666666666667,0.232801628112793,0.072,0.232969862197602
59.4,0.232801628112793,0.072,0.232985900275362
59.4333333333333,0.232801628112793,0.072,0.233001060590784
59.4666666666667,0.232801628112793,0.072,0.23301536621569
59.5,0.232801628112793,0.072,0.23302884414926
59.5333333333333,0.232801628112793,0.072,0.233041524272364
59.5666666666667,0.232801628112793,0.072,0.233053438480232
59.6,0.232801628112793,0.072,0.23306461996677
59.6333333333333,0.232665252685547,0.072,0.233075102637629
59.6666666666667,0.232665252685547,0.072,0.233320933616667
59.7,0.232665252685547,0.072,0.233520592414204
59.7333333333333,0.232665252685547,0.072,0.233681233704413
59.7666666666667,0.232665252685547,0.072,0.233808983789811
59.8,0.232665252685547,0.072,0.233909083264056
59.8333333333333,0.232665252685547,0.072,0.233986010239619
59.8666666666667,0.232665252685547,0.072,0.234043586762492
59.9,0.232680956522624,0.072,0.234085070684191
59.9333333333333,0.232680956522624,0.072,0.234086057703724
59.9666666666667,0.232680956522624,0.072,0.234081325716562
60,0.232680956522624,0.072,0.234072053717441
60.0333333333333,0.232680956522624,0.072,0.23405923246067
60.0666666666667,0.232680956522624,0.072,0.234043691872515
60.1,0.232680956522624,0.072,0.234026124636162
60.1333333333333,0.232680956522624,0.072,0.234007106472416
60.1666666666667,0.232683753967285,0.072,0.233987113568604
60.2,0.232655016581217,0.072,0.233961696254948
60.2333333333333,0.232655016581217,0.072,0.233986683183289
60.2666666666667,0.232655016581217,0.072,0.234002857584573
60.3,0.232655016581217,0.072,0.234011802987303
60.3333333333333,0.232655016581217,0.072,0.2340148613332
60.3666666666667,0.232655016581217,0.072,0.234013167458355
60.4,0.232655016581217,0.072,0.234007678807738
60.4333333333333,0.232655016581217,0.072,0.233999201031199
60.4666666666667,0.232655016581217,0.072,0.233988410021803
60.5,0.232655016581217,0.072,0.233975870881615
60.5333333333333,0.232655016581217,0.072,0.23396205423463
60.5666666666667,0.232655016581217,0.072,0.233947350249799
60.6,0.232655016581217,0.072,0.233932080688035
60.6333333333333,0.232655016581217,0.072,0.233916509244588
60.6666666666667,0.232697486877441,0.072,0.233900850421405
60.7,0.232697486877441,0.072,0.233811777517579
60.7333333333333,0.232697486877441,0.072,0.23373711060545
60.7666666666667,0.232697486877441,0.072,0.233674740340535
60.8,0.232697486877441,0.072,0.233622852677644
60.8333333333333,0.232697486877441,0.072,0.233579888450158
60.8666666666667,0.232697486877441,0.072,0.233544508416825
60.9,0.232697486877441,0.072,0.233515563041228
60.9333333333333,0.232690238952637,0.072,0.233492066367528
60.9666666666667,0.232690238952637,0.072,0.233485716788752
61,0.232690238952637,0.072,0.233480827106167
61.0333333333333,0.232690238952637,0.072,0.233477156955332
61.0666666666667,0.232690238952637,0.072,0.23347450142754
61.1,0.232690238952637,0.072,0.233472686088434
61.1333333333333,0.232690238952637,0.072,0.233471562679736
61.1666666666667,0.232677141825358,0.072,0.233471005411596
61.2,0.232887204488118,0.072,0.233493573814347
61.2333333333333,0.232887204488118,0.072,0.233148601137938
61.2666666666667,0.232887204488118,0.072,0.23287038119408
61.3,0.232887204488118,0.072,0.232648466529532
61.3333333333333,0.232887204488118,0.072,0.232473917998017
61.3666666666667,0.232887204488118,0.072,0.232339095057689
61.4,0.232887204488118,0.072,0.232237474669563
61.4333333333333,0.232887204488118,0.072,0.232163494935708
61.4666666666667,0.232887204488118,0.072,0.232112420134361
61.5,0.232887204488118,0.072,0.232080224258157
61.5333333333333,0.232887204488118,0.072,0.232063490550534
61.5666666666667,0.232887204488118,0.072,0.232059324872205
61.6,0.232887204488118,0.072,0.232065281021259
61.6333333333333,0.232887204488118,0.072,0.232079296383085
61.6666666666667,0.232887204488118,0.072,0.232099636505043
61.7,0.232887204488118,0.072,0.232124847380209
61.7333333333333,0.232792282104492,0.072,0.232153714388557
61.7666666666667,0.232792282104492,0.072,0.232349500825309
61.8,0.232792282104492,0.072,0.232515397454817
61.8333333333333,0.232792282104492,0.072,0.232655671698154
61.8666666666667,0.232792282104492,0.072,0.232774000959425
61.9,0.232792282104492,0.072,0.232873552861989
61.9333333333333,0.232768376668294,0.072,0.232957054669705
61.9666666666667,0.232768376668294,0.072,0.233068224384498
62,0.232952117919922,0.072,0.233159726542878
62.0333333333333,0.232952117919922,0.072,0.232916559745335
62.0666666666667,0.232952117919922,0.072,0.232720626536285
62.1,0.232952117919922,0.072,0.232564525131171
62.1333333333333,0.232952117919922,0.072,0.232441922935311
62.1666666666667,0.232952117919922,0.072,0.232347407852072
62.2,0.232952117919922,0.072,0.232276359873752
62.2333333333333,0.232952117919922,0.072,0.232224840216751
62.2666666666667,0.232952117919922,0.072,0.232189495630245
62.3,0.232952117919922,0.072,0.232167475826064
62.3333333333333,0.232952117919922,0.072,0.232156362253255
62.3666666666667,0.232952117919922,0.072,0.232154106679716
62.4,0.232952117919922,0.072,0.232158978250169
62.4333333333333,0.232952117919922,0.072,0.23216951786887
62.4666666666667,0.232952117919922,0.072,0.232184498910624
62.5,0.232952117919922,0.072,0.232202893397988
62.5333333333333,0.232799975077311,0.072,0.232223842898878
62.5666666666667,0.232799975077311,0.072,0.232509933765869
62.6,0.232799975077311,0.072,0.232746467930624
62.6333333333333,0.232799975077311,0.072,0.232940903498046
62.6666666666667,0.232799975077311,0.072,0.233099640763196
62.7,0.232799975077311,0.072,0.233228167977858
62.7333333333333,0.232901128133138,0.072,0.233331187329357
62.7666666666667,0.232901128133138,0.072,0.233237667079229
62.8,0.232697486877441,0.072,0.23315988501569
62.8333333333333,0.232697486877441,0.072,0.233447923121085
62.8666666666667,0.232697486877441,0.072,0.23367934132863
62.9,0.232697486877441,0.072,0.233863046610349
62.9333333333333,0.232697486877441,0.072,0.234006657148566
62.9666666666667,0.232697486877441,0.072,0.234116681717046
63,0.232697486877441,0.072,0.234198674582467
63.0333333333333,0.232697486877441,0.072,0.234257369232069
63.0666666666667,0.232801628112793,0.072,0.234296793789457
63.1,0.232801628112793,0.072,0.234140142498915
63.1333333333333,0.232801628112793,0.072,0.234005323048511
63.1666666666667,0.232801628112793,0.072,0.233889354089981
63.2,0.232801628112793,0.072,0.23378965703817
63.2333333333333,0.232801628112793,0.072,0.233704001977974
63.2666666666667,0.232801628112793,0.072,0.233630460812851
63.3,0.232801628112793,0.072,0.233567366687194
63.3333333333333,0.232679176330566,0.072,0.233513278844037
63.3666666666667,0.232679176330566,0.072,0.233678868745241
63.4,0.232679176330566,0.072,0.233810252253616
63.4333333333333,0.232679176330566,0.072,0.233912894169858
63.4666666666667,0.232679176330566,0.072,0.233991463278239
63.5,0.232679176330566,0.072,0.23404994350407
63.5333333333333,0.232679176330566,0.072,0.234091729875847
63.5666666666667,0.232679176330566,0.072,0.234119711346035
63.6,0.232679176330566,0.072,0.23413634224849
63.6333333333333,0.232679176330566,0.072,0.234143703931526
63.6666666666667,0.232679176330566,0.072,0.234143557898651
63.7,0.232679176330566,0.072,0.234137391609763
63.7333333333333,0.232679176330566,0.072,0.234126457940341
63.7666666666667,0.232679176330566,0.072,0.234111809161758
63.8,0.232679176330566,0.072,0.234094326189471
63.8333333333333,0.232679176330566,0.072,0.234074743745032
63.8666666666667,0.232679176330566,0.072,0.234053671990651
63.9,0.232679176330566,0.072,0.234031615119494
63.9333333333333,0.232679176330566,0.072,0.234008987319512
63.9666666666667,0.232679176330566,0.072,0.233986126472019
64,0.232679176330566,0.072,0.233963305897236
64.0333333333333,0.232942708333333,0.072,0.233940744416646
64.0666666666667,0.232942708333333,0.072,0.233462543254402
64.1,0.232942708333333,0.072,0.233072912957823
64.1333333333333,0.232942708333333,0.072,0.232758194796966
64.1666666666667,0.232942708333333,0.072,0.232506689043158
64.2,0.232942708333333,0.072,0.23230838349505
64.2333333333333,0.232942708333333,0.072,0.232154718966945
64.2666666666667,0.232863235473633,0.072,0.232038386754048
64.3,0.232739321390788,0.072,0.232090690462338
64.3333333333333,0.232739321390788,0.072,0.232356692842795
64.3666666666667,0.232739321390788,0.072,0.232580202343567
64.4,0.232739321390788,0.072,0.232767408361286
64.4333333333333,0.232739321390788,0.072,0.232923636006946
64.4666666666667,0.232739321390788,0.072,0.233053464253318
64.5,0.232739321390788,0.072,0.233160828112529
64.5333333333333,0.232739321390788,0.072,0.233249106989272
64.5666666666667,0.232871119181315,0.072,0.233321201067871
64.6,0.232871119181315,0.072,0.233151506472372
64.6333333333333,0.232871119181315,0.072,0.233014257771856
64.6666666666667,0.232871119181315,0.072,0.232904396911216
64.7,0.232871119181315,0.072,0.232817594797962
64.7333333333333,0.232871119181315,0.072,0.2327501500409
64.7666666666667,0.232871119181315,0.072,0.232698901493397
64.8,0.232871119181315,0.072,0.232661152738044
64.8333333333333,0.232866477966309,0.072,0.232634606899618
64.8666666666667,0.232866477966309,0.072,0.232625342533403
64.9,0.232866477966309,0.072,0.232622118765486
64.9333333333333,0.232866477966309,0.072,0.232623772013157
64.9666666666667,0.232866477966309,0.072,0.232629320534455
65,0.232866477966309,0.072,0.232637938192902
65.0333333333333,0.232624816894531,0.072,0.232648931868586
65.0666666666667,0.232624816894531,0.072,0.233079943628296
65.1,0.2328125,0.072,0.233431568374942
65.1333333333333,0.2328125,0.072,0.233391218092401
65.1666666666667,0.2328125,0.072,0.233356842485132
65.2,0.2328125,0.072,0.233327600608095
65.2333333333333,0.2328125,0.072,0.2333027669458
65.2666666666667,0.2328125,0.072,0.233281715775463
65.3,0.2328125,0.072,0.233263907633439
65.3333333333333,0.2328125,0.072,0.233248877603107
65.3666666666667,0.2328125,0.072,0.233236225180092
65.4,0.2328125,0.072,0.233225605503343
65.4333333333333,0.2328125,0.072,0.233216721768854
65.4666666666667,0.2328125,0.072,0.233209318667355
65.5,0.2328125,0.072,0.233203176708512
65.5333333333333,0.2328125,0.072,0.23319810731256
65.5666666666667,0.2328125,0.072,0.233193948566274
65.6,0.232742500305176,0.072,0.233190561553942
65.6333333333333,0.232792282104492,0.072,0.233308969515006
65.6666666666667,0.232792282104492,0.072,0.233318399281495
65.7,0.232792282104492,0.072,0.233325195985115
65.7333333333333,0.232792282104492,0.072,0.23332981324406
65.7666666666667,0.232792282104492,0.072,0.233332636550986
65.8,0.232792282104492,0.072,0.233333992926094
65.8333333333333,0.232792282104492,0.072,0.233334159240687
65.8666666666667,0.232792282104492,0.072,0.233333369391609
65.9,0.232792282104492,0.072,0.233331820482734
65.9333333333333,0.232792282104492,0.072,0.233329678148595
65.9666666666667,0.232792282104492,0.072,0.233327081137048
66,0.232792282104492,0.072,0.23332414525209
66.0333333333333,0.232792282104492,0.072,0.233320966744281
66.0666666666667,0.232697486877441,0.072,0.233317625224436
66.1,0.232697486877441,0.072,0.233478239946647
66.1333333333333,0.232697486877441,0.072,0.233607154498859
66.1666666666667,0.232697486877441,0.072,0.233709362159629
66.2,0.232697486877441,0.072,0.233789133298854
66.2333333333333,0.232697486877441,0.072,0.23385011602442
66.2666666666667,0.232697486877441,0.072,0.233895423091862
66.3,0.232697486877441,0.072,0.233927706932304
66.3333333333333,0.232768058776855,0.072,0.233949224404784
66.3666666666667,0.232864125569661,0.072,0.233839760070062
66.4,0.232864125569661,0.072,0.233580384714336
66.4333333333333,0.232864125569661,0.072,0.233367124040997
66.4666666666667,0.232864125569661,0.072,0.233192969933252
66.5,0.232864125569661,0.072,0.233051912752664
66.5333333333333,0.232864125569661,0.072,0.232938803433751
66.5666666666667,0.232864125569661,0.072,0.23284923432187
66.6,0.232864125569661,0.072,0.232779436228761
66.6333333333333,0.232864125569661,0.072,0.232726189518847
66.6666666666667,0.232864125569661,0.072,0.232686747332795
66.7,0.232864125569661,0.072,0.232658769309024
66.7333333333333,0.232864125569661,0.072,0.232640264383954
66.7666666666667,0.232864125569661,0.072,0.232629541442505
66.8,0.232864125569661,0.072,0.232625166755472
66.8333333333333,0.232679176330566,0.072,0.232625927283436
66.8666666666667,0.232679176330566,0.072,0.232950874468587
66.9,0.232679176330566,0.072,0.233217308403103
66.9333333333333,0.232679176330566,0.072,0.233434162822847
66.9666666666667,0.232679176330566,0.072,0.233609095926903
67,0.232679176330566,0.072,0.233748666737866
67.0333333333333,0.232679176330566,0.072,0.233858487478689
67.0666666666667,0.232679176330566,0.072,0.233943355198825
67.1,0.232690238952637,0.072,0.234007365448752
67.1333333333333,0.232690238952637,0.072,0.23403486531714
67.1666666666667,0.232690238952637,0.072,0.234051667749828
67.2,0.232690238952637,0.072,0.234059723115466
67.2333333333333,0.232690238952637,0.072,0.234060682673626
67.2666666666667,0.232690238952637,0.072,0.234055941367369
67.3,0.232690238952637,0.072,0.234046674693128
67.3333333333333,0.232642682393392,0.072,0.234033870453798
67.3666666666667,0.23255132039388,0.072,0.234100658055959
67.4,0.23255132039388,0.072,0.23430765719459
67.4333333333333,0.23255132039388,0.072,0.23446930330911
67.4666666666667,0.23255132039388,0.072,0.234592966710252
67.5,0.23255132039388,0.072,0.2346849363721
67.5333333333333,0.23255132039388,0.072,0.234750571461651
67.5666666666667,0.23255132039388,0.072,0.234794432116488
67.6,0.23255132039388,0.072,0.234820392278351
67.6333333333333,0.2328125,0.072,0.234831737012913
67.6666666666667,0.2328125,0.072,0.234379245794817
67.7,0.2328125,0.072,0.234004485560542
67.7333333333333,0.2328125,0.072,0.233695795347334
67.7666666666667,0.2328125,0.072,0.233443165647589
67.8,0.2328125,0.072,0.233238011010217
67.8333333333333,0.2328125,0.072,0.233072973498818
67.8666666666667,0.2328125,0.072,0.232941752852417
67.9,0.232863489786784,0.072,0.232838959751358
67.9333333333333,0.232863489786784,0.072,0.232671745524031
67.9666666666667,0.232863489786784,0.072,0.232541450979446
68,0.232863489786784,0.072,0.232442063450912
68.0333333333333,0.232863489786784,0.072,0.232368453207588
68.0666666666667,0.232863489786784,0.072,0.232316249673912
68.1,0.232863489786784,0.072,0.232281734604479
68.1333333333333,0.232792282104492,0.072,0.232261749919997
68.1666666666667,0.232792282104492,0.072,0.232376851105277
68.2,0.232792282104492,0.072,0.232477760774667
68.2333333333333,0.232792282104492,0.072,0.232566285018651
68.2666666666667,0.232792282104492,0.072,0.23264399553403
68.3,0.232792282104492,0.072,0.232712260398017
68.3333333333333,0.232792282104492,0.072,0.232772270774773
68.3666666666667,0.232792282104492,0.072,0.232825064094075
68.4,0.232792282104492,0.072,0.232871544170034
68.4333333333333,0.232884407043457,0.072,0.232912498665579
68.4666666666667,0.232884407043457,0.072,0.232789181707071
68.5,0.232884407043457,0.072,0.23269238908461
68.5333333333333,0.232884407043457,0.072,0.23261783274656
68.5666666666667,0.232884407043457,0.072,0.232561852393032
68.6,0.232884407043457,0.072,0.232521327600796
68.6333333333333,0.232884407043457,0.072,0.232493601976051
68.6666666666667,0.232884407043457,0.072,0.232476417708135
68.7,0.232737477620443,0.072,0.23246785911593
68.7333333333333,0.232737477620443,0.072,0.232720581826666
68.7666666666667,0.232737477620443,0.072,0.232929871322678
68.8,0.232737477620443,0.072,0.233102244441457
68.8333333333333,0.232737477620443,0.072,0.233243295015201
68.8666666666667,0.232737477620443,0.072,0.233357820970084
68.9,0.232926686604818,0.072,0.233449934178445
68.9333333333333,0.232926686604818,0.072,0.233195708000685
68.9666666666667,0.232900238037109,0.072,0.232988786294672
69,0.232900238037109,0.072,0.232867634665561
69.0333333333333,0.232900238037109,0.072,0.232771390700227
69.0666666666667,0.232900238037109,0.072,0.232696080883758
69.1,0.232900238037109,0.072,0.232638310137192
69.1333333333333,0.232900238037109,0.072,0.232595181067763
69.1666666666667,0.232900238037109,0.072,0.232564224255968
69.2,0.232900238037109,0.072,0.232543338087745
69.2333333333333,0.23276907602946,0.072,0.232530736840432
69.2666666666667,0.23276907602946,0.072,0.232751896481276
69.3,0.23276907602946,0.072,0.232934743815404
69.3333333333333,0.23276907602946,0.072,0.233085044878936
69.3666666666667,0.23276907602946,0.072,0.233207747878983
69.4,0.23276907602946,0.072,0.233307095891567
69.4333333333333,0.23276907602946,0.072,0.233386724260782
69.4666666666667,0.23276907602946,0.072,0.23344974475936
69.5,0.232932154337565,0.072,0.233498818294548
69.5333333333333,0.232932154337565,0.072,0.233253992387102
69.5666666666667,0.232932154337565,0.072,0.233053890053998
69.6,0.232932154337565,0.072,0.232891647753005
69.6333333333333,0.232932154337565,0.072,0.232761384192636
69.6666666666667,0.232864570617676,0.072,0.232658064363162
69.7,0.232864570617676,0.072,0.232694343282869
69.7333333333333,0.232864570617676,0.072,0.232727011851123
69.7666666666667,0.232724952697754,0.072,0.232756460005023
69.8,0.232724952697754,0.072,0.233024656987647
69.8333333333333,0.232724952697754,0.072,0.23324365911999
69.8666666666667,0.232724952697754,0.072,0.233421027120027
69.9,0.232724952697754,0.072,0.23356323896971
69.9333333333333,0.232724952697754,0.072,0.233675839843131
69.9666666666667,0.232724952697754,0.072,0.233763571629593
70,0.232724952697754,0.072,0.23383048480318
70.0333333333333,0.232804997762044,0.072,0.233880035021225
70.0666666666667,0.232737477620443,0.072,0.233776639545891
70.1,0.232737477620443,0.072,0.233804911715297
70.1333333333333,0.232737477620443,0.072,0.233823400199939
70.1666666666667,0.232737477620443,0.072,0.233833857752846
70.2,0.232737477620443,0.072,0.233837770015189
70.2333333333333,0.232737477620443,0.072,0.233836393621534
70.2666666666667,0.232737477620443,0.072,0.233830789038783
70.3,0.232964706420898,0.072,0.2338218488548
70.3333333333333,0.232964706420898,0.072,0.233417077191781
70.3666666666667,0.232964706420898,0.072,0.233086226759964
70.4,0.232964706420898,0.072,0.232817954285052
70.4333333333333,0.2328125,0.072,0.232602539771967
70.4666666666667,0.2328125,0.072,0.232695072101654
70.5,0.2328125,0.072,0.232774195892346
70.5333333333333,0.2328125,0.072,0.232841778769046
70.5666666666667,0.232818285624186,0.072,0.232899433390673
70.6,0.232818285624186,0.072,0.232938539216922
70.6333333333333,0.232818285624186,0.072,0.23297224240181
70.6666666666667,0.232818285624186,0.072,0.233001277349805
70.7,0.232818285624186,0.072,0.233026279497382
70.7333333333333,0.232818285624186,0.072,0.233047798586827
70.7666666666667,0.232818285624186,0.072,0.233066310164375
70.8,0.232818285624186,0.072,0.233082225539884
70.8333333333333,0.232901128133138,0.072,0.233095900413564
70.8666666666667,0.232697359720866,0.072,0.232964274087475
70.9,0.232697359720866,0.072,0.233211289426879
70.9333333333333,0.232697359720866,0.072,0.233412159504487
70.9666666666667,0.232697359720866,0.072,0.233574021628433
71,0.232697359720866,0.072,0.233702988077525
71.0333333333333,0.232697359720866,0.072,0.233804288241862
71.0666666666667,0.232697359720866,0.072,0.233882391403648
71.1,0.232697359720866,0.072,0.233941112769916
71.1333333333333,0.232697359720866,0.072,0.23398370501835
71.1666666666667,0.232697359720866,0.072,0.234012937313827
71.2,0.232697359720866,0.072,0.234031163490341
71.2333333333333,0.232697359720866,0.072,0.234040380865203
71.2666666666667,0.232697359720866,0.072,0.234042280955198
71.3,0.232697359720866,0.072,0.234038293193513
71.3333333333333,0.232697359720866,0.072,0.234029622598346
71.3666666666667,0.232879257202148,0.072,0.234017282215989
71.4,0.232732391357422,0.072,0.233687327041831
71.4333333333333,0.232732391357422,0.072,0.233670171128976
71.4666666666667,0.232732391357422,0.072,0.233653693430799
71.5,0.232732391357422,0.072,0.233637923464373
71.5333333333333,0.232732391357422,0.072,0.233622877870934
71.5666666666667,0.232732391357422,0.072,0.233608562799029
71.6,0.232732391357422,0.072,0.233594975920236
71.6333333333333,0.232828140258789,0.072,0.233582108130159
71.6666666666667,0.232828140258789,0.072,0.23340424075894
71.7,0.232828140258789,0.072,0.23325903402297
71.7333333333333,0.232828140258789,0.072,0.23314146645101
71.7666666666667,0.232828140258789,0.072,0.233047235795683
71.8,0.232828140258789,0.072,0.232972659432963
71.8333333333333,0.232828140258789,0.072,0.232914588317806
71.8666666666667,0.232828140258789,0.072,0.232870332667872
71.9,0.23276907602946,0.072,0.232837597792533
71.9333333333333,0.23276907602946,0.072,0.23291664597537
71.9666666666667,0.23276907602946,0.072,0.232983872799914
72,0.23276907602946,0.072,0.233040949972138
72.0333333333333,0.23276907602946,0.072,0.233089319183882
72.0666666666667,0.23276907602946,0.072,0.233130223312098
72.1,0.23276907602946,0.072,0.23316473341864
72.1333333333333,0.232666524251302,0.072,0.233193772113474
72.1666666666667,0.232956695556641,0.072,0.23339561113193
72.2,0.232956695556641,0.072,0.233057036365486
72.2333333333333,0.232956695556641,0.072,0.232783065204393
72.2666666666667,0.232956695556641,0.072,0.232563633349247
72.3,0.232956695556641,0.072,0.232390126520026
72.3333333333333,0.232956695556641,0.072,0.232255179061921
72.3666666666667,0.232956695556641,0.072,0.232152500004349
72.4,0.232956695556641,0.072,0.232076722867956
72.4333333333333,0.232777341206868,0.072,0.23202327601178
72.4666666666667,0.232777341206868,0.072,0.232298663577436
72.5,0.232777341206868,0.072,0.232529296493073
72.5333333333333,0.232777341206868,0.072,0.232721741036385
72.5666666666667,0.232777341206868,0.072,0.232881643335224
72.6,0.232777341206868,0.072,0.233013855381963
72.6333333333333,0.232777341206868,0.072,0.233122543997928
72.6666666666667,0.232777341206868,0.072,0.233211285039679
72.7,0.232777341206868,0.072,0.233283144832028
72.7333333333333,0.232872454325358,0.072,0.233340750546703
72.7666666666667,0.232872454325358,0.072,0.233221747087751
72.8,0.232872454325358,0.072,0.233124423682415
72.8333333333333,0.232872454325358,0.072,0.233045456386975
72.8666666666667,0.232872454325358,0.072,0.232981996744239
72.9,0.232828140258789,0.072,0.232931605978284
72.9333333333333,0.232828140258789,0.072,0.23296888860887
72.9666666666667,0.232828140258789,0.072,0.233000573615845
73,0.232709566752116,0.072,0.233027454053493
73.0333333333333,0.232709566752116,0.072,0.233255418516949
73.0666666666667,0.232709566752116,0.072,0.233440254993893
73.1,0.232709566752116,0.072,0.233588662923793
73.1333333333333,0.232709566752116,0.072,0.233706377750162
73.1666666666667,0.232709566752116,0.072,0.233798304725804
73.2,0.232709566752116,0.072,0.233868634484373
73.2333333333333,0.232871055603027,0.072,0.2339209428387
73.2666666666667,0.232871055603027,0.072,0.233678802353286
73.3,0.232871055603027,0.072,0.233478208371246
73.3333333333333,0.232871055603027,0.072,0.23331293107676
73.3666666666667,0.232871055603027,0.072,0.233177622746707
73.4,0.232871055603027,0.072,0.233067696303397
73.4333333333333,0.232871055603027,0.072,0.232979220346121
73.4666666666667,0.232871055603027,0.072,0.23290882844302
73.5,0.232901128133138,0.072,0.232853640762189
73.5333333333333,0.232901128133138,0.072,0.232759152489687
73.5666666666667,0.232901128133138,0.072,0.232685349521492
73.6,0.232901128133138,0.072,0.232628871057479
73.6333333333333,0.232901128133138,0.072,0.232586849331251
73.6666666666667,0.232552083333333,0.072,0.232556840523644
73.7,0.232552083333333,0.072,0.23314082634192
73.7333333333333,0.232552083333333,0.072,0.233616418216726
73.7666666666667,0.232841237386068,0.072,0.234000344183666
73.8,0.232841237386068,0.072,0.233806518722788
73.8333333333333,0.232841237386068,0.072,0.2336441767394
73.8666666666667,0.232841237386068,0.072,0.233508700049558
73.9,0.232841237386068,0.072,0.233396117560971
73.9333333333333,0.232841237386068,0.072,0.233303016658631
73.9666666666667,0.232841237386068,0.072,0.233226466579767
74,0.232841237386068,0.072,0.233163952166575
74.0333333333333,0.232907358805339,0.072,0.233113316601014
74.0666666666667,0.232791646321615,0.072,0.232958281375099
74.1,0.232791646321615,0.072,0.233034029304406
74.1333333333333,0.232791646321615,0.072,0.23309686025409
74.1666666666667,0.232791646321615,0.072,0.233148706473945
74.2,0.232791646321615,0.072,0.233191226929037
74.2333333333333,0.232791646321615,0.072,0.233225844904257
74.2666666666667,0.232791646321615,0.072,0.233253780507981
74.3,0.232841237386068,0.072,0.233276078761434
74.3333333333333,0.232841237386068,0.072,0.233207810964959
74.3666666666667,0.232841237386068,0.072,0.233152124915932
74.4,0.232841237386068,0.072,0.233107083710755
74.4333333333333,0.232841237386068,0.072,0.233071028029506
74.4666666666667,0.232880465189616,0.072,0.233042537684013
74.5,0.232880465189616,0.072,0.232952510283086
74.5333333333333,0.232880465189616,0.072,0.232880896708946
74.5666666666667,0.232758522033691,0.072,0.232824763998578
74.6,0.232758522033691,0.072,0.232992642181599
74.6333333333333,0.232758522033691,0.072,0.233130633828948
74.6666666666667,0.232758522033691,0.072,0.233243283036097
74.7,0.232758522033691,0.072,0.233334486337022
74.7333333333333,0.232758522033691,0.072,0.233407582152538
74.7666666666667,0.232758522033691,0.072,0.233465428080616
74.8,0.232758522033691,0.072,0.233510467667025
74.8333333333333,0.2328125,0.072,0.233544788074883
74.8666666666667,0.2328125,0.072,0.233476754951936
74.9,0.2328125,0.072,0.233419325720324
74.9333333333333,0.2328125,0.072,0.233370972279084
74.9666666666667,0.2328125,0.072,0.233330378789653
75,0.2328125,0.072,0.233296412739493
75.0333333333333,0.2328125,0.072,0.233268099911218
75.0666666666667,0.2328125,0.072,0.23324460273295
75.1,0.232877031962077,0.072,0.233225201555813
75.1333333333333,0.232877031962077,0.072,0.2330975986615
75.1666666666667,0.232877031962077,0.072,0.232994493615451
75.2,0.232877031962077,0.072,0.232912062203856
75.2333333333333,0.23274834950765,0.072,0.232847031686575
75.2666666666667,0.23274834950765,0.072,0.23301930359957
75.3,0.23274834950765,0.072,0.233160816794215
75.3333333333333,0.23274834950765,0.072,0.233276253000425
75.3666666666667,0.232926686604818,0.072,0.233369626444516
75.4,0.232926686604818,0.072,0.233135743710981
75.4333333333333,0.232926686604818,0.072,0.232945734783833
75.4666666666667,0.232926686604818,0.072,0.232792804007064
75.5,0.232926686604818,0.072,0.232671132309031
75.5333333333333,0.232926686604818,0.072,0.232575741736684
75.5666666666667,0.232926686604818,0.072,0.232502378443535
75.6,0.232926686604818,0.072,0.2324474116417
75.6333333333333,0.232697486877441,0.072,0.232407746362434
75.6666666666667,0.232697486877441,0.072,0.232777404013768
75.7,0.232697486877441,0.072,0.233080950413391
75.7333333333333,0.232697486877441,0.072,0.233328454349354
75.7666666666667,0.232697486877441,0.072,0.233528548640384
75.8,0.232697486877441,0.072,0.233688628564877
75.8333333333333,0.232697486877441,0.072,0.23381502331344
75.8666666666667,0.232697486877441,0.072,0.233913144100559
75.9,0.232864379882812,0.072,0.233987612083308
75.9333333333333,0.232864379882812,0.072,0.233753541733979
75.9666666666667,0.232864379882812,0.072,0.233558850016364
76,0.232862663269043,0.072,0.233397677546157
76.0333333333333,0.232862663269043,0.072,0.233267962367833
76.0666666666667,0.232862663269043,0.072,0.233161840725747
76.1,0.232862663269043,0.072,0.233075697376513
76.1333333333333,0.232804934183757,0.072,0.233006434099079
76.1666666666667,0.232804934183757,0.072,0.233051304812309
76.2,0.232804934183757,0.072,0.233088855608075
76.2333333333333,0.232804934183757,0.072,0.233120162141076
76.2666666666667,0.232804934183757,0.072,0.233146149216738
76.3,0.232804934183757,0.072,0.233167611458153
76.3333333333333,0.232804934183757,0.072,0.233185231176152
76.3666666666667,0.232804934183757,0.072,0.233199593818507
76.4,0.232792282104492,0.072,0.233211201323889
76.4333333333333,0.232792282104492,0.072,0.233242379505891
76.4666666666667,0.232792282104492,0.072,0.233267375433201
76.5,0.232792282104492,0.072,0.233287164353237
76.5333333333333,0.232792282104492,0.072,0.233302580229522
76.5666666666667,0.232792282104492,0.072,0.233314335418123
76.6,0.232792282104492,0.072,0.233323037658072
76.6333333333333,0.232792282104492,0.072,0.233329204738542
76.6666666666667,0.232854398091634,0.072,0.233333277156873
76.7,0.232854398091634,0.072,0.233228130351358
76.7333333333333,0.232854398091634,0.072,0.233142323325582
76.7666666666667,0.23255132039388,0.072,0.23307288089753
76.8,0.23255132039388,0.072,0.233541764107706
76.8333333333333,0.23255132039388,0.072,0.233921070862879
76.8666666666667,0.23255132039388,0.072,0.234224761526328
76.9,0.23255132039388,0.072,0.234464784753486
76.9333333333333,0.232697486877441,0.072,0.234651356924297
76.9666666666667,0.232697486877441,0.072,0.234540245976536
77,0.232697486877441,0.072,0.23444066345155
77.0333333333333,0.232697486877441,0.072,0.234351317177878
77.0666666666667,0.232697486877441,0.072,0.234271069015976
77.1,0.232697486877441,0.072,0.234198915681469
77.1333333333333,0.232697486877441,0.072,0.234133972023872
77.1666666666667,0.232697486877441,0.072,0.234075456440943
77.2,0.232605934143066,0.072,0.234022678150923
77.2333333333333,0.232605934143066,0.072,0.234133468364558
77.2666666666667,0.232605934143066,0.072,0.234218270421396
77.3,0.232605934143066,0.072,0.234281385409853
77.3333333333333,0.232605934143066,0.072,0.234326478628069
77.3666666666667,0.232605934143066,0.072,0.234356669000388
77.4,0.232605934143066,0.072,0.234374606225474
77.4333333333333,0.232605934143066,0.072,0.234382537317631
77.4666666666667,0.232936795552572,0.072,0.234382363979454
77.5,0.2328125,0.072,0.233803099243745
77.5333333333333,0.232907358805339,0.072,0.233544284446151
77.5666666666667,0.232907358805339,0.072,0.233169000195866
77.6,0.232907358805339,0.072,0.232865745596301
77.6333333333333,0.232907358805339,0.072,0.232623277525711
77.6666666666667,0.232907358805339,0.072,0.232431974121643
77.7,0.232907358805339,0.072,0.23228360950654
77.7333333333333,0.232854398091634,0.072,0.232171159228688
77.7666666666667,0.232854398091634,0.072,0.232180286732172
77.8,0.232854398091634,0.072,0.232196549157587
77.8333333333333,0.232854398091634,0.072,0.232218372666466
77.8666666666667,0.232854398091634,0.072,0.232244439665044
77.9,0.232854398091634,0.072,0.232273651179871
77.9333333333333,0.232854398091634,0.072,0.232305094507797
77.9666666666667,0.232854398091634,0.072,0.232338015417846
78,0.232792218526204,0.072,0.232371794280295
78.0333333333333,0.232792218526204,0.072,0.232513534300174
78.0666666666667,0.232792218526204,0.072,0.232634453428625
78.1,0.232792218526204,0.072,0.232737471058482
78.1333333333333,0.232792218526204,0.072,0.232825106651189
78.1666666666667,0.232792218526204,0.072,0.232899533856954
78.2,0.232792218526204,0.072,0.232962627359548
78.2333333333333,0.232792218526204,0.072,0.233016003420234
78.2666666666667,0.232841237386068,0.072,0.233061054965019
78.3,0.232841237386068,0.072,0.233014149307472
78.3333333333333,0.232697486877441,0.072,0.232977521796025
78.3666666666667,0.232697486877441,0.072,0.233198278466031
78.4,0.232697486877441,0.072,0.233378213298591
78.4333333333333,0.232697486877441,0.072,0.233523617988056
78.4666666666667,0.232697486877441,0.072,0.233639882071672
78.5,0.232697486877441,0.072,0.233731617932648
78.5333333333333,0.232675361633301,0.072,0.233802768784691
78.5666666666667,0.232675361633301,0.072,0.23389499215175
78.6,0.232675361633301,0.072,0.233965481188213
78.6333333333333,0.232675361633301,0.072,0.234017837262992
78.6666666666667,0.232675361633301,0.072,0.234055129129798
78.7,0.232675361633301,0.072,0.234079967850611
78.7333333333333,0.232675361633301,0.072,0.234094571438042
78.7666666666667,0.232675361633301,0.072,0.234100820609151
78.8,0.232781537373861,0.072,0.234100306855921
78.8333333333333,0.232781537373861,0.072,0.233910624838732
78.8666666666667,0.232781537373861,0.072,0.233752111736221
78.9,0.232781537373861,0.072,0.233620173574409
78.9333333333333,0.232781537373861,0.072,0.233510861564616
78.9666666666667,0.232781537373861,0.072,0.233420783644767
79,0.232781537373861,0.072,0.233347027996605
79.0333333333333,0.232781537373861,0.072,0.2332870969285
79.0666666666667,0.232768058776855,0.072,0.233238849729278
79.1,0.232758522033691,0.072,0.23322377951035
79.1333333333333,0.232758522033691,0.072,0.233228995199063
79.1666666666667,0.232758522033691,0.072,0.23323417138313
79.2,0.232758522033691,0.072,0.233239264440407
79.2333333333333,0.232758522033691,0.072,0.233244240209041
79.2666666666667,0.232758522033691,0.072,0.233249072454488
79.3,0.232758522033691,0.072,0.233253741561171
79.3333333333333,0.232841237386068,0.072,0.233258233417332
79.3666666666667,0.232841237386068,0.072,0.233119390264227
79.4,0.232841237386068,0.072,0.233007976631075
79.4333333333333,0.232841237386068,0.072,0.23291967060719
79.4666666666667,0.232841237386068,0.072,0.232850776076088
79.5,0.232841237386068,0.072,0.232798135583805
79.5333333333333,0.232841237386068,0.072,0.232759055099996
79.5666666666667,0.232841237386068,0.072,0.232731239065593
79.6,0.2328125,0.072,0.232712734336492
79.6333333333333,0.2328125,0.072,0.232751615091786
79.6666666666667,0.2328125,0.072,0.2327871446812
79.7,0.2328125,0.072,0.232819633307954
79.7333333333333,0.2328125,0.072,0.232849359997812
79.7666666666667,0.2328125,0.072,0.232876575997081
79.8,0.2328125,0.072,0.232901507774114
79.8333333333333,0.2328125,0.072,0.232924359672974
79.8666666666667,0.232983462015788,0.072,0.232945316261725
79.9,0.232983462015788,0.072,0.232668675454523
79.9333333333333,0.232983462015788,0.072,0.232447548640072
79.9666666666667,0.232983462015788,0.072,0.232273145462399
80,0.232983462015788,0.072,0.232137951104952
80.0333333333333,0.232983462015788,0.072,0.232035548504838
80.0666666666667,0.232983462015788,0.072,0.231960464846787
80.1,0.232983462015788,0.072,0.231908039056696
80.1333333333333,0.232792218526204,0.072,0.23187430745513
80.1666666666667,0.232792218526204,0.072,0.232186873437596
80.2,0.232792218526204,0.072,0.232448053181951
80.2333333333333,0.232792218526204,0.072,0.232665421984953
80.2666666666667,0.232792218526204,0.072,0.232845491155049
80.3,0.232792218526204,0.072,0.232993853898585
80.3333333333333,0.232792218526204,0.072,0.233115311454806
80.3666666666667,0.232792218526204,0.072,0.23321398213548
80.4,0.2328125,0.072,0.233293395569207
80.4333333333333,0.2328125,0.072,0.23332147477535
80.4666666666667,0.2328125,0.072,0.233342677464379
80.5,0.2328125,0.072,0.233358153997172
80.5333333333333,0.2328125,0.072,0.233368883949695
80.5666666666667,0.2328125,0.072,0.233375700181505
80.6,0.2328125,0.072,0.233379309598421
80.6333333333333,0.232781537373861,0.072,0.233380311057377
80.6666666666667,0.2328125,0.072,0.233432795101067
80.7,0.2328125,0.072,0.233419680334697
80.7333333333333,0.2328125,0.072,0.233406866634622
80.7666666666667,0.2328125,0.072,0.233394421754109
80.8,0.2328125,0.072,0.233382396370604
80.8333333333333,0.2328125,0.072,0.233370826961929
80.8666666666667,0.2328125,0.072,0.233359738254306
80.9,0.2328125,0.072,0.233349145302626
80.9333333333333,0.232719612121582,0.072,0.233339055255094
80.9666666666667,0.232719612121582,0.072,0.233490221746955
81,0.232719612121582,0.072,0.233610868292141
81.0333333333333,0.232719612121582,0.072,0.233705836734717
81.0666666666667,0.232719612121582,0.072,0.233779265759457
81.1,0.232719612121582,0.072,0.233834688938184
81.1333333333333,0.232719612121582,0.072,0.233875119383376
81.1666666666667,0.232719612121582,0.072,0.233903122818569
81.2,0.232616170247396,0.072,0.233920880632073
81.2333333333333,0.232804107666016,0.072,0.234109262044057
81.2666666666667,0.232804107666016,0.072,0.233931027298036
81.3,0.232804107666016,0.072,0.23378091065886
81.3333333333333,0.232804107666016,0.072,0.233654838556818
81.3666666666667,0.232804107666016,0.072,0.233549304750797
81.4,0.232804107666016,0.072,0.233461292881749
81.4333333333333,0.232804107666016,0.072,0.233388209486734
81.4666666666667,0.232804107666016,0.072,0.233327826068778
81.5,0.232804107666016,0.072,0.233278229005824
81.5333333333333,0.232804107666016,0.072,0.233237776245004
81.5666666666667,0.232804107666016,0.072,0.233205059869569
81.6,0.232804107666016,0.072,0.233178873748115
81.6333333333333,0.232804107666016,0.072,0.233158185581671
81.6666666666667,0.232664680480957,0.072,0.233142112755966
81.7,0.232664680480957,0.072,0.233371195879431
81.7333333333333,0.232664680480957,0.072,0.233556936990335
81.7666666666667,0.232664680480957,0.072,0.23370606890018
81.8,0.232664680480957,0.072,0.233824355614511
81.8333333333333,0.232664680480957,0.072,0.233916726806361
81.8666666666667,0.232664680480957,0.072,0.233987393964906
81.9,0.232664680480957,0.072,0.234039950692097
81.9333333333333,0.232823689778646,0.072,0.2340774592881
81.9666666666667,0.232823689778646,0.072,0.233827342041296
82,0.232823689778646,0.072,0.233620095910336
82.0333333333333,0.232823689778646,0.072,0.233449295007313
82.0666666666667,0.232823689778646,0.072,0.233309423130208
82.1,0.232823689778646,0.072,0.233195748528438
82.1333333333333,0.232823689778646,0.072,0.233104215660233
82.1666666666667,0.232801628112793,0.072,0.233031351654346
82.2,0.232578976949056,0.072,0.23301236568432
82.2333333333333,0.232578976949056,0.072,0.233384494106555
82.2666666666667,0.232578976949056,0.072,0.233687046297207
82.3,0.232578976949056,0.072,0.233930786751277
82.3333333333333,0.232578976949056,0.072,0.234124933813826
82.3666666666667,0.232578976949056,0.072,0.234277374098105
82.4,0.232578976949056,0.072,0.234394847698575
82.4333333333333,0.232578976949056,0.072,0.234483108138751
82.4666666666667,0.232697486877441,0.072,0.234547060465051
82.5,0.232697486877441,0.072,0.23438578570665
82.5333333333333,0.232697486877441,0.072,0.23424750337534
82.5666666666667,0.232697486877441,0.072,0.23412903682128
82.6,0.232697486877441,0.072,0.234027641220862
82.6333333333333,0.232697486877441,0.072,0.233940945383254
82.6666666666667,0.232697486877441,0.072,0.233866901362029
82.7,0.232697486877441,0.072,0.233803740827783
82.7333333333333,0.232697486877441,0.072,0.233749937297093
82.7666666666667,0.232697486877441,0.072,0.233704173434053
82.8,0.232697486877441,0.072,0.233665312745318
82.8333333333333,0.232697486877441,0.072,0.233632375080342
82.8666666666667,0.232697486877441,0.072,0.233604515427126
82.9,0.232697486877441,0.072,0.233581005561933
82.9333333333333,0.232697486877441,0.072,0.233561218170431
82.9666666666667,0.232697486877441,0.072,0.233544613108903
83,0.232701365152995,0.072,0.233530725518494
83.0333333333333,0.232701365152995,0.072,0.233512443752649
83.0666666666667,0.232701365152995,0.072,0.233497430977596
83.1,0.232701365152995,0.072,0.233485189357357
83.1333333333333,0.232701365152995,0.072,0.233475292053096
83.1666666666667,0.232701365152995,0.072,0.233467373412555
83.2,0.232701365152995,0.072,0.233461120493218
83.2333333333333,0.232701365152995,0.072,0.23345626573948
83.2666666666667,0.2328125,0.072,0.23345258065816
83.3,0.2328125,0.072,0.233257539030571
83.3333333333333,0.2328125,0.072,0.23310041878128
83.3666666666667,0.2328125,0.072,0.232975275573137
83.4,0.2328125,0.072,0.232877023846323
83.4333333333333,0.2328125,0.072,0.232801317380518
83.4666666666667,0.2328125,0.072,0.232744446149895
83.5,0.2328125,0.072,0.232703247271127
83.5333333333333,0.232637786865234,0.072,0.232675028139997
83.5666666666667,0.232637786865234,0.072,0.232959860798337
83.6,0.232637786865234,0.072,0.233195098585486
83.6333333333333,0.232637786865234,0.072,0.233388220044662
83.6666666666667,0.232637786865234,0.072,0.233545642040083
83.7,0.232637786865234,0.072,0.233672866124681
83.7333333333333,0.232637786865234,0.072,0.233774605033576
83.7666666666667,0.232641537984212,0.072,0.233854891979921
83.8,0.232641537984212,0.072,0.233910683338431
83.8333333333333,0.232641537984212,0.072,0.233952668042118
83.8666666666667,0.232641537984212,0.072,0.233983161606603
83.9,0.232641537984212,0.072,0.234004135435386
83.9333333333333,0.232641537984212,0.072,0.234017265338287
83.9666666666667,0.232641537984212,0.072,0.234023973384219
84,0.232641537984212,0.072,0.234025463991711
84.0333333333333,0.232805315653483,0.072,0.234022755039026
84.0666666666667,0.232805315653483,0.072,0.233733269030599
84.1,0.232805315653483,0.072,0.233495855359511
84.1333333333333,0.232805315653483,0.072,0.233302566739665
84.1666666666667,0.232805315653483,0.072,0.233146590379791
84.2,0.232805315653483,0.072,0.233022091137984
84.2333333333333,0.232805315653483,0.072,0.232924076004838
84.2666666666667,0.232805315653483,0.072,0.232848277040368
84.3,0.232805315653483,0.072,0.232791050275529
84.3333333333333,0.232679176330566,0.072,0.232749288423174
84.3666666666667,0.232679176330566,0.072,0.232938643789416
84.4,0.232679176330566,0.072,0.233096445258824
84.4333333333333,0.232679176330566,0.072,0.233227370077492
84.4666666666667,0.232679176330566,0.072,0.23333543682251
84.5,0.232679176330566,0.072,0.23342409583594
84.5333333333333,0.232641537984212,0.072,0.233496307406283
84.5666666666667,0.232641537984212,0.072,0.233619746728698
84.6,0.232737477620443,0.072,0.233718881128384
84.6333333333333,0.232737477620443,0.072,0.233631501784606
84.6666666666667,0.232737477620443,0.072,0.233558953120428
84.7,0.232737477620443,0.072,0.233499020681214
84.7333333333333,0.232737477620443,0.072,0.233449802940167
84.7666666666667,0.232737477620443,0.072,0.233409668257787
84.8,0.232737477620443,0.072,0.233377217678207
84.8333333333333,0.232737477620443,0.072,0.233351252776859
84.8666666666667,0.232801628112793,0.072,0.233330747879186
84.9,0.232801628112793,0.072,0.233203806433739
84.9333333333333,0.232801628112793,0.072,0.233102121716085
84.9666666666667,0.232801628112793,0.072,0.233021705191406
85,0.232801628112793,0.072,0.232959146413979
85.0333333333333,0.232801628112793,0.072,0.232911532498791
85.0666666666667,0.232801628112793,0.072,0.23287637858741
85.1,0.232792282104492,0.072,0.232851567823038
85.1333333333333,0.232737477620443,0.072,0.232851473865533
85.1666666666667,0.232737477620443,0.072,0.232950117537231
85.2,0.232737477620443,0.072,0.233033543845552
85.2333333333333,0.232737477620443,0.072,0.233103935678886
85.2666666666667,0.232737477620443,0.072,0.233163173402317
85.3,0.232737477620443,0.072,0.233212876049101
85.3333333333333,0.232737477620443,0.072,0.233254436956214
85.3666666666667,0.232737477620443,0.072,0.233289054589516
85.4,0.232737477620443,0.072,0.233317759204308
85.4333333333333,0.232737477620443,0.072,0.233341435900628
85.4666666666667,0.232737477620443,0.072,0.233360844557769
85.5,0.232737477620443,0.072,0.233376637067578
85.5333333333333,0.232737477620443,0.072,0.233389372229956
85.5666666666667,0.232773208618164,0.072,0.233399528625226
85.6,0.232773208618164,0.072,0.233345679233714
85.6333333333333,0.232773208618164,0.072,0.233301942632959
85.6666666666667,0.232773208618164,0.072,0.233266751847497
85.7,0.232773208618164,0.072,0.233238765125657
85.7333333333333,0.232773208618164,0.072,0.233216834695262
85.7666666666667,0.232773208618164,0.072,0.233199979775752
85.8,0.232773208618164,0.072,0.233187363272466
85.8333333333333,0.232583745320638,0.072,0.233178271655885
85.8666666666667,0.232583745320638,0.072,0.233499985098046
85.9,0.232583745320638,0.072,0.23376083021335
85.9333333333333,0.232583745320638,0.072,0.233970262422036
85.9666666666667,0.232583745320638,0.072,0.234136376570526
86,0.232583745320638,0.072,0.234266095783731
86.0333333333333,0.232583745320638,0.072,0.23436533458232
86.0666666666667,0.232833480834961,0.072,0.234439139737639
86.1,0.2328125,0.072,0.234059616531783
86.1333333333333,0.2328125,0.072,0.233782326607015
86.1666666666667,0.2328125,0.072,0.233554022155271
86.2,0.2328125,0.072,0.233367276347991
86.2333333333333,0.2328125,0.072,0.233215719341993
86.2666666666667,0.2328125,0.072,0.233093892373469
86.3,0.2328125,0.072,0.232997121676899
86.3333333333333,0.2328125,0.072,0.232921409557924
86.3666666666667,0.2328125,0.072,0.232863340307413
86.4,0.2328125,0.072,0.232819998954218
86.4333333333333,0.2328125,0.072,0.232788901122896
86.4666666666667,0.2328125,0.072,0.232767932495455
86.5,0.2328125,0.072,0.232755296577829
86.5333333333333,0.2328125,0.072,0.232749469646418
86.5666666666667,0.2328125,0.072,0.232749161901284
86.6,0.232802200317383,0.072,0.232753283983578
86.6333333333333,0.232802200317383,0.072,0.232778742885052
86.6666666666667,0.232802200317383,0.072,0.232803503337226
86.7,0.232802200317383,0.072,0.232827457513413
86.7333333333333,0.232802200317383,0.072,0.23285052694199
86.7666666666667,0.232802200317383,0.072,0.232872657475982
86.8,0.232802200317383,0.072,0.23289381501658
86.8333333333333,0.23284428914388,0.072,0.232913981883865
86.8666666666667,0.232679176330566,0.072,0.232860314304205
86.9,0.232679176330566,0.072,0.233105459614115
86.9333333333333,0.232679176330566,0.072,0.233306350647075
86.9666666666667,0.232679176330566,0.072,0.23346975021872
87,0.232679176330566,0.072,0.233601455167957
87.0333333333333,0.232679176330566,0.072,0.233706429944118
87.0666666666667,0.232679176330566,0.072,0.233788922025437
87.1,0.232679176330566,0.072,0.23385256161798
87.1333333333333,0.23274834950765,0.072,0.233900447755571
87.1666666666667,0.23274834950765,0.072,0.23381551068944
87.2,0.23274834950765,0.072,0.23374281172784
87.2333333333333,0.23274834950765,0.072,0.233680651060394
87.2666666666667,0.23274834950765,0.072,0.233627560591234
87.3,0.23274834950765,0.072,0.233582272665604
87.3333333333333,0.23274834950765,0.072,0.233543692994434
87.3666666666667,0.23274834950765,0.072,0.233510877215053
87.4,0.232655016581217,0.072,0.233483010601281
87.4333333333333,0.232732200622559,0.072,0.233620913606519
87.4666666666667,0.232732200622559,0.072,0.233597713909543
87.5,0.232732200622559,0.072,0.233577113684888
87.5333333333333,0.232732200622559,0.072,0.233558803143461
87.5666666666667,0.232732200622559,0.072,0.23354251105793
87.6,0.232732200622559,0.072,0.233527999825649
87.6333333333333,0.232732200622559,0.072,0.233515061174599
87.6666666666667,0.232732200622559,0.072,0.233503512427785
87.7,0.232732200622559,0.072,0.233493193252645
87.7333333333333,0.232732200622559,0.072,0.233483962831797
87.7666666666667,0.232732200622559,0.072,0.233475697399834
87.8,0.232732200622559,0.072,0.233468288098207
87.8333333333333,0.232732200622559,0.072,0.233461639106541
87.8666666666667,0.232828140258789,0.072,0.233455666014246
87.9,0.232828140258789,0.072,0.233284260091822
87.9333333333333,0.232828140258789,0.072,0.233145428262033
87.9666666666667,0.232828140258789,0.072,0.233034102828767
88,0.232828140258789,0.072,0.232945945788557
88.0333333333333,0.232828140258789,0.072,0.232877247513318
88.0666666666667,0.232828140258789,0.072,0.232824839242056
88.1,0.232828140258789,0.072,0.232786017517982
88.1333333333333,0.232737477620443,0.072,0.23275847895762
88.1666666666667,0.232737477620443,0.072,0.232897165827247
88.2,0.232737477620443,0.072,0.23301323578751
88.2333333333333,0.232737477620443,0.072,0.233110011910026
88.2666666666667,0.232737477620443,0.072,0.233190351271714
88.3,0.232737477620443,0.072,0.233256708795664
88.3333333333333,0.232737477620443,0.072,0.233311192452567
88.3666666666667,0.232707214355469,0.072,0.233355610984116
88.4,0.23276907602946,0.072,0.233443889131174
88.4333333333333,0.23276907602946,0.072,0.233407816605085
88.4666666666667,0.23276907602946,0.072,0.233377827367819
88.5,0.23276907602946,0.072,0.23335301538427
88.5333333333333,0.23276907602946,0.072,0.233332602499668
88.5666666666667,0.23276907602946,0.072,0.233315920861487
88.6,0.23276907602946,0.072,0.233302397724394
88.6333333333333,0.23276907602946,0.072,0.233291542317593
88.6666666666667,0.232877159118652,0.072,0.233282934496851
88.7,0.232877159118652,0.072,0.233089165023132
88.7333333333333,0.232877159118652,0.072,0.232933070338888
88.7666666666667,0.232877159118652,0.072,0.232808744722358
88.8,0.232877159118652,0.072,0.232711135652791
88.8333333333333,0.232877159118652,0.072,0.232635925147998
88.8666666666667,0.232877159118652,0.072,0.232579427288961
88.9,0.232877159118652,0.072,0.232538499745986
88.9333333333333,0.232943598429362,0.072,0.232510467414331
88.9666666666667,0.232943598429362,0.072,0.232378075836718
89,0.232943598429362,0.072,0.232276563299573
89.0333333333333,0.232943598429362,0.072,0.23220082672779
89.0666666666667,0.232943598429362,0.072,0.232146516938669
89.1,0.232943598429362,0.072,0.23210993264587
89.1333333333333,0.232938067118327,0.072,0.232087929004416
89.1666666666667,0.232938067118327,0.072,0.23208741128211
89.2,0.2328125,0.072,0.23209470204243
89.2333333333333,0.2328125,0.072,0.232325491282127
89.2666666666667,0.2328125,0.072,0.232519179598455
89.3,0.2328125,0.072,0.232681185518849
89.3333333333333,0.2328125,0.072,0.23281616993917
89.3666666666667,0.2328125,0.072,0.232928139762014
89.4,0.2328125,0.072,0.233020537521239
89.4333333333333,0.2328125,0.072,0.23309631887577
89.4666666666667,0.232991663614909,0.072,0.233158019603602
89.5,0.232839584350586,0.072,0.232897750762619
89.5333333333333,0.232839584350586,0.072,0.232950457476972
89.5666666666667,0.232839584350586,0.072,0.232994401595961
89.6,0.232839584350586,0.072,0.233030880787393
89.6333333333333,0.232839584350586,0.072,0.233061010057625
89.6666666666667,0.232839584350586,0.072,0.233085746824879
89.7,0.232839584350586,0.072,0.233105912595899
89.7333333333333,0.232839584350586,0.072,0.233122211702823
89.7666666666667,0.232839584350586,0.072,0.233135247495946
89.8,0.232839584350586,0.072,0.233145536334997
89.8333333333333,0.232839584350586,0.072,0.233153519675634
89.8666666666667,0.232839584350586,0.072,0.233159574508047
89.9,0.232839584350586,0.072,0.233164022370104
89.9333333333333,0.232839584350586,0.072,0.233167137127609
89.9666666666667,0.232839584350586,0.072,0.233169151688375
90,0.23276907602946,0.072,0.233170263794414
90.0333333333333,0.23276907602946,0.072,0.23329266358107
90.0666666666667,0.23276907602946,0.072,0.233390924496514
90.1,0.23276907602946,0.072,0.23346884784328
90.1333333333333,0.23276907602946,0.072,0.233529684645232
90.1666666666667,0.23276907602946,0.072,0.233576212255755
90.2,0.23276907602946,0.072,0.233610800510199
90.2333333333333,0.23276907602946,0.072,0.233635468834657
90.2666666666667,0.232792218526204,0.072,0.23365193553355
90.3,0.232792218526204,0.072,0.233621609626006
90.3333333333333,0.232792218526204,0.072,0.233593507841644
90.3666666666667,0.232792218526204,0.072,0.233567469235643
90.4,0.232792218526204,0.072,0.233543344215099
90.4333333333333,0.232792218526204,0.072,0.233520993778792
90.4666666666667,0.232792218526204,0.072,0.233500288802172
90.5,0.232792218526204,0.072,0.233481109365713
90.5333333333333,0.232940038045247,0.072,0.233463344124722
90.5666666666667,0.232940038045247,0.072,0.233191071448977
90.6,0.232940038045247,0.072,0.232969376835745
90.6333333333333,0.232940038045247,0.072,0.232790452544765
90.6666666666667,0.232940038045247,0.072,0.232647611173583
90.7,0.232940038045247,0.072,0.232535130368077
90.7333333333333,0.232940038045247,0.072,0.232448118678828
90.7666666666667,0.232940038045247,0.072,0.232382399711056
90.8,0.232940038045247,0.072,0.232334412098597
90.8333333333333,0.232940038045247,0.072,0.232301123163901
90.8666666666667,0.232940038045247,0.072,0.232279954413239
90.9,0.232940038045247,0.072,0.232268717264984
90.9333333333333,0.232940038045247,0.072,0.232265557624282
90.9666666666667,0.232940038045247,0.072,0.232268908103936
91,0.232940038045247,0.072,0.23227744685294
91.0333333333333,0.232839584350586,0.072,0.232290062093946
91.0666666666667,0.232839584350586,0.072,0.23247966798617
91.1,0.232839584350586,0.072,0.232638093455598
91.1333333333333,0.232839584350586,0.072,0.232769935624928
91.1666666666667,0.232839584350586,0.072,0.232879145891402
91.2,0.232839584350586,0.072,0.232969118466496
91.2333333333333,0.232839584350586,0.072,0.233042766928229
91.2666666666667,0.232839584350586,0.072,0.23310259039798
91.3,0.232957077026367,0.072,0.233150730737779
91.3333333333333,0.232957077026367,0.072,0.232985687713562
91.3666666666667,0.232957077026367,0.072,0.232851600236267
91.4,0.232957077026367,0.072,0.232743673820161
91.4333333333333,0.232957077026367,0.072,0.232657802965441
91.4666666666667,0.232957077026367,0.072,0.232590475587451
91.5,0.232957077026367,0.072,0.232538690464892
91.5333333333333,0.2328125,0.072,0.232499885950579
91.5666666666667,0.232878430684408,0.072,0.232722085196181
91.6,0.232878430684408,0.072,0.232790841911514
91.6333333333333,0.232878430684408,0.072,0.232848243338372
91.6666666666667,0.232878430684408,0.072,0.232895966578721
91.7,0.232878430684408,0.072,0.232935452966891
91.7333333333333,0.232878430684408,0.072,0.232967940411178
91.7666666666667,0.232878430684408,0.072,0.232994491355696
91.8,0.232878430684408,0.072,0.233016016951497
91.8333333333333,0.232745488484701,0.072,0.233033297947047
91.8666666666667,0.232745488484701,0.072,0.233277074138455
91.9,0.232745488484701,0.072,0.233473450774446
91.9333333333333,0.232745488484701,0.072,0.233629858082741
91.9666666666667,0.232745488484701,0.072,0.233752652838126
92,0.232745488484701,0.072,0.233847267657769
92.0333333333333,0.232745488484701,0.072,0.233918339930742
92.0666666666667,0.232745488484701,0.072,0.233969823131454
92.1,0.232804107666016,0.072,0.23400508289752
92.1333333333333,0.232804107666016,0.072,0.23392553285985
92.1666666666667,0.232804107666016,0.072,0.233854622784719
92.2,0.232804107666016,0.072,0.233791347266966
92.2333333333333,0.232804107666016,0.072,0.233734824029292
92.2666666666667,0.232804107666016,0.072,0.233684278319594
92.3,0.232839584350586,0.072,0.233639029327966
92.3333333333333,0.232839584350586,0.072,0.233537081973851
92.3666666666667,0.232737477620443,0.072,0.233451152914894
92.4,0.232737477620443,0.072,0.233555632763601
92.4333333333333,0.232737477620443,0.072,0.233637722430738
92.4666666666667,0.232737477620443,0.072,0.233701037810364
92.5,0.232737477620443,0.072,0.233748665679912
92.5333333333333,0.232737477620443,0.072,0.233783237752057
92.5666666666667,0.232737477620443,0.072,0.233806994591895
92.6,0.232737477620443,0.072,0.233821840770206
92.6333333333333,0.232789103190104,0.072,0.233829392439318
92.6666666666667,0.232708422342936,0.072,0.233741674515559
92.7,0.232708422342936,0.072,0.233806054784085
92.7333333333333,0.232708422342936,0.072,0.233854242682044
92.7666666666667,0.232708422342936,0.072,0.233888964283969
92.8,0.232708422342936,0.072,0.233912539919263
92.8333333333333,0.232708422342936,0.072,0.233926941422057
92.8666666666667,0.232708422342936,0.072,0.233933841512935
92.9,0.2328125,0.072,0.233934656379099
92.9333333333333,0.2328125,0.072,0.233750464308325
92.9666666666667,0.2328125,0.072,0.233597147423022
93,0.2328125,0.072,0.233470118246859
93.0333333333333,0.2328125,0.072,0.233365436057254
93.0666666666667,0.2328125,0.072,0.233279718036066
93.1,0.23288319905599,0.072,0.233210062461814
93.1333333333333,0.23288319905599,0.072,0.233031629671344
93.1666666666667,0.232841237386068,0.072,0.232888252037493
93.2,0.232841237386068,0.072,0.232847035341386
93.2333333333333,0.232841237386068,0.072,0.232816631562337
93.2666666666667,0.232841237386068,0.072,0.23279520264564
93.3,0.232841237386068,0.072,0.232781185151421
93.3333333333333,0.232841237386068,0.072,0.232773251437488
93.3666666666667,0.232841237386068,0.072,0.232770276181904
93.4,0.232841237386068,0.072,0.232771307521108
93.4333333333333,0.232947222391764,0.072,0.232775542176846
93.4666666666667,0.232947222391764,0.072,0.232598885080964
93.5,0.232947222391764,0.072,0.23245958062482
93.5333333333333,0.232947222391764,0.072,0.232351619987398
93.5666666666667,0.232947222391764,0.072,0.232269872181372
93.6,0.232947222391764,0.072,0.2322099612949
93.6333333333333,0.232947222391764,0.072,0.232168160527053
93.6666666666667,0.232947222391764,0.072,0.232141300745978
93.7,0.232947222391764,0.072,0.232126691604075
93.7333333333333,0.232947222391764,0.072,0.232122053508706
93.7666666666667,0.232947222391764,0.072,0.232125458975891
93.8,0.232947222391764,0.072,0.232135282092629
93.8333333333333,0.232947222391764,0.072,0.232150154985154
93.8666666666667,0.232947222391764,0.072,0.232168930339044
93.9,0.232947222391764,0.072,0.232190649145826
93.9333333333333,0.232947222391764,0.072,0.232214512962123
93.9666666666667,0.232943598429362,0.072,0.232239860063858
94,0.232959810892741,0.072,0.232272416635268
94.0333333333333,0.232959810892741,0.072,0.232276196481302
94.0666666666667,0.232959810892741,0.072,0.232284497070654
94.1,0.232959810892741,0.072,0.232296341116822
94.1333333333333,0.232959810892741,0.072,0.232310909553302
94.1666666666667,0.232959810892741,0.072,0.232327518356909
94.2,0.232959810892741,0.072,0.232345598616421
94.2333333333333,0.232959810892741,0.072,0.232364679402252
94.2666666666667,0.232959810892741,0.072,0.232384373053001
94.3,0.232959810892741,0.072,0.232404362546718
94.3333333333333,0.232959810892741,0.072,0.232424390669766
94.3666666666667,0.232959810892741,0.072,0.23244425073512
94.4,0.232959810892741,0.072,0.232463778635668
94.4333333333333,0.232959810892741,0.072,0.232482846047238
94.4666666666667,0.232959810892741,0.072,0.232501354621344
94.5,0.232959810892741,0.072,0.232519231029476
94.5333333333333,0.2328125,0.072,0.23253642273961
94.5666666666667,0.2328125,0.072,0.232807832456801
94.6,0.23276621500651,0.072,0.233029307659743
94.6333333333333,0.2328125,0.072,0.233288632267647
94.6666666666667,0.232802200317383,0.072,0.233416728854684
94.7,0.23266487121582,0.072,0.233535030513327
94.7333333333333,0.232954661051432,0.072,0.233864404654446
94.7666666666667,0.2328125,0.072,0.23362416578953
94.8,0.23276907602946,0.072,0.233669508787022
94.8333333333333,0.23276907602946,0.072,0.233776249495781
94.8666666666667,0.23276907602946,0.072,0.233857144832509
94.9,0.23276907602946,0.072,0.233916506449412
94.9333333333333,0.23276907602946,0.072,0.233958006593524
94.9666666666667,0.23276907602946,0.072,0.233984768169636
95,0.23276907602946,0.072,0.233999442436399
95.0333333333333,0.23276907602946,0.072,0.234004276011223
95.0666666666667,0.232762463887533,0.072,0.234001168634201
95.1,0.2328125,0.072,0.234003165999849
95.1333333333333,0.2328125,0.072,0.233911372292385
95.1666666666667,0.2328125,0.072,0.233830566167154
95.2,0.2328125,0.072,0.233759375900364
95.2333333333333,0.2328125,0.072,0.233696605711514
95.2666666666667,0.2328125,0.072,0.233641212822549
95.3,0.2328125,0.072,0.233592287537171
95.3333333333333,0.2328125,0.072,0.23354903594048
95.3666666666667,0.2328125,0.072,0.233510764872262
95.4,0.2328125,0.072,0.233476868873202
95.4333333333333,0.2328125,0.072,0.233446818843278
95.4666666666667,0.2328125,0.072,0.233420152186138
95.5,0.2328125,0.072,0.233396464243292
95.5333333333333,0.2328125,0.072,0.233375400847949
95.5666666666667,0.2328125,0.072,0.233356651850888
95.6,0.232791709899902,0.072,0.233339945490315
95.6333333333333,0.232791709899902,0.072,0.233361023096396
95.6666666666667,0.232791709899902,0.072,0.233376753335896
95.7,0.232791709899902,0.072,0.233388038289263
95.7333333333333,0.232791709899902,0.072,0.233395645665005
95.7666666666667,0.232791709899902,0.072,0.233400227766488
95.8,0.232791709899902,0.072,0.233402337851536
95.8333333333333,0.232791709899902,0.072,0.233402444238276
95.8666666666667,0.232731374104818,0.072,0.233400942463142
95.9,0.232731374104818,0.072,0.233502583621526
95.9333333333333,0.232731374104818,0.072,0.233583081130555
95.9666666666667,0.232731374104818,0.072,0.233645819980099
96,0.232731374104818,0.072,0.233693691653073
96.0333333333333,0.232731374104818,0.072,0.2337291630699
96.0666666666667,0.232731374104818,0.072,0.23375433610608
96.1,0.232731374104818,0.072,0.23377099895723
96.1333333333333,0.23286075592041,0.072,0.233780670454783
96.1666666666667,0.23286075592041,0.072,0.233560728532872
96.2,0.23286075592041,0.072,0.23337937847658
96.2333333333333,0.23286075592041,0.072,0.233230784036387
96.2666666666667,0.23286075592041,0.072,0.233109938608688
96.3,0.23286075592041,0.072,0.233012550779295
96.3333333333333,0.23286075592041,0.072,0.232934945413804
96.3666666666667,0.232952308654785,0.072,0.232873978200588
96.4,0.232730293273926,0.072,0.232668519549855
96.4333333333333,0.232730293273926,0.072,0.232889513541254
96.4666666666667,0.232730293273926,0.072,0.233071860898487
96.5,0.232730293273926,0.072,0.233221398800202
96.5333333333333,0.232730293273926,0.072,0.233343135130291
96.5666666666667,0.232730293273926,0.072,0.233441362852156
96.6,0.232730293273926,0.072,0.233519758849721
96.6333333333333,0.232730293273926,0.072,0.233581469327398
96.6666666666667,0.232833735148112,0.072,0.233629183580709
96.7,0.232833735148112,0.072,0.233486179932113
96.7333333333333,0.232833735148112,0.072,0.233367977654931
96.7666666666667,0.232833735148112,0.072,0.233270842496245
96.8,0.232833735148112,0.072,0.233191569960296
96.8333333333333,0.232833735148112,0.072,0.233127412299731
96.8666666666667,0.232833735148112,0.072,0.233076015418334
96.9,0.232833735148112,0.072,0.233035364350517
96.9333333333333,0.232737477620443,0.072,0.233003736161796
96.9666666666667,0.232737477620443,0.072,0.233146243725532
97,0.232737477620443,0.072,0.233262902790607
97.0333333333333,0.232737477620443,0.072,0.233357670205292
97.0666666666667,0.232737477620443,0.072,0.233433937196476
97.1,0.232737477620443,0.072,0.233494607621305
97.1333333333333,0.2328125,0.072,0.233542165573929
97.1666666666667,0.2328125,0.072,0.233448899133714
97.2,0.232835070292155,0.072,0.233371507870183
97.2333333333333,0.232835070292155,0.072,0.233268558292666
97.2666666666667,0.232835070292155,0.072,0.233184610446721
97.3,0.232835070292155,0.072,0.233116737583817
97.3333333333333,0.232835070292155,0.072,0.233062432494789
97.3666666666667,0.232835070292155,0.072,0.233019549386897
97.4,0.232835070292155,0.072,0.232986253673429
97.4333333333333,0.232835070292155,0.072,0.232960978608692
97.4666666666667,0.232947222391764,0.072,0.232942387844457
97.5,0.232947222391764,0.072,0.232735251311051
97.5333333333333,0.232947222391764,0.072,0.232570145019952
97.5666666666667,0.232947222391764,0.072,0.232440390728975
97.6,0.232947222391764,0.072,0.232340280695103
97.6333333333333,0.232947222391764,0.072,0.232264942306765
97.6666666666667,0.232947222391764,0.072,0.23221022120996
97.7,0.232947222391764,0.072,0.232172580429229
97.7333333333333,0.232866859436035,0.072,0.232149013320133
97.7666666666667,0.232866859436035,0.072,0.232276045595879
97.8,0.232866859436035,0.072,0.23238560265891
97.8333333333333,0.232866859436035,0.072,0.232480054606133
97.8666666666667,0.232866859436035,0.072,0.232561452535001
97.9,0.232880465189616,0.072,0.232631571299378
97.9333333333333,0.232880465189616,0.072,0.232668400264278
97.9666666666667,0.232880465189616,0.072,0.232701357775375
98,0.232949638366699,0.072,0.232730882578444
98.0333333333333,0.232949638366699,0.072,0.23263764874518
98.0666666666667,0.232949638366699,0.072,0.232564807949365
98.1,0.232949638366699,0.072,0.232509047677357
98.1333333333333,0.232949638366699,0.072,0.232467541316552
98.1666666666667,0.232949638366699,0.072,0.232437880071682
98.2,0.232949638366699,0.072,0.232418014204672
98.2333333333333,0.232949638366699,0.072,0.232406202336602
98.2666666666667,0.232637023925781,0.072,0.232400967719884
98.3,0.232818031311035,0.072,0.232942074914974
98.3333333333333,0.232818031311035,0.072,0.233069805444136
98.3666666666667,0.232818031311035,0.072,0.23317329379555
98.4,0.232818031311035,0.072,0.233256309768625
98.4333333333333,0.232818031311035,0.072,0.233322080459288
98.4666666666667,0.232818031311035,0.072,0.233373365606612
98.5,0.232818031311035,0.072,0.233412522670651
98.5333333333333,0.232818031311035,0.072,0.233441563027239
98.5666666666667,0.232818031311035,0.072,0.233462200479525
98.6,0.232818031311035,0.072,0.233475893124872
98.6333333333333,0.232818031311035,0.072,0.233483879476236
98.6666666666667,0.232818031311035,0.072,0.233487209616253
98.7,0.232818031311035,0.072,0.233486772057607
98.7333333333333,0.232818031311035,0.072,0.2334833168926
98.7666666666667,0.232818031311035,0.072,0.233477475736338
98.8,0.232651710510254,0.072,0.233469778899982
98.8333333333333,0.232651710510254,0.072,0.233748506986064
98.8666666666667,0.232651710510254,0.072,0.233970651646943
98.9,0.232651710510254,0.072,0.234145204796827
98.9333333333333,0.232651710510254,0.072,0.234279851540917
98.9666666666667,0.232651710510254,0.072,0.234381152458039
99,0.232651710510254,0.072,0.23445470097955
99.0333333333333,0.232651710510254,0.072,0.234505259229694
99.0666666666667,0.232947222391764,0.072,0.234536875240556
99.1,0.232947222391764,0.072,0.234041567582613
99.1333333333333,0.232947222391764,0.072,0.233632345847894
99.1666666666667,0.232947222391764,0.072,0.233296237854507
99.2,0.232947222391764,0.072,0.233022112405382
99.2333333333333,0.232947222391764,0.072,0.232800425523297
99.2666666666667,0.232947222391764,0.072,0.232623001139911
99.3,0.232947222391764,0.072,0.232482841598813
99.3333333333333,0.232629776000977,0.072,0.232373963954713
99.3666666666667,0.232839902242025,0.072,0.232840635200786
99.4,0.232839902242025,0.072,0.232859464604563
99.4333333333333,0.232839902242025,0.072,0.232877132871277
99.4666666666667,0.232839902242025,0.072,0.23289369423713
99.5,0.232839902242025,0.072,0.232909203203777
99.5333333333333,0.232839902242025,0.072,0.23292371394414
99.5666666666667,0.232839902242025,0.072,0.232937279829101
99.6,0.232839902242025,0.072,0.232949953055847
99.6333333333333,0.232839902242025,0.072,0.23296178436144
99.6666666666667,0.232839902242025,0.072,0.232972822807592
99.7,0.232839902242025,0.072,0.232983115624687
99.7333333333333,0.232839902242025,0.072,0.232992708104882
99.7666666666667,0.232839902242025,0.072,0.233001643535622
99.8,0.232839902242025,0.072,0.233009963166241
99.8333333333333,0.232835070292155,0.072,0.233017706201429
99.8666666666667,0.232835070292155,0.072,0.23303327204792
99.9,0.232835070292155,0.072,0.233046720060553
99.9333333333333,0.232835070292155,0.072,0.233058335776567
99.9666666666667,0.232835070292155,0.072,0.233068366426078
100,0.232835070292155,0.072,0.233077026057256
