0,0.458721923828125,0,0
0.0333333333333333,0.458721923828125,0,0.244497568558674
0.0666666666666667,0.458721923828125,0,0.441816443079374
0.1,0.458721923828125,0,0.59933377196076
0.133333333333333,0.458721923828125,0.0015,0.708362089269276
0.166666666666667,0.458721923828125,0.0045,0.774297300293788
0.2,0.189386304219564,0.009,0.801746485723228
0.233333333333333,0.189386304219564,0.018,1.23075377011804
0.266666666666667,0.189386304219564,0.039,1.4336065109743
0.3,0.189386304219564,0.072,1.42721300408523
0.333333333333333,0.189525413513184,0.1065,1.33102180818118
0.366666666666667,0.189525413513184,0.1425,1.15712426760576
0.4,0.189525413513184,0.177,0.946319556960659
0.433333333333333,0.189525413513184,0.2145,0.662548063170343
0.466666666666667,0.189322916666667,0.252,0.34340760207593
0.5,0.189322916666667,0.2805,0.0856940904957632
0.533333333333333,0.188573582967122,0.294,-0.045553378044404
0.566666666666667,0.188573582967122,0.2985,-0.104417194257996
0.6,0.188573582967122,0.2985,-0.133550234147946
0.633333333333333,0.188573582967122,0.2955,-0.144640720774023
0.666666666666667,0.188573582967122,0.2895,-0.134913545968611
0.7,0.188573582967122,0.279,-0.0870516262756349
0.733333333333333,0.188573582967122,0.27,-0.0591282730893777
0.766666666666667,0.188573582967122,0.2625,-0.0495490690541722
0.8,0.187885475158691,0.2595,-0.0870019467796312
0.833333333333333,0.187885475158691,0.258,-0.139223494702743
0.866666666666667,0.187885475158691,0.258,-0.206764542702492
0.9,0.191448020935059,0.2565,-0.258890623524727
0.933333333333333,0.191448020935059,0.252,-0.286182152965732
0.966666666666667,0.191448020935059,0.243,-0.265824813174874
1,0.191448020935059,0.2325,-0.227650782776255
1.03333333333333,0.191448020935059,0.222,-0.18655344991832
1.06666666666667,0.191448020935059,0.2115,-0.142476356537612
1.1,0.1953125,0.2025,-0.110403832461473
1.13333333333333,0.1953125,0.192,-0.0670409927474067
1.16666666666667,0.1953125,0.1845,-0.0494528041400916
1.2,0.1953125,0.1785,-0.0429050303800291
1.23333333333333,0.1953125,0.1755,-0.0626501830375695
1.26666666666667,0.1953125,0.1725,-0.078927635046088
1.3,0.1953125,0.1695,-0.091963842336267
1.33333333333333,0.1953125,0.168,-0.11697264997232
1.36666666666667,0.1953125,0.1665,-0.139155663022211
1.4,0.223958333333333,0.162,-0.128702665663274
1.43333333333333,0.264157803853353,0.1575,-0.165366904742831
1.46666666666667,0.264157803853353,0.1515,-0.24474472366331
1.5,0.264157803853353,0.1425,-0.270495064329324
1.53333333333333,0.26813227335612,0.1305,-0.246144197524544
1.56666666666667,0.26813227335612,0.12,-0.226598469244032
1.6,0.26813227335612,0.108,-0.176250775273548
1.63333333333333,0.26813227335612,0.0975,-0.127536601973642
1.66666666666667,0.277149264017741,0.0885,-0.0825422149523752
1.7,0.295003890991211,0.081,-0.0586579616034694
1.73333333333333,0.295003890991211,0.075,-0.0696936115319903
1.76666666666667,0.295003890991211,0.069,-0.0655616288605257
1.8,0.295003890991211,0.066,-0.0787089352227123
1.83333333333333,0.295003890991211,0.0645,-0.0962245504087608
1.86666666666667,0.295003890991211,0.063,-0.104889671336913
1.9,0.295003890991211,0.0615,-0.106220898019677
1.93333333333333,0.295003890991211,0.06,-0.101507533362892
1.96666666666667,0.299170112609863,0.06,-0.106843759080576
2,0.299170112609863,0.0555,-0.0703664962816924
2.03333333333333,0.299170112609863,0.0525,-0.0442577042755101
2.06666666666667,0.299170112609863,0.051,-0.0293954344513077
2.1,0.299170112609863,0.051,-0.0265212471006419
2.13333333333333,0.299170112609863,0.051,-0.0212598575312758
2.16666666666667,0.335177357991536,0.051,-0.01413605482381
2.2,0.335177357991536,0.051,-0.0679038446817847
2.23333333333333,0.335177357991536,0.051,-0.108590904822176
2.26666666666667,0.363728396097819,0.051,-0.138381963977133
2.3,0.376837921142578,0.0495,-0.193548387137635
2.33333333333333,0.376837921142578,0.0465,-0.239414625336943
2.36666666666667,0.376837921142578,0.0405,-0.236749245369776
2.4,0.376837921142578,0.0315,-0.188650430186505
2.43333333333333,0.376837921142578,0.024,-0.142756515456672
2.46666666666667,0.376837921142578,0.0165,-0.0863107875427051
2.5,0.376837921142578,0.0105,-0.0362173819870183
2.53333333333333,0.376837921142578,0.006,0.0059105115281569
2.56666666666667,0.376837921142578,0.0045,0.0237090940265359
2.6,0.381464385986328,0.0045,0.0310281486658955
2.63333333333333,0.381464385986328,0.0045,0.0338935804818583
2.66666666666667,0.381464385986328,0.0045,0.0410456830613608
2.7,0.409829648335775,0.0045,0.0515649138381149
2.73333333333333,0.409829648335775,0.0045,0.0155910029493034
2.76666666666667,0.409829648335775,0.0045,-0.0089586201153397
2.8,0.415795962015788,0.0045,-0.0241011982706204
2.83333333333333,0.415795962015788,0.0045,-0.0418735632966129
2.86666666666667,0.424947357177734,0.003,-0.0364071221506953
2.9,0.424947357177734,0.003,-0.0550753600191079
2.93333333333333,0.433958689371745,0.003,-0.0652832908878297
2.96666666666667,0.433958689371745,0.003,-0.0841991451404828
3,0.439687474568685,0.003,-0.0945487253181588
3.03333333333333,0.439687474568685,0.003,-0.107839012208314
3.06666666666667,0.439687474568685,0.003,-0.113589357225576
3.1,0.445521354675293,0.003,-0.113235000105795
3.13333333333333,0.453721555074056,0.0015,-0.103083955725466
3.16666666666667,0.453721555074056,-0.003,-0.0713038265519637
3.2,0.453721555074056,-0.0075,-0.0321265552593991
3.23333333333333,0.453721555074056,-0.009,-0.0169583977516869
3.26666666666667,0.453721555074056,-0.009,-0.0119868064084678
3.3,0.453721555074056,-0.009,-0.00321193705661044
3.33333333333333,0.453721555074056,-0.009,0.00852621889191277
3.36666666666667,0.456555620829264,-0.009,0.0225244808625836
3.4,0.476240984598796,-0.009,0.0332917193985485
3.43333333333333,0.478827635447184,-0.009,0.0121242708732948
3.46666666666667,0.478827635447184,-0.009,-0.00536325088268036
3.5,0.478827635447184,-0.009,-0.0153156664601155
3.53333333333333,0.478827635447184,-0.009,-0.019125497948782
3.56666666666667,0.478827635447184,-0.009,-0.0179706898453088
3.6,0.478827635447184,-0.009,-0.0128453740726352
3.63333333333333,0.478827635447184,-0.009,-0.00458637239697315
3.66666666666667,0.478827635447184,-0.009,0.00610398344031014
3.7,0.478827635447184,-0.009,0.0186382118263595
3.73333333333333,0.481274159749349,-0.009,0.0325267873321728
3.76666666666667,0.49604606628418,-0.009,0.0431296321896654
3.8,0.49604606628418,-0.009,0.0295981480129189
3.83333333333333,0.49604606628418,-0.009,0.0220270902214941
3.86666666666667,0.49604606628418,-0.009,0.0193119483158465
3.9,0.49848477045695,-0.009,0.020518570021344
3.93333333333333,0.49848477045695,-0.009,0.0206382745164121
3.96666666666667,0.49848477045695,-0.009,0.0240425431481545
4,0.501175975799561,-0.009,0.030047427442643
4.03333333333333,0.501534144083659,-0.009,0.0334210753848829
4.06666666666667,0.501534144083659,-0.009,0.0386189158374203
4.1,0.501534144083659,-0.009,0.0458388385012301
4.13333333333333,0.501534144083659,-0.009,0.0546088587517347
4.16666666666667,0.501534144083659,-0.009,0.064535007289883
4.2,0.501534144083659,-0.009,0.0752898038006191
4.23333333333333,0.501534144083659,-0.009,0.0866023512571224
4.26666666666667,0.501586310068766,-0.009,0.098249828538617
4.3,0.501586310068766,-0.009,0.109959910046802
4.33333333333333,0.501586310068766,-0.009,0.121692762039385
4.36666666666667,0.501586310068766,-0.009,0.133327275514415
4.4,0.501586310068766,-0.009,0.14476728997401
4.43333333333333,0.501586310068766,-0.009,0.155937610996386
4.46666666666667,0.501586310068766,-0.009,0.166780607690704
4.5,0.493552589416504,-0.009,0.177253309072819
4.53333333333333,0.48137944539388,-0.009,0.201228184799409
4.56666666666667,0.48137944539388,-0.009,0.243165468023947
4.6,0.48137944539388,-0.009,0.278340124114365
4.63333333333333,0.48137944539388,-0.009,0.307741117083019
4.66666666666667,0.48137944539388,-0.009,0.332219043577442
4.7,0.48137944539388,-0.009,0.352505066753409
4.73333333333333,0.48137944539388,-0.009,0.369227289489931
4.76666666666667,0.48137944539388,-0.009,0.38292491106112
4.8,0.479183355967204,-0.009,0.394060465297042
4.83333333333333,0.479183355967204,-0.009,0.40683097759497
4.86666666666667,0.479183355967204,-0.009,0.41704200137773
4.9,0.479183355967204,-0.009,0.425098660419348
4.93333333333333,0.479183355967204,-0.009,0.431347302248748
4.96666666666667,0.479183355967204,-0.009,0.436083689752643
5,0.479183355967204,-0.009,0.439560074121702
5.03333333333333,0.479183355967204,-0.009,0.441991300265165
5.06666666666667,0.45714963277181,-0.009,0.443560075522144
5.1,0.45714963277181,-0.009,0.48255334608079
5.13333333333333,0.45714963277181,-0.009,0.513612736051029
5.16666666666667,0.45714963277181,-0.009,0.53799993448364
5.2,0.45714963277181,-0.009,0.556793212012374
5.23333333333333,0.45714963277181,-0.0075,0.555913009077913
5.26666666666667,0.441027069091797,-0.0075,0.566144027981929
5.3,0.441027069091797,-0.0075,0.601056207342278
5.33333333333333,0.441027069091797,-0.0075,0.627931454931512
5.36666666666667,0.432070668538411,-0.0075,0.648093439150171
5.4,0.432070668538411,-0.0075,0.678170606999273
5.43333333333333,0.432070668538411,-0.0075,0.70063253316263
5.46666666666667,0.432070668538411,-0.0075,0.716763280503574
5.5,0.432070668538411,-0.006,0.712655675988994
5.53333333333333,0.432070668538411,-0.006,0.719238301571672
5.56666666666667,0.432070668538411,-0.0045,0.707298775024335
5.6,0.432070668538411,-0.0045,0.707503823691653
5.63333333333333,0.426442273457845,-0.0045,0.705416586446123
5.66666666666667,0.426442273457845,-0.0045,0.711252089969137
5.7,0.426442273457845,-0.0045,0.713788820115099
5.73333333333333,0.426442273457845,-0.0045,0.713654495684465
5.76666666666667,0.426442273457845,-0.0045,0.711379135714066
5.8,0.426442273457845,-0.0045,0.707409129903102
5.83333333333333,0.426442273457845,-0.0045,0.702119355182744
5.86666666666667,0.426442273457845,-0.0045,0.695823604742398
5.9,0.41170539855957,-0.0045,0.688783559885006
5.93333333333333,0.41170539855957,-0.0045,0.706720320117957
5.96666666666667,0.41170539855957,-0.0045,0.719388320449577
6,0.41170539855957,-0.0045,0.727704515420251
6.03333333333333,0.394882583618164,-0.0045,0.732447614565699
6.06666666666667,0.394882583618164,-0.0045,0.763391476022298
6.1,0.394882583618164,-0.0045,0.786362870917715
6.13333333333333,0.394882583618164,-0.0045,0.80271150479851
6.16666666666667,0.387760416666667,-0.0045,0.81358575236966
6.2,0.387760416666667,-0.0045,0.832286803776608
6.23333333333333,0.387760416666667,-0.0045,0.844937672009097
6.26666666666667,0.387760416666667,0,0.80761014964244
6.3,0.387760416666667,0.0105,0.706213364077166
6.33333333333333,0.387760416666667,0.018,0.63151693901502
6.36666666666667,0.387760416666667,0.0195,0.614170957963178
6.4,0.387760416666667,0.0225,0.579723164345049
6.43333333333333,0.348852984110514,0.0285,0.513633774242416
6.46666666666667,0.348852984110514,0.039,0.468621906291818
6.5,0.348852984110514,0.045,0.45468268536769
6.53333333333333,0.348852984110514,0.0465,0.474115008616991
6.56666666666667,0.348852984110514,0.0465,0.49887831503727
6.6,0.348852984110514,0.0465,0.515640301656313
6.63333333333333,0.348852984110514,0.0465,0.525818094562667
6.66666666666667,0.348852984110514,0.048,0.515613761113008
6.7,0.348852984110514,0.048,0.516044930448881
6.73333333333333,0.348852984110514,0.048,0.512971186230167
6.76666666666667,0.348852984110514,0.048,0.507116806100947
6.8,0.348852984110514,0.048,0.499090344995477
6.83333333333333,0.348852984110514,0.048,0.489401492365264
6.86666666666667,0.348852984110514,0.048,0.478475575373873
6.9,0.348852984110514,0.048,0.466666029861177
6.93333333333333,0.348852984110514,0.048,0.45426511738074
6.96666666666667,0.325402323404948,0.048,0.441513128959801
7,0.308104642232259,0.048,0.46919028420643
7.03333333333333,0.308104642232259,0.048,0.51897591929926
7.06666666666667,0.308104642232259,0.048,0.556509984767211
7.1,0.308104642232259,0.048,0.583844427691253
7.13333333333333,0.308104642232259,0.048,0.602726416180749
7.16666666666667,0.308104642232259,0.048,0.614641301038916
7.2,0.308104642232259,0.048,0.620849675950516
7.23333333333333,0.306078338623047,0.0495,0.607419335969199
7.26666666666667,0.306078338623047,0.0495,0.608759572320376
7.3,0.306078338623047,0.0525,0.576448005292747
7.33333333333333,0.306078338623047,0.0555,0.541230411980725
7.36666666666667,0.306078338623047,0.0585,0.503733837503921
7.4,0.306078338623047,0.0585,0.494483864103657
7.43333333333333,0.306078338623047,0.06,0.468919470498671
7.46666666666667,0.306078338623047,0.063,0.427405810788609
7.5,0.306078338623047,0.063,0.415245197693213
7.53333333333333,0.294010416666667,0.063,0.402686536392263
7.56666666666667,0.294010416666667,0.063,0.410818315394125
7.6,0.294010416666667,0.063,0.414890884040215
7.63333333333333,0.294010416666667,0.063,0.41566721178487
7.66666666666667,0.294010416666667,0.063,0.413792011193205
7.7,0.294010416666667,0.063,0.409808737423051
7.73333333333333,0.283155377705892,0.063,0.404174229289136
7.76666666666667,0.283155377705892,0.063,0.416057176553453
7.8,0.271293449401855,0.063,0.423366420424825
7.83333333333333,0.271293449401855,0.063,0.447462996437205
7.86666666666667,0.271293449401855,0.063,0.464562320851696
7.9,0.271293449401855,0.063,0.47587943119124
7.93333333333333,0.271293449401855,0.063,0.482446335671297
7.96666666666667,0.271293449401855,0.063,0.48513798416664
8,0.271293449401855,0.063,0.484694659580878
8.03333333333333,0.271293449401855,0.063,0.48174127560425
8.06666666666667,0.269923400878906,0.063,0.47680400139821
8.1,0.269923400878906,0.063,0.472695599822964
8.13333333333333,0.269923400878906,0.063,0.466957163405429
8.16666666666667,0.269923400878906,0.063,0.459968355371462
8.2,0.269923400878906,0.063,0.452046118173921
8.23333333333333,0.269923400878906,0.063,0.443453938069327
8.26666666666667,0.269923400878906,0.063,0.434409807200918
8.3,0.269923400878906,0.063,0.425093061863943
8.33333333333333,0.256058565775553,0.063,0.415650251432185
8.36666666666667,0.236935742696126,0.063,0.430194824885254
8.4,0.236935742696126,0.063,0.473291623293058
8.43333333333333,0.236935742696126,0.063,0.506260128303194
8.46666666666667,0.236935742696126,0.063,0.530777398027114
8.5,0.236935742696126,0.063,0.548272538085801
8.53333333333333,0.234714698791504,0.063,0.559961576491782
8.56666666666667,0.234714698791504,0.063,0.570721319076106
8.6,0.224479166666667,0.063,0.576842304670971
8.63333333333333,0.224479166666667,0.063,0.596895592787074
8.66666666666667,0.224479166666667,0.0645,0.595474583302552
8.7,0.224479166666667,0.0645,0.603725790369317
8.73333333333333,0.224479166666667,0.0645,0.607621745553185
8.76666666666667,0.224479166666667,0.0645,0.607985769259085
8.8,0.224479166666667,0.0645,0.605513321999394
8.83333333333333,0.224479166666667,0.0645,0.600790400269359
8.86666666666667,0.219791666666667,0.0645,0.594309379173352
8.9,0.219791666666667,0.0645,0.594594894621427
8.93333333333333,0.219791666666667,0.0645,0.592313488099352
8.96666666666667,0.219791666666667,0.0645,0.587995905461751
9,0.219791666666667,0.0645,0.582088077264611
9.03333333333333,0.219791666666667,0.0645,0.574963474636166
9.06666666666667,0.219791666666667,0.0645,0.566933739647305
9.1,0.219791666666667,0.0645,0.558257826065812
9.13333333333333,0.21410452524821,0.0645,0.549149854493889
9.16666666666667,0.21410452524821,0.0645,0.549628094864448
9.2,0.21410452524821,0.0645,0.548094870105699
9.23333333333333,0.21410452524821,0.0645,0.544963548535983
9.26666666666667,0.21410452524821,0.0645,0.54058156214372
9.3,0.212046496073405,0.0645,0.535240004614544
9.33333333333333,0.212046496073405,0.0645,0.532743539997584
9.36666666666667,0.212046496073405,0.0645,0.529045290152041
9.4,0.215591430664062,0.0645,0.524419878955405
9.43333333333333,0.215591430664062,0.0645,0.512961880740562
9.46666666666667,0.215591430664062,0.0645,0.502180999196719
9.5,0.215591430664062,0.0645,0.492050353305993
9.53333333333333,0.215591430664062,0.0645,0.482541920539419
9.56666666666667,0.215591430664062,0.0645,0.473627041287341
9.6,0.215591430664062,0.0645,0.465276829778826
9.63333333333333,0.215591430664062,0.0645,0.457462505915063
9.66666666666667,0.220036125183105,0.0645,0.450155660372505
9.7,0.233770624796549,0.0645,0.435636420789651
9.73333333333333,0.233770624796549,0.0645,0.399284919179454
9.76666666666667,0.233770624796549,0.0645,0.369198462395864
9.8,0.233770624796549,0.0645,0.344436006385675
9.83333333333333,0.233770624796549,0.0645,0.324189858402471
9.86666666666667,0.233770624796549,0.0645,0.307767309583814
9.9,0.233770624796549,0.0645,0.294574760289068
9.93333333333333,0.235590108235677,0.0645,0.284104002567275
9.96666666666667,0.235590108235677,0.0645,0.272771548799282
10,0.235590108235677,0.0645,0.263962458526537
10.0333333333333,0.235590108235677,0.0645,0.257264825703773
10.0666666666667,0.24871088663737,0.0645,0.252327289367643
10.1,0.24871088663737,0.0645,0.226143561985799
10.1333333333333,0.24871088663737,0.0645,0.205547620338773
10.1666666666667,0.24871088663737,0.0645,0.189638153345164
10.2,0.254969469706217,0.0645,0.177645672634892
10.2333333333333,0.254969469706217,0.0645,0.158082887509785
10.2666666666667,0.254969469706217,0.0645,0.143312330088292
10.3,0.254969469706217,0.0645,0.132532261634607
10.3333333333333,0.254969469706217,0.0645,0.125059974446328
10.3666666666667,0.254969469706217,0.0645,0.120315016744216
10.4,0.254969469706217,0.0645,0.117804721646292
10.4333333333333,0.254969469706217,0.0645,0.117111727991105
10.4666666666667,0.259635416666667,0.0645,0.117883222780826
10.5,0.259635416666667,0.0645,0.11174672644815
10.5333333333333,0.259635416666667,0.0645,0.10808509932886
10.5666666666667,0.259635416666667,0.0645,0.106444877992146
10.6,0.259635416666667,0.0645,0.106442264518543
10.6333333333333,0.259635416666667,0.0645,0.107753151760253
10.6666666666667,0.259635416666667,0.0645,0.110104529698545
10.7,0.259635416666667,0.0645,0.113267084940812
10.7333333333333,0.259635416666667,0.0645,0.117048830744913
10.7666666666667,0.267209180196126,0.0645,0.121289626903009
10.8,0.267209180196126,0.0645,0.112749219912006
10.8333333333333,0.264866765340169,0.0645,0.106954136045214
10.8666666666667,0.264866765340169,0.0645,0.107472394994613
10.9,0.264866765340169,0.0645,0.109055859760947
10.9333333333333,0.264866765340169,0.0645,0.11147795664922
10.9666666666667,0.264866765340169,0.0645,0.114548623496049
11,0.264866765340169,0.0645,0.118108971764042
11.0333333333333,0.262691243489583,0.0645,0.122026695366405
11.0666666666667,0.262691243489583,0.0645,0.129957108801959
11.1,0.262691243489583,0.0645,0.137318304193393
11.1333333333333,0.262691243489583,0.0645,0.144149791205584
11.1666666666667,0.262691243489583,0.0645,0.150488523605946
11.2,0.262691243489583,0.0645,0.156369037905902
11.2333333333333,0.262691243489583,0.0645,0.161823588583814
11.2666666666667,0.262691243489583,0.0645,0.166882279222149
11.3,0.246665954589844,0.0645,0.171573189064332
11.3333333333333,0.246665954589844,0.0645,0.203656055838047
11.3666666666667,0.246665954589844,0.0645,0.23007019038048
11.4,0.246665954589844,0.0645,0.25167510391623
11.4333333333333,0.246665954589844,0.0645,0.269207978302942
11.4666666666667,0.246665954589844,0.0645,0.283300552615013
11.5,0.246665954589844,0.0645,0.294493715250194
11.5333333333333,0.246665954589844,0.0645,0.303250110689368
11.5666666666667,0.245258649190267,0.0645,0.309965028583922
11.6,0.245258649190267,0.0645,0.317411306891257
11.6333333333333,0.233997472127279,0.0645,0.322970991445409
11.6666666666667,0.233997472127279,0.0645,0.346450975684466
11.7,0.233997472127279,0.0645,0.364872723382371
11.7333333333333,0.233997472127279,0.0645,0.379054338810268
11.7666666666667,0.233997472127279,0.0645,0.389694136936616
11.8,0.233997472127279,0.0645,0.397387413516061
11.8333333333333,0.231121444702148,0.0645,0.402640919673491
11.8666666666667,0.231121444702148,0.0645,0.410862639763532
11.9,0.231121444702148,0.0645,0.416480273314691
11.9333333333333,0.231121444702148,0.0645,0.419953420904988
11.9666666666667,0.231121444702148,0.0645,0.421672026050968
12,0.231121444702148,0.0645,0.421966287199446
12.0333333333333,0.231121444702148,0.0645,0.421115201581558
12.0666666666667,0.231121444702148,0.0645,0.419353926816259
12.1,0.224979782104492,0.0645,0.416880121106945
12.1333333333333,0.224979782104492,0.0645,0.424488237685259
12.1666666666667,0.224979782104492,0.0645,0.429636751849649
12.2,0.224979782104492,0.0645,0.432761328458033
12.2333333333333,0.224979782104492,0.0645,0.434231514904662
12.2666666666667,0.224979782104492,0.0645,0.434360155214548
12.3,0.224979782104492,0.0645,0.433411504320773
12.3333333333333,0.224979782104492,0.0645,0.431608219158245
12.3666666666667,0.220520973205566,0.0645,0.429137379408538
12.4,0.224903869628906,0.0645,0.433872139401299
12.4333333333333,0.224903869628906,0.0645,0.429152701048147
12.4666666666667,0.224903869628906,0.0645,0.424369266354328
12.5,0.224903869628906,0.0645,0.419582040326302
12.5333333333333,0.224903869628906,0.0645,0.414839349220847
12.5666666666667,0.224903869628906,0.0645,0.410179511445911
12.6,0.224903869628906,0.0645,0.405632437611266
12.6333333333333,0.224903869628906,0.0645,0.401220997437138
12.6666666666667,0.224903869628906,0.0645,0.396962186082373
12.7,0.224903869628906,0.0645,0.392868118002132
12.7333333333333,0.224903869628906,0.0645,0.388946872595313
12.7666666666667,0.224903869628906,0.0645,0.385203212572963
12.8,0.224903869628906,0.0645,0.381639193100931
12.8333333333333,0.224903869628906,0.0645,0.378254677282193
12.8666666666667,0.224903869628906,0.0645,0.375047771394223
12.9,0.233159319559733,0.0645,0.372015191438926
12.9333333333333,0.244401041666667,0.0645,0.35486558822027
12.9666666666667,0.244401041666667,0.0645,0.321182533358632
13,0.244401041666667,0.0645,0.293738294918088
13.0333333333333,0.244401041666667,0.0645,0.271570761679093
13.0666666666667,0.244401041666667,0.0645,0.253855813598259
13.1,0.244401041666667,0.0645,0.23988819926804
13.1333333333333,0.244401041666667,0.0645,0.229065016991112
13.1666666666667,0.245610491434733,0.0645,0.220871448300204
13.2,0.252331860860189,0.0645,0.212775351298119
13.2333333333333,0.252331860860189,0.0645,0.195267695414996
13.2666666666667,0.252331860860189,0.0645,0.181843994364718
13.3,0.252331860860189,0.0645,0.171829313298493
13.3333333333333,0.252331860860189,0.0645,0.164648428684671
13.3666666666667,0.252331860860189,0.0645,0.159811808980141
13.4,0.252331860860189,0.0645,0.156903518545563
13.4333333333333,0.252331860860189,0.0645,0.15557078434699
13.4666666666667,0.252331860860189,0.0645,0.155515000014131
13.5,0.252331860860189,0.0645,0.156483972160388
13.5333333333333,0.252331860860189,0.0645,0.158265240139447
13.5666666666667,0.252331860860189,0.0645,0.16068032316099
13.6,0.252331860860189,0.0645,0.163579768385183
13.6333333333333,0.252331860860189,0.0645,0.166838890669944
13.6666666666667,0.252331860860189,0.0645,0.170354109410314
13.7,0.256300163269043,0.0645,0.174039800691756
13.7333333333333,0.25360361735026,0.0645,0.170958001304196
13.7666666666667,0.25360361735026,0.0645,0.17391072571296
13.8,0.25360361735026,0.0645,0.177077102369713
13.8333333333333,0.25360361735026,0.0645,0.180383375198624
13.8666666666667,0.25360361735026,0.0645,0.183768996427505
13.9,0.25360361735026,0.0645,0.187184613985609
13.9333333333333,0.252764765421549,0.0645,0.190590345993713
13.9666666666667,0.248303095499674,0.0645,0.195406030089829
14,0.248303095499674,0.0645,0.20759606885625
14.0333333333333,0.248303095499674,0.0645,0.217973387948648
14.0666666666667,0.248303095499674,0.0645,0.22679364989149
14.1,0.248303095499674,0.0645,0.234277387866139
14.1333333333333,0.248303095499674,0.0645,0.240614767215306
14.1666666666667,0.248303095499674,0.0645,0.245969706296887
14.2,0.248303095499674,0.0645,0.250483442538302
14.2333333333333,0.248303095499674,0.0645,0.254277618063571
14.2666666666667,0.247681935628255,0.0645,0.257456949319272
14.3,0.247681935628255,0.0645,0.26118652338742
14.3333333333333,0.247681935628255,0.0645,0.264261403512613
14.3666666666667,0.247681935628255,0.0645,0.26678061542086
14.4,0.247681935628255,0.0645,0.268829106866921
14.4333333333333,0.247681935628255,0.0645,0.270479689881587
14.4666666666667,0.247681935628255,0.0645,0.271794719194093
14.5,0.247681935628255,0.0645,0.272827542368449
14.5333333333333,0.238447125752767,0.0645,0.273623752426982
14.5666666666667,0.238447125752767,0.0645,0.29020414465611
14.6,0.238447125752767,0.0645,0.303536133834121
14.6333333333333,0.238447125752767,0.0645,0.314130184773106
14.6666666666667,0.238447125752767,0.0645,0.322422935398613
14.7,0.238447125752767,0.0645,0.328787470025662
14.7333333333333,0.22969970703125,0.0645,0.333542190837335
14.7666666666667,0.22969970703125,0.0645,0.35209686681015
14.8,0.226407559712728,0.0645,0.366622943042358
14.8333333333333,0.226407559712728,0.0645,0.38347087287095
14.8666666666667,0.226407559712728,0.0645,0.396401155578286
14.9,0.226407559712728,0.0645,0.406060712216912
14.9333333333333,0.226407559712728,0.0645,0.41300092294083
14.9666666666667,0.226407559712728,0.0645,0.41769105783698
15,0.226407559712728,0.0645,0.420529865397216
15.0333333333333,0.226407559712728,0.0645,0.421855568123377
15.0666666666667,0.226345189412435,0.0645,0.421954481205854
15.1,0.226345189412435,0.0645,0.421176379964173
15.1333333333333,0.226345189412435,0.0645,0.419596255674943
15.1666666666667,0.226345189412435,0.0645,0.417388556845276
15.2,0.226345189412435,0.0645,0.414699440126448
15.2333333333333,0.226345189412435,0.0645,0.411650917628568
15.2666666666667,0.226345189412435,0.0645,0.408344423304106
15.3,0.226345189412435,0.0645,0.40486387794145
15.3333333333333,0.228853607177734,0.0645,0.40127832154891
15.3666666666667,0.23531068166097,0.0645,0.393303074095139
15.4,0.23531068166097,0.0645,0.374987942578745
15.4333333333333,0.23531068166097,0.0645,0.359569636000763
15.4666666666667,0.23531068166097,0.0645,0.346628011693755
15.5,0.236322530110677,0.0645,0.3358014727204
15.5333333333333,0.236322530110677,0.0645,0.325027856129423
15.5666666666667,0.236322530110677,0.0645,0.316128769212376
15.6,0.240798632303874,0.0645,0.308821624549334
15.6333333333333,0.240798632303874,0.0645,0.295117549375083
15.6666666666667,0.240798632303874,0.0645,0.284049806586825
15.7,0.240798632303874,0.0645,0.275206576779586
15.7333333333333,0.240798632303874,0.0645,0.268235444926626
15.7666666666667,0.240798632303874,0.0645,0.262835144748897
15.8,0.240798632303874,0.0645,0.258748428808148
15.8333333333333,0.240798632303874,0.0645,0.25575591236583
15.8666666666667,0.240798632303874,0.0645,0.253670759449719
15.9,0.245032119750977,0.0645,0.252334097239663
15.9333333333333,0.245032119750977,0.0645,0.244284534973252
15.9666666666667,0.245032119750977,0.0645,0.238148067700701
16,0.245032119750977,0.0645,0.233607019600671
16.0333333333333,0.245032119750977,0.0645,0.230390737294805
16.0666666666667,0.245032119750977,0.0645,0.228268972430394
16.1,0.245032119750977,0.0645,0.227046172505727
16.1333333333333,0.245032119750977,0.0645,0.226556556907101
16.1666666666667,0.248298645019531,0.0645,0.226659871674627
16.2,0.248298645019531,0.0645,0.221584642216907
16.2333333333333,0.248298645019531,0.0645,0.217975117602293
16.2666666666667,0.24856071472168,0.0645,0.215577061365429
16.3,0.24856071472168,0.0645,0.213720977576238
16.3333333333333,0.24856071472168,0.0645,0.212764819120001
16.3666666666667,0.24856071472168,0.0645,0.212539965387351
16.4,0.24856071472168,0.0645,0.212903903225136
16.4333333333333,0.24743169148763,0.0645,0.213736475772459
16.4666666666667,0.24743169148763,0.0645,0.216890553022785
16.5,0.24743169148763,0.0645,0.219950517708242
16.5333333333333,0.24743169148763,0.0645,0.222904587435507
16.5666666666667,0.24743169148763,0.0645,0.225744364302971
16.6,0.24743169148763,0.0645,0.228464248464422
16.6333333333333,0.24743169148763,0.0645,0.231060939959277
16.6666666666667,0.24743169148763,0.0645,0.233533016289528
16.7,0.245457967122396,0.0645,0.235880574948873
16.7333333333333,0.245457967122396,0.0645,0.241520683155091
16.7666666666667,0.245457967122396,0.0645,0.246380759386142
16.8,0.245457967122396,0.0645,0.250566896210087
16.8333333333333,0.245457967122396,0.0645,0.254170884866202
16.8666666666667,0.245457967122396,0.0645,0.257272133710511
16.9,0.245457967122396,0.0645,0.259939330003838
16.9333333333333,0.245457967122396,0.0645,0.262231879327837
16.9666666666667,0.240477689107259,0.0645,0.264201152338244
17,0.240477689107259,0.0645,0.274510494714931
17.0333333333333,0.232703399658203,0.0645,0.282916247656763
17.0666666666667,0.232703399658203,0.0645,0.3031659337153
17.1,0.232703399658203,0.0645,0.319460314167858
17.1333333333333,0.232703399658203,0.0645,0.332420331170794
17.1666666666667,0.232703399658203,0.0645,0.342577160440367
17.2,0.232703399658203,0.0645,0.35038469993406
17.2333333333333,0.231674003601074,0.0645,0.356230354629104
17.2666666666667,0.231674003601074,0.0645,0.362225832894451
17.3,0.231674003601074,0.0645,0.36652696787641
17.3333333333333,0.231674003601074,0.0645,0.369426377362687
17.3666666666667,0.231674003601074,0.0645,0.371172691512734
17.4,0.231674003601074,0.0645,0.371976788460123
17.4333333333333,0.231674003601074,0.0645,0.372017170879477
17.4666666666667,0.231674003601074,0.0645,0.371444600114828
17.5,0.229856173197428,0.0645,0.370386088766547
17.5333333333333,0.229856173197428,0.0645,0.372094298594758
17.5666666666667,0.229856173197428,0.0645,0.372905571432544
17.6,0.229856173197428,0.0645,0.372989376288942
17.6333333333333,0.229856173197428,0.0645,0.372488868662448
17.6666666666667,0.229856173197428,0.0645,0.371524676105817
17.7,0.229856173197428,0.0645,0.370198158395314
17.7333333333333,0.229856173197428,0.0645,0.36859421389659
17.7666666666667,0.232707214355469,0.0645,0.366783694058978
17.8,0.238250096638997,0.0645,0.359891432867441
17.8333333333333,0.238250096638997,0.0645,0.34425967392452
17.8666666666667,0.238250096638997,0.0645,0.331223165354412
17.9,0.238250096638997,0.0645,0.320397784901685
17.9333333333333,0.238250096638997,0.0645,0.311453465588563
17.9666666666667,0.238250096638997,0.0645,0.304106776739717
18,0.238250096638997,0.0645,0.298114509975862
18.0333333333333,0.239185206095378,0.0645,0.293268135004703
18.0666666666667,0.239185206095378,0.0645,0.287770696272787
18.1,0.239185206095378,0.0645,0.283399880877242
18.1333333333333,0.239185206095378,0.0645,0.279976132813077
18.1666666666667,0.239185206095378,0.0645,0.277346023717662
18.2,0.239185206095378,0.0645,0.275378606187527
18.2333333333333,0.239185206095378,0.0645,0.273962265468699
18.2666666666667,0.239185206095378,0.0645,0.273002002165253
18.3,0.239185206095378,0.0645,0.272417087658907
18.3333333333333,0.242869567871094,0.0645,0.272139041769296
18.3666666666667,0.242869567871094,0.0645,0.265733687368027
18.4,0.242869567871094,0.0645,0.260758615579487
18.4333333333333,0.242869567871094,0.0645,0.256980172007505
18.4666666666667,0.242869567871094,0.0645,0.254199057482947
18.5,0.242869567871094,0.0645,0.252245508755407
18.5333333333333,0.242869567871094,0.0645,0.250975139544373
18.5666666666667,0.242869567871094,0.0645,0.250265352576329
18.6,0.243074671427409,0.0645,0.250012245249521
18.6333333333333,0.243074671427409,0.0645,0.249772987247962
18.6666666666667,0.243074671427409,0.0645,0.249896878501421
18.7,0.243074671427409,0.0645,0.250310809327026
18.7333333333333,0.243074671427409,0.0645,0.250953258267332
18.7666666666667,0.243074671427409,0.0645,0.251772609828142
18.8,0.243074671427409,0.0645,0.25272570674166
18.8333333333333,0.243074671427409,0.0645,0.253776604722904
18.8666666666667,0.242667452494303,0.0645,0.254895502015041
18.9,0.242667452494303,0.0645,0.25676255783778
18.9333333333333,0.242667452494303,0.0645,0.25851690112819
18.9666666666667,0.242667452494303,0.0645,0.26016340637011
19,0.242667452494303,0.0645,0.261707054939779
19.0333333333333,0.242667452494303,0.0645,0.263152864443217
19.0666666666667,0.242667452494303,0.0645,0.264505831679864
19.1,0.242667452494303,0.0645,0.265770887102251
19.1333333333333,0.234132703145345,0.0645,0.266952858948869
19.1666666666667,0.234132703145345,0.0645,0.282826787222506
19.2,0.234132703145345,0.0645,0.295776765616424
19.2333333333333,0.234132703145345,0.0645,0.306252836103537
19.2666666666667,0.234132703145345,0.0645,0.31464054935976
19.3,0.234132703145345,0.0645,0.321269897947993
19.3333333333333,0.234132703145345,0.0645,0.326423033490343
19.3666666666667,0.233822123209635,0.0645,0.330340931820969
19.4,0.233021100362142,0.0645,0.333766641547563
19.4333333333333,0.233021100362142,0.0645,0.337620315990906
19.4666666666667,0.233021100362142,0.0645,0.340413354800045
19.5,0.233021100362142,0.0645,0.342327933047595
19.5333333333333,0.233021100362142,0.0645,0.343518897949961
19.5666666666667,0.233021100362142,0.0645,0.344117639009211
19.6,0.233021100362142,0.0645,0.344235425259106
19.6333333333333,0.233021100362142,0.0645,0.343966281926
19.6666666666667,0.2328125,0.0645,0.343389469080135
19.7,0.2328125,0.0645,0.342932622763679
19.7333333333333,0.2328125,0.0645,0.342220913298145
19.7666666666667,0.2328125,0.0645,0.341311858989483
19.8,0.2328125,0.0645,0.340253554725119
19.8333333333333,0.2328125,0.0645,0.339086059188385
19.8666666666667,0.2328125,0.0645,0.337842587364854
19.9,0.2328125,0.0645,0.336550535028091
19.9333333333333,0.233616129557292,0.0645,0.335232358279862
19.9666666666667,0.233616129557292,0.0645,0.332515556940839
20,0.233616129557292,0.0645,0.330074000517603
20.0333333333333,0.233616129557292,0.0645,0.327877473932089
20.0666666666667,0.233616129557292,0.0645,0.325899307476294
20.1,0.233616129557292,0.0645,0.324115940119844
20.1333333333333,0.235760752360026,0.0645,0.322506538358183
20.1666666666667,0.235760752360026,0.0645,0.317341152912995
20.2,0.238636016845703,0.0645,0.313031139231662
20.2333333333333,0.238636016845703,0.0645,0.304474058185704
20.2666666666667,0.238636016845703,0.0645,0.297497366971137
20.3,0.238636016845703,0.0645,0.29185759259579
20.3333333333333,0.238636016845703,0.0645,0.287346166498071
20.3666666666667,0.238636016845703,0.0645,0.283784588654285
20.4,0.238636016845703,0.0645,0.281020250034795
20.4333333333333,0.238636016845703,0.0645,0.278922824618213
20.4666666666667,0.239989725748698,0.0645,0.277381154086997
20.5,0.239989725748698,0.0645,0.273957813444172
20.5333333333333,0.239989725748698,0.0645,0.271367086312253
20.5666666666667,0.239989725748698,0.0645,0.269469919642308
20.6,0.239989725748698,0.0645,0.268147890614659
20.6333333333333,0.239989725748698,0.0645,0.267300300175465
20.6666666666667,0.239989725748698,0.0645,0.266841665711872
20.7,0.239989725748698,0.0645,0.266699558781919
20.7333333333333,0.242692057291667,0.0645,0.266812741090998
20.7666666666667,0.242692057291667,0.0645,0.262452870149481
20.8,0.242692057291667,0.0645,0.259155602055779
20.8333333333333,0.242692057291667,0.0645,0.256743383435929
20.8666666666667,0.242692057291667,0.0645,0.255065008514283
20.9,0.24296875,0.0645,0.253991906805993
20.9333333333333,0.24296875,0.0645,0.252936092849236
20.9666666666667,0.24296875,0.0645,0.252376347175806
21,0.243229166666667,0.0645,0.252220045364619
21.0333333333333,0.243229166666667,0.0645,0.251938206495792
21.0666666666667,0.243229166666667,0.0645,0.252002441090663
21.1,0.243229166666667,0.0645,0.252343612164934
21.1333333333333,0.243229166666667,0.0645,0.252903514859704
21.1666666666667,0.243229166666667,0.0645,0.2536332910811
21.2,0.243229166666667,0.0645,0.254492065042753
21.2333333333333,0.243229166666667,0.0645,0.255445769547692
21.2666666666667,0.243028513590495,0.0645,0.256466136920968
21.3,0.243028513590495,0.0645,0.257877084702325
21.3333333333333,0.243028513590495,0.0645,0.259245206733344
21.3666666666667,0.243028513590495,0.0645,0.260565383045248
21.4,0.243028513590495,0.0645,0.261833983557435
21.4333333333333,0.243028513590495,0.0645,0.26304860925867
21.4666666666667,0.243028513590495,0.0645,0.264207872382039
21.5,0.243028513590495,0.0645,0.265311210040243
21.5333333333333,0.243028513590495,0.0645,0.266358726550483
21.5666666666667,0.24296875,0.0645,0.267351060337398
21.6,0.24296875,0.0645,0.268392699473518
21.6333333333333,0.24296875,0.0645,0.269361647222212
21.6666666666667,0.24296875,0.0645,0.270262661971631
21.7,0.24296875,0.0645,0.271100235401676
21.7333333333333,0.24296875,0.0645,0.271878600635117
21.7666666666667,0.24296875,0.0645,0.272601741344911
21.8,0.24296875,0.0645,0.27327340153796
21.8333333333333,0.24296875,0.0645,0.273897095784177
21.8666666666667,0.24296875,0.0645,0.274476119701064
21.9,0.24296875,0.0645,0.275013560539047
21.9333333333333,0.243102582295736,0.0645,0.2755123077424
21.9666666666667,0.243102582295736,0.0645,0.275743451575899
22,0.243102582295736,0.0645,0.275985821021591
22.0333333333333,0.243102582295736,0.0645,0.276234785497566
22.0666666666667,0.243102582295736,0.0645,0.276486565415002
22.1,0.243102582295736,0.0645,0.276738101302233
22.1333333333333,0.243102582295736,0.0645,0.276986941676621
22.1666666666667,0.243102582295736,0.0645,0.277231147067798
22.2,0.242981910705566,0.0645,0.277469207949255
22.2333333333333,0.242981910705566,0.0645,0.277908810372535
22.2666666666667,0.242981910705566,0.0645,0.27829997165213
22.3,0.242981910705566,0.0645,0.278648392392864
22.3333333333333,0.242981910705566,0.0645,0.278959069632876
22.3666666666667,0.242981910705566,0.0645,0.279236386440215
22.4,0.242981910705566,0.0645,0.279484189877176
22.4333333333333,0.242981910705566,0.0645,0.279705858859967
22.4666666666667,0.243140856424967,0.0645,0.279904363239325
22.5,0.243140856424967,0.0645,0.279807241844307
22.5333333333333,0.243140856424967,0.0645,0.279744946192698
22.5666666666667,0.243140856424967,0.0645,0.279711202294574
22.6,0.243140856424967,0.0645,0.279700694226578
22.6333333333333,0.243140856424967,0.0645,0.279708927331058
22.6666666666667,0.243140856424967,0.0645,0.279732110330517
22.7,0.243140856424967,0.0645,0.279767053784992
22.7333333333333,0.24296875,0.0645,0.279811082666752
22.7666666666667,0.24296875,0.0645,0.280159810613357
22.8,0.24296875,0.0645,0.28045605318441
22.8333333333333,0.24296875,0.0645,0.280707254772709
22.8666666666667,0.24296875,0.0645,0.280919833916918
22.9,0.24296875,0.0645,0.281099322561811
22.9333333333333,0.24296875,0.0645,0.281250486565637
22.9666666666667,0.24296875,0.0645,0.281377429968807
23,0.243081982930501,0.0645,0.281483685201778
23.0333333333333,0.243081982930501,0.0645,0.281376328822672
23.0666666666667,0.243081982930501,0.0645,0.281291749138902
23.1,0.243081982930501,0.0645,0.281226278499393
23.1333333333333,0.243081982930501,0.0645,0.281176785287167
23.1666666666667,0.243081982930501,0.0645,0.281140598943917
23.2,0.243081982930501,0.0645,0.281115445252489
23.2333333333333,0.242878405253092,0.0645,0.281099390490097
23.2666666666667,0.243168767293294,0.0645,0.28144310727278
23.3,0.243168767293294,0.0645,0.281222403690805
23.3333333333333,0.243168767293294,0.0645,0.281046202531401
23.3666666666667,0.243168767293294,0.0645,0.280907446493322
23.4,0.243168767293294,0.0645,0.28080010300037
23.4333333333333,0.243168767293294,0.0645,0.280719021328912
23.4666666666667,0.243168767293294,0.0645,0.280659809250355
23.5,0.243168767293294,0.0645,0.280618726551898
23.5333333333333,0.24312260945638,0.0645,0.280592593153018
23.5666666666667,0.24312260945638,0.0645,0.28065859115967
23.6,0.24312260945638,0.0645,0.280719138513351
23.6333333333333,0.24312260945638,0.0645,0.280774712342013
23.6666666666667,0.24312260945638,0.0645,0.280825744762554
23.7,0.24312260945638,0.0645,0.280872627495483
23.7333333333333,0.24312260945638,0.0645,0.280915715967661
23.7666666666667,0.24312260945638,0.0645,0.280955332963676
23.8,0.24312260945638,0.0645,0.280991771878892
23.8333333333333,0.243229166666667,0.0645,0.281025299620701
23.8666666666667,0.243229166666667,0.0645,0.280871749985857
23.9,0.243229166666667,0.0645,0.280751337550244
23.9333333333333,0.243229166666667,0.0645,0.280658700108169
23.9666666666667,0.243229166666667,0.0645,0.280589260769778
24,0.24306697845459,0.0645,0.280539118008321
24.0333333333333,0.24306697845459,0.0645,0.280785635664442
24.0666666666667,0.24306697845459,0.0645,0.280991144874299
24.1,0.242975934346517,0.0645,0.281161720107682
24.1333333333333,0.242975934346517,0.0645,0.2814601427343
24.1666666666667,0.242975934346517,0.0645,0.28170292881077
24.2,0.242975934346517,0.0645,0.281898677699476
24.2333333333333,0.242975934346517,0.0645,0.282054754143005
24.2666666666667,0.242975934346517,0.0645,0.282177459442091
24.3,0.242975934346517,0.0645,0.282272179320743
24.3333333333333,0.242975934346517,0.0645,0.282343511623369
24.3666666666667,0.243058776855469,0.0645,0.282395376566709
24.4,0.243058776855469,0.0645,0.282287743643446
24.4333333333333,0.243058776855469,0.0645,0.282194483119459
24.4666666666667,0.243058776855469,0.0645,0.282113677084044
24.5,0.243058776855469,0.0645,0.282043663466492
24.5333333333333,0.243058776855469,0.0645,0.281983001915261
24.5666666666667,0.243058776855469,0.0645,0.281930444227231
24.6,0.243058776855469,0.0645,0.281884908720352
24.6333333333333,0.24303716023763,0.0645,0.281845458023827
24.6666666666667,0.24303716023763,0.0645,0.281848689813653
24.7,0.24303716023763,0.0645,0.28184927148271
24.7333333333333,0.24303716023763,0.0645,0.281847721790987
24.7666666666667,0.24315013885498,0.0645,0.281844478001501
24.8,0.24315013885498,0.0645,0.281644385486909
24.8333333333333,0.24315013885498,0.0645,0.281481002724665
24.8666666666667,0.24315013885498,0.0645,0.281348687433132
24.9,0.243032455444336,0.0645,0.281242605361279
24.9333333333333,0.243032455444336,0.0645,0.281362282749156
24.9666666666667,0.243032455444336,0.0645,0.281461217168368
25,0.243032455444336,0.0645,0.281542531074227
25.0333333333333,0.243032455444336,0.0645,0.281608904005873
25.0666666666667,0.243032455444336,0.0645,0.281662633623573
25.1,0.243032455444336,0.0645,0.281705688460004
25.1333333333333,0.243032455444336,0.0645,0.28173975350132
25.1666666666667,0.243063036600749,0.0645,0.281766269564231
25.2,0.243063036600749,0.0645,0.281733543181967
25.2333333333333,0.243063036600749,0.0645,0.281705760677113
25.2666666666667,0.243063036600749,0.0645,0.281682219608552
25.3,0.243063036600749,0.0645,0.281662314418201
25.3333333333333,0.243063036600749,0.0645,0.281645523272958
25.3666666666667,0.243063036600749,0.0645,0.281631396678963
25.4,0.243063036600749,0.0645,0.281619547630536
25.4333333333333,0.242974344889323,0.0645,0.281609643087929
25.4666666666667,0.243137041727702,0.0645,0.281754887567398
25.5,0.243137041727702,0.0645,0.281590360845113
25.5333333333333,0.242976379394531,0.0645,0.281456379094292
25.5666666666667,0.242976379394531,0.0645,0.281626272245113
25.6,0.242976379394531,0.0645,0.281764306304626
25.6333333333333,0.242976379394531,0.0645,0.281875415376428
25.6666666666667,0.242976379394531,0.0645,0.281963824535461
25.7,0.243101692199707,0.0645,0.28203314817753
25.7333333333333,0.243101692199707,0.0645,0.281869607096308
25.7666666666667,0.243101692199707,0.0645,0.281734552689041
25.8,0.243101692199707,0.0645,0.281623688745555
25.8333333333333,0.243101692199707,0.0645,0.281533329001454
25.8666666666667,0.243101692199707,0.0645,0.281460313045427
25.9,0.243101692199707,0.0645,0.281401933645118
25.9333333333333,0.243101692199707,0.0645,0.281355873953716
25.9666666666667,0.243083190917969,0.0645,0.281320153265627
26,0.243083190917969,0.0645,0.281325098712884
26.0333333333333,0.243083190917969,0.0645,0.281331070823953
26.0666666666667,0.243083190917969,0.0645,0.281337807039075
26.1,0.243083190917969,0.0645,0.281345089173437
26.1333333333333,0.243083190917969,0.0645,0.281352736802347
26.1666666666667,0.243083190917969,0.0645,0.281360601580409
26.2,0.243083190917969,0.0645,0.281368562366314
26.2333333333333,0.243083190917969,0.0645,0.281376521042221
26.2666666666667,0.24314645131429,0.0645,0.281384398931808
26.3,0.243043200174967,0.0645,0.281282654517591
26.3333333333333,0.243043200174967,0.0645,0.281380531462456
26.3666666666667,0.243043200174967,0.0645,0.281461521864426
26.4,0.243043200174967,0.0645,0.28152816320225
26.4333333333333,0.243043200174967,0.0645,0.281582633311489
26.4666666666667,0.243043200174967,0.0645,0.281626799925497
26.5,0.243043200174967,0.0645,0.281662263492533
26.5333333333333,0.243043200174967,0.0645,0.281690394174341
26.5666666666667,0.243043200174967,0.0645,0.281712363810184
26.6,0.243043200174967,0.0645,0.281729173525147
26.6333333333333,0.243043200174967,0.0645,0.281741677570479
26.6666666666667,0.243043200174967,0.0645,0.28175060390484
26.7,0.243043200174967,0.0645,0.281756571956989
26.7333333333333,0.243043200174967,0.0645,0.281760107951268
26.7666666666667,0.243174616495768,0.0645,0.28176165812597
26.8,0.243174616495768,0.0645,0.281534169436341
26.8333333333333,0.243174616495768,0.0645,0.281349276898215
26.8666666666667,0.243174616495768,0.0645,0.281200386895819
26.9,0.243174616495768,0.0645,0.281081853097298
26.9333333333333,0.243174616495768,0.0645,0.280988845071696
26.9666666666667,0.243174616495768,0.0645,0.280917234802203
27,0.243174616495768,0.0645,0.280863498681287
27.0333333333333,0.243225479125977,0.0645,0.280824632897342
27.0666666666667,0.243225479125977,0.0645,0.280710056912511
27.1,0.243117841084798,0.0645,0.280622606090627
27.1333333333333,0.243117841084798,0.0645,0.280744060330393
27.1666666666667,0.243117841084798,0.0645,0.280848361034802
27.2,0.243117841084798,0.0645,0.280937866868999
27.2333333333333,0.243117841084798,0.0645,0.28101461667813
27.2666666666667,0.243117841084798,0.0645,0.281080372527376
27.3,0.243117841084798,0.0645,0.281136656973708
27.3333333333333,0.243097305297852,0.0645,0.281184785340657
27.3666666666667,0.243097305297852,0.0645,0.281261433148762
27.4,0.243097305297852,0.0645,0.281325184095679
27.4333333333333,0.243097305297852,0.0645,0.281377957306136
27.4666666666667,0.243097305297852,0.0645,0.28142140114849
27.5,0.243097305297852,0.0645,0.281456930444147
27.5333333333333,0.243097305297852,0.0645,0.281485758633105
27.5666666666667,0.243097305297852,0.0645,0.281508925574281
27.6,0.24296875,0.0645,0.281527321568364
27.6333333333333,0.24296875,0.0645,0.281764187484729
27.6666666666667,0.24296875,0.0645,0.281954764547034
27.7,0.24296875,0.0645,0.282106320777561
27.7333333333333,0.24296875,0.0645,0.282225073424887
27.7666666666667,0.24296875,0.0645,0.282316335156909
27.8,0.24296875,0.0645,0.28238464030755
27.8333333333333,0.24296875,0.0645,0.282433853870493
27.8666666666667,0.243306795756022,0.0645,0.282467265571648
27.9,0.243306795756022,0.0645,0.281902644914131
27.9333333333333,0.243306795756022,0.0645,0.281440277267983
27.9666666666667,0.243306795756022,0.0645,0.281064518654087
28,0.243306795756022,0.0645,0.280761960791967
28.0333333333333,0.243306795756022,0.0645,0.280521121838614
28.0666666666667,0.243306795756022,0.0645,0.280332179194551
28.1,0.243306795756022,0.0645,0.280186738706122
28.1333333333333,0.243306795756022,0.0645,0.280077635353764
28.1666666666667,0.243306795756022,0.0645,0.279998761174983
28.2,0.243306795756022,0.0645,0.279944916741568
28.2333333333333,0.243306795756022,0.0645,0.279911683004958
28.2666666666667,0.243306795756022,0.0645,0.27989531075189
28.3,0.243306795756022,0.0645,0.279892625283307
28.3333333333333,0.243306795756022,0.0645,0.279900944250688
28.3666666666667,0.242708333333333,0.0645,0.279918006862076
28.4,0.242708333333333,0.0645,0.280977619307779
28.4333333333333,0.242708333333333,0.0645,0.281842631299548
28.4666666666667,0.242708333333333,0.0645,0.282542963712873
28.5,0.242708333333333,0.0645,0.283104251757656
28.5333333333333,0.242708333333333,0.0645,0.283548438478886
28.5666666666667,0.242708333333333,0.0645,0.28389428747826
28.6,0.242708333333333,0.0645,0.284157825749925
28.6333333333333,0.242964617411296,0.0645,0.284352726062002
28.6666666666667,0.243235015869141,0.0645,0.28404710868599
28.7,0.243235015869141,0.0645,0.283312040515452
28.7333333333333,0.243235015869141,0.0645,0.28270080730118
28.7666666666667,0.243235015869141,0.0645,0.28219497276921
28.8,0.243235015869141,0.0645,0.281778702292477
28.8333333333333,0.243235015869141,0.0645,0.281438405310415
28.8666666666667,0.243235015869141,0.0645,0.281162426223041
28.9,0.243235015869141,0.0645,0.280940777236837
28.9333333333333,0.243235015869141,0.0645,0.280764907513887
28.9666666666667,0.243235015869141,0.0645,0.280627503732938
29,0.243235015869141,0.0645,0.280522317827045
29.0333333333333,0.243235015869141,0.0645,0.280444018230663
29.0666666666667,0.243235015869141,0.0645,0.280388061461271
29.1,0.243235015869141,0.0645,0.280350581286915
29.1333333333333,0.243235015869141,0.0645,0.280328293100354
29.1666666666667,0.243034235636393,0.0645,0.280318411440267
29.2,0.243034235636393,0.0645,0.280666051606345
29.2333333333333,0.243034235636393,0.0645,0.280954701211229
29.2666666666667,0.243034235636393,0.0645,0.281193167684161
29.3,0.243034235636393,0.0645,0.281389013916376
29.3333333333333,0.243034235636393,0.0645,0.281548729432958
29.3666666666667,0.243034235636393,0.0645,0.281677878351694
29.4,0.243183199564616,0.0645,0.281781227253087
29.4333333333333,0.243280919392904,0.0645,0.281605056868698
29.4666666666667,0.243280919392904,0.0645,0.281291284113704
29.5,0.243280919392904,0.0645,0.281036857153231
29.5333333333333,0.243280919392904,0.0645,0.280832558139028
29.5666666666667,0.243280919392904,0.0645,0.280670495543874
29.6,0.243280919392904,0.0645,0.28054392006835
29.6333333333333,0.243280919392904,0.0645,0.2804470656338
29.6666666666667,0.243280919392904,0.0645,0.280375012076349
29.7,0.243280919392904,0.0645,0.280323566611256
29.7333333333333,0.243255043029785,0.0645,0.280289161530373
29.7666666666667,0.243255043029785,0.0645,0.280313547887231
29.8,0.243255043029785,0.0645,0.280340732307907
29.8333333333333,0.243255043029785,0.0645,0.280369890808298
29.8666666666667,0.243255043029785,0.0645,0.280400342877618
29.9,0.243255043029785,0.0645,0.280431529843567
29.9333333333333,0.243255043029785,0.0645,0.280462996308869
29.9666666666667,0.243255043029785,0.0645,0.280494374235733
30,0.243255043029785,0.0645,0.280525369312302
30.0333333333333,0.243255043029785,0.0645,0.280555749284915
30.0666666666667,0.243255043029785,0.0645,0.280585333983027
30.1,0.243255043029785,0.0645,0.280613986800904
30.1333333333333,0.243255043029785,0.0645,0.280641607432403
30.1666666666667,0.243255043029785,0.0645,0.280668125683011
30.2,0.243255043029785,0.0645,0.280693496207424
30.2333333333333,0.243255043029785,0.0645,0.280717694041767
30.2666666666667,0.243206787109375,0.0645,0.280740710817576
30.3,0.243206787109375,0.0645,0.280846063846966
30.3333333333333,0.243206787109375,0.0645,0.280934141879153
30.3666666666667,0.243206787109375,0.0645,0.281007488842541
30.4,0.243206787109375,0.0645,0.281068291542157
30.4333333333333,0.243206787109375,0.0645,0.281118428612738
30.4666666666667,0.243206787109375,0.0645,0.281159512845121
30.5,0.243206787109375,0.0645,0.281192927776904
30.5333333333333,0.243117841084798,0.0645,0.281219859319033
30.5666666666667,0.243117841084798,0.0645,0.281395254165801
30.6,0.243117841084798,0.0645,0.281536347350507
30.6333333333333,0.243117841084798,0.0645,0.281648526035028
30.6666666666667,0.243117841084798,0.0645,0.281736398450311
30.7,0.243117841084798,0.0645,0.281803902273868
30.7333333333333,0.243117841084798,0.0645,0.281854398220035
30.7666666666667,0.243117841084798,0.0645,0.281890750839738
30.8,0.243117841084798,0.0645,0.281915398258405
30.8333333333333,0.243117841084798,0.0645,0.281930412348442
30.8666666666667,0.243117841084798,0.0645,0.281937550631572
30.9,0.243117841084798,0.0645,0.281938301032145
30.9333333333333,0.243117841084798,0.0645,0.281933920451659
30.9666666666667,0.243117841084798,0.0645,0.281925468004132
31,0.243117841084798,0.0645,0.281913833638776
31.0333333333333,0.243117841084798,0.0645,0.281899762778553
31.0666666666667,0.242938868204753,0.0645,0.281883877518303
31.1,0.242938868204753,0.0645,0.282176427510468
31.1333333333333,0.242938868204753,0.0645,0.282408341081481
31.1666666666667,0.242938868204753,0.0645,0.282589315274286
31.2,0.242938868204753,0.0645,0.282727634027458
31.2333333333333,0.242938868204753,0.0645,0.282830365545716
31.2666666666667,0.242938868204753,0.0645,0.282903532686773
31.3,0.242938868204753,0.0645,0.282952260012125
31.3333333333333,0.243190511067708,0.0645,0.282980900659279
31.3666666666667,0.243190511067708,0.0645,0.282557649548569
31.4,0.243190511067708,0.0645,0.28220516052993
31.4333333333333,0.243190511067708,0.0645,0.281912930666174
31.4666666666667,0.243190511067708,0.0645,0.281671937015126
31.5,0.243190511067708,0.0645,0.281474433363678
31.5333333333333,0.243190511067708,0.0645,0.281313774506194
31.5666666666667,0.243190511067708,0.0645,0.281184264361749
31.6,0.243148422241211,0.0645,0.281081024721176
31.6333333333333,0.243148422241211,0.0645,0.281072721283549
31.6666666666667,0.243148422241211,0.0645,0.281068892153226
31.7,0.243148422241211,0.0645,0.281068689780948
31.7333333333333,0.243148422241211,0.0645,0.281071398330597
31.7666666666667,0.243148422241211,0.0645,0.281076414723129
31.8,0.243148422241211,0.0645,0.281083232311926
31.8333333333333,0.243173472086589,0.0645,0.281091426830933
31.8666666666667,0.243255233764648,0.0645,0.281057292736251
31.9,0.243255233764648,0.0645,0.280890754954733
31.9333333333333,0.243255233764648,0.0645,0.280759063763922
31.9666666666667,0.243255233764648,0.0645,0.280656630705982
32,0.243255233764648,0.0645,0.280578682681639
32.0333333333333,0.243255233764648,0.0645,0.280521148001011
32.0666666666667,0.243255233764648,0.0645,0.280480558017823
32.1,0.243255233764648,0.0645,0.280453962240158
32.1333333333333,0.243229166666667,0.0645,0.280438855093947
32.1666666666667,0.243229166666667,0.0645,0.280478224799553
32.2,0.243229166666667,0.0645,0.28051645789958
32.2333333333333,0.243229166666667,0.0645,0.280553399399736
32.2666666666667,0.243229166666667,0.0645,0.280588937819905
32.3,0.243229166666667,0.0645,0.280622997689246
32.3333333333333,0.243229166666667,0.0645,0.280655533168882
32.3666666666667,0.243229166666667,0.0645,0.280686522642371
32.4,0.243208885192871,0.0645,0.280715964136164
32.4333333333333,0.243208885192871,0.0645,0.28077897081818
32.4666666666667,0.243208885192871,0.0645,0.280833696800228
32.5,0.243208885192871,0.0645,0.28088123721713
32.5333333333333,0.243208885192871,0.0645,0.280922541853461
32.5666666666667,0.243208885192871,0.0645,0.280958434473811
32.6,0.243208885192871,0.0645,0.280989629579389
32.6333333333333,0.243208885192871,0.0645,0.281016746933847
32.6666666666667,0.243208885192871,0.0645,0.281040324155506
32.7,0.243208885192871,0.0645,0.281060827633557
32.7333333333333,0.243208885192871,0.0645,0.28107866199149
32.7666666666667,0.243208885192871,0.0645,0.281094178291252
32.8,0.243208885192871,0.0645,0.281107681145847
32.8333333333333,0.243208885192871,0.0645,0.281119434885745
32.8666666666667,0.24296875,0.0645,0.281129668905104
32.9,0.24296875,0.0645,0.281554163202217
32.9333333333333,0.24296875,0.0645,0.281897318437982
32.9666666666667,0.24296875,0.0645,0.282171823818016
33,0.24296875,0.0645,0.282388539210402
33.0333333333333,0.24296875,0.0645,0.282556749301785
33.0666666666667,0.24296875,0.0645,0.282684383102425
33.1,0.24296875,0.0645,0.282778203477239
33.1333333333333,0.243284161885579,0.0645,0.282843970752051
33.1666666666667,0.243175633748372,0.0645,0.282340728229064
33.2,0.243175633748372,0.0645,0.282111640425765
33.2333333333333,0.243175633748372,0.0645,0.281919700091534
33.2666666666667,0.243175633748372,0.0645,0.281759462114519
33.3,0.243175633748372,0.0645,0.281626244077944
33.3333333333333,0.243175633748372,0.0645,0.28151602183345
33.3666666666667,0.243175633748372,0.0645,0.281425339201774
33.4,0.243175633748372,0.0645,0.28135122990193
33.4333333333333,0.243175633748372,0.0645,0.281291150064358
33.4666666666667,0.243175633748372,0.0645,0.281242919903856
33.5,0.243175633748372,0.0645,0.281204673318926
33.5333333333333,0.243175633748372,0.0645,0.281174814349558
33.5666666666667,0.243175633748372,0.0645,0.281151979568676
33.6,0.243175633748372,0.0645,0.28113500560654
33.6333333333333,0.243008867899577,0.0645,0.28112290111489
33.6666666666667,0.243008867899577,0.0645,0.281403429590642
33.7,0.243008867899577,0.0645,0.281631577306109
33.7333333333333,0.243008867899577,0.0645,0.281815444679613
33.7666666666667,0.243008867899577,0.0645,0.281961968868347
33.8,0.243008867899577,0.0645,0.282077085071619
33.8333333333333,0.243008867899577,0.0645,0.282165865864747
33.8666666666667,0.243008867899577,0.0645,0.282232641527301
33.9,0.243178558349609,0.0645,0.282281103931668
33.9333333333333,0.243178558349609,0.0645,0.282020727842743
33.9666666666667,0.243178558349609,0.0645,0.28180452018629
34,0.243178558349609,0.0645,0.281625887355773
34.0333333333333,0.243178558349609,0.0645,0.281479167401197
34.0666666666667,0.243178558349609,0.0645,0.281359501894449
34.1,0.243178558349609,0.0645,0.281262725170967
34.1333333333333,0.243144035339355,0.0645,0.281185268609173
34.1666666666667,0.24296875,0.0645,0.281183823866766
34.2,0.24296875,0.0645,0.281487855867803
34.2333333333333,0.24296875,0.0645,0.281735050980057
34.2666666666667,0.24296875,0.0645,0.281934202332612
34.3,0.24296875,0.0645,0.282092840085739
34.3333333333333,0.24296875,0.0645,0.282217406576051
34.3666666666667,0.24296875,0.0645,0.282313407605916
34.4,0.24296875,0.0645,0.282385543095372
34.4333333333333,0.243095016479492,0.0645,0.282437819882924
34.4666666666667,0.243229166666667,0.0645,0.282255130771953
34.5,0.243229166666667,0.0645,0.281868897222316
34.5333333333333,0.243229166666667,0.0645,0.281551946468663
34.5666666666667,0.243229166666667,0.0645,0.281293715190023
34.6,0.243229166666667,0.0645,0.281085147313716
34.6333333333333,0.243229166666667,0.0645,0.280918485684391
34.6666666666667,0.243229166666667,0.0645,0.280787092059439
34.7,0.243229166666667,0.0645,0.280685291613025
34.7333333333333,0.243229166666667,0.0645,0.280608238643057
34.7666666666667,0.243229166666667,0.0645,0.280551800618993
34.8,0.243229166666667,0.0645,0.280512458092605
34.8333333333333,0.243229166666667,0.0645,0.280487218326631
34.8666666666667,0.243229166666667,0.0645,0.280473540784488
34.9,0.243229166666667,0.0645,0.280469272873861
34.9333333333333,0.243229166666667,0.0645,0.280472594553198
34.9666666666667,0.24318593343099,0.0645,0.280481970597371
35,0.24318593343099,0.0645,0.280570929447958
35.0333333333333,0.24318593343099,0.0645,0.280649130515229
35.0666666666667,0.24318593343099,0.0645,0.280717925927954
35.1,0.24318593343099,0.0645,0.280778493661048
35.1333333333333,0.24318593343099,0.0645,0.280831860299186
35.1666666666667,0.24318593343099,0.0645,0.280878920799319
35.2,0.24318593343099,0.0645,0.280920455649709
35.2333333333333,0.242942301432292,0.0645,0.280957145770259
35.2666666666667,0.242942301432292,0.0645,0.281411217973323
35.3,0.242942301432292,0.0645,0.281780199667896
35.3333333333333,0.242942301432292,0.0645,0.282077265921317
35.3666666666667,0.242942301432292,0.0645,0.282313698750012
35.4,0.242942301432292,0.0645,0.282499149691096
35.4333333333333,0.242942301432292,0.0645,0.282641866606784
35.4666666666667,0.242942301432292,0.0645,0.28274888954705
35.5,0.243191083272298,0.0645,0.282826219848355
35.5333333333333,0.243191083272298,0.0645,0.282448421186709
35.5666666666667,0.243191083272298,0.0645,0.282133458933335
35.6,0.243191083272298,0.0645,0.281872025944403
35.6333333333333,0.243191083272298,0.0645,0.281656125268892
35.6666666666667,0.243191083272298,0.0645,0.281478890295345
35.7,0.243191083272298,0.0645,0.281334429263731
35.7333333333333,0.243191083272298,0.0645,0.281217690865051
35.7666666666667,0.24312318166097,0.0645,0.281124348090465
35.8,0.24312318166097,0.0645,0.28116820923211
35.8333333333333,0.24312318166097,0.0645,0.281205921902241
35.8666666666667,0.24312318166097,0.0645,0.281238328281537
35.9,0.24312318166097,0.0645,0.281266156591482
35.9333333333333,0.24312318166097,0.0645,0.281290036413278
35.9666666666667,0.24312318166097,0.0645,0.281310511954975
36,0.24312318166097,0.0645,0.281328053541065
36.0333333333333,0.243226369222005,0.0645,0.281343067562199
36.0666666666667,0.243226369222005,0.0645,0.281177327434275
36.1,0.243226369222005,0.0645,0.281044172696893
36.1333333333333,0.243226369222005,0.0645,0.280938476998339
36.1666666666667,0.243226369222005,0.0645,0.280855855759939
36.2,0.243226369222005,0.0645,0.28079256293059
36.2333333333333,0.243226369222005,0.0645,0.280745401831001
36.2666666666667,0.243226369222005,0.0645,0.280711648184923
36.3,0.242916043599447,0.0645,0.280688983690081
36.3333333333333,0.24312318166097,0.0645,0.281212492025181
36.3666666666667,0.24312318166097,0.0645,0.281281342998898
36.4,0.24312318166097,0.0645,0.281337974909916
36.4333333333333,0.24312318166097,0.0645,0.281384243475277
36.4666666666667,0.24312318166097,0.0645,0.281421740100125
36.5,0.24312318166097,0.0645,0.281451828377671
36.5333333333333,0.24312318166097,0.0645,0.281475675628708
36.5666666666667,0.24312318166097,0.0645,0.281494280149048
36.6,0.24312318166097,0.0645,0.281508494743638
36.6333333333333,0.24312318166097,0.0645,0.281519047048449
36.6666666666667,0.24312318166097,0.0645,0.28152655707397
36.7,0.24312318166097,0.0645,0.281531552345903
36.7333333333333,0.24312318166097,0.0645,0.281534480968158
36.7666666666667,0.243027687072754,0.0645,0.281535722889585
36.8,0.243027687072754,0.0645,0.281700863721692
36.8333333333333,0.243027687072754,0.0645,0.281833021138662
36.8666666666667,0.243027687072754,0.0645,0.281937410185008
36.9,0.243027687072754,0.0645,0.282018489651322
36.9333333333333,0.243027687072754,0.0645,0.282080067448442
36.9666666666667,0.243027687072754,0.0645,0.282125391593311
37,0.243027687072754,0.0645,0.282157228750206
37.0333333333333,0.243027687072754,0.0645,0.282177932009947
37.0666666666667,0.243043200174967,0.0645,0.282189499363643
37.1,0.243043200174967,0.0645,0.282166776967034
37.1333333333333,0.243043200174967,0.0645,0.282143224587377
37.1666666666667,0.243043200174967,0.0645,0.282119240569353
37.2,0.243043200174967,0.0645,0.282095148702601
37.2333333333333,0.243043200174967,0.0645,0.282071209760608
37.2666666666667,0.243043200174967,0.0645,0.282047631381965
37.3,0.243079249064128,0.0645,0.28202457652387
37.3333333333333,0.243140856424967,0.0645,0.281939784037482
37.3666666666667,0.243140856424967,0.0645,0.281761154569413
37.4,0.243140856424967,0.0645,0.281614065666373
37.4333333333333,0.243140856424967,0.0645,0.281493736258704
37.4666666666667,0.243140856424967,0.0645,0.281396065659936
37.5,0.243140856424967,0.0645,0.281317539650918
37.5333333333333,0.243140856424967,0.0645,0.281255149324428
37.5666666666667,0.243140856424967,0.0645,0.281206320971115
37.6,0.243140856424967,0.0645,0.281168855518139
37.6333333333333,0.243140856424967,0.0645,0.281140876231614
37.6666666666667,0.243140856424967,0.0645,0.28112078356691
37.7,0.243140856424967,0.0645,0.281107216200752
37.7333333333333,0.243140856424967,0.0645,0.281099017408804
37.7666666666667,0.243140856424967,0.0645,0.281095206064845
37.8,0.243140856424967,0.0645,0.281094951634994
37.8333333333333,0.243229166666667,0.0645,0.281097552624752
37.8666666666667,0.243229166666667,0.0645,0.280949587224004
37.9,0.243229166666667,0.0645,0.280832880177578
37.9333333333333,0.243229166666667,0.0645,0.280742404336703
37.9666666666667,0.243229166666667,0.0645,0.280673866892632
38,0.243229166666667,0.0645,0.280623606690376
38.0333333333333,0.243229166666667,0.0645,0.280588505589782
38.0666666666667,0.24315611521403,0.0645,0.280565911974475
38.1,0.243140856424967,0.0645,0.280679998502823
38.1333333333333,0.243140856424967,0.0645,0.280804446078986
38.1666666666667,0.243140856424967,0.0645,0.280909953767804
38.2,0.243140856424967,0.0645,0.280999221813488
38.2333333333333,0.243140856424967,0.0645,0.281074577389479
38.2666666666667,0.243140856424967,0.0645,0.281138025313032
38.3,0.243140856424967,0.0645,0.281191291925413
38.3333333333333,0.243140856424967,0.0645,0.281235863054375
38.3666666666667,0.243009885152181,0.0645,0.281273016852924
38.4,0.243226559956868,0.0645,0.281530512690589
38.4333333333333,0.243226559956868,0.0645,0.281363917361976
38.4666666666667,0.243226559956868,0.0645,0.281228217428234
38.5,0.243226559956868,0.0645,0.281118646334298
38.5333333333333,0.243226559956868,0.0645,0.281031121302909
38.5666666666667,0.243226559956868,0.0645,0.280962148568867
38.6,0.243226559956868,0.0645,0.280908741516678
38.6333333333333,0.243226559956868,0.0645,0.280868349981214
38.6666666666667,0.243226559956868,0.0645,0.280838799204457
38.7,0.243226559956868,0.0645,0.280818237143774
38.7333333333333,0.243226559956868,0.0645,0.280805089002329
38.7666666666667,0.243226559956868,0.0645,0.280798018004046
38.8,0.243226559956868,0.0645,0.280795891566943
38.8333333333333,0.243226559956868,0.0645,0.280797752142512
38.8666666666667,0.243226559956868,0.0645,0.280802792087385
38.9,0.243148930867513,0.0645,0.280810332018911
38.9333333333333,0.243073972066243,0.0645,0.280954148032757
38.9666666666667,0.243073972066243,0.0645,0.281203219109179
39,0.243073972066243,0.0645,0.281406445936742
39.0333333333333,0.243073972066243,0.0645,0.281570882822264
39.0666666666667,0.243073972066243,0.0645,0.281702573305141
39.1,0.243073972066243,0.0645,0.281806690158231
39.1333333333333,0.243073972066243,0.0645,0.281887656331983
39.1666666666667,0.243073972066243,0.0645,0.281949249411795
39.2,0.24321829477946,0.0645,0.281994691813722
39.2333333333333,0.24321829477946,0.0645,0.281776961990278
39.2666666666667,0.24321829477946,0.0645,0.281596357014069
39.3,0.24321829477946,0.0645,0.281447323599109
39.3333333333333,0.24321829477946,0.0645,0.281325093865345
39.3666666666667,0.24321829477946,0.0645,0.281225577266164
39.4,0.24321829477946,0.0645,0.281145267175384
39.4333333333333,0.24321829477946,0.0645,0.28108116016052
39.4666666666667,0.243040593465169,0.0645,0.281030686233575
39.5,0.243040593465169,0.0645,0.281299180670198
39.5333333333333,0.243040593465169,0.0645,0.281517893818029
39.5666666666667,0.243040593465169,0.0645,0.281694505341271
39.6,0.243040593465169,0.0645,0.281835593270946
39.6333333333333,0.243040593465169,0.0645,0.281946786679104
39.6666666666667,0.243040593465169,0.0645,0.282032897564902
39.7,0.243170293172201,0.0645,0.282098034756517
39.7333333333333,0.243020757039388,0.0645,0.281921242355359
39.7666666666667,0.243020757039388,0.0645,0.282032065582023
39.8,0.243020757039388,0.0645,0.28211754379704
39.8333333333333,0.243020757039388,0.0645,0.282181844070844
39.8666666666667,0.243020757039388,0.0645,0.282228519150139
39.9,0.243020757039388,0.0645,0.282260593744037
39.9333333333333,0.243020757039388,0.0645,0.282280638979183
39.9666666666667,0.243020757039388,0.0645,0.282290836625666
40,0.243020757039388,0.0645,0.28229303448008
40.0333333333333,0.243020757039388,0.0645,0.282288794105637
40.0666666666667,0.243020757039388,0.0645,0.282279431967646
40.1,0.243020757039388,0.0645,0.282266054862809
40.1333333333333,0.243020757039388,0.0645,0.282249590419672
40.1666666666667,0.243020757039388,0.0645,0.28223081334269
40.2,0.243020757039388,0.0645,0.282210367981543
40.2333333333333,0.243020757039388,0.0645,0.282188787728771
40.2666666666667,0.243153699239095,0.0645,0.282166511680717
40.3,0.243153699239095,0.0645,0.281913827539204
40.3333333333333,0.243153699239095,0.0645,0.281705493066585
40.3666666666667,0.243153699239095,0.0645,0.281534800539715
40.4,0.243153699239095,0.0645,0.281395995812145
40.4333333333333,0.243153699239095,0.0645,0.281284146757043
40.4666666666667,0.243213208516439,0.0645,0.281195029580019
40.5,0.243213208516439,0.0645,0.281022043110631
40.5333333333333,0.243281173706055,0.0645,0.280884959060073
40.5666666666667,0.243281173706055,0.0645,0.280660412194846
40.6,0.243281173706055,0.0645,0.280483813662349
40.6333333333333,0.243281173706055,0.0645,0.280347428058527
40.6666666666667,0.243281173706055,0.0645,0.280244651415146
40.7,0.243281173706055,0.0645,0.280169852884502
40.7333333333333,0.243281173706055,0.0645,0.280118238088659
40.7666666666667,0.243281173706055,0.0645,0.280085731203185
40.8,0.243474324544271,0.0645,0.280068873239111
40.8333333333333,0.243474324544271,0.0645,0.279730465122147
40.8666666666667,0.243474324544271,0.0645,0.279466800889757
40.9,0.243474324544271,0.0645,0.279265706737342
40.9333333333333,0.243474324544271,0.0645,0.279116796605375
40.9666666666667,0.243474324544271,0.0645,0.279011221546982
41,0.243474324544271,0.0645,0.278941453427464
41.0333333333333,0.243474324544271,0.0645,0.278901098310025
41.0666666666667,0.243232409159342,0.0645,0.278884735506464
41.1,0.243232409159342,0.0645,0.279306440539873
41.1333333333333,0.243232409159342,0.0645,0.279662894644592
41.1666666666667,0.243232409159342,0.0645,0.279963470523202
41.2,0.243232409159342,0.0645,0.280216241053544
41.2333333333333,0.243112627665202,0.0645,0.280428156335238
41.2666666666667,0.243112627665202,0.0645,0.280812492171955
41.3,0.243112627665202,0.0645,0.281127096511681
41.3333333333333,0.242919794718424,0.0645,0.281382644806008
41.3666666666667,0.242919794718424,0.0645,0.281922005467904
41.4,0.242919794718424,0.0645,0.282354898795197
41.4333333333333,0.242919794718424,0.0645,0.282698095829731
41.4666666666667,0.242919794718424,0.0645,0.282965939515665
41.5,0.242919794718424,0.0645,0.283170682753588
41.5333333333333,0.242919794718424,0.0645,0.283322780314322
41.5666666666667,0.242919794718424,0.0645,0.283431140843933
41.6,0.243009503682454,0.0645,0.283503344354682
41.6333333333333,0.243009503682454,0.0645,0.283390578440258
41.6666666666667,0.243009503682454,0.0645,0.283283512013302
41.7,0.243009503682454,0.0645,0.283182081004105
41.7333333333333,0.243009503682454,0.0645,0.283086178019099
41.7666666666667,0.243009503682454,0.0645,0.28299566198327
41.8,0.243009503682454,0.0645,0.28291036620877
41.8333333333333,0.243009503682454,0.0645,0.282830105121045
41.8666666666667,0.243229166666667,0.0645,0.282754679841351
41.9,0.243199857076009,0.0645,0.282303731346309
41.9333333333333,0.243199857076009,0.0645,0.281981276851793
41.9666666666667,0.243199857076009,0.0645,0.281715120614599
42,0.243199857076009,0.0645,0.2814967645546
42.0333333333333,0.243199857076009,0.0645,0.281318917581937
42.0666666666667,0.243199857076009,0.0645,0.281175329155836
42.1,0.243199857076009,0.0645,0.281060645446217
42.1333333333333,0.243199857076009,0.0645,0.280970285053768
42.1666666666667,0.243199857076009,0.0645,0.280900331652382
42.2,0.243199857076009,0.0645,0.280847441271409
42.2333333333333,0.243199857076009,0.0645,0.280808762241502
42.2666666666667,0.243229166666667,0.0645,0.280781866093117
42.3,0.243229166666667,0.0645,0.280713964390052
42.3333333333333,0.243229166666667,0.0645,0.280663815603909
42.3666666666667,0.243229166666667,0.0645,0.280628404267347
42.4,0.243229166666667,0.0645,0.280605165305097
42.4333333333333,0.243229166666667,0.0645,0.280591920379394
42.4666666666667,0.243229166666667,0.0645,0.280586822991194
42.5,0.243229166666667,0.0645,0.280588311149703
42.5333333333333,0.243446286519368,0.0645,0.280595066582606
42.5666666666667,0.243446286519368,0.0645,0.280230229322064
42.6,0.243446286519368,0.0645,0.27994112372989
42.6333333333333,0.243446286519368,0.0645,0.279715633326862
42.6666666666667,0.243446286519368,0.0645,0.279543407645992
42.7,0.243446286519368,0.0645,0.279415615547982
42.7333333333333,0.243446286519368,0.0645,0.27932473226397
42.7666666666667,0.243446286519368,0.0645,0.279264355606267
42.8,0.243144035339355,0.0645,0.279229047400364
42.8333333333333,0.243144035339355,0.0645,0.279737276315158
42.8666666666667,0.243144035339355,0.0645,0.280161126782343
42.9,0.243144035339355,0.0645,0.280513087640192
42.9333333333333,0.243144035339355,0.0645,0.280803890245255
42.9666666666667,0.243144035339355,0.0645,0.281042749683129
43,0.243144035339355,0.0645,0.281237573305008
43.0333333333333,0.243144035339355,0.0645,0.281395140984781
43.0666666666667,0.243144035339355,0.0645,0.281521260902645
43.1,0.243144035339355,0.0645,0.281620904151109
43.1333333333333,0.243144035339355,0.0645,0.281698321017359
43.1666666666667,0.243144035339355,0.0645,0.281757141413175
43.2,0.243144035339355,0.0645,0.281800461592015
43.2333333333333,0.243144035339355,0.0645,0.281830919005643
43.2666666666667,0.243144035339355,0.0645,0.281850756903934
43.3,0.243144035339355,0.0645,0.281861880065997
43.3333333333333,0.243071683247884,0.0645,0.28186590286413
43.3666666666667,0.243071683247884,0.0645,0.281989404115976
43.4,0.243071683247884,0.0645,0.282084161139951
43.4333333333333,0.243071683247884,0.0645,0.282154921602713
43.4666666666667,0.243071683247884,0.0645,0.282205731940952
43.5,0.243071683247884,0.0645,0.282240035942623
43.5333333333333,0.243071683247884,0.0645,0.28226075980509
43.5666666666667,0.243285814921061,0.0645,0.282270385501483
43.6,0.243285814921061,0.0645,0.281900435144717
43.6333333333333,0.243285814921061,0.0645,0.281594769774464
43.6666666666667,0.243285814921061,0.0645,0.281343703135403
43.7,0.243285814921061,0.0645,0.281138923574433
43.7333333333333,0.243285814921061,0.0645,0.280973304566357
43.7666666666667,0.243285814921061,0.0645,0.280840740964484
43.8,0.243285814921061,0.0645,0.280736007511747
43.8333333333333,0.243285814921061,0.0645,0.280654636612418
43.8666666666667,0.243285814921061,0.0645,0.28059281276688
43.9,0.243285814921061,0.0645,0.280547281420424
43.9333333333333,0.243285814921061,0.0645,0.280515270278974
43.9666666666667,0.243285814921061,0.0645,0.280494421406106
44,0.243285814921061,0.0645,0.280482732642247
44.0333333333333,0.243285814921061,0.0645,0.280478507083078
44.0666666666667,0.243285814921061,0.0645,0.280480309524076
44.1,0.243211682637533,0.0645,0.280486928925226
44.1333333333333,0.243211682637533,0.0645,0.280625640314977
44.1666666666667,0.243211682637533,0.0645,0.280742538348477
44.2,0.243211682637533,0.0645,0.280840778819931
44.2333333333333,0.243211682637533,0.0645,0.280923078314851
44.2666666666667,0.243211682637533,0.0645,0.280991774145357
44.3,0.243211682637533,0.0645,0.281048876191694
44.3333333333333,0.243167877197266,0.0645,0.28109611173675
44.3666666666667,0.24317455291748,0.0645,0.281210774466234
44.4,0.24317455291748,0.0645,0.28129214573041
44.4333333333333,0.24317455291748,0.0645,0.281357387123219
44.4666666666667,0.24317455291748,0.0645,0.281409042869681
44.5,0.24317455291748,0.0645,0.281449288629426
44.5333333333333,0.24317455291748,0.0645,0.281479982825277
44.5666666666667,0.24317455291748,0.0645,0.281502710965051
44.6,0.24317455291748,0.0645,0.281518823902949
44.6333333333333,0.243231646219889,0.0645,0.281529470859856
44.6666666666667,0.243011283874512,0.0645,0.281436821543491
44.7,0.243011283874512,0.0645,0.281740937452712
44.7333333333333,0.243011283874512,0.0645,0.281984587412334
44.7666666666667,0.243011283874512,0.0645,0.282177318086553
44.8,0.243011283874512,0.0645,0.282327292600107
44.8333333333333,0.243011283874512,0.0645,0.282441483257636
44.8666666666667,0.243011283874512,0.0645,0.282525837952397
44.9,0.243011283874512,0.0645,0.282585423818244
44.9333333333333,0.243103281656901,0.0645,0.282624551201508
44.9666666666667,0.243103281656901,0.0645,0.282487668127325
45,0.243103281656901,0.0645,0.282367811939601
45.0333333333333,0.243103281656901,0.0645,0.282262803632553
45.0666666666667,0.243103281656901,0.0645,0.282170747933441
45.1,0.243148422241211,0.0645,0.282089995978427
45.1333333333333,0.243148422241211,0.0645,0.281940992079234
45.1666666666667,0.243148422241211,0.0645,0.281815682505133
45.2,0.243079249064128,0.0645,0.281710622754714
45.2333333333333,0.243079249064128,0.0645,0.281742560802581
45.2666666666667,0.243079249064128,0.0645,0.2817661357679
45.3,0.243079249064128,0.0645,0.28178276867284
45.3333333333333,0.243079249064128,0.0645,0.281793668266195
45.3666666666667,0.243079249064128,0.0645,0.281799861026185
45.4,0.243079249064128,0.0645,0.281802217036207
45.4333333333333,0.243079249064128,0.0645,0.28180147229324
45.4666666666667,0.243332481384277,0.0645,0.28179824793328
45.5,0.243332481384277,0.0645,0.281354819838926
45.5333333333333,0.243332481384277,0.0645,0.280994438688699
45.5666666666667,0.243332481384277,0.0645,0.2807042484268
45.6,0.243332481384277,0.0645,0.280473240044863
45.6333333333333,0.243332481384277,0.0645,0.280291995402678
45.6666666666667,0.243332481384277,0.0645,0.28015246594454
45.7,0.243332481384277,0.0645,0.280047781603405
45.7333333333333,0.243055979410807,0.0645,0.279972085816898
45.7666666666667,0.243055979410807,0.0645,0.280398910827484
45.8,0.243055979410807,0.0645,0.280753166063938
45.8333333333333,0.243055979410807,0.0645,0.281045694706689
45.8666666666667,0.243055979410807,0.0645,0.281285807180037
45.9,0.243055979410807,0.0645,0.28148149200414
45.9333333333333,0.243055979410807,0.0645,0.28163959805008
45.9666666666667,0.243055979410807,0.0645,0.281765992046944
46,0.243055979410807,0.0645,0.281865694674006
46.0333333333333,0.243055979410807,0.0645,0.281942998124177
46.0666666666667,0.243055979410807,0.0645,0.282001567637773
46.1,0.243055979410807,0.0645,0.282044529170329
46.1333333333333,0.24316520690918,0.0645,0.282074545067698
46.1666666666667,0.24316520690918,0.0645,0.281904848923942
46.2,0.24316520690918,0.0645,0.281762868914133
46.2333333333333,0.24316520690918,0.0645,0.281644530168929
46.2666666666667,0.24316520690918,0.0645,0.281546329412572
46.3,0.24316520690918,0.0645,0.281465256642722
46.3333333333333,0.24316520690918,0.0645,0.281398727410069
46.3666666666667,0.24316520690918,0.0645,0.281344524272724
46.4,0.243217531840007,0.0645,0.281300746191243
46.4333333333333,0.243169275919596,0.0645,0.281175210629498
46.4666666666667,0.243169275919596,0.0645,0.281158064048662
46.5,0.243169275919596,0.0645,0.281145755970329
46.5333333333333,0.243169275919596,0.0645,0.281137451024239
46.5666666666667,0.243169275919596,0.0645,0.281132439402231
46.6,0.243169275919596,0.0645,0.281130119059762
46.6333333333333,0.243095842997233,0.0645,0.281129980369326
46.6666666666667,0.243095842997233,0.0645,0.281258676807614
46.7,0.24296875,0.0645,0.281364239472781
46.7333333333333,0.24296875,0.0645,0.281670146859318
46.7666666666667,0.24296875,0.0645,0.281917034537982
46.8,0.24296875,0.0645,0.282114130740402
46.8333333333333,0.24296875,0.0645,0.282269331978118
46.8666666666667,0.24296875,0.0645,0.282389388154917
46.9,0.24296875,0.0645,0.282480062434797
46.9333333333333,0.243056424458822,0.0645,0.282546269273429
46.9666666666667,0.243056424458822,0.0645,0.282440463071469
47,0.243056424458822,0.0645,0.282347210654575
47.0333333333333,0.243056424458822,0.0645,0.282264953991335
47.0666666666667,0.243056424458822,0.0645,0.282192334156144
47.1,0.243056424458822,0.0645,0.282128165425133
47.1333333333333,0.243056424458822,0.0645,0.282071412778022
47.1666666666667,0.243056424458822,0.0645,0.282021172355342
47.2,0.243056424458822,0.0645,0.281976654480294
47.2333333333333,0.24296875,0.0645,0.281937168906345
47.2666666666667,0.24296875,0.0645,0.282053842488637
47.3,0.24296875,0.0645,0.282145138373465
47.3333333333333,0.24296875,0.0645,0.282215172284331
47.3666666666667,0.24296875,0.0645,0.282267456619268
47.4,0.24296875,0.0645,0.282304984961076
47.4333333333333,0.243137041727702,0.0645,0.282330305016399
47.4666666666667,0.243137041727702,0.0645,0.282054333824381
47.5,0.243275769551595,0.0645,0.28182635490221
47.5333333333333,0.243275769551595,0.0645,0.281399050700998
47.5666666666667,0.243275769551595,0.0645,0.281052625535201
47.6,0.243275769551595,0.0645,0.280774513749353
47.6333333333333,0.243275769551595,0.0645,0.28055395791506
47.6666666666667,0.243275769551595,0.0645,0.280381757835257
47.7,0.243275769551595,0.0645,0.280250053752378
47.7333333333333,0.243275769551595,0.0645,0.28015213914492
47.7666666666667,0.243176778157552,0.0645,0.280082299116393
47.8,0.243176778157552,0.0645,0.280206986635905
47.8333333333333,0.243176778157552,0.0645,0.280317697650751
47.8666666666667,0.243176778157552,0.0645,0.280416098287505
47.9,0.243176778157552,0.0645,0.280503647236411
47.9333333333333,0.243176778157552,0.0645,0.280581622312846
47.9666666666667,0.243176778157552,0.0645,0.280651143559014
48,0.243176778157552,0.0645,0.280713193341048
48.0333333333333,0.243176778157552,0.0645,0.280768633836524
48.0666666666667,0.243176778157552,0.0645,0.280818222255091
48.1,0.243176778157552,0.0645,0.280862624089657
48.1333333333333,0.243176778157552,0.0645,0.280902424656235
48.1666666666667,0.243176778157552,0.0645,0.280938139146512
48.2,0.243176778157552,0.0645,0.280970221387595
48.2333333333333,0.243176778157552,0.0645,0.28099907147779
48.2666666666667,0.243176778157552,0.0645,0.281025042444976
48.3,0.243276786804199,0.0645,0.281048446054879
48.3333333333333,0.243276786804199,0.0645,0.280896481691286
48.3666666666667,0.243276786804199,0.0645,0.28077586644171
48.4,0.243276786804199,0.0645,0.280681594033271
48.4333333333333,0.243276786804199,0.0645,0.280609387291688
48.4666666666667,0.243276786804199,0.0645,0.280555596337072
48.5,0.243276786804199,0.0645,0.28051711069581
48.5333333333333,0.243276786804199,0.0645,0.280491283447558
48.5666666666667,0.243159739176432,0.0645,0.28047586577905
48.6,0.243159739176432,0.0645,0.280671514593164
48.6333333333333,0.243159739176432,0.0645,0.280834964536311
48.6666666666667,0.243159739176432,0.0645,0.280970964379883
48.7,0.243159739176432,0.0645,0.281083595768183
48.7333333333333,0.243159739176432,0.0645,0.281176364699752
48.7666666666667,0.243159739176432,0.0645,0.281252280622535
48.8,0.243159739176432,0.0645,0.281313924808423
48.8333333333333,0.24312260945638,0.0645,0.281363509449626
48.8666666666667,0.24312260945638,0.0645,0.28146718587415
48.9,0.24312260945638,0.0645,0.281549918045448
48.9333333333333,0.24312260945638,0.0645,0.281615029278489
48.9666666666667,0.24312260945638,0.0645,0.281665360219972
49,0.24312260945638,0.0645,0.281703336152691
49.0333333333333,0.24312260945638,0.0645,0.28173102510621
49.0666666666667,0.243229166666667,0.0645,0.281750188016063
49.1,0.242896906534831,0.0645,0.281577912793908
49.1333333333333,0.242896906534831,0.0645,0.282010476692686
49.1666666666667,0.242896906534831,0.0645,0.282357422876672
49.2,0.242896906534831,0.0645,0.282632249754264
49.2333333333333,0.242896906534831,0.0645,0.282846500709803
49.2666666666667,0.242896906534831,0.0645,0.283010036344077
49.3,0.242896906534831,0.0645,0.283131269553669
49.3333333333333,0.242896906534831,0.0645,0.283217368468244
49.3666666666667,0.243074671427409,0.0645,0.283274431590879
49.4,0.243074671427409,0.0645,0.282999996802953
49.4333333333333,0.243074671427409,0.0645,0.282765461165569
49.4666666666667,0.243074671427409,0.0645,0.282565258239744
49.5,0.243074671427409,0.0645,0.282394582155278
49.5333333333333,0.243074671427409,0.0645,0.282249284831846
49.5666666666667,0.243074671427409,0.0645,0.282125787006048
49.6,0.243074671427409,0.0645,0.282021001215988
49.6333333333333,0.243074671427409,0.0645,0.281932265142033
49.6666666666667,0.243074671427409,0.0645,0.281857283916379
49.7,0.243074671427409,0.0645,0.281794080199588
49.7333333333333,0.243074671427409,0.0645,0.281740950982873
49.7666666666667,0.243074671427409,0.0645,0.281696430214246
49.8,0.243074671427409,0.0645,0.281659256467192
49.8333333333333,0.243074671427409,0.0645,0.281628344975135
49.8666666666667,0.243074671427409,0.0645,0.281602763445481
49.9,0.243225479125977,0.0645,0.281581711145513
49.9333333333333,0.243225479125977,0.0645,0.28130351117061
49.9666666666667,0.243225479125977,0.0645,0.281078924798694
50,0.243225479125977,0.0645,0.280899572200919
50.0333333333333,0.243225479125977,0.0645,0.280758282638245
50.0666666666667,0.243225479125977,0.0645,0.280648926408643
50.1,0.243225479125977,0.0645,0.280566269711216
50.1333333333333,0.243225479125977,0.0645,0.280505849333657
50.1666666666667,0.243300374348958,0.0645,0.280463864484755
50.2,0.243150266011556,0.0645,0.280307468863408
50.2333333333333,0.243150266011556,0.0645,0.280448323900064
50.2666666666667,0.243150266011556,0.0645,0.280570287924704
50.3,0.243150266011556,0.0645,0.280675887963221
50.3333333333333,0.243150266011556,0.0645,0.280767313491723
50.3666666666667,0.243150266011556,0.0645,0.280846461488856
50.4,0.243150266011556,0.0645,0.280914975477753
50.4333333333333,0.243229166666667,0.0645,0.280974279359236
50.4666666666667,0.243229166666667,0.0645,0.28088906029114
50.5,0.243229166666667,0.0645,0.280823281663738
50.5333333333333,0.243229166666667,0.0645,0.280773749327281
50.5666666666667,0.243229166666667,0.0645,0.280737739895866
50.6,0.243229166666667,0.0645,0.280712934633975
50.6333333333333,0.243229166666667,0.0645,0.280697362407454
50.6666666666667,0.243229166666667,0.0645,0.280689350471771
50.7,0.243229166666667,0.0645,0.280687482035372
50.7333333333333,0.243229166666667,0.0645,0.280690559678874
50.7666666666667,0.243229166666667,0.0645,0.280697573834598
50.8,0.243229166666667,0.0645,0.280707675638084
50.8333333333333,0.243229166666667,0.0645,0.280720153556047
50.8666666666667,0.243229166666667,0.0645,0.280734413275577
50.9,0.243229166666667,0.0645,0.280749960408938
50.9333333333333,0.243149121602376,0.0645,0.28076638562856
50.9666666666667,0.243149121602376,0.0645,0.280921878867339
51,0.243149121602376,0.0645,0.281050907039148
51.0333333333333,0.243149121602376,0.0645,0.281157426104978
51.0666666666667,0.243149121602376,0.0645,0.281244832716382
51.1,0.243149121602376,0.0645,0.281316041163872
51.1333333333333,0.243149121602376,0.0645,0.281373549888604
51.1666666666667,0.243149121602376,0.0645,0.281419498962083
51.2,0.243375714619954,0.0645,0.281455719750375
51.2333333333333,0.243375714619954,0.0645,0.281091633165345
51.2666666666667,0.243375714619954,0.0645,0.280796389611823
51.3,0.243375714619954,0.0645,0.280559297083906
51.3333333333333,0.243375714619954,0.0645,0.280371201943999
51.3666666666667,0.243375714619954,0.0645,0.280224275401841
51.4,0.243375714619954,0.0645,0.280111829089493
51.4333333333333,0.243100102742513,0.0645,0.280028155806104
51.4666666666667,0.243196233113607,0.0645,0.280445369323233
51.5,0.243196233113607,0.0645,0.280623951058453
51.5333333333333,0.243196233113607,0.0645,0.280773243227593
51.5666666666667,0.243196233113607,0.0645,0.280897559461937
51.6,0.243196233113607,0.0645,0.281000607804886
51.6333333333333,0.243196233113607,0.0645,0.281085573725652
51.6666666666667,0.243196233113607,0.0645,0.281155191895367
51.7,0.243196233113607,0.0645,0.281211808236551
51.7333333333333,0.243272272745768,0.0645,0.281257433554489
51.7666666666667,0.243272272745768,0.0645,0.281162194765212
51.8,0.243272272745768,0.0645,0.281084553126585
51.8333333333333,0.243272272745768,0.0645,0.281021797228382
51.8666666666667,0.243272272745768,0.0645,0.280971604396439
51.9,0.243272272745768,0.0645,0.280931986832714
51.9333333333333,0.243272272745768,0.0645,0.280901245087863
51.9666666666667,0.243272272745768,0.0645,0.280877927877407
52,0.243255233764648,0.0645,0.280860797385221
52.0333333333333,0.243255233764648,0.0645,0.28087828718245
52.0666666666667,0.243255233764648,0.0645,0.280894322740524
52.1,0.243255233764648,0.0645,0.280909032535581
52.1333333333333,0.243255233764648,0.0645,0.280922532789907
52.1666666666667,0.243255233764648,0.0645,0.280934928742324
52.2,0.243070411682129,0.0645,0.280946315776286
52.2333333333333,0.243070411682129,0.0645,0.281276635781764
52.2666666666667,0.243192100524902,0.0645,0.281544392100189
52.3,0.243192100524902,0.0645,0.281548710830427
52.3333333333333,0.243192100524902,0.0645,0.28154914829761
52.3666666666667,0.243192100524902,0.0645,0.281546468375859
52.4,0.243192100524902,0.0645,0.2815413147259
52.4333333333333,0.243192100524902,0.0645,0.281534228192253
52.4666666666667,0.243192100524902,0.0645,0.281525661778771
52.5,0.243192100524902,0.0645,0.281515993533034
52.5333333333333,0.243176333109538,0.0645,0.281505537625437
52.5666666666667,0.243176333109538,0.0645,0.28152184115231
52.6,0.243176333109538,0.0645,0.281532565062903
52.6333333333333,0.243176333109538,0.0645,0.281538707160343
52.6666666666667,0.243176333109538,0.0645,0.281541113286159
52.7,0.243176333109538,0.0645,0.281540498992131
52.7333333333333,0.243176333109538,0.0645,0.281537468217435
52.7666666666667,0.243176333109538,0.0645,0.281532529378233
52.8,0.242737897237142,0.0645,0.281526109221937
52.8333333333333,0.242737897237142,0.0645,0.282277327240301
52.8666666666667,0.242737897237142,0.0645,0.282881306272694
52.9,0.242737897237142,0.0645,0.283361187065278
52.9333333333333,0.242737897237142,0.0645,0.283736763394814
52.9666666666667,0.242737897237142,0.0645,0.284024947825042
53,0.243185551961263,0.0645,0.284240173909214
53.0333333333333,0.243185551961263,0.0645,0.283620026673905
53.0666666666667,0.243185551961263,0.0645,0.283099183296976
53.1,0.243197059631348,0.0645,0.282663164664157
53.1333333333333,0.243197059631348,0.0645,0.282279599214771
53.1666666666667,0.243197059631348,0.0645,0.281961535184351
53.2,0.243197059631348,0.0645,0.281699168766939
53.2333333333333,0.243197059631348,0.0645,0.281484083104918
53.2666666666667,0.243197059631348,0.0645,0.281309057416552
53.3,0.243197059631348,0.0645,0.281167902016374
53.3333333333333,0.243197059631348,0.0645,0.281055315743006
53.3666666666667,0.243288421630859,0.0645,0.280966762776199
53.4,0.243288421630859,0.0645,0.28074025403448
53.4333333333333,0.243288421630859,0.0645,0.280561101481613
53.4666666666667,0.243288421630859,0.0645,0.280421712299144
53.5,0.243288421630859,0.0645,0.280315601350097
53.5333333333333,0.243288421630859,0.0645,0.280237236384446
53.5666666666667,0.243288421630859,0.0645,0.280181904413327
53.6,0.243288421630859,0.0645,0.280145596390044
53.6333333333333,0.243169593811035,0.0645,0.280124907720417
53.6666666666667,0.243169593811035,0.0645,0.280322597338131
53.7,0.243169593811035,0.0645,0.280490897480201
53.7333333333333,0.243169593811035,0.0645,0.280633952650341
53.7666666666667,0.243146642049154,0.0645,0.28075533791366
53.8,0.243146642049154,0.0645,0.280897856677003
53.8333333333333,0.243146642049154,0.0645,0.281016781125424
53.8666666666667,0.243146642049154,0.0645,0.281115599421124
53.9,0.243052736918132,0.0645,0.281197309127936
53.9333333333333,0.243052736918132,0.0645,0.28142699789546
53.9666666666667,0.243052736918132,0.0645,0.281613002673376
54,0.243052736918132,0.0645,0.281762121340652
54.0333333333333,0.243052736918132,0.0645,0.28188017284339
54.0666666666667,0.243052736918132,0.0645,0.281972133126689
54.1,0.243052736918132,0.0645,0.282042252539219
54.1333333333333,0.243052736918132,0.0645,0.28209415721083
54.1666666666667,0.243040593465169,0.0645,0.282130936567949
54.2,0.243040593465169,0.0645,0.282176234469172
54.2333333333333,0.243040593465169,0.0645,0.282207212331442
54.2666666666667,0.243040593465169,0.0645,0.282226396671809
54.3,0.243040593465169,0.0645,0.282235931136611
54.3333333333333,0.243040593465169,0.0645,0.282237630979675
54.3666666666667,0.243040593465169,0.0645,0.282233030021184
54.4,0.243040593465169,0.0645,0.282223421108858
54.4333333333333,0.243040593465169,0.0645,0.282209890965406
54.4666666666667,0.243040593465169,0.0645,0.282193350187096
54.5,0.243040593465169,0.0645,0.28217455905503
54.5333333333333,0.243040593465169,0.0645,0.282154149731415
54.5666666666667,0.243040593465169,0.0645,0.282132645335775
54.6,0.243040593465169,0.0645,0.282110476329052
54.6333333333333,0.243040593465169,0.0645,0.282087994575643
54.6666666666667,0.243040593465169,0.0645,0.282065485403229
54.7,0.24313055674235,0.0645,0.28204317793683
54.7333333333333,0.24313055674235,0.0645,0.281865562396906
54.7666666666667,0.24313055674235,0.0645,0.281718514836804
54.8,0.24313055674235,0.0645,0.281597446280616
54.8333333333333,0.24313055674235,0.0645,0.281498417870928
54.8666666666667,0.24313055674235,0.0645,0.281418051334999
54.9,0.24313055674235,0.0645,0.281353451601298
54.9333333333333,0.24313055674235,0.0645,0.281302139930532
54.9666666666667,0.243118985493978,0.0645,0.281261996144557
55,0.243118985493978,0.0645,0.281251234070687
55.0333333333333,0.24296875,0.0645,0.281244418292027
55.0666666666667,0.24296875,0.0645,0.281500834836249
55.1,0.243185170491536,0.0645,0.281709710073631
55.1333333333333,0.243190511067708,0.0645,0.281503838124075
55.1666666666667,0.243190511067708,0.0645,0.281327070398044
55.2,0.243190511067708,0.0645,0.281184507691504
55.2333333333333,0.243190511067708,0.0645,0.28107079657535
55.2666666666667,0.243190511067708,0.0645,0.280981356499854
55.3,0.243190511067708,0.0645,0.280912272339858
55.3333333333333,0.243190511067708,0.0645,0.280860201595554
55.3666666666667,0.243190511067708,0.0645,0.280822294270283
55.4,0.243190511067708,0.0645,0.280796123712466
55.4333333333333,0.243133672078451,0.0645,0.280779626938809
55.4666666666667,0.243124707539876,0.0645,0.280869419406015
55.5,0.243124707539876,0.0645,0.280962185076215
55.5333333333333,0.243124707539876,0.0645,0.281041130679085
55.5666666666667,0.243124707539876,0.0645,0.281108207064625
55.6,0.243124707539876,0.0645,0.281165096906664
55.6333333333333,0.243124707539876,0.0645,0.281213251060647
55.6666666666667,0.243124707539876,0.0645,0.281253920028931
55.7,0.243229166666667,0.0645,0.281288181189246
55.7333333333333,0.243229166666667,0.0645,0.281136184110424
55.7666666666667,0.243229166666667,0.0645,0.281014388964638
55.8,0.243229166666667,0.0645,0.280918028267419
55.8333333333333,0.243229166666667,0.0645,0.280843025396982
55.8666666666667,0.243229166666667,0.0645,0.280785898364982
55.9,0.243229166666667,0.0645,0.280743676724481
55.9333333333333,0.243229166666667,0.0645,0.280713829840668
55.9666666666667,0.243219184875488,0.0645,0.280694204988116
56,0.243219184875488,0.0645,0.280700248554853
56.0333333333333,0.243219184875488,0.0645,0.280709802811956
56.0666666666667,0.243219184875488,0.0645,0.280722077934517
56.1,0.243219184875488,0.0645,0.280736413388167
56.1333333333333,0.243219184875488,0.0645,0.280752258902933
56.1666666666667,0.243219184875488,0.0645,0.280769158117138
56.2,0.243219184875488,0.0645,0.280786734525414
56.2333333333333,0.243229166666667,0.0645,0.280804679414411
56.2666666666667,0.243229166666667,0.0645,0.280805466902645
56.3,0.243229166666667,0.0645,0.280809502238315
56.3333333333333,0.243229166666667,0.0645,0.280816102468721
56.3666666666667,0.243229166666667,0.0645,0.280824694328443
56.4,0.243229166666667,0.0645,0.280834798226005
56.4333333333333,0.243229166666667,0.0645,0.280846014469125
56.4666666666667,0.243229166666667,0.0645,0.28085801142238
56.5,0.243229166666667,0.0645,0.280870515332466
56.5333333333333,0.243229166666667,0.0645,0.280883301592127
56.5666666666667,0.243229166666667,0.0645,0.280896187244803
56.6,0.243229166666667,0.0645,0.280909024558901
56.6333333333333,0.243229166666667,0.0645,0.280921695523866
56.6666666666667,0.243229166666667,0.0645,0.280934107140261
56.7,0.243229166666667,0.0645,0.280946187393534
56.7333333333333,0.243229166666667,0.0645,0.280957881816147
56.7666666666667,0.243345642089844,0.0645,0.280969150555787
56.8,0.243345642089844,0.0645,0.280778392085033
56.8333333333333,0.243345642089844,0.0645,0.280626058503706
56.8666666666667,0.243345642089844,0.0645,0.280506058243981
56.9,0.243345642089844,0.0645,0.280413184116113
56.9333333333333,0.243345642089844,0.0645,0.280342990012197
56.9666666666667,0.243345642089844,0.0645,0.280291684450366
57,0.243345642089844,0.0645,0.280256038684152
57.0333333333333,0.243096288045247,0.0645,0.280233307407328
57.0666666666667,0.243096288045247,0.0645,0.280652695512137
57.1,0.243096288045247,0.0645,0.280997423803388
57.1333333333333,0.243096288045247,0.0645,0.281278843824337
57.1666666666667,0.243096288045247,0.0645,0.281506689460255
57.2,0.243096288045247,0.0645,0.281689300386718
57.2333333333333,0.243096288045247,0.0645,0.28183381514636
57.2666666666667,0.243096288045247,0.0645,0.281946337946737
57.3,0.243096288045247,0.0645,0.282032082723045
57.3333333333333,0.243096288045247,0.0645,0.282095497533983
57.3666666666667,0.243096288045247,0.0645,0.282140371947178
57.4,0.243096288045247,0.0645,0.282169929713862
57.4333333333333,0.243096288045247,0.0645,0.282186908723491
57.4666666666667,0.243096288045247,0.0645,0.282193629961421
57.5,0.243096288045247,0.0645,0.282192056960952
57.5333333333333,0.243096288045247,0.0645,0.282183847040366
57.5666666666667,0.243093617757161,0.0645,0.282170395441768
57.6,0.243093617757161,0.0645,0.282157494571277
57.6333333333333,0.243093617757161,0.0645,0.28214061128871
57.6666666666667,0.243093617757161,0.0645,0.282120701623696
57.7,0.243093617757161,0.0645,0.282098562454535
57.7333333333333,0.243093617757161,0.0645,0.282074855089716
57.7666666666667,0.243093617757161,0.0645,0.282050125529229
57.8,0.243093617757161,0.0645,0.282024821861481
57.8333333333333,0.243093617757161,0.0645,0.281999309189885
57.8666666666667,0.243093617757161,0.0645,0.281973882429719
57.9,0.243093617757161,0.0645,0.281948777269634
57.9333333333333,0.243093617757161,0.0645,0.281924179552139
57.9666666666667,0.243093617757161,0.0645,0.281900233292771
58,0.243093617757161,0.0645,0.281877047527707
58.0333333333333,0.24305419921875,0.0645,0.281854702153646
58.0666666666667,0.24305419921875,0.0645,0.281901471106645
58.1,0.24305419921875,0.0645,0.281936008467134
58.1333333333333,0.24305419921875,0.0645,0.281960392009601
58.1666666666667,0.24305419921875,0.0645,0.281976389162311
58.2,0.24305419921875,0.0645,0.281985500869559
58.2333333333333,0.24305419921875,0.0645,0.28198899942056
58.2666666666667,0.24305419921875,0.0645,0.281987961063239
58.3,0.24305419921875,0.0645,0.281983294111005
58.3333333333333,0.243247413635254,0.0645,0.281975763155288
58.3666666666667,0.243247413635254,0.0645,0.281631630678886
58.4,0.243247413635254,0.0645,0.28135033512761
58.4333333333333,0.243247413635254,0.0645,0.281122234672953
58.4666666666667,0.243247413635254,0.0645,0.280939067244627
58.5,0.243247413635254,0.0645,0.280793759542954
58.5333333333333,0.243247413635254,0.0645,0.280680262039505
58.5666666666667,0.243173472086589,0.0645,0.280593406461879
58.6,0.243173472086589,0.0645,0.280656746878177
58.6333333333333,0.243173472086589,0.0645,0.280713868812522
58.6666666666667,0.243173472086589,0.0645,0.280765435412
58.7,0.243173472086589,0.0645,0.280812033775794
58.7333333333333,0.243173472086589,0.0645,0.280854184172766
58.7666666666667,0.243173472086589,0.0645,0.280892348098769
58.8,0.243173472086589,0.0645,0.280926935323255
58.8333333333333,0.243310546875,0.0645,0.280958310055205
58.8666666666667,0.243310546875,0.0645,0.280749573034121
58.9,0.243310546875,0.0645,0.280584011220232
58.9333333333333,0.243310546875,0.0645,0.280454724274499
58.9666666666667,0.243310546875,0.0645,0.280355817145333
59,0.243310546875,0.0645,0.280282259676689
59.0333333333333,0.243310546875,0.0645,0.280229765408645
59.0666666666667,0.243310546875,0.0645,0.280194686976177
59.1,0.243444697062174,0.0645,0.280173925860363
59.1333333333333,0.243444697062174,0.0645,0.279932692591558
59.1666666666667,0.243444697062174,0.0645,0.279745723896964
59.2,0.243444697062174,0.0645,0.279604137252964
59.2333333333333,0.243444697062174,0.0645,0.279500357250967
59.2666666666667,0.243444697062174,0.0645,0.279427932164036
59.3,0.243444697062174,0.0645,0.279381375653398
59.3333333333333,0.243229166666667,0.0645,0.279356030212012
59.3666666666667,0.243093617757161,0.0645,0.279720948941489
59.4,0.243093617757161,0.0645,0.280262403340057
59.4333333333333,0.243093617757161,0.0645,0.280708984883529
59.4666666666667,0.243093617757161,0.0645,0.281075033673949
59.5,0.243093617757161,0.0645,0.281372851805671
59.5333333333333,0.243093617757161,0.0645,0.281612984490762
59.5666666666667,0.243093617757161,0.0645,0.28180446300105
59.6,0.243093617757161,0.0645,0.281955014570105
59.6333333333333,0.243106269836426,0.0645,0.282071243708782
59.6666666666667,0.243106269836426,0.0645,0.282136892947225
59.7,0.243106269836426,0.0645,0.282182890620179
59.7333333333333,0.243106269836426,0.0645,0.282212669250207
59.7666666666667,0.243106269836426,0.0645,0.282229143143902
59.8,0.243106269836426,0.0645,0.282234782000198
59.8333333333333,0.243106269836426,0.0645,0.282231674367883
59.8666666666667,0.243106269836426,0.0645,0.282221582330803
59.9,0.243169085184733,0.0645,0.28220598861362
59.9333333333333,0.243229166666667,0.0645,0.282077428129227
59.9666666666667,0.243229166666667,0.0645,0.281862648854916
60,0.243229166666667,0.0645,0.281683278382451
60.0333333333333,0.243229166666667,0.0645,0.281534090815578
60.0666666666667,0.243229166666667,0.0645,0.281410594664017
60.1,0.243229166666667,0.0645,0.281308932118648
60.1333333333333,0.243229166666667,0.0645,0.281225791965681
60.1666666666667,0.243229166666667,0.0645,0.281158334305677
60.2,0.243229166666667,0.0645,0.281104125489046
60.2333333333333,0.243229166666667,0.0645,0.281061081892473
60.2666666666667,0.243229166666667,0.0645,0.281027421345134
60.3,0.243229166666667,0.0645,0.281001621173302
60.3333333333333,0.243229166666667,0.0645,0.280982381970319
60.3666666666667,0.243173853556315,0.0645,0.280968596318763
60.4,0.243173853556315,0.0645,0.281055047341536
60.4333333333333,0.243173853556315,0.0645,0.281126737397154
60.4666666666667,0.243173853556315,0.0645,0.281185875674933
60.5,0.243173853556315,0.0645,0.281234358838034
60.5333333333333,0.243173853556315,0.0645,0.281273814032841
60.5666666666667,0.243173853556315,0.0645,0.281305636063938
60.6,0.243173853556315,0.0645,0.28133101952004
60.6333333333333,0.243397903442383,0.0645,0.28135098653097
60.6666666666667,0.243397903442383,0.0645,0.280978667268293
60.7,0.243397903442383,0.0645,0.280677370765046
60.7333333333333,0.243397903442383,0.0645,0.280436033734617
60.7666666666667,0.243397903442383,0.0645,0.280245186774116
60.8,0.243397903442383,0.0645,0.280096732993293
60.8333333333333,0.243397903442383,0.0645,0.279983756819481
60.8666666666667,0.24296875,0.0645,0.279900358905915
60.9,0.243365732828776,0.0645,0.280584211819781
60.9333333333333,0.243365732828776,0.0645,0.280458006709978
60.9666666666667,0.243365732828776,0.0645,0.280360115093476
61,0.243365732828776,0.0645,0.28028590571111
61.0333333333333,0.243365732828776,0.0645,0.280231428616856
61.0666666666667,0.243365732828776,0.0645,0.280193319579817
61.1,0.243365732828776,0.0645,0.280168717587127
61.1333333333333,0.243365732828776,0.0645,0.280155193674551
61.1666666666667,0.24315013885498,0.0645,0.280150689549968
61.2,0.24315013885498,0.0645,0.280526574252377
61.2333333333333,0.24315013885498,0.0645,0.280836273942809
61.2666666666667,0.24315013885498,0.0645,0.281089810856852
61.3,0.24315013885498,0.0645,0.281295781670615
61.3333333333333,0.24315013885498,0.0645,0.281461554228483
61.3666666666667,0.24315013885498,0.0645,0.281593437544594
61.4,0.24315013885498,0.0645,0.281696828678534
61.4333333333333,0.243095143636068,0.0645,0.281776339602865
61.4666666666667,0.243095143636068,0.0645,0.281931082161179
61.5,0.243095143636068,0.0645,0.282050871239927
61.5333333333333,0.243095143636068,0.0645,0.282141434737688
61.5666666666667,0.243095143636068,0.0645,0.282207657271351
61.6,0.243095143636068,0.0645,0.282253698543863
61.6333333333333,0.243120129903158,0.0645,0.282283095487607
61.6666666666667,0.243120129903158,0.0645,0.282255608839814
61.7,0.24336306254069,0.0645,0.282225367715725
61.7333333333333,0.24336306254069,0.0645,0.281772795652691
61.7666666666667,0.24336306254069,0.0645,0.281400137584013
61.8,0.24336306254069,0.0645,0.281095279570308
61.8333333333333,0.24336306254069,0.0645,0.280847831592183
61.8666666666667,0.24336306254069,0.0645,0.280648889590119
61.9,0.24336306254069,0.0645,0.280490829836427
61.9333333333333,0.24336306254069,0.0645,0.280367131283288
61.9666666666667,0.24307378133138,0.0645,0.280272222115082
62,0.243190765380859,0.0645,0.280701980842248
62.0333333333333,0.243190765380859,0.0645,0.280852663897896
62.0666666666667,0.243190765380859,0.0645,0.280977447489427
62.1,0.243190765380859,0.0645,0.281080217810553
62.1333333333333,0.243190765380859,0.0645,0.281164310626994
62.1666666666667,0.243190765380859,0.0645,0.281232587072049
62.2,0.243190765380859,0.0645,0.281287499156827
62.2333333333333,0.24324213663737,0.0645,0.281331146379867
62.2666666666667,0.24324213663737,0.0645,0.281276420909715
62.3,0.24324213663737,0.0645,0.281230916030572
62.3333333333333,0.24324213663737,0.0645,0.281193258934121
62.3666666666667,0.24324213663737,0.0645,0.281162270541277
62.4,0.24324213663737,0.0645,0.281136938874971
62.4333333333333,0.24296875,0.0645,0.28111639604262
62.4666666666667,0.24296875,0.0645,0.28157302460477
62.5,0.243198267618815,0.0645,0.281941766296966
62.5333333333333,0.243198267618815,0.0645,0.281839146056378
62.5666666666667,0.243198267618815,0.0645,0.281750765604506
62.6,0.243198267618815,0.0645,0.281674684779819
62.6333333333333,0.243198267618815,0.0645,0.281609225203936
62.6666666666667,0.243198267618815,0.0645,0.281552935146519
62.7,0.243198267618815,0.0645,0.281504559092049
62.7333333333333,0.243198267618815,0.0645,0.281463011380267
62.7666666666667,0.243141492207845,0.0645,0.281427353375964
62.8,0.243141492207845,0.0645,0.281495029917844
62.8333333333333,0.243141492207845,0.0645,0.281548123832026
62.8666666666667,0.243141492207845,0.0645,0.281588993818882
62.9,0.243141492207845,0.0645,0.281619653201576
62.9333333333333,0.243141492207845,0.0645,0.281641818278302
62.9666666666667,0.243141492207845,0.0645,0.281656950055979
63,0.243141492207845,0.0645,0.28166629026067
63.0333333333333,0.243279902140299,0.0645,0.281670892399653
63.0666666666667,0.243279902140299,0.0645,0.281432114621968
63.1,0.243279902140299,0.0645,0.28123646547769
63.1333333333333,0.243279902140299,0.0645,0.281077352856461
63.1666666666667,0.243279902140299,0.0645,0.280949126327063
63.2,0.243135897318522,0.0645,0.280846946904498
63.2333333333333,0.243135897318522,0.0645,0.281015891037859
63.2666666666667,0.243135897318522,0.0645,0.281155114622702
63.3,0.243308893839518,0.0645,0.281269116657428
63.3333333333333,0.243308893839518,0.0645,0.281062366406066
63.3666666666667,0.243308893839518,0.0645,0.280895332199095
63.4,0.243308893839518,0.0645,0.28076181300528
63.4333333333333,0.243308893839518,0.0645,0.280656502093903
63.4666666666667,0.243308893839518,0.0645,0.280574862763822
63.5,0.243308893839518,0.0645,0.280513021016952
63.5333333333333,0.243308893839518,0.0645,0.280467672888987
63.5666666666667,0.243069839477539,0.0645,0.280436004457194
63.6,0.243170611063639,0.0645,0.280829333217087
63.6333333333333,0.243170611063639,0.0645,0.28097769046321
63.6666666666667,0.243170611063639,0.0645,0.28109988602071
63.7,0.243170611063639,0.0645,0.281199883705708
63.7333333333333,0.243170611063639,0.0645,0.281281083377054
63.7666666666667,0.243170611063639,0.0645,0.281346398772797
63.8,0.243170611063639,0.0645,0.281398324771529
63.8333333333333,0.243170611063639,0.0645,0.281438995503294
63.8666666666667,0.243146197001139,0.0645,0.281470234543697
63.9,0.243146197001139,0.0645,0.281535849534883
63.9333333333333,0.243146197001139,0.0645,0.281586762897894
63.9666666666667,0.243260955810547,0.0645,0.281625378557462
64,0.243260955810547,0.0645,0.281455143842233
64.0333333333333,0.243260955810547,0.0645,0.281314730893212
64.0666666666667,0.243260955810547,0.0645,0.281199632497891
64.1,0.243260955810547,0.0645,0.28110598198212
64.1333333333333,0.243119303385417,0.0645,0.28103046485512
64.1666666666667,0.243119303385417,0.0645,0.281215387876481
64.2,0.243119303385417,0.0645,0.281365873116532
64.2333333333333,0.243119303385417,0.0645,0.281487241340352
64.2666666666667,0.243119303385417,0.0645,0.281584049536687
64.3,0.243119303385417,0.0645,0.281660196805128
64.3333333333333,0.243119303385417,0.0645,0.281719015823112
64.3666666666667,0.243119303385417,0.0645,0.281763351837928
64.4,0.243168767293294,0.0645,0.281795630867885
64.4333333333333,0.243168767293294,0.0645,0.281732315726043
64.4666666666667,0.243168767293294,0.0645,0.281677283432066
64.5,0.243168767293294,0.0645,0.281629441470148
64.5333333333333,0.243168767293294,0.0645,0.281587842108974
64.5666666666667,0.243168767293294,0.0645,0.28155166316303
64.6,0.243168767293294,0.0645,0.281520191314164
64.6333333333333,0.243168767293294,0.0645,0.281492807652386
64.6666666666667,0.24321543375651,0.0645,0.281468975140358
64.7,0.24321543375651,0.0645,0.281367466192724
64.7333333333333,0.243257904052734,0.0645,0.281284221807171
64.7666666666667,0.243257904052734,0.0645,0.281142954538017
64.8,0.243257904052734,0.0645,0.281028956776623
64.8333333333333,0.243257904052734,0.0645,0.280937963964925
64.8666666666667,0.243257904052734,0.0645,0.280866327007448
64.9,0.243257904052734,0.0645,0.280810926717268
64.9333333333333,0.243131510416667,0.0645,0.280769099929493
64.9666666666667,0.243131510416667,0.0645,0.280957314081433
65,0.243131510416667,0.0645,0.281112688871362
65.0333333333333,0.243131510416667,0.0645,0.281240180095129
65.0666666666667,0.243131510416667,0.0645,0.28134403975279
65.1,0.243131510416667,0.0645,0.2814279130948
65.1333333333333,0.243131510416667,0.0645,0.281494922489683
65.1666666666667,0.243131510416667,0.0645,0.281547739888152
65.2,0.243145243326823,0.0645,0.281588649420634
65.2333333333333,0.243145243326823,0.0645,0.28159583511652
65.2666666666667,0.243145243326823,0.0645,0.281599312606281
65.3,0.243145243326823,0.0645,0.281599781298748
65.3333333333333,0.243145243326823,0.0645,0.281597832069831
65.3666666666667,0.243145243326823,0.0645,0.281593962872363
65.4,0.243145243326823,0.0645,0.281588592179751
65.4333333333333,0.243145243326823,0.0645,0.281582070558582
65.4666666666667,0.243112627665202,0.0645,0.281574690625518
65.5,0.243245061238607,0.0645,0.281623140672706
65.5333333333333,0.243245061238607,0.0645,0.281431093930286
65.5666666666667,0.243245061238607,0.0645,0.281273835292388
65.6,0.243245061238607,0.0645,0.281146041968728
65.6333333333333,0.243245061238607,0.0645,0.281043151884797
65.6666666666667,0.243245061238607,0.0645,0.280961258450995
65.7,0.243245061238607,0.0645,0.280897019645946
65.7333333333333,0.243229166666667,0.0645,0.280847579484306
65.7666666666667,0.243229166666667,0.0645,0.280838007539069
65.8,0.243229166666667,0.0645,0.280833410501324
65.8333333333333,0.243229166666667,0.0645,0.280832849369117
65.8666666666667,0.243229166666667,0.0645,0.280835530888801
65.9,0.243229166666667,0.0645,0.280840786590365
65.9333333333333,0.243229166666667,0.0645,0.280848054732212
65.9666666666667,0.243229166666667,0.0645,0.280856864758947
66,0.243141492207845,0.0645,0.280866823929229
66.0333333333333,0.243141492207845,0.0645,0.281029336309069
66.0666666666667,0.243141492207845,0.0645,0.28116312322323
66.1,0.243141492207845,0.0645,0.281272540742586
66.1333333333333,0.243141492207845,0.0645,0.281361324922179
66.1666666666667,0.243141492207845,0.0645,0.281432677392273
66.2,0.243141492207845,0.0645,0.281489339319444
66.2333333333333,0.243141492207845,0.0645,0.281533655304618
66.2666666666667,0.243141492207845,0.0645,0.281567628574822
66.3,0.243141492207845,0.0645,0.281592968643374
66.3333333333333,0.243141492207845,0.0645,0.281611132455613
66.3666666666667,0.243141492207845,0.0645,0.281623359900652
66.4,0.243141492207845,0.0645,0.281630704451388
66.4333333333333,0.243141492207845,0.0645,0.281634059592522
66.4666666666667,0.243141492207845,0.0645,0.281634181607636
66.5,0.243141492207845,0.0645,0.281631709219526
66.5333333333333,0.243213780721029,0.0645,0.281627180511424
66.5666666666667,0.243213780721029,0.0645,0.281495944113081
66.6,0.243213780721029,0.0645,0.281387622078392
66.6333333333333,0.243213780721029,0.0645,0.281298755460856
66.6666666666667,0.243213780721029,0.0645,0.281226376596712
66.7,0.243213780721029,0.0645,0.281167941357807
66.7333333333333,0.243213780721029,0.0645,0.281121270604581
66.7666666666667,0.243213780721029,0.0645,0.281084499600028
66.8,0.243149757385254,0.0645,0.281056034311631
66.8333333333333,0.243149757385254,0.0645,0.281145313241073
66.8666666666667,0.243149757385254,0.0645,0.281218996047383
66.9,0.243149757385254,0.0645,0.281279437418896
66.9333333333333,0.243149757385254,0.0645,0.281328657572913
66.9666666666667,0.243149757385254,0.0645,0.281368388380758
67,0.243149757385254,0.0645,0.281400113228867
67.0333333333333,0.243149757385254,0.0645,0.281425101459601
67.0666666666667,0.243242645263672,0.0645,0.281444438122349
67.1,0.243242645263672,0.0645,0.281298296767688
67.1333333333333,0.243242645263672,0.0645,0.281179239502214
67.1666666666667,0.243242645263672,0.0645,0.281083088749676
67.2,0.243242645263672,0.0645,0.281006266158298
67.2333333333333,0.243242645263672,0.0645,0.280945709557713
67.2666666666667,0.243242645263672,0.0645,0.280898801222827
67.3,0.243191528320312,0.0645,0.280863305919554
67.3333333333333,0.243257904052734,0.0645,0.280925781020074
67.3666666666667,0.243257904052734,0.0645,0.280864198750502
67.4,0.243257904052734,0.0645,0.280816884166064
67.4333333333333,0.243257904052734,0.0645,0.280781483467796
67.4666666666667,0.243257904052734,0.0645,0.280755990345019
67.5,0.243257904052734,0.0645,0.280738697135558
67.5333333333333,0.243257904052734,0.0645,0.280728152684876
67.5666666666667,0.243257904052734,0.0645,0.280723125996987
67.6,0.24296875,0.0645,0.280722574892021
67.6333333333333,0.24296875,0.0645,0.281226032535285
67.6666666666667,0.24296875,0.0645,0.281635782823552
67.7,0.24296875,0.0645,0.281966301202394
67.7333333333333,0.24296875,0.0645,0.282229985393148
67.7666666666667,0.24296875,0.0645,0.282437443429093
67.8,0.24296875,0.0645,0.282597742466458
67.8333333333333,0.24296875,0.0645,0.282718623661401
67.8666666666667,0.24321543375651,0.0645,0.28280668769411
67.9,0.243275133768717,0.0645,0.282440640976461
67.9333333333333,0.243275133768717,0.0645,0.282031236138385
67.9666666666667,0.243275133768717,0.0645,0.281692901192338
68,0.243275133768717,0.0645,0.281414931613717
68.0333333333333,0.243275133768717,0.0645,0.281188141717756
68.0666666666667,0.243275133768717,0.0645,0.281004655322334
68.1,0.243275133768717,0.0645,0.280857724831123
68.1333333333333,0.243275133768717,0.0645,0.280741574909792
68.1666666666667,0.243275133768717,0.0645,0.280651267441099
68.2,0.243275133768717,0.0645,0.280582584889196
68.2333333333333,0.243275133768717,0.0645,0.280531929588553
68.2666666666667,0.243275133768717,0.0645,0.280496236806381
68.3,0.243275133768717,0.0645,0.280472899716362
68.3333333333333,0.243167877197266,0.0645,0.280459704671678
68.3666666666667,0.243167877197266,0.0645,0.280640394917957
68.4,0.243167877197266,0.0645,0.280791946376899
68.4333333333333,0.243167877197266,0.0645,0.280918620383019
68.4666666666667,0.243167877197266,0.0645,0.281024082055374
68.5,0.243167877197266,0.0645,0.281111481882746
68.5333333333333,0.243167877197266,0.0645,0.281183526275046
68.5666666666667,0.243167877197266,0.0645,0.281242538563705
68.6,0.243166478474935,0.0645,0.281290511735268
68.6333333333333,0.243166478474935,0.0645,0.281331574656376
68.6666666666667,0.243166478474935,0.0645,0.28136430243107
68.7,0.243166478474935,0.0645,0.281390019590747
68.7333333333333,0.243166478474935,0.0645,0.281409858173228
68.7666666666667,0.243166478474935,0.0645,0.281424784572892
68.8,0.243166478474935,0.0645,0.281435622722519
68.8333333333333,0.243229166666667,0.0645,0.281443074102529
68.8666666666667,0.243148930867513,0.0645,0.281339246054488
68.9,0.243148930867513,0.0645,0.281392924812817
68.9333333333333,0.243148930867513,0.0645,0.281435614359527
68.9666666666667,0.243148930867513,0.0645,0.281469065546518
69,0.243148930867513,0.0645,0.281494774489637
69.0333333333333,0.243148930867513,0.0645,0.281514018120285
69.0666666666667,0.243148930867513,0.0645,0.281527884878534
69.1,0.243148930867513,0.0645,0.281537301204369
69.1333333333333,0.243199984232585,0.0645,0.281543054395477
69.1666666666667,0.243079249064128,0.0645,0.281457458744826
69.2,0.243079249064128,0.0645,0.281595427905245
69.2333333333333,0.243079249064128,0.0645,0.281705509373086
69.2666666666667,0.243079249064128,0.0645,0.281792128984697
69.3,0.243079249064128,0.0645,0.281859069732668
69.3333333333333,0.243079249064128,0.0645,0.281909561408756
69.3666666666667,0.243079249064128,0.0645,0.281946358001474
69.4,0.243079249064128,0.0645,0.281971804502871
69.4333333333333,0.243079249064128,0.0645,0.281987894556838
69.4666666666667,0.243079249064128,0.0645,0.28199632018875
69.5,0.243079249064128,0.0645,0.281998514689597
69.5333333333333,0.243079249064128,0.0645,0.281995689583339
69.5666666666667,0.243079249064128,0.0645,0.281988866481222
69.6,0.243079249064128,0.0645,0.281978904518509
69.6333333333333,0.243079249064128,0.0645,0.281966523975337
69.6666666666667,0.24322083791097,0.0645,0.281952326602224
69.7,0.24322083791097,0.0645,0.281691777708412
69.7333333333333,0.24322083791097,0.0645,0.281477609836307
69.7666666666667,0.24322083791097,0.0645,0.281302771168159
69.8,0.24322083791097,0.0645,0.281161214801746
69.8333333333333,0.24322083791097,0.0645,0.281047759941188
69.8666666666667,0.24322083791097,0.0645,0.280957971954937
69.9,0.24322083791097,0.0645,0.280888058758564
69.9333333333333,0.243169275919596,0.0645,0.280834781320892
69.9666666666667,0.243169275919596,0.0645,0.280884610201091
70,0.243169275919596,0.0645,0.280928738679869
70.0333333333333,0.243169275919596,0.0645,0.28096785649019
70.0666666666667,0.243169275919596,0.0645,0.28100256664201
70.1,0.243169275919596,0.0645,0.281033396594673
70.1333333333333,0.243169275919596,0.0645,0.281060807968774
70.1666666666667,0.243169275919596,0.0645,0.281085204990056
70.2,0.243235905965169,0.0645,0.281106941832397
70.2333333333333,0.243235905965169,0.0645,0.281011018232059
70.2666666666667,0.243235905965169,0.0645,0.280935267938431
70.3,0.243235905965169,0.0645,0.280876450844185
70.3333333333333,0.243235905965169,0.0645,0.280831799875711
70.3666666666667,0.243235905965169,0.0645,0.280798954864548
70.4,0.243235905965169,0.0645,0.280775905463844
70.4333333333333,0.243266741434733,0.0645,0.280760941886854
70.4666666666667,0.24353396097819,0.0645,0.280699248167614
70.5,0.24353396097819,0.0645,0.280190802080221
70.5333333333333,0.24353396097819,0.0645,0.279784642245197
70.5666666666667,0.24353396097819,0.0645,0.279464559506285
70.6,0.24353396097819,0.0645,0.279216697558291
70.6333333333333,0.24353396097819,0.0645,0.279029224950329
70.6666666666667,0.24353396097819,0.0645,0.278892051886591
70.7,0.24353396097819,0.0645,0.278796585772267
70.7333333333333,0.243359375,0.0645,0.278735520265168
70.7666666666667,0.243359375,0.0645,0.279004793929305
70.8,0.243359375,0.0645,0.279238709802616
70.8333333333333,0.243359375,0.0645,0.279441941608149
70.8666666666667,0.243359375,0.0645,0.279618542935682
70.9,0.243359375,0.0645,0.279772029700329
70.9333333333333,0.243359375,0.0645,0.279905451623501
70.9666666666667,0.243359375,0.0645,0.280021454198647
71,0.243092219034831,0.0645,0.280122332409314
71.0333333333333,0.243145942687988,0.0645,0.280672420682763
71.0666666666667,0.243145942687988,0.0645,0.28102891367865
71.1,0.243145942687988,0.0645,0.281318175844792
71.1333333333333,0.243145942687988,0.0645,0.281550639526128
71.1666666666667,0.243145942687988,0.0645,0.281735236652548
71.2,0.243255233764648,0.0645,0.281879606951089
71.2333333333333,0.243255233764648,0.0645,0.281801137313006
71.2666666666667,0.243201446533203,0.0645,0.281731035410289
71.3,0.243201446533203,0.0645,0.28176142652961
71.3333333333333,0.243201446533203,0.0645,0.281780420757585
71.3666666666667,0.243201446533203,0.0645,0.281790085124481
71.4,0.243201446533203,0.0645,0.281792170252406
71.4333333333333,0.243201446533203,0.0645,0.281788155584424
71.4666666666667,0.243201446533203,0.0645,0.281779288356432
71.5,0.243201446533203,0.0645,0.281766617162989
71.5333333333333,0.24338493347168,0.0645,0.281751020853556
71.5666666666667,0.24338493347168,0.0645,0.281415688653695
71.6,0.24338493347168,0.0645,0.281140049784002
71.6333333333333,0.24338493347168,0.0645,0.280915028413846
71.6666666666667,0.24338493347168,0.0645,0.280732842058739
71.7,0.24338493347168,0.0645,0.280586822930182
71.7333333333333,0.24338493347168,0.0645,0.280471263567951
71.7666666666667,0.24338493347168,0.0645,0.2803812834827
71.8,0.243229166666667,0.0645,0.280312713975601
71.8333333333333,0.243229166666667,0.0645,0.280531570622009
71.8666666666667,0.243229166666667,0.0645,0.280713234504554
71.9,0.243229166666667,0.0645,0.28086326182852
71.9333333333333,0.243229166666667,0.0645,0.280986423461391
71.9666666666667,0.243154335021973,0.0645,0.281086812962164
72,0.243154335021973,0.0645,0.281297444520097
72.0333333333333,0.243154335021973,0.0645,0.281466830536956
72.0666666666667,0.243195915222168,0.0645,0.281601451406084
72.1,0.243195915222168,0.0645,0.28163489114626
72.1333333333333,0.243195915222168,0.0645,0.281657730796932
72.1666666666667,0.243195915222168,0.0645,0.281671841460582
72.2,0.243195915222168,0.0645,0.281678810640152
72.2333333333333,0.243195915222168,0.0645,0.281679982595412
72.2666666666667,0.243195915222168,0.0645,0.281676493128926
72.3,0.243195915222168,0.0645,0.281669299558474
72.3333333333333,0.24313850402832,0.0645,0.281659206530789
72.3666666666667,0.24313850402832,0.0645,0.281746244758296
72.4,0.24313850402832,0.0645,0.281812448580385
72.4333333333333,0.24313850402832,0.0645,0.281861283829811
72.4666666666667,0.24313850402832,0.0645,0.281895702954362
72.5,0.24313850402832,0.0645,0.281918217289915
72.5333333333333,0.24313850402832,0.0645,0.281930959412243
72.5666666666667,0.24313850402832,0.0645,0.281935736911612
72.6,0.24313850402832,0.0645,0.281934078753465
72.6333333333333,0.24309253692627,0.0645,0.281927275231891
72.6666666666667,0.24309253692627,0.0645,0.281995963616671
72.7,0.24309253692627,0.0645,0.282046153749799
72.7333333333333,0.243208122253418,0.0645,0.282081008212443
72.7666666666667,0.243208122253418,0.0645,0.28190318263801
72.8,0.243208122253418,0.0645,0.281753591673243
72.8333333333333,0.243208122253418,0.0645,0.281628133464733
72.8666666666667,0.243208122253418,0.0645,0.281523278209159
72.9,0.243229166666667,0.0645,0.281435990006386
72.9333333333333,0.243229166666667,0.0645,0.281327239552552
72.9666666666667,0.243229166666667,0.0645,0.281238232466145
73,0.243229166666667,0.0645,0.281165945485151
73.0333333333333,0.243229166666667,0.0645,0.281107787578642
73.0666666666667,0.243229166666667,0.0645,0.281061540144778
73.1,0.243229166666667,0.0645,0.281025305344248
73.1333333333333,0.243229166666667,0.0645,0.280997461472339
73.1666666666667,0.242959976196289,0.0645,0.28097662442002
73.2,0.242959976196289,0.0645,0.281427478726049
73.2333333333333,0.242959976196289,0.0645,0.28179326186262
73.2666666666667,0.242959976196289,0.0645,0.282087176856804
73.3,0.242959976196289,0.0645,0.28232052768061
73.3333333333333,0.242959976196289,0.0645,0.28250298279279
73.3666666666667,0.242959976196289,0.0645,0.282642802771461
73.4,0.242959976196289,0.0645,0.282747036882834
73.4333333333333,0.243167877197266,0.0645,0.282821692781038
73.4666666666667,0.243167877197266,0.0645,0.28251208695273
73.5,0.243167877197266,0.0645,0.282251786032206
73.5333333333333,0.243071301778158,0.0645,0.282033617948372
73.5666666666667,0.243071301778158,0.0645,0.282018546087649
73.6,0.243071301778158,0.0645,0.282001878119469
73.6333333333333,0.243071301778158,0.0645,0.28198409561034
73.6666666666667,0.243071301778158,0.0645,0.281965595886299
73.7,0.243167877197266,0.0645,0.281946704758042
73.7333333333333,0.243167877197266,0.0645,0.281760552835216
73.7666666666667,0.243167877197266,0.0645,0.281606739289501
73.8,0.243167877197266,0.0645,0.281480391969649
73.8333333333333,0.243167877197266,0.0645,0.281377330111914
73.8666666666667,0.243167877197266,0.0645,0.281293969041901
73.9,0.243167877197266,0.0645,0.281227237814873
73.9333333333333,0.243167877197266,0.0645,0.281174508052093
73.9666666666667,0.243547693888346,0.0645,0.281133532464399
74,0.243547693888346,0.0645,0.280445076340158
74.0333333333333,0.243547693888346,0.0645,0.279891654722744
74.0666666666667,0.243547693888346,0.0645,0.279452040065332
74.1,0.243547693888346,0.0645,0.279108075384876
74.1333333333333,0.243547693888346,0.0645,0.278844246948358
74.1666666666667,0.243547693888346,0.0645,0.278647315268764
74.2,0.243547693888346,0.0645,0.278505996536722
74.2333333333333,0.243547693888346,0.0645,0.278410687670953
74.2666666666667,0.243547693888346,0.0645,0.278353229086517
74.3,0.243547693888346,0.0645,0.278326700072959
74.3333333333333,0.243547693888346,0.0645,0.278325242361398
74.3666666666667,0.243547693888346,0.0645,0.278343908054505
74.4,0.243547693888346,0.0645,0.278378528608487
74.4333333333333,0.243547693888346,0.0645,0.278425602002294
74.4666666666667,0.243547693888346,0.0645,0.278482195615573
74.5,0.243260955810547,0.0645,0.278545862671316
74.5333333333333,0.243260955810547,0.0645,0.279110802817254
74.5666666666667,0.243260955810547,0.0645,0.279583349190677
74.6,0.243260955810547,0.0645,0.279977093166146
74.6333333333333,0.243260955810547,0.0645,0.280303719110393
74.6666666666667,0.243260955810547,0.0645,0.280573265717837
74.7,0.243260955810547,0.0645,0.28079435197456
74.7333333333333,0.243260955810547,0.0645,0.280974372506218
74.7666666666667,0.243229166666667,0.0645,0.281119666428361
74.8,0.243229166666667,0.0645,0.281290677947469
74.8333333333333,0.243229166666667,0.0645,0.281426422660303
74.8666666666667,0.243229166666667,0.0645,0.281532531914099
74.9,0.243229166666667,0.0645,0.281613816958291
74.9333333333333,0.243229166666667,0.0645,0.281674383452589
74.9666666666667,0.243229166666667,0.0645,0.281717730322582
75,0.243229166666667,0.0645,0.281746835078532
75.0333333333333,0.243381818135579,0.0645,0.281764227428827
75.0666666666667,0.243381818135579,0.0645,0.281507872272035
75.1,0.243381818135579,0.0645,0.281294742694593
75.1333333333333,0.243381818135579,0.0645,0.281118401119491
75.1666666666667,0.243381818135579,0.0645,0.280973318562722
75.2,0.243381818135579,0.0645,0.280854749742173
75.2333333333333,0.243381818135579,0.0645,0.280758625117839
75.2666666666667,0.243332099914551,0.0645,0.280681457585022
75.3,0.243281173706055,0.0645,0.280706304809648
75.3333333333333,0.243281173706055,0.0645,0.280816101200738
75.3666666666667,0.243281173706055,0.0645,0.280906121828966
75.4,0.243281173706055,0.0645,0.280979386295743
75.4333333333333,0.243281173706055,0.0645,0.281038483054267
75.4666666666667,0.243281173706055,0.0645,0.281085629022807
75.5,0.243281173706055,0.0645,0.28112272109101
75.5333333333333,0.243281173706055,0.0645,0.281151380612007
75.5666666666667,0.243208122253418,0.0645,0.281172991826446
75.6,0.243208122253418,0.0645,0.281315158776119
75.6333333333333,0.243208122253418,0.0645,0.281428067770431
75.6666666666667,0.243208122253418,0.0645,0.281516387762827
75.7,0.243208122253418,0.0645,0.281584107944282
75.7333333333333,0.243208122253418,0.0645,0.281634632644366
75.7666666666667,0.243208122253418,0.0645,0.281670863260864
75.8,0.243208122253418,0.0645,0.281695268971165
75.8333333333333,0.243208122253418,0.0645,0.281709947743138
75.8666666666667,0.243208122253418,0.0645,0.281716678959171
75.9,0.243208122253418,0.0645,0.281716968790425
75.9333333333333,0.243208122253418,0.0645,0.281712089305316
75.9666666666667,0.243208122253418,0.0645,0.281703112163752
76,0.243208122253418,0.0645,0.28169093763392
76.0333333333333,0.243208122253418,0.0645,0.281676319569055
76.0666666666667,0.243052546183268,0.0645,0.281659886895628
76.1,0.243052546183268,0.0645,0.281911403941894
76.1333333333333,0.243052546183268,0.0645,0.282110107363398
76.1666666666667,0.243052546183268,0.0645,0.282264475875443
76.2,0.243052546183268,0.0645,0.282381750597856
76.2333333333333,0.243052546183268,0.0645,0.282468108050486
76.2666666666667,0.243052546183268,0.0645,0.282528809487639
76.3,0.243052546183268,0.0645,0.282568329770603
76.3333333333333,0.242951393127441,0.0645,0.282590468547558
76.3666666666667,0.243167304992676,0.0645,0.282773502854897
76.4,0.243167304992676,0.0645,0.282537660650173
76.4333333333333,0.243167304992676,0.0645,0.282336283864859
76.4666666666667,0.243167304992676,0.0645,0.282164552027685
76.5,0.243167304992676,0.0645,0.282018304173508
76.5333333333333,0.243167304992676,0.0645,0.281893949658703
76.5666666666667,0.243167304992676,0.0645,0.281788390961044
76.6,0.243167304992676,0.0645,0.281698956859188
76.6333333333333,0.243110338846842,0.0645,0.281623344601389
76.6666666666667,0.243110338846842,0.0645,0.281658156168451
76.7,0.243110338846842,0.0645,0.281684072646834
76.7333333333333,0.243110338846842,0.0645,0.281702597088993
76.7666666666667,0.243110338846842,0.0645,0.281715008509574
76.8,0.243110338846842,0.0645,0.281722393518462
76.8333333333333,0.243110338846842,0.0645,0.2817256736048
76.8666666666667,0.243165397644043,0.0645,0.281725628661649
76.9,0.243306159973145,0.0645,0.281627631832954
76.9333333333333,0.243306159973145,0.0645,0.281302304706214
76.9666666666667,0.243306159973145,0.0645,0.281037849649419
77,0.243306159973145,0.0645,0.280824846377343
77.0333333333333,0.243306159973145,0.0645,0.280655227837903
77.0666666666667,0.243306159973145,0.0645,0.280522092536572
77.1,0.243306159973145,0.0645,0.280419542424184
77.1333333333333,0.243306159973145,0.0645,0.280342542899423
77.1666666666667,0.243202781677246,0.0645,0.280286801940123
77.2,0.243202781677246,0.0645,0.280427573523141
77.2333333333333,0.243202781677246,0.0645,0.280548322008627
77.2666666666667,0.243202781677246,0.0645,0.280651810577254
77.3,0.243202781677246,0.0645,0.280740427021418
77.3333333333333,0.243202781677246,0.0645,0.280816234316094
77.3666666666667,0.243202781677246,0.0645,0.280881014408209
77.4,0.243202781677246,0.0645,0.280936306131638
77.4333333333333,0.243275451660156,0.0645,0.280983438033721
77.4666666666667,0.243275451660156,0.0645,0.280897793231985
77.5,0.243275451660156,0.0645,0.280830392267281
77.5333333333333,0.243275451660156,0.0645,0.280778293957561
77.5666666666667,0.243275451660156,0.0645,0.280738987192442
77.6,0.243275451660156,0.0645,0.280710330764365
77.6333333333333,0.243314552307129,0.0645,0.280690501432911
77.6666666666667,0.243314552307129,0.0645,0.280610281050363
77.7,0.243222109476725,0.0645,0.280549079428109
77.7333333333333,0.243222109476725,0.0645,0.280663723087567
77.7666666666667,0.243222109476725,0.0645,0.280760669671288
77.8,0.243222109476725,0.0645,0.280842458513667
77.8333333333333,0.243222109476725,0.0645,0.280911276975323
77.8666666666667,0.243222109476725,0.0645,0.280969008371401
77.9,0.243222109476725,0.0645,0.281017273435018
77.9333333333333,0.243222109476725,0.0645,0.281057466183371
77.9666666666667,0.243403752644857,0.0645,0.281090784937958
78,0.243403752644857,0.0645,0.280803905258812
78.0333333333333,0.243403752644857,0.0645,0.280572723107965
78.0666666666667,0.243403752644857,0.0645,0.280388511732834
78.1,0.243403752644857,0.0645,0.280243804875095
78.1333333333333,0.243403752644857,0.0645,0.280132221480251
78.1666666666667,0.243403752644857,0.0645,0.280048314317741
78.2,0.243403752644857,0.0645,0.279987439283384
78.2333333333333,0.243282763163249,0.0645,0.279945642589371
78.2666666666667,0.243098704020182,0.0645,0.280128949300791
78.3,0.243098704020182,0.0645,0.280603253260704
78.3333333333333,0.243098704020182,0.0645,0.280992456897684
78.3666666666667,0.243098704020182,0.0645,0.28130953625437
78.4,0.243204561869303,0.0645,0.28156561579108
78.4333333333333,0.243204561869303,0.0645,0.28158702542539
78.4666666666667,0.243204561869303,0.0645,0.281600468722624
78.5,0.243204561869303,0.0645,0.281607388866111
78.5333333333333,0.243118985493978,0.0645,0.281609008216295
78.5666666666667,0.243118985493978,0.0645,0.281754459393495
78.6,0.243118985493978,0.0645,0.281867936350453
78.6333333333333,0.243118985493978,0.0645,0.281954640028781
78.6666666666667,0.243118985493978,0.0645,0.282019008018264
78.7,0.243118985493978,0.0645,0.282064821546618
78.7333333333333,0.243118985493978,0.0645,0.28209529781565
78.7666666666667,0.243253135681152,0.0645,0.282113169666579
78.8,0.243253135681152,0.0645,0.281888592334165
78.8333333333333,0.243253135681152,0.0645,0.281700486949942
78.8666666666667,0.243253135681152,0.0645,0.281543503996442
78.9,0.243253135681152,0.0645,0.281413043493551
78.9333333333333,0.243253135681152,0.0645,0.281305152356905
78.9666666666667,0.243253135681152,0.0645,0.281216435643336
79,0.243253135681152,0.0645,0.281143979816721
79.0333333333333,0.243478647867839,0.0645,0.281085286417636
79.0666666666667,0.243478647867839,0.0645,0.2806479405851
79.1,0.243478647867839,0.0645,0.280295691984066
79.1333333333333,0.243478647867839,0.0645,0.280015197921682
79.1666666666667,0.243173853556315,0.0645,0.279795043533333
79.2,0.243173853556315,0.0645,0.280152954415486
79.2333333333333,0.243173853556315,0.0645,0.280451339120625
79.2666666666667,0.243173853556315,0.0645,0.280699014344683
79.3,0.243173853556315,0.0645,0.280903555642323
79.3333333333333,0.243004353841146,0.0645,0.281071467800623
79.3666666666667,0.243004353841146,0.0645,0.281501670414497
79.4,0.243004353841146,0.0645,0.28184900726883
79.4333333333333,0.243004353841146,0.0645,0.282126428192656
79.4666666666667,0.243004353841146,0.0645,0.282345014674409
79.5,0.243004353841146,0.0645,0.282514239535455
79.5333333333333,0.243004353841146,0.0645,0.28264219119328
79.5666666666667,0.243004353841146,0.0645,0.282735767294392
79.6,0.243276786804199,0.0645,0.282800841855273
79.6333333333333,0.243276786804199,0.0645,0.282370933672124
79.6666666666667,0.243276786804199,0.0645,0.282012735038601
79.7,0.243276786804199,0.0645,0.281715612229041
79.7333333333333,0.243276786804199,0.0645,0.28147042928375
79.7666666666667,0.243276786804199,0.0645,0.281269342348805
79.8,0.243276786804199,0.0645,0.281105621881306
79.8333333333333,0.243097496032715,0.0645,0.280973498971575
79.8666666666667,0.243309338887533,0.0645,0.281178315340623
79.9,0.243309338887533,0.0645,0.280979069608144
79.9333333333333,0.24319216410319,0.0645,0.280818870872921
79.9666666666667,0.24319216410319,0.0645,0.2808943667139
80,0.24319216410319,0.0645,0.280958394429493
80.0333333333333,0.24319216410319,0.0645,0.281012587602985
80.0666666666667,0.24319216410319,0.0645,0.28105835421759
80.1,0.24319216410319,0.0645,0.281096907317021
80.1333333333333,0.243167304992676,0.0645,0.281129291534706
80.1666666666667,0.243167304992676,0.0645,0.281199427526778
80.2,0.243167304992676,0.0645,0.28125676588057
80.2333333333333,0.243167304992676,0.0645,0.281303269810399
80.2666666666667,0.243167304992676,0.0645,0.281340621623268
80.3,0.243167304992676,0.0645,0.281370261600189
80.3333333333333,0.243167304992676,0.0645,0.281393421586969
80.3666666666667,0.243167304992676,0.0645,0.281411154007782
80.4,0.243145942687988,0.0645,0.281424356919174
80.4333333333333,0.243145942687988,0.0645,0.281470765505289
80.4666666666667,0.243145942687988,0.0645,0.281506927374532
80.5,0.243145942687988,0.0645,0.281534511288765
80.5333333333333,0.243145942687988,0.0645,0.281554940958793
80.5666666666667,0.243145942687988,0.0645,0.281569429398579
80.6,0.243145942687988,0.0645,0.281579008573619
80.6333333333333,0.243218231201172,0.0645,0.281584554980262
80.6666666666667,0.243218231201172,0.0645,0.281461708321084
80.7,0.243218231201172,0.0645,0.281360340859906
80.7333333333333,0.243149630228678,0.0645,0.281277208598681
80.7666666666667,0.243149630228678,0.0645,0.281328250086798
80.8,0.243149630228678,0.0645,0.281369449060602
80.8333333333333,0.243149630228678,0.0645,0.281402344218651
80.8666666666667,0.243149630228678,0.0645,0.281428252227568
80.9,0.243149630228678,0.0645,0.281448298583877
80.9333333333333,0.243264325459798,0.0645,0.281463444267185
80.9666666666667,0.243264325459798,0.0645,0.28127601578146
81,0.243264325459798,0.0645,0.281123505496871
81.0333333333333,0.243264325459798,0.0645,0.281000517683485
81.0666666666667,0.243264325459798,0.0645,0.280902431196121
81.1,0.243264325459798,0.0645,0.280825292085435
81.1333333333333,0.243264325459798,0.0645,0.280765720833945
81.1666666666667,0.243264325459798,0.0645,0.280720832244157
81.2,0.24317455291748,0.0645,0.280688166270713
81.2333333333333,0.24317455291748,0.0645,0.280820989778783
81.2666666666667,0.24317455291748,0.0645,0.280932181814472
81.3,0.24317455291748,0.0645,0.28102491887822
81.3333333333333,0.24317455291748,0.0645,0.28110193215001
81.3666666666667,0.24317455291748,0.0645,0.281165568489342
81.4,0.24317455291748,0.0645,0.281217843180841
81.4333333333333,0.24317455291748,0.0645,0.281260485535087
81.4666666666667,0.243273862202962,0.0645,0.281294978305685
81.5,0.243229166666667,0.0645,0.281150725889276
81.5333333333333,0.243229166666667,0.0645,0.281111195548016
81.5666666666667,0.243229166666667,0.0645,0.281079854840857
81.6,0.243229166666667,0.0645,0.28105539425299
81.6333333333333,0.243229166666667,0.0645,0.281036695087814
81.6666666666667,0.243229166666667,0.0645,0.28102280281582
81.7,0.243229166666667,0.0645,0.281012904067051
81.7333333333333,0.243229166666667,0.0645,0.281006306774607
81.7666666666667,0.243229166666667,0.0645,0.281002423042841
81.8,0.243229166666667,0.0645,0.281000754371211
81.8333333333333,0.243229166666667,0.0645,0.281000878914367
81.8666666666667,0.243229166666667,0.0645,0.281002440502058
81.9,0.243229166666667,0.0645,0.281005139179651
81.9333333333333,0.243229166666667,0.0645,0.281008723062298
81.9666666666667,0.243229166666667,0.0645,0.281012981323697
82,0.242980130513509,0.0645,0.281017738164542
82.0333333333333,0.242980130513509,0.0645,0.281453832642793
82.0666666666667,0.242980130513509,0.0645,0.281806995519525
82.1,0.242980130513509,0.0645,0.282090131756455
82.1333333333333,0.242980130513509,0.0645,0.282314287955565
82.1666666666667,0.242980130513509,0.0645,0.282488910403813
82.2,0.242980130513509,0.0645,0.282622067946903
82.2333333333333,0.242980130513509,0.0645,0.282720644438566
82.2666666666667,0.24296875,0.0645,0.282790504874747
82.3,0.24296875,0.0645,0.282856334026228
82.3333333333333,0.24296875,0.0645,0.282898873936772
82.3666666666667,0.24296875,0.0645,0.282922311500664
82.4,0.24296875,0.0645,0.282930194737284
82.4333333333333,0.24296875,0.0645,0.282925523983655
82.4666666666667,0.24296875,0.0645,0.282910830480096
82.5,0.24296875,0.0645,0.282888244063258
82.5333333333333,0.24296875,0.0645,0.282859551449813
82.5666666666667,0.24296875,0.0645,0.282826246393945
82.6,0.24296875,0.0645,0.282789572828624
82.6333333333333,0.24296875,0.0645,0.282750561950619
82.6666666666667,0.24296875,0.0645,0.282710064079447
82.7,0.24296875,0.0645,0.282668776008011
82.7333333333333,0.24296875,0.0645,0.282627264465477
82.7666666666667,0.24296875,0.0645,0.282585986228696
82.8,0.243327776590983,0.0645,0.282545305345678
82.8333333333333,0.243327776590983,0.0645,0.281884172056948
82.8666666666667,0.243327776590983,0.0645,0.281344036918811
82.9,0.243327776590983,0.0645,0.280906318570306
82.9333333333333,0.243327776590983,0.0645,0.280555095648853
82.9666666666667,0.243327776590983,0.0645,0.28027673852228
83,0.243327776590983,0.0645,0.280059591137038
83.0333333333333,0.243131383260091,0.0645,0.279893696224898
83.0666666666667,0.243229166666667,0.0645,0.280110438720307
83.1,0.243229166666667,0.0645,0.280127889649035
83.1333333333333,0.243229166666667,0.0645,0.280152024033099
83.1666666666667,0.243229166666667,0.0645,0.280181279161047
83.2,0.243229166666667,0.0645,0.280214350739878
83.2333333333333,0.243229166666667,0.0645,0.280250154708221
83.2666666666667,0.243229166666667,0.0645,0.280287794419192
83.3,0.243229166666667,0.0645,0.280326532456233
83.3333333333333,0.243323834737142,0.0645,0.28036576644502
83.3666666666667,0.243323834737142,0.0645,0.280241174588921
83.4,0.243323834737142,0.0645,0.280147812713963
83.4333333333333,0.243323834737142,0.0645,0.280080427281122
83.4666666666667,0.243323834737142,0.0645,0.280034546432877
83.5,0.243323834737142,0.0645,0.280006369715997
83.5333333333333,0.243323834737142,0.0645,0.279992672959128
83.5666666666667,0.243323834737142,0.0645,0.279990726250904
83.6,0.243277104695638,0.0645,0.279998223240719
83.6333333333333,0.243277104695638,0.0645,0.280094091805714
83.6666666666667,0.243277104695638,0.0645,0.280180221715538
83.7,0.243277104695638,0.0645,0.280257684584586
83.7333333333333,0.243277104695638,0.0645,0.280327426055447
83.7666666666667,0.243277104695638,0.0645,0.28039028133474
83.8,0.243277104695638,0.0645,0.280446988751445
83.8333333333333,0.243277104695638,0.0645,0.280498201594408
83.8666666666667,0.243277104695638,0.0645,0.280544498451969
83.9,0.243277104695638,0.0645,0.280586392247442
83.9333333333333,0.243277104695638,0.0645,0.280624338138774
83.9666666666667,0.243277104695638,0.0645,0.280658740428697
84,0.243277104695638,0.0645,0.280689958612553
84.0333333333333,0.243277104695638,0.0645,0.280718312674367
84.0666666666667,0.243277104695638,0.0645,0.280744087727325
84.1,0.243182690938314,0.0645,0.280767538082312
84.1333333333333,0.243182690938314,0.0645,0.28095228442179
84.1666666666667,0.243182690938314,0.0645,0.281103607393666
84.2,0.243182690938314,0.0645,0.281226618653803
84.2333333333333,0.243182690938314,0.0645,0.281325699467714
84.2666666666667,0.243182690938314,0.0645,0.281404601735982
84.3,0.243182690938314,0.0645,0.281466535278304
84.3333333333333,0.243182690938314,0.0645,0.281514243228584
84.3666666666667,0.243229166666667,0.0645,0.281550067144963
84.4,0.243229166666667,0.0645,0.281495571758884
84.4333333333333,0.243229166666667,0.0645,0.281448408089491
84.4666666666667,0.243229166666667,0.0645,0.281407593680165
84.5,0.243229166666667,0.0645,0.281372277433308
84.5333333333333,0.243229166666667,0.0645,0.281341722068617
84.5666666666667,0.243229166666667,0.0645,0.281315288922281
84.6,0.243282763163249,0.0645,0.281292424774827
84.6333333333333,0.243215560913086,0.0645,0.281179895683718
84.6666666666667,0.243215560913086,0.0645,0.281204240514867
84.7,0.243215560913086,0.0645,0.281223558431737
84.7333333333333,0.243215560913086,0.0645,0.281238652432754
84.7666666666667,0.243215560913086,0.0645,0.281250208555798
84.8,0.243215560913086,0.0645,0.281258812210398
84.8333333333333,0.243215560913086,0.0645,0.281264962277344
84.8666666666667,0.243215560913086,0.0645,0.281269083277475
84.9,0.243000411987305,0.0645,0.281271535870889
84.9333333333333,0.243000411987305,0.0645,0.281644965278113
84.9666666666667,0.243000411987305,0.0645,0.281945443712889
85,0.243000411987305,0.0645,0.282184424244707
85.0333333333333,0.243000411987305,0.0645,0.282371704198316
85.0666666666667,0.243000411987305,0.0645,0.282515655510104
85.1,0.243000411987305,0.0645,0.282623423655452
85.1333333333333,0.243000411987305,0.0645,0.282701099390909
85.1666666666667,0.243154080708822,0.0645,0.282753866985158
85.2,0.24320437113444,0.0645,0.282520191148144
85.2333333333333,0.24320437113444,0.0645,0.282234033492411
85.2666666666667,0.24320437113444,0.0645,0.281994361458375
85.3,0.24320437113444,0.0645,0.281794355987119
85.3333333333333,0.24320437113444,0.0645,0.281628153512404
85.3666666666667,0.243103281656901,0.0645,0.281490715111775
85.4,0.243103281656901,0.0645,0.281552660048986
85.4333333333333,0.24332758585612,0.0645,0.281601569859815
85.4666666666667,0.24332758585612,0.0645,0.281251354934581
85.5,0.24332758585612,0.0645,0.280966891730926
85.5333333333333,0.24332758585612,0.0645,0.280737992972578
85.5666666666667,0.24332758585612,0.0645,0.280555935555648
85.6,0.24332758585612,0.0645,0.280413257434643
85.6333333333333,0.24332758585612,0.0645,0.280303582178511
85.6666666666667,0.24332758585612,0.0645,0.280221467463524
85.7,0.243185551961263,0.0645,0.280162274270871
85.7333333333333,0.243185551961263,0.0645,0.280367859588401
85.7666666666667,0.243185551961263,0.0645,0.280541631112381
85.8,0.243185551961263,0.0645,0.280688158818808
85.8333333333333,0.243185551961263,0.0645,0.280811378895666
85.8666666666667,0.243185551961263,0.0645,0.28091468007098
85.9,0.243185551961263,0.0645,0.281000978294583
85.9333333333333,0.243185551961263,0.0645,0.281072781336564
85.9666666666667,0.243242327372233,0.0645,0.281132244656213
86,0.243242327372233,0.0645,0.281082963492638
86.0333333333333,0.243242327372233,0.0645,0.281043742998434
86.0666666666667,0.243242327372233,0.0645,0.281012981633138
86.1,0.243242327372233,0.0645,0.28098931078306
86.1333333333333,0.243229166666667,0.0645,0.280971562259275
86.1666666666667,0.243229166666667,0.0645,0.280981516315142
86.2,0.243229166666667,0.0645,0.280991154278771
86.2333333333333,0.243222745259603,0.0645,0.281000442931714
86.2666666666667,0.243222745259603,0.0645,0.281020472067652
86.3,0.243222745259603,0.0645,0.281037969459092
86.3333333333333,0.243222745259603,0.0645,0.281053262325907
86.3666666666667,0.243222745259603,0.0645,0.281066635029804
86.4,0.243222745259603,0.0645,0.281078334731266
86.4333333333333,0.243222745259603,0.0645,0.281088576296525
86.4666666666667,0.243222745259603,0.0645,0.281097546554227
86.5,0.243083635965983,0.0645,0.281105407988225
86.5333333333333,0.243083635965983,0.0645,0.281353046188297
86.5666666666667,0.243083635965983,0.0645,0.281553385442887
86.6,0.243083635965983,0.0645,0.281713796685086
86.6333333333333,0.243083635965983,0.0645,0.281840588720691
86.6666666666667,0.243083635965983,0.0645,0.281939155758548
86.7,0.243083635965983,0.0645,0.282014104829432
86.7333333333333,0.243083635965983,0.0645,0.282069365807829
86.7666666666667,0.243167304992676,0.0645,0.282108286386654
86.8,0.24318675994873,0.0645,0.281988915397192
86.8333333333333,0.24318675994873,0.0645,0.281852741069186
86.8666666666667,0.24318675994873,0.0645,0.281737609690691
86.9,0.243462117513021,0.0645,0.281640500397603
86.9333333333333,0.243462117513021,0.0645,0.28108227397062
86.9666666666667,0.243462117513021,0.0645,0.280629180791817
87,0.243462117513021,0.0645,0.280264914623949
87.0333333333333,0.24326540629069,0.0645,0.279975513967281
87.0666666666667,0.24326540629069,0.0645,0.280089467564269
87.1,0.24326540629069,0.0645,0.28019045067701
87.1333333333333,0.24326540629069,0.0645,0.280280026986267
87.1666666666667,0.24326540629069,0.0645,0.280359564033862
87.2,0.24326540629069,0.0645,0.280430258453881
87.2333333333333,0.24326540629069,0.0645,0.280493157908347
87.2666666666667,0.24326540629069,0.0645,0.280549180161634
87.3,0.243239657084147,0.0645,0.280599129670405
87.3333333333333,0.243239657084147,0.0645,0.280688273908092
87.3666666666667,0.243239657084147,0.0645,0.28076407150335
87.4,0.243239657084147,0.0645,0.280828410885937
87.4333333333333,0.243239657084147,0.0645,0.280882920579733
87.4666666666667,0.243239657084147,0.0645,0.28092900446173
87.5,0.243239657084147,0.0645,0.280967872274739
87.5333333333333,0.243239657084147,0.0645,0.281000566030019
87.5666666666667,0.24322255452474,0.0645,0.281027982850926
87.6,0.24322255452474,0.0645,0.281080492633755
87.6333333333333,0.24322255452474,0.0645,0.281123450181432
87.6666666666667,0.24322255452474,0.0645,0.281158319260465
87.7,0.24312006632487,0.0645,0.281186354296656
87.7333333333333,0.24312006632487,0.0645,0.281385996677155
87.7666666666667,0.24312006632487,0.0645,0.281546572654495
87.8,0.24312006632487,0.0645,0.281674218858271
87.8333333333333,0.243224143981934,0.0645,0.281774184548473
87.8666666666667,0.243224143981934,0.0645,0.281670837018003
87.9,0.243224143981934,0.0645,0.281582878328117
87.9333333333333,0.243224143981934,0.0645,0.281508136692966
87.9666666666667,0.243224143981934,0.0645,0.281444738837977
88,0.243224143981934,0.0645,0.281391069532018
88.0333333333333,0.243224143981934,0.0645,0.281345736564937
88.0666666666667,0.243224143981934,0.0645,0.281307540440718
88.1,0.243279965718587,0.0645,0.281275448154104
88.1333333333333,0.243279965718587,0.0645,0.281151964722036
88.1666666666667,0.243279965718587,0.0645,0.281051572127106
88.2,0.243279965718587,0.0645,0.280970697689859
88.2333333333333,0.243279965718587,0.0645,0.280906281901322
88.2666666666667,0.243279965718587,0.0645,0.280855707256374
88.3,0.243279965718587,0.0645,0.280816736780526
88.3333333333333,0.243279965718587,0.0645,0.280787460942395
88.3666666666667,0.243279965718587,0.0645,0.28076625181969
88.4,0.243146260579427,0.0645,0.280751723538505
88.4333333333333,0.243146260579427,0.0645,0.280974089888437
88.4666666666667,0.243209648132324,0.0645,0.281156309852127
88.5,0.243209648132324,0.0645,0.281194819446262
88.5333333333333,0.243209648132324,0.0645,0.281225744650377
88.5666666666667,0.243209648132324,0.0645,0.281250279312107
88.6,0.243209648132324,0.0645,0.281269444489527
88.6333333333333,0.243209648132324,0.0645,0.281284112504181
88.6666666666667,0.243330256144206,0.0645,0.281295027711427
88.7,0.243330256144206,0.0645,0.281094098729239
88.7333333333333,0.243330256144206,0.0645,0.280930867110083
88.7666666666667,0.243330256144206,0.0645,0.280799493591625
88.8,0.243330256144206,0.0645,0.280694978073351
88.8333333333333,0.243330256144206,0.0645,0.280613043211955
88.8666666666667,0.243330256144206,0.0645,0.280550033873966
88.9,0.243330256144206,0.0645,0.280502830306234
88.9333333333333,0.243198776245117,0.0645,0.280468773172002
88.9666666666667,0.243198776245117,0.0645,0.28067313957232
89,0.243198776245117,0.0645,0.280842558377592
89.0333333333333,0.243198776245117,0.0645,0.280982263097481
89.0666666666667,0.243198776245117,0.0645,0.281096746669575
89.1,0.243198776245117,0.0645,0.281189863390277
89.1333333333333,0.243198776245117,0.0645,0.281264917017291
89.1666666666667,0.243198776245117,0.0645,0.28132473690521
89.2,0.243198776245117,0.0645,0.281371743786178
89.2333333333333,0.243198776245117,0.0645,0.281408006591447
89.2666666666667,0.243198776245117,0.0645,0.281435291522425
89.3,0.243198776245117,0.0645,0.281455104417601
89.3333333333333,0.243198776245117,0.0645,0.281468727321259
89.3666666666667,0.243198776245117,0.0645,0.281477250038192
89.4,0.243198776245117,0.0645,0.281481597353266
89.4333333333333,0.243198776245117,0.0645,0.281482552503366
89.4666666666667,0.243340873718262,0.0645,0.28148077741024
89.5,0.243340873718262,0.0645,0.281230914487283
89.5333333333333,0.243340873718262,0.0645,0.281026800861153
89.5666666666667,0.243340873718262,0.0645,0.280861409832046
89.6,0.243340873718262,0.0645,0.280728720672576
89.6333333333333,0.243340873718262,0.0645,0.280623579349271
89.6666666666667,0.243340873718262,0.0645,0.2805415781983
89.7,0.243340873718262,0.0645,0.280478951999613
89.7333333333333,0.243169085184733,0.0645,0.28043248823655
89.7666666666667,0.243169085184733,0.0645,0.280696748964694
89.8,0.243169085184733,0.0645,0.280914738513549
89.8333333333333,0.243169085184733,0.0645,0.281093448979534
89.8666666666667,0.243169085184733,0.0645,0.281238878866123
89.9,0.243169085184733,0.0645,0.281356170132941
89.9333333333333,0.243169085184733,0.0645,0.281449726631011
89.9666666666667,0.243169085184733,0.0645,0.281523316431398
90,0.243169085184733,0.0645,0.281580160218282
90.0333333333333,0.243169085184733,0.0645,0.2816230076263
90.0666666666667,0.243169085184733,0.0645,0.281654203149691
90.1,0.243169085184733,0.0645,0.281675743032309
90.1333333333333,0.243169085184733,0.0645,0.281689324358293
90.1666666666667,0.243169085184733,0.0645,0.28169638739924
90.2,0.243169085184733,0.0645,0.2816981521318
90.2333333333333,0.243169085184733,0.0645,0.281695649716616
90.2666666666667,0.243229166666667,0.0645,0.281689749623083
90.3,0.243229166666667,0.0645,0.281577205243848
90.3333333333333,0.243229166666667,0.0645,0.281482670987917
90.3666666666667,0.243229166666667,0.0645,0.281403521585216
90.4,0.243229166666667,0.0645,0.281337498491715
90.4333333333333,0.243229166666667,0.0645,0.28128265974862
90.4666666666667,0.243229166666667,0.0645,0.281237336619729
90.5,0.243229166666667,0.0645,0.281200096096285
90.5333333333333,0.243229166666667,0.0645,0.281169708480597
90.5666666666667,0.243229166666667,0.0645,0.281145119365343
90.6,0.243229166666667,0.0645,0.281125425416979
90.6333333333333,0.243229166666667,0.0645,0.281109853450981
90.6666666666667,0.243229166666667,0.0645,0.281097742355308
90.7,0.243229166666667,0.0645,0.28108852747798
90.7333333333333,0.243229166666667,0.0645,0.281081727146219
90.7666666666667,0.243229166666667,0.0645,0.281076931029203
90.8,0.243121401468913,0.0645,0.281073790095191
90.8333333333333,0.243121401468913,0.0645,0.281258507718061
90.8666666666667,0.243121401468913,0.0645,0.281408345558598
90.9,0.243121401468913,0.0645,0.28152871830143
90.9333333333333,0.243121401468913,0.0645,0.281624261724534
90.9666666666667,0.243121401468913,0.0645,0.281698940798162
91,0.243121401468913,0.0645,0.281756143054197
91.0333333333333,0.24340279897054,0.0645,0.281798759213455
91.0666666666667,0.243106333414714,0.0645,0.281342262829714
91.1,0.243106333414714,0.0645,0.281482777637105
91.1333333333333,0.243106333414714,0.0645,0.281595321683102
91.1666666666667,0.243106333414714,0.0645,0.281684312772637
91.2,0.243106333414714,0.0645,0.281753528361907
91.2333333333333,0.243106333414714,0.0645,0.281806194762486
91.2666666666667,0.243106333414714,0.0645,0.281845064166506
91.3,0.243106333414714,0.0645,0.281872481138016
91.3333333333333,0.243106333414714,0.0645,0.281890439994696
91.3666666666667,0.243106333414714,0.0645,0.281900634312726
91.4,0.243106333414714,0.0645,0.281904499621915
91.4333333333333,0.243106333414714,0.0645,0.281903250214627
91.4666666666667,0.243106333414714,0.0645,0.281897910867766
91.5,0.243106333414714,0.0645,0.281889344169415
91.5333333333333,0.243106333414714,0.0645,0.281878274048538
91.5666666666667,0.243183581034342,0.0645,0.281865306025436
91.6,0.243183581034342,0.0645,0.281717258954346
91.6333333333333,0.243183581034342,0.0645,0.281594033258056
91.6666666666667,0.243183581034342,0.0645,0.281491940647502
91.7,0.243183581034342,0.0645,0.281407812837525
91.7333333333333,0.243183581034342,0.0645,0.281338930108727
91.7666666666667,0.243183581034342,0.0645,0.281282959551253
91.8,0.243360392252604,0.0645,0.281237901687894
91.8333333333333,0.243360392252604,0.0645,0.280896052689088
91.8666666666667,0.243397903442383,0.0645,0.280620984205024
91.9,0.243397903442383,0.0645,0.2803372946397
91.9333333333333,0.243397903442383,0.0645,0.280113459294664
91.9666666666667,0.243397903442383,0.0645,0.2799398556666
92,0.243397903442383,0.0645,0.279808266635664
92.0333333333333,0.243397903442383,0.0645,0.279711683959125
92.0666666666667,0.243397903442383,0.0645,0.279644138645763
92.1,0.243397903442383,0.0645,0.279600554576247
92.1333333333333,0.243281173706055,0.0645,0.279576622223115
92.1666666666667,0.243281173706055,0.0645,0.279770703658059
92.2,0.243281173706055,0.0645,0.279938715963849
92.2333333333333,0.243281173706055,0.0645,0.28008414930573
92.2666666666667,0.243281173706055,0.0645,0.280210027429107
92.3,0.243281173706055,0.0645,0.280318969928207
92.3333333333333,0.243281173706055,0.0645,0.280413246206323
92.3666666666667,0.24341246287028,0.0645,0.280494822235895
92.4,0.24341246287028,0.0645,0.280338190443616
92.4333333333333,0.24341246287028,0.0645,0.280215879705108
92.4666666666667,0.24341246287028,0.0645,0.280122312358825
92.5,0.24341246287028,0.0645,0.280052729080398
92.5333333333333,0.24341246287028,0.0645,0.280003074207006
92.5666666666667,0.24341246287028,0.0645,0.279969896766547
92.6,0.243324025472005,0.0645,0.279950265086725
92.6333333333333,0.243324025472005,0.0645,0.280094743989151
92.6666666666667,0.243229166666667,0.0645,0.280218645786388
92.7,0.243229166666667,0.0645,0.280488975786508
92.7333333333333,0.243229166666667,0.0645,0.280712348168851
92.7666666666667,0.243229166666667,0.0645,0.280895837402162
92.8,0.243229166666667,0.0645,0.281045514061475
92.8333333333333,0.243229166666667,0.0645,0.281166583199793
92.8666666666667,0.243229166666667,0.0645,0.28126350393337
92.9,0.243229166666667,0.0645,0.281340092770553
92.9333333333333,0.243229166666667,0.0645,0.281399612874948
92.9666666666667,0.243229166666667,0.0645,0.281444851159837
93,0.243229166666667,0.0645,0.281478184856244
93.0333333333333,0.243229166666667,0.0645,0.281501638976579
93.0666666666667,0.243229166666667,0.0645,0.281516935904836
93.1,0.243229166666667,0.0645,0.281525538178903
93.1333333333333,0.243229166666667,0.0645,0.281528685387306
93.1666666666667,0.243229166666667,0.0645,0.281527425978635
93.2,0.243360392252604,0.0645,0.281522644674468
93.2333333333333,0.243360392252604,0.0645,0.2812879854777
93.2666666666667,0.243360392252604,0.0645,0.28109499556739
93.3,0.243360392252604,0.0645,0.280937345255287
93.3333333333333,0.243360392252604,0.0645,0.280809606485984
93.3666666666667,0.243359375,0.0645,0.280707128320404
93.4,0.243359375,0.0645,0.280627689811723
93.4333333333333,0.243359375,0.0645,0.280565785940974
93.4666666666667,0.243370310465495,0.0645,0.280518561267933
93.5,0.243370310465495,0.0645,0.280464654598567
93.5333333333333,0.243370310465495,0.0645,0.280424567167385
93.5666666666667,0.243370310465495,0.0645,0.280395962112885
93.6,0.243370310465495,0.0645,0.280376850997776
93.6333333333333,0.243370310465495,0.0645,0.280365544606329
93.6666666666667,0.243370310465495,0.0645,0.280360610506755
93.7,0.243370310465495,0.0645,0.280360836461366
93.7333333333333,0.243078422546387,0.0645,0.280365198890683
93.7666666666667,0.243078422546387,0.0645,0.280877980511514
93.8,0.243078422546387,0.0645,0.281295838862278
93.8333333333333,0.243078422546387,0.0645,0.28163340947708
93.8666666666667,0.243078422546387,0.0645,0.281903228972218
93.9,0.243078422546387,0.0645,0.282116025896875
93.9333333333333,0.243078422546387,0.0645,0.282280971984211
93.9666666666667,0.243078422546387,0.0645,0.282405899143861
94,0.243312517801921,0.0645,0.282497486820213
94.0333333333333,0.243312517801921,0.0645,0.282156295604278
94.0666666666667,0.243312517801921,0.0645,0.28187046539912
94.1,0.243312517801921,0.0645,0.281631879156086
94.1333333333333,0.243390401204427,0.0645,0.281433556926616
94.1666666666667,0.243390401204427,0.0645,0.281134714192283
94.2,0.243390401204427,0.0645,0.28089099368474
94.2333333333333,0.243390401204427,0.0645,0.280693907128514
94.2666666666667,0.243273035685221,0.0645,0.2805361828878
94.3,0.243273035685221,0.0645,0.280614711626698
94.3333333333333,0.243273035685221,0.0645,0.280681864809748
94.3666666666667,0.243273035685221,0.0645,0.28073922663672
94.4,0.243273035685221,0.0645,0.280788165052653
94.4333333333333,0.243273035685221,0.0645,0.280829860956588
94.4666666666667,0.243273035685221,0.0645,0.280865333487876
94.5,0.243273035685221,0.0645,0.28089546191512
94.5333333333333,0.243434143066406,0.0645,0.280921004582675
94.5666666666667,0.243434143066406,0.0645,0.280663800902172
94.6,0.243434143066406,0.0645,0.280457029296949
94.6333333333333,0.243434143066406,0.0645,0.280292762616078
94.6666666666667,0.243434143066406,0.0645,0.280164220319038
94.7,0.243434143066406,0.0645,0.280065608911693
94.7333333333333,0.243434143066406,0.0645,0.279991984155571
94.7666666666667,0.243434143066406,0.0645,0.279939132110198
94.8,0.243229166666667,0.0645,0.279903466463073
94.8333333333333,0.243229166666667,0.0645,0.280236674611091
94.8666666666667,0.243229166666667,0.0645,0.280512987005145
94.9,0.243229166666667,0.0645,0.280740919055681
94.9333333333333,0.243229166666667,0.0645,0.280927781518415
94.9666666666667,0.243229166666667,0.0645,0.281079846277796
95,0.243229166666667,0.0645,0.281202489641189
95.0333333333333,0.243229166666667,0.0645,0.281300316171047
95.0666666666667,0.243229166666667,0.0645,0.281377265676521
95.1,0.243229166666667,0.0645,0.281436705634515
95.1333333333333,0.243229166666667,0.0645,0.281481511005641
95.1666666666667,0.243134053548177,0.0645,0.281514133146798
95.2,0.243134053548177,0.0645,0.281701263221145
95.2333333333333,0.243134053548177,0.0645,0.281848309471055
95.2666666666667,0.243134053548177,0.0645,0.281961744364698
95.3,0.243134053548177,0.0645,0.282047093301443
95.3333333333333,0.243134053548177,0.0645,0.282109067154134
95.3666666666667,0.243134053548177,0.0645,0.282151676671991
95.4,0.243134053548177,0.0645,0.282178331197525
95.4333333333333,0.243296241760254,0.0645,0.282191923821166
95.4666666666667,0.243296241760254,0.0645,0.281914219905917
95.5,0.243296241760254,0.0645,0.281682136570069
95.5333333333333,0.243296241760254,0.0645,0.281488950556177
95.5666666666667,0.243296241760254,0.0645,0.28132888278218
95.6,0.243296241760254,0.0645,0.281196968892944
95.6333333333333,0.243296241760254,0.0645,0.281088947336823
95.6666666666667,0.243202781677246,0.0645,0.281001162610806
95.7,0.243385251363118,0.0645,0.28109222479754
95.7333333333333,0.243385251363118,0.0645,0.280850713279771
95.7666666666667,0.243385251363118,0.0645,0.280655931653866
95.8,0.243385251363118,0.0645,0.280500566387844
95.8333333333333,0.243385251363118,0.0645,0.28037835980041
95.8666666666667,0.243385251363118,0.0645,0.280283963264869
95.9,0.243385251363118,0.0645,0.280212810434249
95.9333333333333,0.243385251363118,0.0645,0.28016100778473
95.9666666666667,0.243385251363118,0.0645,0.280125240137338
96,0.243385251363118,0.0645,0.280102689132167
96.0333333333333,0.243385251363118,0.0645,0.280090962901643
96.0666666666667,0.243385251363118,0.0645,0.280088035425106
96.1,0.243385251363118,0.0645,0.280092194251173
96.1333333333333,0.243385251363118,0.0645,0.280101995451182
96.1666666666667,0.243385251363118,0.0645,0.280116224820137
96.2,0.243385251363118,0.0645,0.280133864474179
96.2333333333333,0.243405024210612,0.0645,0.280154064108381
96.2666666666667,0.243405024210612,0.0645,0.280141897146118
96.3,0.243405024210612,0.0645,0.28013759987496
96.3333333333333,0.243405024210612,0.0645,0.280139657346857
96.3666666666667,0.243405024210612,0.0645,0.28014679131478
96.4,0.243405024210612,0.0645,0.280157926085598
96.4333333333333,0.243453152974447,0.0645,0.28017215911874
96.4666666666667,0.243453152974447,0.0645,0.280105443495458
96.5,0.243375714619954,0.0645,0.280056515058335
96.5333333333333,0.243375714619954,0.0645,0.280156355193673
96.5666666666667,0.243375714619954,0.0645,0.280242507816386
96.6,0.243375714619954,0.0645,0.28031682591587
96.6333333333333,0.243375714619954,0.0645,0.280380913330188
96.6666666666667,0.243375714619954,0.0645,0.280436158121735
96.7,0.243375714619954,0.0645,0.280483761491223
96.7333333333333,0.243375714619954,0.0645,0.280524762825747
96.7666666666667,0.243289629618327,0.0645,0.280560061397177
96.8,0.243289629618327,0.0645,0.280739414916173
96.8333333333333,0.243289629618327,0.0645,0.280885769135713
96.8666666666667,0.243289629618327,0.0645,0.28100420115535
96.9,0.243289629618327,0.0645,0.281099060653046
96.9333333333333,0.243289629618327,0.0645,0.2811740706369
96.9666666666667,0.243289629618327,0.0645,0.2812324144829
97,0.243289629618327,0.0645,0.28127681110812
97.0333333333333,0.243324216206868,0.0645,0.281309579880652
97.0666666666667,0.243324216206868,0.0645,0.281272840678974
97.1,0.243324216206868,0.0645,0.281239680086279
97.1333333333333,0.243324216206868,0.0645,0.281209719338058
97.1666666666667,0.243324216206868,0.0645,0.281182622838677
97.2,0.243324216206868,0.0645,0.281158092952095
97.2333333333333,0.243320973714193,0.0645,0.281135865446427
97.2666666666667,0.243320973714193,0.0645,0.28112131700571
97.3,0.243273035685221,0.0645,0.281107544443374
97.3333333333333,0.243273035685221,0.0645,0.28117749320191
97.3666666666667,0.243273035685221,0.0645,0.281232171679166
97.4,0.243273035685221,0.0645,0.281274058935862
97.4333333333333,0.243273035685221,0.0645,0.281305270470286
97.4666666666667,0.243273035685221,0.0645,0.281327609154527
97.5,0.243273035685221,0.0645,0.281342609195759
97.5333333333333,0.243273035685221,0.0645,0.281351574066242
97.5666666666667,0.243173662821452,0.0645,0.281355609218869
97.6,0.243173662821452,0.0645,0.281527626190081
97.6333333333333,0.243173662821452,0.0645,0.28166325444731
97.6666666666667,0.243173662821452,0.0645,0.281768348555286
97.7,0.243173662821452,0.0645,0.281847907730565
97.7333333333333,0.243173662821452,0.0645,0.281906195458708
97.7666666666667,0.243173662821452,0.0645,0.281946842747286
97.8,0.243173662821452,0.0645,0.281972937227541
97.8333333333333,0.243330001831055,0.0645,0.281987100020203
97.8666666666667,0.243330001831055,0.0645,0.281720989819034
97.9,0.243330001831055,0.0645,0.281499254822294
97.9333333333333,0.243330001831055,0.0645,0.281315315428046
97.9666666666667,0.243330001831055,0.0645,0.281163518724859
98,0.243277994791667,0.0645,0.281039011250248
98.0333333333333,0.243277994791667,0.0645,0.281027633008349
98.0666666666667,0.243277994791667,0.0645,0.28101844299306
98.1,0.243106269836426,0.0645,0.281011099417928
98.1333333333333,0.243106269836426,0.0645,0.281302499106809
98.1666666666667,0.243106269836426,0.0645,0.281537856523706
98.2,0.243106269836426,0.0645,0.281725925162484
98.2333333333333,0.243106269836426,0.0645,0.281874195890159
98.2666666666667,0.243106269836426,0.0645,0.281989072414874
98.3,0.243106269836426,0.0645,0.282076022827612
98.3333333333333,0.243106269836426,0.0645,0.282139710447382
98.3666666666667,0.243374061584473,0.0645,0.282184106765976
98.4,0.243374061584473,0.0645,0.281749145234673
98.4333333333333,0.243374061584473,0.0645,0.28139056331169
98.4666666666667,0.243374061584473,0.0645,0.281096806731828
98.5,0.243374061584473,0.0645,0.280857963936008
98.5333333333333,0.243374061584473,0.0645,0.28066553943092
98.5666666666667,0.243374061584473,0.0645,0.280512257934805
98.6,0.243374061584473,0.0645,0.280391895162276
98.6333333333333,0.243391482035319,0.0645,0.280299131657154
98.6666666666667,0.243164443969727,0.0645,0.280199278518488
98.7,0.243164443969727,0.0645,0.280517344833352
98.7333333333333,0.243164443969727,0.0645,0.280780392851986
98.7666666666667,0.243234507242839,0.0645,0.28099669820045
98.8,0.243234507242839,0.0645,0.281052110677107
98.8333333333333,0.243234507242839,0.0645,0.28109737008657
98.8666666666667,0.243234507242839,0.0645,0.28113403624246
98.9,0.243282572428385,0.0645,0.281163445623595
98.9333333333333,0.243282572428385,0.0645,0.281103560098152
98.9666666666667,0.243282572428385,0.0645,0.281054591221921
99,0.243282572428385,0.0645,0.281014864909821
99.0333333333333,0.243282572428385,0.0645,0.280982946576515
99.0666666666667,0.243282572428385,0.0645,0.280957607989051
99.1,0.243282572428385,0.0645,0.280937798629629
99.1333333333333,0.243282572428385,0.0645,0.280922620960426
99.1666666666667,0.243252690633138,0.0645,0.280911309063936
99.2,0.243413162231445,0.0645,0.280954924003756
99.2333333333333,0.243413162231445,0.0645,0.280713503605665
99.2666666666667,0.243413162231445,0.0645,0.280519438607769
99.3,0.243413162231445,0.0645,0.280365284548784
99.3333333333333,0.243413162231445,0.0645,0.280244673817893
99.3666666666667,0.243413162231445,0.0645,0.280152165794647
99.4,0.243413162231445,0.0645,0.280083117438284
99.4333333333333,0.243413162231445,0.0645,0.280033571565018
99.4666666666667,0.24351011912028,0.0645,0.280000160422586
99.5,0.24351011912028,0.0645,0.279812227713516
99.5333333333333,0.243369801839193,0.0645,0.279667519155691
99.5666666666667,0.243369801839193,0.0645,0.27980175228603
99.6,0.243369801839193,0.0645,0.27991916708149
99.6333333333333,0.243369801839193,0.0645,0.280021925531815
99.6666666666667,0.243369801839193,0.0645,0.280111907358205
99.7,0.243369801839193,0.0645,0.28019074720215
99.7333333333333,0.243237940470378,0.0645,0.280259866889068
99.7666666666667,0.243237940470378,0.0645,0.280548704320456
99.8,0.243237940470378,0.0645,0.280786101004988
99.8333333333333,0.243237940470378,0.0645,0.280979879386334
99.8666666666667,0.243237940470378,0.0645,0.281136747087399
99.9,0.243237940470378,0.0645,0.281262450906857
99.9333333333333,0.243237940470378,0.0645,0.281361909883767
99.9666666666667,0.243237940470378,0.0645,0.281439330250933
100,0.243158276875814,0.0645,0.281498304719378
