0,0.232880465189616,0,0
0.0333333333333333,0.232880465189616,0,0.635341562284093
0.0666666666666667,0.232880465189616,0.0045,1.10308646500502
0.1,0.232880465189616,0.021,1.3474046697147
0.133333333333333,0.185557874043783,0.0495,1.38469967391777
0.166666666666667,0.185557874043783,0.0825,1.3858901160879
0.2,0.185557874043783,0.1155,1.31024771105421
0.233333333333333,0.18546937306722,0.15,1.15545222367592
0.266666666666667,0.18546937306722,0.1905,0.887464421473688
0.3,0.18546937306722,0.2325,0.560300188821616
0.333333333333333,0.18515625,0.267,0.271780794993663
0.366666666666667,0.18515625,0.291,0.0590826338781636
0.4,0.184061368306478,0.3045,-0.0728240606179908
0.433333333333333,0.184061368306478,0.306,-0.102283598692283
0.466666666666667,0.184061368306478,0.306,-0.13254460042488
0.5,0.183124287923177,0.3015,-0.130178732387176
0.533333333333333,0.183124287923177,0.294,-0.105691546166742
0.566666666666667,0.183124287923177,0.2835,-0.058619154744014
0.6,0.183124287923177,0.2745,-0.0319182522597522
0.633333333333333,0.183124287923177,0.2685,-0.0388965838394778
0.666666666666667,0.183124287923177,0.267,-0.0931602795368769
0.7,0.183124287923177,0.267,-0.163568647141436
0.733333333333333,0.183124287923177,0.2655,-0.219195396783646
0.766666666666667,0.182483355204264,0.2625,-0.259295409639562
0.8,0.182483355204264,0.258,-0.282167077630176
0.833333333333333,0.182483355204264,0.249,-0.258669615839867
0.866666666666667,0.182483355204264,0.24,-0.233413109755327
0.9,0.182483355204264,0.228,-0.176102302498083
0.933333333333333,0.182483355204264,0.219,-0.146520793444574
0.966666666666667,0.182483355204264,0.21,-0.114517580747059
1,0.182483355204264,0.1995,-0.0649956175665886
1.03333333333333,0.182483355204264,0.192,-0.0429020971713423
1.06666666666667,0.194100824991862,0.186,-0.0332202212520252
1.1,0.194100824991862,0.183,-0.0710675751561812
1.13333333333333,0.194100824991862,0.1815,-0.117494688230179
1.16666666666667,0.216936429341634,0.18,-0.15816185665821
1.2,0.216936429341634,0.177,-0.218175502935173
1.23333333333333,0.216936429341634,0.171,-0.235912383161027
1.26666666666667,0.216936429341634,0.165,-0.2430298927816
1.3,0.216936429341634,0.156,-0.210962913702456
1.33333333333333,0.216936429341634,0.147,-0.170953596612632
1.36666666666667,0.216936429341634,0.1365,-0.109077163845865
1.4,0.23258056640625,0.129,-0.071264264006828
1.43333333333333,0.23258056640625,0.1215,-0.0553942738773008
1.46666666666667,0.258952776590983,0.1155,-0.0448660350969743
1.5,0.26340586344401,0.1095,-0.0717396286116551
1.53333333333333,0.26340586344401,0.105,-0.105495579905972
1.56666666666667,0.26340586344401,0.102,-0.139366253966839
1.6,0.26340586344401,0.102,-0.190663154547417
1.63333333333333,0.26340586344401,0.0975,-0.186365226657515
1.66666666666667,0.268133417765299,0.093,-0.173165013285603
1.7,0.290806770324707,0.0855,-0.130690085964496
1.73333333333333,0.290806770324707,0.0795,-0.134652833158155
1.76666666666667,0.290806770324707,0.0735,-0.124541257898724
1.8,0.290806770324707,0.0675,-0.102645307679126
1.83333333333333,0.290806770324707,0.06,-0.0559187927923353
1.86666666666667,0.290806770324707,0.0555,-0.0310265011311817
1.9,0.290806770324707,0.0525,-0.0143848598433593
1.93333333333333,0.290806770324707,0.051,-0.00719701701931807
1.96666666666667,0.299739583333333,0.051,-0.0104830992160693
2,0.330989583333333,0.051,-0.0255655345402393
2.03333333333333,0.330989583333333,0.051,-0.0888124200678678
2.06666666666667,0.330989583333333,0.051,-0.136786541225943
2.1,0.330989583333333,0.0495,-0.15703407863976
2.13333333333333,0.330989583333333,0.0465,-0.151723723038469
2.16666666666667,0.335406176249186,0.042,-0.122699839530353
2.2,0.335406176249186,0.039,-0.109171741982607
2.23333333333333,0.35377451578776,0.033,-0.0583481314194323
2.26666666666667,0.363116327921549,0.0285,-0.0483702925852185
2.3,0.363116327921549,0.0255,-0.058626952533517
2.33333333333333,0.372055053710938,0.021,-0.0417559183041704
2.36666666666667,0.38113333384196,0.018,-0.0453475551424097
2.4,0.38113333384196,0.0165,-0.0684589152055263
2.43333333333333,0.38113333384196,0.015,-0.0793398748258873
2.46666666666667,0.38113333384196,0.015,-0.0951540005471901
2.5,0.38113333384196,0.0135,-0.0877366673419297
2.53333333333333,0.38113333384196,0.012,-0.0736417777458074
2.56666666666667,0.38113333384196,0.009,-0.0391820311295954
2.6,0.38113333384196,0.009,-0.0304636195360099
2.63333333333333,0.38113333384196,0.009,-0.0184161084263331
2.66666666666667,0.38113333384196,0.009,-0.00381815843445682
2.7,0.38113333384196,0.009,0.0126803443035531
2.73333333333333,0.38113333384196,0.009,0.0305392583236441
2.76666666666667,0.38113333384196,0.009,0.0493118329462949
2.8,0.405208333333333,0.009,0.0686306632028492
2.83333333333333,0.405208333333333,0.009,0.0465311472555576
2.86666666666667,0.405208333333333,0.009,0.0324742718264447
2.9,0.405208333333333,0.009,0.0250078485710807
2.93333333333333,0.405208333333333,0.009,0.0229016255820258
2.96666666666667,0.405208333333333,0.009,0.0251155856623685
3,0.405208333333333,0.009,0.030772628781261
3.03333333333333,0.405208333333333,0.009,0.0391350424305102
3.06666666666667,0.433854166666667,0.009,0.0495842439792154
3.1,0.433854166666667,0.009,0.0120285187872129
3.13333333333333,0.433854166666667,0.009,-0.0148214332644143
3.16666666666667,0.433854166666667,0.009,-0.0328177780131746
3.2,0.433854166666667,0.009,-0.0435340683898268
3.23333333333333,0.433854166666667,0.009,-0.0483047524138285
3.26666666666667,0.433854166666667,0.009,-0.0482592375812709
3.3,0.433854166666667,0.0075,-0.0293512505685679
3.33333333333333,0.459895833333333,0.0075,-0.0223841316749818
3.36666666666667,0.484986273447673,0.0075,-0.0581006444772881
3.4,0.484986273447673,0.0075,-0.126723057964225
3.43333333333333,0.484986273447673,0.0075,-0.178281775553004
3.46666666666667,0.484986273447673,0.0045,-0.185641834467739
3.5,0.484986273447673,0,-0.16624230007618
3.53333333333333,0.484986273447673,-0.0045,-0.137156339235955
3.56666666666667,0.484986273447673,-0.012,-0.0701430396008038
3.6,0.488164742787679,-0.015,-0.041692093631551
3.63333333333333,0.506201330820719,-0.018,-0.0135630134935004
3.66666666666667,0.506201330820719,-0.0195,-0.0264691403672158
3.7,0.506201330820719,-0.021,-0.0292309460133422
3.73333333333333,0.506201330820719,-0.0225,-0.0236797863386706
3.76666666666667,0.506201330820719,-0.024,-0.0113671503273579
3.8,0.506201330820719,-0.024,-0.0086046355180738
3.83333333333333,0.506201330820719,-0.024,-0.00149839516122109
3.86666666666667,0.506201330820719,-0.024,0.00902119105729265
3.9,0.523111120859782,-0.024,0.0221739721922112
3.93333333333333,0.523111120859782,-0.024,0.00804375463836798
3.96666666666667,0.523111120859782,-0.024,0.000999156247410531
4,0.523111120859782,-0.024,-0.000292275841687686
4.03333333333333,0.523111120859782,-0.024,0.00304356361460419
4.06666666666667,0.523111120859782,-0.024,0.0100576429746596
4.1,0.523111120859782,-0.024,0.0199522185968477
4.13333333333333,0.523111120859782,-0.024,0.0320588183167435
4.16666666666667,0.523111120859782,-0.024,0.045819297963198
4.2,0.523111120859782,-0.024,0.0607695509259228
4.23333333333333,0.523111120859782,-0.024,0.07652550754946
4.26666666666667,0.523111120859782,-0.024,0.0927711102653891
4.3,0.523111120859782,-0.024,0.109247992907316
4.33333333333333,0.523111120859782,-0.024,0.12574662946608
4.36666666666667,0.523111120859782,-0.024,0.142098749402011
4.4,0.523111120859782,-0.024,0.15817084420074
4.43333333333333,0.53198823928833,-0.024,0.173858613714178
4.46666666666667,0.53198823928833,-0.024,0.173719371615016
4.5,0.53198823928833,-0.024,0.17602098961415
4.53333333333333,0.53198823928833,-0.024,0.180257472527466
4.56666666666667,0.53198823928833,-0.024,0.186003748386988
4.6,0.53198823928833,-0.024,0.192903875638877
4.63333333333333,0.53198823928833,-0.024,0.200660897477223
4.66666666666667,0.53198823928833,-0.024,0.209028118123054
4.7,0.538020833333333,-0.024,0.217801606298778
4.73333333333333,0.536426703135172,-0.024,0.216373676376513
4.76666666666667,0.536426703135172,-0.024,0.219820965443771
4.8,0.536426703135172,-0.024,0.224426562652733
4.83333333333333,0.536426703135172,-0.024,0.229915432292191
4.86666666666667,0.536426703135172,-0.024,0.236058198671789
4.9,0.536426703135172,-0.024,0.242664388149096
4.93333333333333,0.536426703135172,-0.024,0.249576622156369
4.96666666666667,0.536426703135172,-0.024,0.256665630704981
5,0.536426703135172,-0.024,0.263825973525865
5.03333333333333,0.536426703135172,-0.024,0.270972371306619
5.06666666666667,0.536426703135172,-0.024,0.278036562728784
5.1,0.536426703135172,-0.024,0.284964614468229
5.13333333333333,0.536426703135172,-0.024,0.291714621236702
5.16666666666667,0.536426703135172,-0.024,0.298254741520531
5.2,0.536426703135172,-0.024,0.304561522092654
5.23333333333333,0.530716927846273,-0.024,0.310618470791934
5.26666666666667,0.521614583333333,-0.024,0.326296249644455
5.3,0.521614583333333,-0.024,0.35555331767525
5.33333333333333,0.521614583333333,-0.024,0.379893352973867
5.36666666666667,0.521614583333333,-0.024,0.400047694806091
5.4,0.521614583333333,-0.024,0.416644525589335
5.43333333333333,0.521614583333333,-0.024,0.430223045888543
5.46666666666667,0.521614583333333,-0.024,0.441245728051827
5.5,0.521614583333333,-0.024,0.4501089070047
5.53333333333333,0.521614583333333,-0.0225,0.442151932078369
5.56666666666667,0.521614583333333,-0.0225,0.44766507373624
5.6,0.521614583333333,-0.0225,0.451896353065012
5.63333333333333,0.521614583333333,-0.0225,0.455057439376457
5.66666666666667,0.521614583333333,-0.0225,0.457328741758698
5.7,0.521614583333333,-0.0225,0.458863803518993
5.73333333333333,0.521614583333333,-0.0225,0.459793093824999
5.76666666666667,0.510542265574137,-0.0225,0.460227278175883
5.8,0.510542265574137,-0.0225,0.479421927050207
5.83333333333333,0.510542265574137,-0.0225,0.494596767631786
5.86666666666667,0.510542265574137,-0.0225,0.506396635225456
5.9,0.510542265574137,-0.0225,0.515372273085542
5.93333333333333,0.510542265574137,-0.0225,0.521993482805179
5.96666666666667,0.510542265574137,-0.0225,0.52666047624256
6,0.494249788920085,-0.0225,0.529713672139085
6.03333333333333,0.472625001271566,-0.0225,0.559638107510522
6.06666666666667,0.472625001271566,-0.0225,0.620466226834889
6.1,0.472625001271566,-0.0225,0.668610486464844
6.13333333333333,0.472625001271566,-0.0195,0.676102952066089
6.16666666666667,0.472625001271566,-0.0195,0.704679339194541
6.2,0.472625001271566,-0.0195,0.725820420446375
6.23333333333333,0.472625001271566,-0.0195,0.740787770499058
6.26666666666667,0.472625001271566,-0.0195,0.750654614512362
6.3,0.469556363423665,-0.018,0.741332442511611
6.33333333333333,0.450261624654134,-0.018,0.748904585534791
6.36666666666667,0.450261624654134,-0.018,0.786081102655641
6.4,0.450261624654134,-0.018,0.813738974732152
6.43333333333333,0.450261624654134,-0.018,0.833487369151779
6.46666666666667,0.450261624654134,-0.018,0.846695554449789
6.5,0.450261624654134,-0.0165,0.839526775793527
6.53333333333333,0.450261624654134,-0.0135,0.812967472939879
6.56666666666667,0.450261624654134,-0.0075,0.75285247216381
6.6,0.450261624654134,-0.0015,0.689886698673889
6.63333333333333,0.450261624654134,0.006,0.609663882438084
6.66666666666667,0.450261624654134,0.012,0.542682666616685
6.7,0.450261624654134,0.018,0.474360472619658
6.73333333333333,0.450261624654134,0.0225,0.420045428029622
6.76666666666667,0.450261624654134,0.0255,0.380026622268444
6.8,0.450261624654134,0.0285,0.339542919076973
6.83333333333333,0.43126106262207,0.0285,0.328790523879961
6.86666666666667,0.43126106262207,0.0285,0.350812082590391
6.9,0.43126106262207,0.0285,0.366509346181314
6.93333333333333,0.43126106262207,0.0285,0.376978087118579
6.96666666666667,0.43126106262207,0.0285,0.38314915216541
7,0.43126106262207,0.0285,0.385811855437855
7.03333333333333,0.43126106262207,0.0285,0.385634147815568
7.06666666666667,0.43126106262207,0.0285,0.383180000321462
7.1,0.405225626627604,0.0285,0.378924380154333
7.13333333333333,0.405225626627604,0.0285,0.418323391362963
7.16666666666667,0.405225626627604,0.0285,0.447959314422305
7.2,0.405225626627604,0.0285,0.469470041523297
7.23333333333333,0.405225626627604,0.0285,0.484250024305558
7.26666666666667,0.405225626627604,0.0285,0.493484600081476
7.3,0.405225626627604,0.0285,0.49817960203639
7.33333333333333,0.405225626627604,0.0285,0.499186892582951
7.36666666666667,0.405225626627604,0.0285,0.49722637305073
7.4,0.381321589152018,0.0285,0.49290494841898
7.43333333333333,0.381321589152018,0.0285,0.528101481268175
7.46666666666667,0.381321589152018,0.0285,0.553892429640141
7.5,0.381321589152018,0.0285,0.571883136384824
7.53333333333333,0.381321589152018,0.0285,0.583438716897561
7.56666666666667,0.381321589152018,0.0285,0.58971804091814
7.6,0.355773099263509,0.0285,0.591703037969196
7.63333333333333,0.355773099263509,0.0285,0.634438490229917
7.66666666666667,0.335740661621094,0.03,0.650878498864055
7.7,0.335740661621094,0.036,0.647614709221312
7.73333333333333,0.335740661621094,0.0435,0.614924797377787
7.76666666666667,0.335740661621094,0.048,0.60024365696492
7.8,0.335740661621094,0.0525,0.575643410829107
7.83333333333333,0.335740661621094,0.057,0.542884621640104
7.86666666666667,0.335740661621094,0.0645,0.47346046264997
7.9,0.335740661621094,0.072,0.398634803033428
7.93333333333333,0.31354554494222,0.0735,0.379475033806571
7.96666666666667,0.31354554494222,0.0735,0.410291489800531
8,0.31354554494222,0.0735,0.431016499308419
8.03333333333333,0.31354554494222,0.0735,0.443441504137613
8.06666666666667,0.31354554494222,0.0735,0.449085850600693
8.1,0.31354554494222,0.0735,0.449235546223683
8.13333333333333,0.31354554494222,0.0735,0.4449766642455
8.16666666666667,0.31354554494222,0.0735,0.437224123299246
8.2,0.31354554494222,0.0735,0.42674647165481
8.23333333333333,0.31354554494222,0.0735,0.414187220535545
8.26666666666667,0.31354554494222,0.0735,0.400083197541557
8.3,0.31354554494222,0.0735,0.384880327594637
8.33333333333333,0.31354554494222,0.0735,0.368947193745389
8.36666666666667,0.31354554494222,0.0735,0.352586682507935
8.4,0.31354554494222,0.0735,0.336045977121024
8.43333333333333,0.31354554494222,0.0735,0.319525126418044
8.46666666666667,0.297511990865072,0.0735,0.303184386078776
8.5,0.297511990865072,0.0735,0.314898367303617
8.53333333333333,0.297511990865072,0.0735,0.321663536384447
8.56666666666667,0.297511990865072,0.0735,0.324392183137836
8.6,0.297511990865072,0.0735,0.323856142360476
8.63333333333333,0.297511990865072,0.0735,0.320706923655149
8.66666666666667,0.297511990865072,0.0735,0.315493052744465
8.7,0.297511990865072,0.0735,0.308675003865624
8.73333333333333,0.281809234619141,0.0735,0.30063805164624
8.76666666666667,0.267863210042318,0.0735,0.318878708775009
8.8,0.267863210042318,0.0735,0.35537943386163
8.83333333333333,0.267863210042318,0.0735,0.382387873798671
8.86666666666667,0.267863210042318,0.0735,0.401514432645634
8.9,0.267863210042318,0.0735,0.414129096577394
8.93333333333333,0.267863210042318,0.0735,0.421395404969035
8.96666666666667,0.267863210042318,0.0735,0.424299749239693
9,0.266807428995768,0.0735,0.423676633061789
9.03333333333333,0.266807428995768,0.0735,0.422057589875167
9.06666666666667,0.266807428995768,0.0735,0.417855924443695
9.1,0.266807428995768,0.0735,0.411624573877226
9.13333333333333,0.266807428995768,0.0735,0.403827203145024
9.16666666666667,0.266807428995768,0.0735,0.394851266847158
9.2,0.266807428995768,0.0735,0.385019243043088
9.23333333333333,0.254358673095703,0.0735,0.374598289301032
9.26666666666667,0.24296875,0.0735,0.385352506691109
9.3,0.24296875,0.0735,0.411472528781012
9.33333333333333,0.24296875,0.0735,0.430239707794793
9.36666666666667,0.24296875,0.0735,0.442922888507618
9.4,0.24296875,0.0735,0.45060023542761
9.43333333333333,0.24296875,0.0735,0.454186259418663
9.46666666666667,0.24296875,0.0735,0.454455121323759
9.5,0.24296875,0.0735,0.452060717891966
9.53333333333333,0.24296875,0.0735,0.447553987274954
9.56666666666667,0.24296875,0.0735,0.441397812442598
9.6,0.24296875,0.0735,0.433979849852259
9.63333333333333,0.24296875,0.0735,0.425623566535697
9.66666666666667,0.24296875,0.0735,0.41659773052561
9.7,0.24296875,0.0735,0.407124566436978
9.73333333333333,0.24296875,0.0735,0.397386759359433
9.76666666666667,0.24296875,0.0735,0.387533465410217
9.8,0.236756833394368,0.0735,0.377685465826858
9.83333333333333,0.236756833394368,0.0735,0.378690001839712
9.86666666666667,0.236756833394368,0.0735,0.377798877506903
9.9,0.236756833394368,0.0735,0.375396158561866
9.93333333333333,0.236756833394368,0.0735,0.371804914627963
9.96666666666667,0.236756833394368,0.0735,0.367296081538832
10,0.231374168395996,0.0735,0.362096087641875
10.0333333333333,0.231374168395996,0.0735,0.365708718896321
10.0666666666667,0.231709162394206,0.0735,0.367177340699483
10.1,0.231709162394206,0.0735,0.366331978674122
10.1333333333333,0.231709162394206,0.0735,0.364210145279182
10.1666666666667,0.231709162394206,0.0735,0.361085580531084
10.2,0.231709162394206,0.0735,0.357187808075689
10.2333333333333,0.231709162394206,0.0735,0.352708605947897
10.2666666666667,0.231709162394206,0.0735,0.347807571687177
10.3,0.231709162394206,0.0735,0.342616905757362
10.3333333333333,0.232611274719238,0.0735,0.337245520454427
10.3666666666667,0.232611274719238,0.0735,0.330221360338327
10.4,0.232611274719238,0.0735,0.323479300743134
10.4333333333333,0.232611274719238,0.0735,0.317030508399148
10.4666666666667,0.232611274719238,0.0735,0.310881025282847
10.5,0.232611274719238,0.0735,0.305032722918133
10.5333333333333,0.232611274719238,0.0735,0.299484109238213
10.5666666666667,0.232611274719238,0.0735,0.294231009172251
10.6,0.238802083333333,0.0735,0.289267137186834
10.6333333333333,0.24990234375,0.0735,0.273870688284393
10.6666666666667,0.24990234375,0.0735,0.241603531813635
10.7,0.24990234375,0.0735,0.215049452038326
10.7333333333333,0.24990234375,0.0735,0.193341551383168
10.7666666666667,0.24990234375,0.0735,0.175736356333826
10.8,0.251302083333333,0.0735,0.161596776706488
10.8333333333333,0.251302083333333,0.0735,0.147954974095107
10.8666666666667,0.251302083333333,0.0735,0.137234291753923
10.9,0.256446393330892,0.0735,0.128963092854755
10.9333333333333,0.256446393330892,0.0735,0.113835943013493
10.9666666666667,0.256446393330892,0.0735,0.102130271949013
11,0.256446393330892,0.0735,0.0932851953439122
11.0333333333333,0.256446393330892,0.0735,0.0868224163756863
11.0666666666667,0.256446393330892,0.0735,0.0823346324554858
11.1,0.256446393330892,0.0735,0.0794755310845825
11.1333333333333,0.256446393330892,0.0735,0.0779511597151099
11.1666666666667,0.261116218566895,0.0735,0.0775124834242498
11.2,0.261116218566895,0.0735,0.0698673125244076
11.2333333333333,0.261116218566895,0.0735,0.0644791954670737
11.2666666666667,0.261116218566895,0.0735,0.0609549391984746
11.3,0.261116218566895,0.0735,0.0589606525037983
11.3333333333333,0.261116218566895,0.0735,0.0582133265812142
11.3666666666667,0.261116218566895,0.0735,0.058473576406569
11.4,0.261116218566895,0.0735,0.0595393852693721
11.4333333333333,0.266869735717773,0.0735,0.0612407160888179
11.4666666666667,0.266869735717773,0.0735,0.0534777642679675
11.5,0.266869735717773,0.0735,0.0480096276169729
11.5333333333333,0.266869735717773,0.0735,0.0444364341914558
11.5666666666667,0.271836344401042,0.0735,0.0424186269447717
11.6,0.271836344401042,0.0735,0.0330731262910522
11.6333333333333,0.271836344401042,0.0735,0.0264103281929133
11.6666666666667,0.271836344401042,0.0735,0.0219654584658903
11.7,0.274660873413086,0.0735,0.0193436941267897
11.7333333333333,0.274660873413086,0.0735,0.0133220771808161
11.7666666666667,0.274660873413086,0.0735,0.00944868270413207
11.8,0.274660873413086,0.0735,0.00733680529543104
11.8333333333333,0.274660873413086,0.0735,0.00665877438585746
11.8666666666667,0.274660873413086,0.0735,0.0071375258405762
11.9,0.274660873413086,0.0735,0.00853933886964447
11.9333333333333,0.274660873413086,0.0735,0.0106675797786844
11.9666666666667,0.279207928975423,0.0735,0.0133573154497997
12,0.288245010375977,0.0735,0.00860148790353399
12.0333333333333,0.288245010375977,0.0735,-0.00996673304413401
12.0666666666667,0.288245010375977,0.0735,-0.0240223750361293
12.1,0.288245010375977,0.0735,-0.0343189305797868
12.1333333333333,0.288245010375977,0.0735,-0.0414981108694487
12.1666666666667,0.288245010375977,0.0735,-0.0461055933799372
12.2,0.288245010375977,0.072,-0.0336046069162008
12.2333333333333,0.289646021525065,0.072,-0.0343876471439694
12.2666666666667,0.289646021525065,0.072,-0.0362111832568782
12.3,0.289646021525065,0.072,-0.0364626834276072
12.3333333333333,0.298101488749186,0.072,-0.0354508026418494
12.3666666666667,0.298101488749186,0.072,-0.0480687942360816
12.4,0.298101488749186,0.072,-0.0570784901240606
12.4333333333333,0.298101488749186,0.072,-0.0631045442740492
12.4666666666667,0.298101488749186,0.072,-0.0666776240317253
12.5,0.30149834950765,0.072,-0.0682477391580487
12.5333333333333,0.30149834950765,0.072,-0.0740743830436305
12.5666666666667,0.30149834950765,0.072,-0.077466136568943
12.6,0.30149834950765,0.0705,-0.063871232141649
12.6333333333333,0.30149834950765,0.0705,-0.0636689267122295
12.6666666666667,0.30149834950765,0.0705,-0.0621793850591608
12.7,0.30149834950765,0.0705,-0.0596721941297575
12.7333333333333,0.30149834950765,0.0705,-0.0563736947767977
12.7666666666667,0.309635416666667,0.0705,-0.0524732921014116
12.8,0.319163576761882,0.0705,-0.0622109919178217
12.8333333333333,0.319163576761882,0.0705,-0.0854079850738366
12.8666666666667,0.319163576761882,0.0705,-0.102925989764737
12.9,0.319163576761882,0.0705,-0.115714957689496
12.9333333333333,0.319163576761882,0.069,-0.109583813342531
12.9666666666667,0.319163576761882,0.0675,-0.100220328492298
13,0.319163576761882,0.0675,-0.103208266912855
13.0333333333333,0.319163576761882,0.0675,-0.104042169283852
13.0666666666667,0.319163576761882,0.066,-0.0881400984088984
13.1,0.319163576761882,0.063,-0.0558546218052304
13.1333333333333,0.319163576761882,0.0615,-0.0374822713974365
13.1666666666667,0.319163576761882,0.06,-0.0182716877321299
13.2,0.319163576761882,0.06,-0.0134306281496092
13.2333333333333,0.319163576761882,0.06,-0.0081319941226965
13.2666666666667,0.319163576761882,0.06,-0.00251901199965675
13.3,0.331447092692057,0.06,0.00329031676798812
13.3333333333333,0.331447092692057,0.06,-0.0120586075311697
13.3666666666667,0.331447092692057,0.06,-0.0232842675107755
13.4,0.331447092692057,0.06,-0.0310912228876294
13.4333333333333,0.331447092692057,0.06,-0.0360785546325156
13.4666666666667,0.331447092692057,0.06,-0.0387547887537871
13.5,0.331447092692057,0.06,-0.039550766146192
13.5333333333333,0.331447092692057,0.06,-0.0388307371404141
13.5666666666667,0.346875,0.06,-0.0369019218813089
13.6,0.365379969278971,0.06,-0.0607224704831431
13.6333333333333,0.365379969278971,0.06,-0.110682276015986
13.6666666666667,0.365379969278971,0.0585,-0.134563541518567
13.7,0.365379969278971,0.0585,-0.164172646742384
13.7333333333333,0.365379969278971,0.054,-0.141050580624149
13.7666666666667,0.365379969278971,0.051,-0.126510155844869
13.8,0.365379969278971,0.048,-0.10666812511339
13.8333333333333,0.365379969278971,0.0435,-0.0674728891062096
13.8666666666667,0.365379969278971,0.039,-0.0247283932470909
13.9,0.365379969278971,0.0375,-0.00911473018455629
13.9333333333333,0.365379969278971,0.0345,0.023794104737784
13.9666666666667,0.365379969278971,0.0345,0.0285149179627896
14,0.365379969278971,0.0345,0.0346421472609475
14.0333333333333,0.365379969278971,0.0345,0.0418365266053401
14.0666666666667,0.365379969278971,0.0345,0.0498153357606197
14.1,0.384184964497884,0.0345,0.0583440178225553
14.1333333333333,0.384184964497884,0.0345,0.0346848222629938
14.1666666666667,0.384184964497884,0.0345,0.0175028654936941
14.2,0.384184964497884,0.0345,0.00568685777707786
14.2333333333333,0.384184964497884,0.0345,-0.00170785932952125
14.2666666666667,0.384184964497884,0.0345,-0.00548290635706133
14.3,0.384184964497884,0.0345,-0.00631721097173694
14.3333333333333,0.384184964497884,0.0345,-0.00478454544092684
14.3666666666667,0.397354125976562,0.0345,-0.00136863793630815
14.4,0.397354125976562,0.0345,-0.019266899819317
14.4333333333333,0.397354125976562,0.0345,-0.0316317567790109
14.4666666666667,0.397354125976562,0.0345,-0.0394355574336861
14.5,0.397354125976562,0.0345,-0.0435035207525019
14.5333333333333,0.397354125976562,0.0345,-0.0445346564603384
14.5666666666667,0.397354125976562,0.0345,-0.0431197989266368
14.6,0.397354125976562,0.033,-0.0247571466465695
14.6333333333333,0.41298713684082,0.033,-0.0198656466021719
14.6666666666667,0.424356460571289,0.033,-0.0408511970796405
14.7,0.424356460571289,0.033,-0.0754078935223684
14.7333333333333,0.424356460571289,0.033,-0.101123580226343
14.7666666666667,0.424356460571289,0.033,-0.119492601238591
14.8,0.424356460571289,0.0285,-0.0867865355653499
14.8333333333333,0.424356460571289,0.0255,-0.0640856521927792
14.8666666666667,0.424356460571289,0.024,-0.0523060404428621
14.9,0.424356460571289,0.0225,-0.0372230020254522
14.9333333333333,0.424356460571289,0.021,-0.0194912122400502
14.9666666666667,0.424356460571289,0.021,-0.0146620894486262
15,0.424356460571289,0.021,-0.00819875276957101
15.0333333333333,0.424356460571289,0.021,-0.000488896707467532
15.0666666666667,0.424356460571289,0.021,0.00814413292774846
15.1,0.424356460571289,0.021,0.0174318158652824
15.1333333333333,0.433046404520671,0.021,0.0271522742836753
15.1666666666667,0.433046404520671,0.021,0.0220843224642772
15.2,0.433046404520671,0.021,0.0200201451380398
15.2333333333333,0.433046404520671,0.021,0.0203857166174591
15.2666666666667,0.433046404520671,0.021,0.0226964815710537
15.3,0.433046404520671,0.021,0.026544461629107
15.3333333333333,0.433046404520671,0.021,0.0315871529619653
15.3666666666667,0.433046404520671,0.021,0.037537970678919
15.4,0.440228271484375,0.021,0.0441580288484787
15.4333333333333,0.446036783854167,0.021,0.0388200465615629
15.4666666666667,0.446036783854167,0.021,0.0261354015396826
15.5,0.446036783854167,0.021,0.017586718067921
15.5333333333333,0.446036783854167,0.021,0.0124403192493798
15.5666666666667,0.446036783854167,0.021,0.0100739333042316
15.6,0.446036783854167,0.021,0.00996082724657225
15.6333333333333,0.446791013081868,0.021,0.0116561315239751
15.6666666666667,0.452366956075033,0.021,0.0134797795305356
15.7,0.452366956075033,0.021,0.00702426969839826
15.7333333333333,0.452366956075033,0.021,0.00349840273752129
15.7666666666667,0.452366956075033,0.021,0.00235735228391251
15.8,0.452366956075033,0.021,0.00314042942337295
15.8333333333333,0.452366956075033,0.021,0.0054590076575551
15.8666666666667,0.452366956075033,0.021,0.00898612172973875
15.9,0.452366956075033,0.021,0.0134475123695442
15.9333333333333,0.452366956075033,0.021,0.0186139197626565
15.9666666666667,0.453385416666667,0.021,0.0242944551724689
16,0.453385416666667,0.021,0.028568342816642
16.0333333333333,0.453385416666667,0.021,0.0334078131220998
16.0666666666667,0.453385416666667,0.021,0.038652824787862
16.1,0.453385416666667,0.021,0.0441709833216743
16.1333333333333,0.453385416666667,0.021,0.049853384630626
16.1666666666667,0.453385416666667,0.021,0.0556110478439544
16.2,0.461979166666667,0.021,0.0613718561917003
16.2333333333333,0.461979166666667,0.021,0.0522054868014863
16.2666666666667,0.461979166666667,0.021,0.0458083284027253
16.3,0.461979166666667,0.021,0.0416958441739188
16.3333333333333,0.461979166666667,0.021,0.0394566968053576
16.3666666666667,0.461979166666667,0.021,0.0387423479603867
16.4,0.461979166666667,0.021,0.0392580922229596
16.4333333333333,0.471677430470785,0.021,0.0407553307077308
16.4666666666667,0.478769175211589,0.021,0.0262409816570486
16.5,0.478769175211589,0.021,0.00328915069562379
16.5333333333333,0.478769175211589,0.021,-0.01411192275199
16.5666666666667,0.478769175211589,0.021,-0.0268879715952714
16.6,0.478769175211589,0.021,-0.0358274615036267
16.6333333333333,0.478769175211589,0.021,-0.041600924493441
16.6666666666667,0.478769175211589,0.021,-0.044777637835827
16.7,0.478769175211589,0.021,-0.0458400079716895
16.7333333333333,0.480208333333333,0.021,-0.0451959707354672
16.7666666666667,0.489322916666667,0.021,-0.0456803019546901
16.8,0.489322916666667,0.021,-0.0603851622728745
16.8333333333333,0.489322916666667,0.021,-0.0708110647083475
16.8666666666667,0.489322916666667,0.021,-0.0777013335919969
16.9,0.489322916666667,0.0195,-0.0666873038448126
16.9333333333333,0.489322916666667,0.0195,-0.0683042128803913
16.9666666666667,0.489322916666667,0.018,-0.0530049020343329
17,0.489322916666667,0.018,-0.0511716249168417
17.0333333333333,0.489322916666667,0.0165,-0.0331262200344823
17.0666666666667,0.489322916666667,0.0165,-0.0291388703463649
17.1,0.489322916666667,0.0165,-0.0244356423908637
17.1333333333333,0.489322916666667,0.0165,-0.019204971619069
17.1666666666667,0.489322916666667,0.0165,-0.0136032380614123
17.2,0.489322916666667,0.0165,-0.00775955696717255
17.2333333333333,0.489322916666667,0.0165,-0.00177989218819515
17.2666666666667,0.493079789479574,0.0165,0.00424941452250013
17.3,0.493079789479574,0.0165,0.00375692767066609
17.3333333333333,0.493079789479574,0.0165,0.00444317440994591
17.3666666666667,0.493079789479574,0.0165,0.00606802702063786
17.4,0.493079789479574,0.0165,0.00842955852720897
17.4333333333333,0.493079789479574,0.0165,0.0113584883588454
17.4666666666667,0.493079789479574,0.0165,0.0147134029425677
17.5,0.493079789479574,0.0165,0.0183766453439745
17.5333333333333,0.493079789479574,0.0165,0.0222507823795275
17.5666666666667,0.485533173878988,0.0165,0.0262555700110607
17.6,0.485533173878988,0.0165,0.0433856139211556
17.6333333333333,0.485533173878988,0.0165,0.0580072067730106
17.6666666666667,0.485533173878988,0.0165,0.0704715378654706
17.7,0.485533173878988,0.0165,0.0810817243397369
17.7333333333333,0.485533173878988,0.0165,0.0900993137401516
17.7666666666667,0.485533173878988,0.0165,0.0977499126395565
17.8,0.485533173878988,0.0165,0.104228058370281
17.8333333333333,0.485533173878988,0.0165,0.109701435257858
17.8666666666667,0.485533173878988,0.0165,0.11431452319933
17.9,0.485533173878988,0.0165,0.118191754682804
17.9333333333333,0.485533173878988,0.0165,0.121440246168193
17.9666666666667,0.485533173878988,0.0165,0.124152160931495
18,0.485533173878988,0.0165,0.126406752835245
18.0333333333333,0.485533173878988,0.0165,0.128272133868504
18.0666666666667,0.485533173878988,0.0165,0.129806802564989
18.1,0.469999186197917,0.0165,0.131060965439385
18.1333333333333,0.469999186197917,0.0165,0.158960988570344
18.1666666666667,0.469999186197917,0.0165,0.181473004878353
18.2,0.469999186197917,0.0165,0.199439740931366
18.2333333333333,0.469999186197917,0.0165,0.213582293067499
18.2666666666667,0.469999186197917,0.0165,0.224517035457122
18.3,0.469999186197917,0.0165,0.232770222275052
18.3333333333333,0.469999186197917,0.0165,0.238790595272085
18.3666666666667,0.469999186197917,0.0165,0.242960266243804
18.4,0.469999186197917,0.0165,0.245604107696867
18.4333333333333,0.469999186197917,0.0165,0.246997853661349
18.4666666666667,0.469999186197917,0.0165,0.247375085444483
18.5,0.469999186197917,0.0165,0.246933253605348
18.5333333333333,0.469999186197917,0.0165,0.24583886706522
18.5666666666667,0.469999186197917,0.0165,0.244231962633368
18.6,0.469999186197917,0.0165,0.24222995295775
18.6333333333333,0.463004112243652,0.0165,0.239930937688282
18.6666666666667,0.463004112243652,0.0165,0.249522311832062
18.7,0.463004112243652,0.0165,0.256629982016706
18.7333333333333,0.463004112243652,0.0165,0.26167491329046
18.7666666666667,0.463004112243652,0.0165,0.265015248394731
18.8,0.463004112243652,0.0165,0.266955182985666
18.8333333333333,0.463004112243652,0.0165,0.267752620306003
18.8666666666667,0.457705434163411,0.0165,0.267625770818896
18.9,0.454366238911947,0.0165,0.27592879720804
18.9333333333333,0.454366238911947,0.0165,0.287656243486935
18.9666666666667,0.454366238911947,0.0165,0.296321056860619
19,0.454366238911947,0.0165,0.302443315263852
19.0333333333333,0.454366238911947,0.0165,0.306465425276749
19.0666666666667,0.454366238911947,0.0165,0.308763099010296
19.1,0.454366238911947,0.0165,0.309654821142515
19.1333333333333,0.454366238911947,0.0165,0.309410010866889
19.1666666666667,0.454366238911947,0.0165,0.308256055956085
19.2,0.454366238911947,0.0165,0.30638437227906
19.2333333333333,0.454366238911947,0.0165,0.303955621444439
19.2666666666667,0.454366238911947,0.0165,0.301104201349577
19.3,0.454366238911947,0.0165,0.297942108922288
19.3333333333333,0.454366238911947,0.0165,0.294562260929429
19.3666666666667,0.454366238911947,0.0165,0.291041347115171
19.4,0.45250072479248,0.0165,0.287442279880637
19.4333333333333,0.45250072479248,0.0165,0.287044777594861
19.4666666666667,0.45250072479248,0.0165,0.286038747970733
19.5,0.45250072479248,0.0165,0.284554635346
19.5333333333333,0.45250072479248,0.0165,0.282701816326471
19.5666666666667,0.45250072479248,0.0165,0.280571682746714
19.6,0.45250072479248,0.0165,0.278240293151809
19.6333333333333,0.451749102274577,0.0165,0.275770651852514
19.6666666666667,0.451749102274577,0.0165,0.274515433752147
19.7,0.452194913228353,0.0165,0.272965365047722
19.7333333333333,0.452194913228353,0.0165,0.270422684581834
19.7666666666667,0.452194913228353,0.0165,0.267869154874968
19.8,0.452194913228353,0.0165,0.265332300508894
19.8333333333333,0.452194913228353,0.0165,0.262834032380576
19.8666666666667,0.452194913228353,0.0165,0.260391541071342
19.9,0.452194913228353,0.0165,0.258018060301619
19.9333333333333,0.452194913228353,0.0165,0.255723518598008
19.9666666666667,0.452543512980143,0.0165,0.253515094822627
20,0.452543512980143,0.0165,0.250794400073426
20.0333333333333,0.452543512980143,0.0165,0.248284164730649
20.0666666666667,0.452543512980143,0.0165,0.245967679303933
20.1,0.452543512980143,0.0165,0.243829616124441
20.1333333333333,0.452543512980143,0.0165,0.241855908167352
20.1666666666667,0.452543512980143,0.0165,0.24003363933073
20.2,0.452543512980143,0.0165,0.238350944993628
20.2333333333333,0.453301175435384,0.0165,0.236796921807114
20.2666666666667,0.453301175435384,0.0165,0.23405032586469
20.3,0.453301175435384,0.0165,0.231666173408753
20.3333333333333,0.453301175435384,0.0165,0.229596419588575
20.3666666666667,0.453301175435384,0.0165,0.227799404592936
20.4,0.454345830281576,0.0165,0.226239003872342
20.4333333333333,0.454345830281576,0.0165,0.223075999080104
20.4666666666667,0.454345830281576,0.0165,0.220439971199792
20.5,0.454345830281576,0.0165,0.218252812297577
20.5333333333333,0.454349072774251,0.0165,0.216447413513806
20.5666666666667,0.454349072774251,0.0165,0.214960543442551
20.6,0.454349072774251,0.0165,0.213749459903969
20.6333333333333,0.454349072774251,0.0165,0.212771612079464
20.6666666666667,0.454349072774251,0.0165,0.211990553355081
20.7,0.454349072774251,0.0165,0.211375095320444
20.7333333333333,0.454349072774251,0.0165,0.21089857696095
20.7666666666667,0.454349072774251,0.0165,0.210538233505757
20.8,0.454791895548503,0.0165,0.210274651479045
20.8333333333333,0.457067426045736,0.0165,0.209324943792571
20.8666666666667,0.457067426045736,0.0165,0.204651223588768
20.9,0.457067426045736,0.0165,0.200916391441121
20.9333333333333,0.457067426045736,0.0165,0.197971729496395
20.9666666666667,0.457067426045736,0.0165,0.195690102978247
21,0.457067426045736,0.0165,0.193962951705975
21.0333333333333,0.457067426045736,0.0165,0.192697692488714
21.0666666666667,0.457372792561849,0.0165,0.191815476885362
21.1,0.457372792561849,0.0165,0.190720785243993
21.1333333333333,0.457372792561849,0.0165,0.189987145311939
21.1666666666667,0.461341031392415,0.0165,0.189550384788776
21.2,0.461341031392415,0.0165,0.182488599930077
21.2333333333333,0.461341031392415,0.0165,0.176948376356803
21.2666666666667,0.461341031392415,0.0165,0.172683609330855
21.3,0.461341031392415,0.0165,0.16948423024572
21.3333333333333,0.461341031392415,0.0165,0.167171161642813
21.3666666666667,0.462588946024577,0.0165,0.165591962793233
21.4,0.462588946024577,0.0165,0.162457416092285
21.4333333333333,0.462588946024577,0.0165,0.16023398632904
21.4666666666667,0.462588946024577,0.0165,0.158763431973764
21.5,0.462588946024577,0.0165,0.157911350241672
21.5333333333333,0.462588946024577,0.0165,0.157563794375432
21.5666666666667,0.462588946024577,0.0165,0.157624357178182
21.6,0.462588946024577,0.0165,0.158011657495802
21.6333333333333,0.466513379414876,0.0165,0.158657174871868
21.6666666666667,0.466513379414876,0.0165,0.152711712501024
21.7,0.466513379414876,0.0165,0.148229343308584
21.7333333333333,0.466513379414876,0.0165,0.144965022157367
21.7666666666667,0.466513379414876,0.0165,0.142710100844384
21.8,0.466513379414876,0.0165,0.141287197587132
21.8333333333333,0.466513379414876,0.0165,0.140545771268652
21.8666666666667,0.466513379414876,0.0165,0.140358304931363
21.9,0.471426423390706,0.0165,0.140617015859273
21.9333333333333,0.471426423390706,0.0165,0.132728446651668
21.9666666666667,0.472028827667236,0.0165,0.126759417817585
22,0.472028827667236,0.0165,0.12134678556227
22.0333333333333,0.472028827667236,0.0165,0.117461200132539
22.0666666666667,0.472028827667236,0.0165,0.114839027106575
22.1,0.472028827667236,0.0165,0.113256257555054
22.1333333333333,0.472028827667236,0.0165,0.112522891152264
22.1666666666667,0.469218762715658,0.0165,0.112478093062611
22.2,0.469218762715658,0.0165,0.117849152393901
22.2333333333333,0.469218762715658,0.0165,0.122720088341559
22.2666666666667,0.469218762715658,0.0165,0.127141483002718
22.3,0.469218762715658,0.0165,0.131158374294121
22.3333333333333,0.469218762715658,0.0165,0.134810905726052
22.3666666666667,0.469218762715658,0.0165,0.138134896206973
22.4,0.469218762715658,0.0165,0.141162340044471
22.4333333333333,0.467682266235352,0.0165,0.143921845989791
22.4666666666667,0.467682266235352,0.0165,0.149098102650888
22.5,0.467682266235352,0.0165,0.153541878041157
22.5333333333333,0.467682266235352,0.0165,0.15735399020822
22.5666666666667,0.467682266235352,0.0165,0.160621579717151
22.6,0.467682266235352,0.0165,0.163419950836361
22.6333333333333,0.467682266235352,0.0165,0.165814165926047
22.6666666666667,0.467682266235352,0.0165,0.167860426032893
22.7,0.459669939676921,0.0165,0.169607266286909
22.7333333333333,0.459669939676921,0.0165,0.184962821329
22.7666666666667,0.459669939676921,0.0165,0.197421377011398
22.8,0.459669939676921,0.0165,0.20743252476578
22.8333333333333,0.459669939676921,0.0165,0.215381190543928
22.8666666666667,0.459669939676921,0.0165,0.22159660868644
22.9,0.459669939676921,0.0165,0.226360073053637
22.9333333333333,0.459669939676921,0.0165,0.229911630404842
22.9666666666667,0.459669939676921,0.0165,0.232455858868377
23,0.45948600769043,0.0165,0.234166855164158
23.0333333333333,0.45948600769043,0.0165,0.235510852575783
23.0666666666667,0.45948600769043,0.0165,0.236233564962697
23.1,0.45948600769043,0.0165,0.236450781426155
23.1333333333333,0.45948600769043,0.0165,0.236260396490744
23.1666666666667,0.45948600769043,0.0165,0.235744979109598
23.2,0.45948600769043,0.0165,0.234973985490966
23.2333333333333,0.45948600769043,0.0165,0.234005664253644
23.2666666666667,0.458442370096842,0.0165,0.232888695875282
23.3,0.458442370096842,0.0165,0.233469734730944
23.3333333333333,0.458442370096842,0.0165,0.233627710617835
23.3666666666667,0.458442370096842,0.0165,0.233444790773118
23.4,0.458442370096842,0.0165,0.232990266851656
23.4333333333333,0.458442370096842,0.0165,0.232322414775001
23.4666666666667,0.458442370096842,0.0165,0.231490095934111
23.5,0.458442370096842,0.0165,0.230534135027011
23.5333333333333,0.458442370096842,0.0165,0.229488505049171
23.5666666666667,0.458442370096842,0.0165,0.228381345830486
23.6,0.458442370096842,0.0165,0.22723583894284
23.6333333333333,0.458442370096842,0.0165,0.226070958712023
23.6666666666667,0.458442370096842,0.0165,0.224902116393177
23.7,0.458442370096842,0.0165,0.223741712254119
23.7333333333333,0.458442370096842,0.0165,0.222599608307778
23.7666666666667,0.458434041341146,0.0165,0.221483532701679
23.8,0.458434041341146,0.0165,0.220413839119385
23.8333333333333,0.458434041341146,0.0165,0.219377778850009
23.8666666666667,0.458434041341146,0.0165,0.218378991272986
23.9,0.458434041341146,0.0165,0.21742002500328
23.9333333333333,0.458434041341146,0.0165,0.216502528458988
23.9666666666667,0.458434041341146,0.0165,0.215627411655964
24,0.458434041341146,0.0165,0.214794983316592
24.0333333333333,0.458452796936035,0.0165,0.214005066816209
24.0666666666667,0.458452796936035,0.0165,0.213224639341396
24.1,0.458452796936035,0.0165,0.212491553468838
24.1333333333333,0.458452796936035,0.0165,0.21180372430081
24.1666666666667,0.458452796936035,0.0165,0.211159029840423
24.2,0.458452796936035,0.0165,0.210555339423272
24.2333333333333,0.458452796936035,0.0165,0.209990536607717
24.2666666666667,0.458423360188802,0.0165,0.209462537393124
24.3,0.458545112609863,0.0165,0.209020248104965
24.3333333333333,0.458545112609863,0.0165,0.208390209207036
24.3666666666667,0.458545112609863,0.0165,0.207823408724297
24.4,0.458545112609863,0.0165,0.207312962731793
24.4333333333333,0.458545112609863,0.0165,0.206852789790277
24.4666666666667,0.458545112609863,0.0165,0.20643751254736
24.5,0.458545112609863,0.0165,0.206062371817557
24.5333333333333,0.458545112609863,0.0165,0.205723151525151
24.5666666666667,0.458545112609863,0.0165,0.205416113105709
24.6,0.458545112609863,0.0165,0.205137938146018
24.6333333333333,0.458545112609863,0.0165,0.204885678201855
24.6666666666667,0.458545112609863,0.0165,0.204656710871579
24.7,0.458545112609863,0.0165,0.204448701323885
24.7333333333333,0.458545112609863,0.0165,0.204259568582501
24.7666666666667,0.458545112609863,0.0165,0.204087455961354
24.8,0.458545112609863,0.0165,0.203930705122513
24.8333333333333,0.458487129211426,0.0165,0.203787833297669
24.8666666666667,0.458487129211426,0.0165,0.203757860052695
24.9,0.458487129211426,0.0165,0.203719886254042
24.9333333333333,0.458487129211426,0.0165,0.203675872844768
24.9666666666667,0.458487129211426,0.0165,0.20362745265893
25,0.458487129211426,0.0165,0.203575979137248
25.0333333333333,0.458493359883626,0.0165,0.203522568177059
25.0666666666667,0.458493359883626,0.0165,0.203457351182004
25.1,0.458356348673503,0.0165,0.203393935198296
25.1333333333333,0.458356348673503,0.0165,0.203569707261263
25.1666666666667,0.458356348673503,0.0165,0.203701999238194
25.2,0.458356348673503,0.0165,0.203798102451355
25.2333333333333,0.458356348673503,0.0165,0.203864224692205
25.2666666666667,0.458356348673503,0.0165,0.203905642992047
25.3,0.458356348673503,0.0165,0.203926835404615
25.3333333333333,0.458356348673503,0.0165,0.203931594645134
25.3666666666667,0.45859375,0.0165,0.203923126047647
25.4,0.45859375,0.0165,0.203493282328418
25.4333333333333,0.45859375,0.0165,0.203134463503547
25.4666666666667,0.45859375,0.0165,0.202836177525284
25.5,0.45859375,0.0165,0.202589407465569
25.5333333333333,0.45859375,0.0165,0.202386409155287
25.5666666666667,0.45859375,0.0165,0.202220536228178
25.6,0.45859375,0.0165,0.202086088883895
25.6333333333333,0.458453750610352,0.0165,0.201978183178485
25.6666666666667,0.458453750610352,0.0165,0.202134922736259
25.7,0.458453750610352,0.0165,0.2022636955128
25.7333333333333,0.458453750610352,0.0165,0.20236875724282
25.7666666666667,0.458453750610352,0.0165,0.202453756962109
25.8,0.458453750610352,0.0165,0.202521820827555
25.8333333333333,0.458486620585124,0.0165,0.202575624543017
25.8666666666667,0.458486620585124,0.0165,0.202560570745688
25.9,0.45850944519043,0.0165,0.20254647525425
25.9333333333333,0.45850944519043,0.0165,0.202493787931094
25.9666666666667,0.45850944519043,0.0165,0.202449582603329
26,0.45850944519043,0.0165,0.202412619738452
26.0333333333333,0.45850944519043,0.0165,0.202381833169515
26.0666666666667,0.45850944519043,0.0165,0.202356306376376
26.1,0.45850944519043,0.0165,0.202335251974437
26.1333333333333,0.45850944519043,0.0165,0.202317993979823
26.1666666666667,0.45859375,0.0165,0.202303952477725
26.2,0.458405621846517,0.0165,0.202146731434859
26.2333333333333,0.458405621846517,0.0165,0.202345533863956
26.2666666666667,0.458405621846517,0.0165,0.202507192548843
26.3,0.458405621846517,0.0165,0.202637452805555
26.3333333333333,0.458405621846517,0.0165,0.202741234814916
26.3666666666667,0.458405621846517,0.0165,0.2028227480451
26.4,0.458405621846517,0.0165,0.202885590089563
26.4333333333333,0.458405621846517,0.0165,0.202932832022757
26.4666666666667,0.458405621846517,0.0165,0.2029670920939
26.5,0.458405621846517,0.0165,0.202990599334693
26.5333333333333,0.458405621846517,0.0165,0.203005248445179
26.5666666666667,0.458405621846517,0.0165,0.203012647138613
26.6,0.458405621846517,0.0165,0.203014156967417
26.6333333333333,0.458405621846517,0.0165,0.203010928514789
26.6666666666667,0.458405621846517,0.0165,0.203003931717433
26.7,0.45859375,0.0165,0.202993981981767
26.7333333333333,0.45859375,0.0165,0.202656185780628
26.7666666666667,0.45859375,0.0165,0.20237951456248
26.8,0.45859375,0.0165,0.202154619387992
26.8333333333333,0.45859375,0.0165,0.201973487206907
26.8666666666667,0.45859375,0.0165,0.201829256078712
26.9,0.45859375,0.0165,0.20171605552702
26.9333333333333,0.45859375,0.0165,0.201628868639493
26.9666666666667,0.458599853515625,0.0165,0.201563412979655
27,0.458599853515625,0.0165,0.201505474951779
27.0333333333333,0.458599853515625,0.0165,0.201464547734982
27.0666666666667,0.458599853515625,0.0165,0.201437671102874
27.1,0.458599853515625,0.0165,0.201422331113362
27.1333333333333,0.458599853515625,0.0165,0.201416396758983
27.1666666666667,0.458599853515625,0.0165,0.201418065350442
27.2,0.458599853515625,0.0165,0.201425815447592
27.2333333333333,0.458311653137207,0.0165,0.201438366311741
27.2666666666667,0.458405621846517,0.0165,0.201953406095366
27.3,0.458405621846517,0.0165,0.202212406850174
27.3333333333333,0.458405621846517,0.0165,0.202423671781733
27.3666666666667,0.458405621846517,0.0165,0.202594549714473
27.4,0.458405621846517,0.0165,0.202731336282958
27.4333333333333,0.458405621846517,0.0165,0.202839419824138
27.4666666666667,0.458405621846517,0.0165,0.202923407409813
27.5,0.458405621846517,0.0165,0.202987233697667
27.5333333333333,0.458405621846517,0.0165,0.203034254919818
27.5666666666667,0.458405621846517,0.0165,0.20306733001659
27.6,0.458405621846517,0.0165,0.203088890653514
27.6333333333333,0.458405621846517,0.0165,0.203101001626115
27.6666666666667,0.458405621846517,0.0165,0.203105412954697
27.7,0.458405621846517,0.0165,0.203103604796228
27.7333333333333,0.45859375,0.0165,0.203096826148709
27.7666666666667,0.45859375,0.0165,0.202760551305987
27.8,0.45859375,0.0165,0.202484063129558
27.8333333333333,0.45859375,0.0165,0.202258275755173
27.8666666666667,0.45859375,0.0165,0.202075397822817
27.9,0.45859375,0.0165,0.201928753685546
27.9333333333333,0.45859375,0.0165,0.201812628918556
27.9666666666667,0.45859375,0.0165,0.201722136854076
28,0.45859375,0.0165,0.201653103306809
28.0333333333333,0.45859375,0.0165,0.201601967035054
28.0666666666667,0.45859375,0.0165,0.201565693812163
28.1,0.45859375,0.0165,0.201541702268388
28.1333333333333,0.45859375,0.0165,0.201527799910388
28.1666666666667,0.45859375,0.0165,0.201522127939765
28.2,0.45859375,0.0165,0.201523113677424
28.2333333333333,0.45859375,0.0165,0.201529429561149
28.2666666666667,0.458606147766113,0.0165,0.201539957822827
28.3,0.458606147766113,0.0165,0.201532304346346
28.3333333333333,0.458606147766113,0.0165,0.201531279802273
28.3666666666667,0.458606147766113,0.0165,0.201535582302366
28.4,0.458606147766113,0.0165,0.201544114701639
28.4333333333333,0.458606147766113,0.0165,0.201555954976877
28.4666666666667,0.458606147766113,0.0165,0.201570330727767
28.5,0.458606147766113,0.0165,0.201586597238091
28.5333333333333,0.458515548706055,0.0165,0.201604218610342
28.5666666666667,0.458515548706055,0.0165,0.201779543395652
28.6,0.458515548706055,0.0165,0.201925160303356
28.6333333333333,0.458515548706055,0.0165,0.202045502286537
28.6666666666667,0.458515548706055,0.0165,0.202144376064311
28.7,0.458515548706055,0.0165,0.202225048241378
28.7333333333333,0.458515548706055,0.0165,0.202290319749544
28.7666666666667,0.458515548706055,0.0165,0.202342590182874
28.8,0.458570098876953,0.0165,0.202383913387452
28.8333333333333,0.458570098876953,0.0165,0.202321640290574
28.8666666666667,0.458570098876953,0.0165,0.202269892555714
28.9,0.458570098876953,0.0165,0.202227101162117
28.9333333333333,0.458570098876953,0.0165,0.202191918637808
28.9666666666667,0.458570098876953,0.0165,0.20216318859954
29,0.458570098876953,0.0165,0.202139919422663
29.0333333333333,0.458570098876953,0.0165,0.202121261485166
29.0666666666667,0.458570098876953,0.0165,0.20210648750458
29.1,0.458570098876953,0.0165,0.202094975551
29.1333333333333,0.458570098876953,0.0165,0.202086194375355
29.1666666666667,0.458570098876953,0.0165,0.202079690740465
29.2,0.458570098876953,0.0165,0.202075078484389
29.2333333333333,0.458570098876953,0.0165,0.202072029081875
29.2666666666667,0.458570098876953,0.0165,0.202070263501191
29.3,0.458517583211263,0.0165,0.20206954518087
29.3333333333333,0.458517583211263,0.0165,0.202160558228591
29.3666666666667,0.458517583211263,0.0165,0.202234712249896
29.4,0.458517583211263,0.0165,0.20229460721767
29.4333333333333,0.458517583211263,0.0165,0.202342470197562
29.4666666666667,0.458517583211263,0.0165,0.202380207025075
29.5,0.458517583211263,0.0165,0.202409446946576
29.5333333333333,0.458517583211263,0.0165,0.202431581173241
29.5666666666667,0.458519109090169,0.0165,0.202447796169595
29.6,0.458519109090169,0.0165,0.202456461683292
29.6333333333333,0.458519109090169,0.0165,0.202461587210721
29.6666666666667,0.458519109090169,0.0165,0.202463822486482
29.7,0.458519109090169,0.0165,0.202463717366203
29.7333333333333,0.458519109090169,0.0165,0.202461736131162
29.7666666666667,0.458519109090169,0.0165,0.202458269812025
29.8,0.458519109090169,0.0165,0.20245364680131
29.8333333333333,0.458519109090169,0.0165,0.202448141987817
29.8666666666667,0.458519109090169,0.0165,0.202441984614799
29.9,0.458519109090169,0.0165,0.202435365036383
29.9333333333333,0.458519109090169,0.0165,0.202428440523178
29.9666666666667,0.458519109090169,0.0165,0.202421340247552
30,0.458519109090169,0.0165,0.202414169561417
30.0333333333333,0.458519109090169,0.0165,0.202407013664037
30.0666666666667,0.45859375,0.0165,0.20239994074414
30.1,0.45859375,0.0165,0.202263830196644
30.1333333333333,0.45859375,0.0165,0.202152824079882
30.1666666666667,0.45859375,0.0165,0.202063056640131
30.2,0.45859375,0.0165,0.201991216203929
30.2333333333333,0.45859375,0.0165,0.201934468420173
30.2666666666667,0.45859375,0.0165,0.201890389951304
30.3,0.45859375,0.0165,0.201856911204369
30.3333333333333,0.458506965637207,0.0165,0.20183226688183
30.3666666666667,0.458391316731771,0.0165,0.201965143376693
30.4,0.458391316731771,0.0165,0.202275234154512
30.4333333333333,0.458391316731771,0.0165,0.202527221484197
30.4666666666667,0.458391316731771,0.0165,0.202730101560565
30.5,0.458391316731771,0.0165,0.20289157798573
30.5333333333333,0.458391316731771,0.0165,0.203018241054062
30.5666666666667,0.458391316731771,0.0165,0.203115722615271
30.6,0.458391316731771,0.0165,0.203188829810401
30.6333333333333,0.458391316731771,0.0165,0.203241660533366
30.6666666666667,0.458391316731771,0.0165,0.203277703087645
30.7,0.458391316731771,0.0165,0.203299922175998
30.7333333333333,0.458391316731771,0.0165,0.203310833073747
30.7666666666667,0.458391316731771,0.0165,0.203312565587326
30.8,0.458391316731771,0.0165,0.203306919184283
30.8333333333333,0.458779780069987,0.0165,0.20329541049428
30.8666666666667,0.458779780069987,0.0165,0.202607034809245
30.9,0.458779780069987,0.0165,0.202044863783293
30.9333333333333,0.458779780069987,0.0165,0.201589504521211
30.9666666666667,0.458779780069987,0.0165,0.201224341076231
31,0.458779780069987,0.0165,0.200935149936858
31.0333333333333,0.458779780069987,0.0165,0.200709767844511
31.0666666666667,0.458779780069987,0.0165,0.200537804885347
31.1,0.458500226338704,0.0165,0.200410396746412
31.1333333333333,0.458500226338704,0.0165,0.200803789956877
31.1666666666667,0.458500226338704,0.0165,0.201134405229276
31.2,0.458500226338704,0.0165,0.201411382573429
31.2333333333333,0.458500226338704,0.0165,0.201642585967231
31.2666666666667,0.458500226338704,0.0165,0.201834777769907
31.3,0.458500226338704,0.0165,0.20199376956146
31.3333333333333,0.4584441502889,0.0165,0.202124552575275
31.3666666666667,0.458504549662272,0.0165,0.202328456365177
31.4,0.458504549662272,0.0165,0.202388854542711
31.4333333333333,0.458504549662272,0.0165,0.202436520739465
31.4666666666667,0.458504549662272,0.0165,0.202473501296779
31.5,0.458504549662272,0.0165,0.202501543716646
31.5333333333333,0.458504549662272,0.0165,0.202522138444423
31.5666666666667,0.458504549662272,0.0165,0.202536554936106
31.6,0.458504549662272,0.0165,0.202545872782986
31.6333333333333,0.458504549662272,0.0165,0.20255100856267
31.6666666666667,0.458504549662272,0.0165,0.202552738995496
31.7,0.458504549662272,0.0165,0.202551720907491
31.7333333333333,0.458504549662272,0.0165,0.202548508433566
31.7666666666667,0.458504549662272,0.0165,0.202543567836221
31.8,0.458504549662272,0.0165,0.202537290264448
31.8333333333333,0.458504549662272,0.0165,0.202530002733747
31.8666666666667,0.458504549662272,0.0165,0.202521977570211
31.9,0.458541615804036,0.0165,0.202513440528852
31.9333333333333,0.458541615804036,0.0165,0.202440430649076
31.9666666666667,0.458541615804036,0.0165,0.202379625542803
32,0.458541615804036,0.0165,0.202329213794814
32.0333333333333,0.458541615804036,0.0165,0.202287639234818
32.0666666666667,0.458541615804036,0.0165,0.202253565881961
32.1,0.458541615804036,0.0165,0.202225847639621
32.1333333333333,0.458525594075521,0.0165,0.202203502101461
32.1666666666667,0.458616956075033,0.0165,0.202213415314859
32.2,0.458616956075033,0.0165,0.202063677500347
32.2333333333333,0.458616956075033,0.0165,0.201943131826007
32.2666666666667,0.458616956075033,0.0165,0.201847198259187
32.3,0.458616956075033,0.0165,0.201771958699911
32.3333333333333,0.458616956075033,0.0165,0.201714064902372
32.3666666666667,0.458616956075033,0.0165,0.201670658958344
32.4,0.458616956075033,0.0165,0.201639304646369
32.4333333333333,0.458493359883626,0.0165,0.201617928178296
32.4666666666667,0.45866953531901,0.0165,0.201818664154292
32.5,0.45866953531901,0.0165,0.201679954880186
32.5333333333333,0.45866953531901,0.0165,0.201570711861215
32.5666666666667,0.45866953531901,0.0165,0.201486188482226
32.6,0.45866953531901,0.0165,0.201422331963894
32.6333333333333,0.45866953531901,0.0165,0.201375686308047
32.6666666666667,0.45866953531901,0.0165,0.201343308522254
32.7,0.45866953531901,0.0165,0.20132269632785
32.7333333333333,0.45866953531901,0.0165,0.201311725796935
32.7666666666667,0.45866953531901,0.0165,0.201308597572845
32.8,0.45866953531901,0.0165,0.201311790509646
32.8333333333333,0.45866953531901,0.0165,0.20132002172291
32.8666666666667,0.45866953531901,0.0165,0.201332212179826
32.9,0.45866953531901,0.0165,0.201347457074187
32.9333333333333,0.45866953531901,0.0165,0.201365000333608
32.9666666666667,0.458662350972493,0.0165,0.201384212694418
33,0.458662350972493,0.0165,0.201417006174032
33.0333333333333,0.458662350972493,0.0165,0.201448118772715
33.0666666666667,0.458662350972493,0.0165,0.201477573989169
33.1,0.458662350972493,0.0165,0.201505407142179
33.1333333333333,0.458662350972493,0.0165,0.201531662680046
33.1666666666667,0.458662350972493,0.0165,0.201556391931848
33.2,0.458662350972493,0.0165,0.201579651235407
33.2333333333333,0.458579254150391,0.0165,0.201601500386014
33.2666666666667,0.458579254150391,0.0165,0.201765809735685
33.3,0.458579254150391,0.0165,0.201901084487181
33.3333333333333,0.458579254150391,0.0165,0.202011727111986
33.3666666666667,0.458579254150391,0.0165,0.202101513492696
33.4,0.458579254150391,0.0165,0.202173679419261
33.4333333333333,0.458579254150391,0.0165,0.202230995332452
33.4666666666667,0.458579254150391,0.0165,0.202275830897952
33.5,0.45856253306071,0.0165,0.20231021078219
33.5333333333333,0.45856253306071,0.0165,0.202364800539587
33.5666666666667,0.45856253306071,0.0165,0.202406551150893
33.6,0.45856253306071,0.0165,0.202437588958331
33.6333333333333,0.45856253306071,0.0165,0.202459725900095
33.6666666666667,0.45856253306071,0.0165,0.202474503733421
33.7,0.45856253306071,0.0165,0.202483232189629
33.7333333333333,0.458433087666829,0.0165,0.202487021882996
33.7666666666667,0.458565139770508,0.0165,0.20271083246848
33.8,0.458565139770508,0.0165,0.202659679494295
33.8333333333333,0.458565139770508,0.0165,0.202613619343376
33.8666666666667,0.458565139770508,0.0165,0.202572101738333
33.9,0.458565139770508,0.0165,0.202534640174462
33.9333333333333,0.458565139770508,0.0165,0.202500804132091
33.9666666666667,0.458565139770508,0.0165,0.202470212273951
34,0.458565139770508,0.0165,0.20244252650022
34.0333333333333,0.458565139770508,0.0165,0.202417446750566
34.0666666666667,0.45845152537028,0.0165,0.202394706456976
34.1,0.45845152537028,0.0165,0.202570691036003
34.1333333333333,0.45845152537028,0.0165,0.202710626357881
34.1666666666667,0.45845152537028,0.0165,0.202820256994405
34.2,0.45845152537028,0.0165,0.202904491659763
34.2333333333333,0.45845152537028,0.0165,0.202967519869348
34.2666666666667,0.45845152537028,0.0165,0.203012912655651
34.3,0.45845152537028,0.0165,0.203043709495902
34.3333333333333,0.458311653137207,0.0165,0.203062493316689
34.3666666666667,0.458311653137207,0.0165,0.203313519789365
34.4,0.458311653137207,0.0165,0.203509870093384
34.4333333333333,0.458311653137207,0.0165,0.203660414984421
34.4666666666667,0.458311653137207,0.0165,0.203772724639768
34.5,0.458311653137207,0.0165,0.2038532508499
34.5333333333333,0.458585103352865,0.0165,0.20390748426332
34.5666666666667,0.458585103352865,0.0165,0.203466853768117
34.6,0.458333333333333,0.0165,0.203099868922226
34.6333333333333,0.458333333333333,0.0165,0.203231316382901
34.6666666666667,0.458333333333333,0.0165,0.203332013679421
34.7,0.458333333333333,0.0165,0.203407046480217
34.7333333333333,0.458333333333333,0.0165,0.203460748898844
34.7666666666667,0.458333333333333,0.0165,0.203496809177105
34.8,0.458333333333333,0.0165,0.203518360868958
34.8333333333333,0.458333333333333,0.0165,0.203528061488848
34.8666666666667,0.458352216084798,0.0165,0.203528160324018
34.9,0.458352216084798,0.0165,0.203487878160769
34.9333333333333,0.458352216084798,0.0165,0.203447799547203
34.9666666666667,0.458352216084798,0.0165,0.20340828249902
35,0.458352216084798,0.0165,0.203369608588688
35.0333333333333,0.458352216084798,0.0165,0.203331995277623
35.0666666666667,0.458352216084798,0.0165,0.2032956064446
35.1,0.458352216084798,0.0165,0.203260561362764
35.1333333333333,0.458333333333333,0.0165,0.203226942343123
35.1666666666667,0.458333333333333,0.0165,0.203227479953374
35.2,0.458333333333333,0.0165,0.203223216624532
35.2333333333333,0.458333333333333,0.0165,0.203215144979867
35.2666666666667,0.458333333333333,0.0165,0.203204099019228
35.3,0.458523686726888,0.0165,0.20319077722715
35.3333333333333,0.458523686726888,0.0165,0.202846334540182
35.3666666666667,0.458523686726888,0.0165,0.202564250190686
35.4,0.458582814534505,0.0165,0.202334984916558
35.4333333333333,0.458582814534505,0.0165,0.202048035341908
35.4666666666667,0.458582814534505,0.0165,0.20181847259976
35.5,0.458582814534505,0.0165,0.201637219478297
35.5333333333333,0.458582814534505,0.0165,0.201496515321107
35.5666666666667,0.458582814534505,0.0165,0.201389732566273
35.6,0.458582814534505,0.0165,0.201311218337251
35.6333333333333,0.458582814534505,0.0165,0.201256157701305
35.6666666666667,0.458430671691895,0.0165,0.201220455665759
35.7,0.458430671691895,0.0165,0.201463935642405
35.7333333333333,0.458430671691895,0.0165,0.201669543956287
35.7666666666667,0.458430671691895,0.0165,0.201842733226057
35.8,0.458430671691895,0.0165,0.201988199011959
35.8333333333333,0.458430671691895,0.0165,0.20210998299619
35.8666666666667,0.458430671691895,0.0165,0.202211562238982
35.9,0.458430671691895,0.0165,0.202295926379407
35.9333333333333,0.458352216084798,0.0165,0.202365644399785
35.9666666666667,0.458352216084798,0.0165,0.202558698590212
36,0.458352216084798,0.0165,0.20271500612769
36.0333333333333,0.458352216084798,0.0165,0.202840286911773
36.0666666666667,0.4586394627889,0.0165,0.202939437043774
36.1,0.4586394627889,0.0165,0.202519530560584
36.1333333333333,0.4586394627889,0.0165,0.20217717999019
36.1666666666667,0.4586394627889,0.0165,0.201900436931963
36.2,0.45845152537028,0.0165,0.201679065929704
36.2333333333333,0.45845152537028,0.0165,0.201829553945805
36.2666666666667,0.45845152537028,0.0165,0.201956404740816
36.3,0.45845152537028,0.0165,0.202063036196726
36.3333333333333,0.45845152537028,0.0165,0.202152390632636
36.3666666666667,0.45845152537028,0.0165,0.202226999692322
36.4,0.45845152537028,0.0165,0.202289040469878
36.4333333333333,0.45845152537028,0.0165,0.202340384049897
36.4666666666667,0.45845152537028,0.0165,0.202382637481208
36.5,0.458447011311849,0.0165,0.202417180066721
36.5333333333333,0.458447011311849,0.0165,0.202453006818539
36.5666666666667,0.458447011311849,0.0165,0.202481811882297
36.6,0.458447011311849,0.0165,0.202504698799676
36.6333333333333,0.458447011311849,0.0165,0.202522611502421
36.6666666666667,0.458447011311849,0.0165,0.202536356523204
36.7,0.458447011311849,0.0165,0.202546622175756
36.7333333333333,0.458447011311849,0.0165,0.202553995113521
36.7666666666667,0.458398246765137,0.0165,0.202558974621161
36.8,0.458398246765137,0.0165,0.202646377467251
36.8333333333333,0.458430671691895,0.0165,0.202715886441443
36.8666666666667,0.458430671691895,0.0165,0.202714237532031
36.9,0.458430671691895,0.0165,0.202710809929212
36.9333333333333,0.458430671691895,0.0165,0.202705989755079
36.9666666666667,0.458430671691895,0.0165,0.202700100545735
37,0.458672968546549,0.0165,0.202693412423664
37.0333333333333,0.458672968546549,0.0165,0.202266828081868
37.0666666666667,0.458672968546549,0.0165,0.201920768388124
37.1,0.458672968546549,0.0165,0.201642734199066
37.1333333333333,0.458672968546549,0.0165,0.201422024294534
37.1666666666667,0.458672968546549,0.0165,0.201249485862679
37.2,0.458672968546549,0.0165,0.201117298983559
37.2333333333333,0.458672968546549,0.0165,0.201018790523701
37.2666666666667,0.458672968546549,0.0165,0.200948273469809
37.3,0.45859375,0.0165,0.200900908263147
37.3333333333333,0.45859375,0.0165,0.201009679744743
37.3666666666667,0.45859375,0.0165,0.201107549795646
37.4,0.45859375,0.0165,0.201195703504943
37.4333333333333,0.45859375,0.0165,0.201275187957807
37.4666666666667,0.45859375,0.0165,0.201346929144713
37.5,0.45859375,0.0165,0.201411746727245
37.5333333333333,0.45859375,0.0165,0.201470366938008
37.5666666666667,0.458495012919108,0.0165,0.201523433855742
37.6,0.458429781595866,0.0165,0.20174239486642
37.6333333333333,0.458429781595866,0.0165,0.202036800147355
37.6666666666667,0.458429781595866,0.0165,0.202277583866495
37.7,0.458429781595866,0.0165,0.20247296645745
37.7333333333333,0.458429781595866,0.0165,0.202629992476433
37.7666666666667,0.458429781595866,0.0165,0.202754693335319
37.8,0.458429781595866,0.0165,0.202852227893508
37.8333333333333,0.45859375,0.0165,0.202927003893831
37.8666666666667,0.45859375,0.0165,0.202699017099214
37.9,0.45859375,0.0165,0.202509994957056
37.9333333333333,0.45859375,0.0165,0.202354103677624
37.9666666666667,0.45859375,0.0165,0.202226334900999
38,0.45859375,0.0165,0.202122392092531
38.0333333333333,0.45859375,0.0165,0.202038592349963
38.0666666666667,0.45859375,0.0165,0.201971781547622
38.1,0.458519109090169,0.0165,0.201919261021175
38.1333333333333,0.458519109090169,0.0165,0.202007898709842
38.1666666666667,0.458519109090169,0.0165,0.202081625306128
38.2,0.458519109090169,0.0165,0.20214265947446
38.2333333333333,0.458519109090169,0.0165,0.202192906875482
38.2666666666667,0.458519109090169,0.0165,0.202234003180561
38.3,0.458519109090169,0.0165,0.202267351255555
38.3333333333333,0.458519109090169,0.0165,0.202294153298418
38.3666666666667,0.458519109090169,0.0165,0.202315438610029
38.4,0.458519109090169,0.0165,0.202332087586581
38.4333333333333,0.458519109090169,0.0165,0.202344852442965
38.4666666666667,0.458519109090169,0.0165,0.202354375108237
38.5,0.458519109090169,0.0165,0.202361202675038
38.5333333333333,0.458519109090169,0.0165,0.202365800733604
38.5666666666667,0.458519109090169,0.0165,0.202368564876526
38.6,0.458398246765137,0.0165,0.202369830622019
38.6333333333333,0.4585173924764,0.0165,0.202579047789732
38.6666666666667,0.4585173924764,0.0165,0.202540734373874
38.7,0.4585173924764,0.0165,0.202507386328565
38.7333333333333,0.4585173924764,0.0165,0.202478352269318
38.7666666666667,0.4585173924764,0.0165,0.202453066867994
38.8,0.4585173924764,0.0165,0.202431039437872
38.8333333333333,0.4585173924764,0.0165,0.202411844036294
38.8666666666667,0.4585173924764,0.0165,0.202395110882872
38.9,0.4585173924764,0.0165,0.202380518918143
38.9333333333333,0.4585173924764,0.0165,0.202367789350915
38.9666666666667,0.4585173924764,0.0165,0.202356680062718
39,0.4585173924764,0.0165,0.202346980755337
39.0333333333333,0.4585173924764,0.0165,0.202338508742558
39.0666666666667,0.4585173924764,0.0165,0.202331105300454
39.1,0.4585173924764,0.0165,0.202324632501918
39.1333333333333,0.4585173924764,0.0165,0.202318970471066
39.1666666666667,0.458601379394531,0.0165,0.202314015001673
39.2,0.458601379394531,0.0165,0.202164326702348
39.2333333333333,0.458601379394531,0.0165,0.202043222336923
39.2666666666667,0.458601379394531,0.0165,0.201946247807847
39.3,0.458601379394531,0.0165,0.201869590816656
39.3333333333333,0.458601379394531,0.0165,0.201809991719054
39.3666666666667,0.458601379394531,0.0165,0.201764666532213
39.4,0.458410580952962,0.0165,0.201731240454132
39.4333333333333,0.458629989624023,0.0165,0.202037888594391
39.4666666666667,0.458629989624023,0.0165,0.201909265130134
39.5,0.458629989624023,0.0165,0.201806852941887
39.5333333333333,0.458629989624023,0.0165,0.201726481789948
39.5666666666667,0.458629989624023,0.0165,0.201664587808137
39.6,0.458629989624023,0.0165,0.201618128901752
39.6333333333333,0.458629989624023,0.0165,0.201584511705475
39.6666666666667,0.458629989624023,0.0165,0.201561528539059
39.7,0.458586883544922,0.0165,0.201547303008449
39.7333333333333,0.458586883544922,0.0165,0.201614842990105
39.7666666666667,0.458586883544922,0.0165,0.201673805510182
39.8,0.458586883544922,0.0165,0.201725302338728
39.8333333333333,0.458586883544922,0.0165,0.201770299386838
39.8666666666667,0.458586883544922,0.0165,0.201809635977335
39.9,0.458586883544922,0.0165,0.201844041559243
39.9333333333333,0.458586883544922,0.0165,0.201874150205874
39.9666666666667,0.45859375,0.0165,0.201900513191155
40,0.45859375,0.0165,0.20191172672834
40.0333333333333,0.45859375,0.0165,0.201922383946959
40.0666666666667,0.45859375,0.0165,0.20193248904733
40.1,0.45859375,0.0165,0.201942050885394
40.1333333333333,0.45859375,0.0165,0.201951081963211
40.1666666666667,0.458405621846517,0.0165,0.201959597583038
40.2,0.458405621846517,0.0165,0.202293192027031
40.2333333333333,0.458363723754883,0.0165,0.202563483405728
40.2666666666667,0.458363723754883,0.0165,0.202852824521922
40.3,0.458363723754883,0.0165,0.203083140904853
40.3333333333333,0.458363723754883,0.0165,0.203263826467689
40.3666666666667,0.458363723754883,0.0165,0.203402909013412
40.4,0.458363723754883,0.0165,0.203507240849219
40.4333333333333,0.458363723754883,0.0165,0.203582663354637
40.4666666666667,0.458363723754883,0.0165,0.203634149023194
40.5,0.458434867858887,0.0165,0.203665924024733
40.5333333333333,0.458434867858887,0.0165,0.203558451068337
40.5666666666667,0.458434867858887,0.0165,0.203461647146232
40.6,0.458434867858887,0.0165,0.203374362572475
40.6333333333333,0.458434867858887,0.0165,0.203295580615399
40.6666666666667,0.458434867858887,0.0165,0.203224401286217
40.7,0.458434867858887,0.0165,0.20316002717617
40.7333333333333,0.458434867858887,0.0165,0.20310175107748
40.7666666666667,0.458441670735677,0.0165,0.203048945158084
40.8,0.458441670735677,0.0165,0.202989278348303
40.8333333333333,0.458441670735677,0.0165,0.20293629924178
40.8666666666667,0.458441670735677,0.0165,0.202889210646302
40.9,0.458441670735677,0.0165,0.202847314618218
40.9333333333333,0.458692487080892,0.0165,0.202809999754311
40.9666666666667,0.458692487080892,0.0165,0.2023426643007
41,0.458692487080892,0.0165,0.201962662183228
41.0333333333333,0.458423360188802,0.0165,0.201656483931613
41.0666666666667,0.458423360188802,0.0165,0.201878314643947
41.1,0.458423360188802,0.0165,0.20206262924464
41.1333333333333,0.458423360188802,0.0165,0.20221502159643
41.1666666666667,0.458423360188802,0.0165,0.202340295609893
41.2,0.458423360188802,0.0165,0.202442573857704
41.2333333333333,0.458423360188802,0.0165,0.202525391461967
41.2666666666667,0.458423360188802,0.0165,0.202591777236485
41.3,0.458423360188802,0.0165,0.202644323800198
41.3333333333333,0.458410580952962,0.0165,0.202685248147954
41.3666666666667,0.458410580952962,0.0165,0.202738559867454
41.4,0.458410580952962,0.0165,0.202779491081896
41.4333333333333,0.458410580952962,0.0165,0.202810085497522
41.4666666666667,0.458410580952962,0.0165,0.202832085035989
41.5,0.458410580952962,0.0165,0.202846972255491
41.5333333333333,0.458410580952962,0.0165,0.202856006953009
41.5666666666667,0.45859375,0.0165,0.202860257735663
41.6,0.45859375,0.0165,0.202543634647494
41.6333333333333,0.45859375,0.0165,0.202285064272166
41.6666666666667,0.45859375,0.0165,0.202075625879776
41.7,0.458575820922852,0.0165,0.201907676150524
41.7333333333333,0.458575820922852,0.0165,0.201805700576221
41.7666666666667,0.458575820922852,0.0165,0.20172708853937
41.8,0.458575820922852,0.0165,0.201667996927785
41.8333333333333,0.45849978129069,0.0165,0.201625149304205
41.8666666666667,0.45849978129069,0.0165,0.201727351423857
41.9,0.45849978129069,0.0165,0.201815244360238
41.9333333333333,0.45849978129069,0.0165,0.201890786855168
41.9666666666667,0.45849978129069,0.0165,0.201955672694705
42,0.45849978129069,0.0165,0.20201136631908
42.0333333333333,0.45849978129069,0.0165,0.202059133663589
42.0666666666667,0.45849978129069,0.0165,0.202100068867879
42.1,0.45849978129069,0.0165,0.202135117405956
42.1333333333333,0.45859375,0.0165,0.202165096115514
42.1666666666667,0.45859375,0.0165,0.202028087142252
42.2,0.45859375,0.0165,0.201918703259214
42.2333333333333,0.45859375,0.0165,0.201832563674505
42.2666666666667,0.45859375,0.0165,0.201765923686412
42.3,0.45859375,0.0165,0.201715585996676
42.3333333333333,0.45859375,0.0165,0.201678824137465
42.3666666666667,0.45859375,0.0165,0.201653316375362
42.4,0.45859375,0.0165,0.201637088675507
42.4333333333333,0.45859375,0.0165,0.201628465499446
42.4666666666667,0.45859375,0.0165,0.20162602737511
42.5,0.45859375,0.0165,0.201628574320215
42.5333333333333,0.45859375,0.0165,0.201635094323969
42.5666666666667,0.45859375,0.0165,0.201644736199169
42.6,0.45859375,0.0165,0.201656786209411
42.6333333333333,0.45859375,0.0165,0.201670647956509
42.6666666666667,0.458591969807943,0.0165,0.201685825082692
42.7,0.458591969807943,0.0165,0.201704987224535
42.7333333333333,0.458591969807943,0.0165,0.201724120293607
42.7666666666667,0.458591969807943,0.0165,0.201743039898338
42.8,0.458591969807943,0.0165,0.201761600265363
42.8333333333333,0.458591969807943,0.0165,0.201779688044496
42.8666666666667,0.458591969807943,0.0165,0.201797217017669
42.9,0.458591969807943,0.0165,0.201814123585484
42.9333333333333,0.458591969807943,0.0165,0.201830362922345
42.9666666666667,0.458591969807943,0.0165,0.201845905706014
43,0.458591969807943,0.0165,0.201860735340434
43.0333333333333,0.458591969807943,0.0165,0.201874845601752
43.0666666666667,0.458591969807943,0.0165,0.201888238647194
43.1,0.458591969807943,0.0165,0.201900923334755
43.1333333333333,0.458591969807943,0.0165,0.201912913808876
43.1666666666667,0.458591969807943,0.0165,0.201924228313525
43.2,0.458581860860189,0.0165,0.201934888199464
43.2333333333333,0.458581860860189,0.0165,0.201962411765902
43.2666666666667,0.458581860860189,0.0165,0.201985953765132
43.3,0.458581860860189,0.0165,0.202006068309879
43.3333333333333,0.458581860860189,0.0165,0.202023233899178
43.3666666666667,0.458581860860189,0.0165,0.202037863629297
43.4,0.458581860860189,0.0165,0.202050314033579
43.4333333333333,0.458557828267415,0.0165,0.202060892734732
43.4666666666667,0.458536847432454,0.0165,0.202111456167907
43.5,0.458536847432454,0.0165,0.202188926211624
43.5333333333333,0.458536847432454,0.0165,0.202251438897039
43.5666666666667,0.458536847432454,0.0165,0.202301333490773
43.6,0.458536847432454,0.0165,0.202340611646011
43.6333333333333,0.458536847432454,0.0165,0.202370984334033
43.6666666666667,0.458536847432454,0.0165,0.202393912375357
43.7,0.458536847432454,0.0165,0.202410641434547
43.7333333333333,0.458538246154785,0.0165,0.202422232226695
43.7666666666667,0.458514595031738,0.0165,0.202427165937166
43.8,0.458514595031738,0.0165,0.202470026660488
43.8333333333333,0.458514595031738,0.0165,0.202502560756401
43.8666666666667,0.458514595031738,0.0165,0.202526488856628
43.9,0.458514595031738,0.0165,0.202543276553863
43.9333333333333,0.458514595031738,0.0165,0.20255417031668
43.9666666666667,0.458514595031738,0.0165,0.202560228473461
44,0.458514595031738,0.0165,0.202562347933385
44.0333333333333,0.458514595031738,0.0165,0.202561287222717
44.0666666666667,0.458514595031738,0.0165,0.202557686336761
44.1,0.458514595031738,0.0165,0.202552083840471
44.1333333333333,0.458514595031738,0.0165,0.202544931592342
44.1666666666667,0.458514595031738,0.0165,0.202536607415691
44.2,0.458514595031738,0.0165,0.202527425997662
44.2333333333333,0.458514595031738,0.0165,0.202517648258438
44.2666666666667,0.458575820922852,0.0165,0.202507489400335
44.3,0.458410580952962,0.0165,0.202391167541216
44.3333333333333,0.458410580952962,0.0165,0.202581196689696
44.3666666666667,0.458410580952962,0.0165,0.202733348623656
44.4,0.458410580952962,0.0165,0.202853608314388
44.4333333333333,0.458410580952962,0.0165,0.202947093070371
44.4666666666667,0.458410580952962,0.0165,0.203018173418298
44.5,0.458410580952962,0.0165,0.20307057747958
44.5333333333333,0.458534558614095,0.0165,0.203107481071812
44.5666666666667,0.458534558614095,0.0165,0.20291702820675
44.6,0.458534558614095,0.0165,0.202757471305324
44.6333333333333,0.458534558614095,0.0165,0.202624280792341
44.6666666666667,0.458534558614095,0.0165,0.202513561604016
44.7,0.458534558614095,0.0165,0.202421966308037
44.7333333333333,0.458534558614095,0.0165,0.202346619977456
44.7666666666667,0.458534558614095,0.0165,0.20228505523855
44.8,0.458661715189616,0.0165,0.202235156124421
44.8333333333333,0.458661715189616,0.0165,0.201975050822778
44.8666666666667,0.458661715189616,0.0165,0.201765708855629
44.9,0.458661715189616,0.0165,0.201599163050088
44.9333333333333,0.458661715189616,0.0165,0.20146859787092
44.9666666666667,0.458661715189616,0.0165,0.201368189209249
45,0.458661715189616,0.0165,0.201292966029154
45.0333333333333,0.458463541666667,0.0165,0.201238690920767
45.0666666666667,0.458600743611654,0.0165,0.201544718530187
45.1,0.458600743611654,0.0165,0.201561400183535
45.1333333333333,0.458600743611654,0.0165,0.201579744358315
45.1666666666667,0.458600743611654,0.0165,0.20159923968437
45.2,0.458600743611654,0.0165,0.201619464567237
45.2333333333333,0.458600743611654,0.0165,0.201640073608612
45.2666666666667,0.458600743611654,0.0165,0.201660785957375
45.3,0.458600743611654,0.0165,0.201681375324829
45.3333333333333,0.458523686726888,0.0165,0.201701661433991
45.3666666666667,0.458523686726888,0.0165,0.201854858292389
45.4,0.458523686726888,0.0165,0.201981768638885
45.4333333333333,0.458523686726888,0.0165,0.20208633414003
45.4666666666667,0.458523686726888,0.0165,0.202171938349813
45.5,0.458523686726888,0.0165,0.202241483551324
45.5333333333333,0.458523686726888,0.0165,0.202297457171994
45.5666666666667,0.458523686726888,0.0165,0.202341989176078
45.6,0.458536847432454,0.0165,0.202376901649887
45.6333333333333,0.458536847432454,0.0165,0.202380975554092
45.6666666666667,0.458536847432454,0.0165,0.202382710858762
45.7,0.458536847432454,0.0165,0.202382553199301
45.7333333333333,0.458536847432454,0.0165,0.202380878818545
45.7666666666667,0.458536847432454,0.0165,0.202378004562564
45.8,0.458522733052572,0.0165,0.202374196488269
45.8333333333333,0.458522733052572,0.0165,0.202394103790717
45.8666666666667,0.45859375,0.0165,0.202408772235192
45.9,0.45859375,0.0165,0.20229619017833
45.9333333333333,0.45859375,0.0165,0.202203733941906
45.9666666666667,0.45859375,0.0165,0.202128338842585
46,0.45859375,0.0165,0.202067377237472
46.0333333333333,0.45859375,0.0165,0.202018598134055
46.0666666666667,0.45859375,0.0165,0.201980075010012
46.1,0.45859375,0.0165,0.201950160736485
46.1333333333333,0.458495012919108,0.0165,0.201927448646792
46.1666666666667,0.458495012919108,0.0165,0.202081614522324
46.2,0.458495012919108,0.0165,0.202207788305664
46.2333333333333,0.458495012919108,0.0165,0.202310256570348
46.2666666666667,0.458495012919108,0.0165,0.202392693032095
46.3,0.458495012919108,0.0165,0.202458243342598
46.3333333333333,0.458495012919108,0.0165,0.202509598347948
46.3666666666667,0.458495012919108,0.0165,0.202549057366851
46.4,0.458616956075033,0.0165,0.202578582835166
46.4333333333333,0.458616956075033,0.0165,0.202388811163743
46.4666666666667,0.458616956075033,0.0165,0.202232924363602
46.5,0.458616956075033,0.0165,0.202105764788752
46.5333333333333,0.458616956075033,0.0165,0.202002910157011
46.5666666666667,0.458554840087891,0.0165,0.201920571947814
46.6,0.458554840087891,0.0165,0.201963006299805
46.6333333333333,0.458554840087891,0.0165,0.20199919896545
46.6666666666667,0.458391316731771,0.0165,0.202030025681447
46.7,0.458391316731771,0.0165,0.202339237698846
46.7333333333333,0.458391316731771,0.0165,0.202589884129573
46.7666666666667,0.458391316731771,0.0165,0.202791065965881
46.8,0.458391316731771,0.0165,0.202950574415957
46.8333333333333,0.458391316731771,0.0165,0.203075072720951
46.8666666666667,0.458391316731771,0.0165,0.203170253194629
46.9,0.458391316731771,0.0165,0.203240972829189
46.9333333333333,0.458508682250977,0.0165,0.203291370361998
46.9666666666667,0.458508682250977,0.0165,0.203121853104609
47,0.458508682250977,0.0165,0.202977720011885
47.0333333333333,0.458508682250977,0.0165,0.202855379180662
47.0666666666667,0.458508682250977,0.0165,0.202751733082995
47.1,0.458508682250977,0.0165,0.20266411149753
47.1333333333333,0.458508682250977,0.0165,0.202590213469221
47.1666666666667,0.458508682250977,0.0165,0.202528057087207
47.2,0.458438555399577,0.0165,0.202475936032516
47.2333333333333,0.458438555399577,0.0165,0.20255374437519
47.2666666666667,0.458438555399577,0.0165,0.202615438589222
47.3,0.458438555399577,0.0165,0.202663595035807
47.3333333333333,0.458438555399577,0.0165,0.202700414674185
47.3666666666667,0.45850944519043,0.0165,0.202727775491964
47.4,0.45850944519043,0.0165,0.202624595027488
47.4333333333333,0.45850944519043,0.0165,0.202538590737543
47.4666666666667,0.458495966593424,0.0165,0.202467217644763
47.5,0.458495966593424,0.0165,0.202431615320338
47.5333333333333,0.458495966593424,0.0165,0.202402078946141
47.5666666666667,0.458495966593424,0.0165,0.202377701418318
47.6,0.458495966593424,0.0165,0.202357703907827
47.6333333333333,0.458495966593424,0.0165,0.20234141821096
47.6666666666667,0.458495966593424,0.0165,0.202328271493838
47.7,0.458495966593424,0.0165,0.202317773108648
47.7333333333333,0.458495267232259,0.0165,0.202309503202584
47.7666666666667,0.458495267232259,0.0165,0.202304313200855
47.8,0.458495267232259,0.0165,0.202300452793456
47.8333333333333,0.458495267232259,0.0165,0.202297697177686
47.8666666666667,0.458495267232259,0.0165,0.202295855066723
47.9,0.458495267232259,0.0165,0.202294763956829
47.9333333333333,0.458495267232259,0.0165,0.20229428604526
47.9666666666667,0.458495267232259,0.0165,0.20229430471067
48,0.458585548400879,0.0165,0.202294721479658
48.0333333333333,0.458429781595866,0.0165,0.202139211717461
48.0666666666667,0.458429781595866,0.0165,0.202283668086111
48.1,0.458429781595866,0.0165,0.202401729015733
48.1333333333333,0.458547401428223,0.0165,0.20249744567913
48.1666666666667,0.458547401428223,0.0165,0.202370735134001
48.2,0.458547401428223,0.0165,0.202267401760353
48.2333333333333,0.458547401428223,0.0165,0.202183845430027
48.2666666666667,0.458616956075033,0.0165,0.202116982045461
48.3,0.458616956075033,0.0165,0.201943799927867
48.3333333333333,0.458616956075033,0.0165,0.201805641654237
48.3666666666667,0.458616956075033,0.0165,0.201696947953236
48.4,0.458616956075033,0.0165,0.201612967083562
48.4333333333333,0.458616956075033,0.0165,0.201549642222033
48.4666666666667,0.458616956075033,0.0165,0.201503514234877
48.5,0.458616956075033,0.0165,0.201471637753708
48.5333333333333,0.45859375,0.0165,0.20145150875681
48.5666666666667,0.45859375,0.0165,0.201481162815791
48.6,0.45859375,0.0165,0.201510889586569
48.6333333333333,0.45859375,0.0165,0.201540379250212
48.6666666666667,0.45859375,0.0165,0.201569385666903
48.7,0.45859375,0.0165,0.201597716218038
48.7333333333333,0.45859375,0.0165,0.201625223126981
48.7666666666667,0.45859375,0.0165,0.201651796052075
48.8,0.45859375,0.0165,0.201677355773687
48.8333333333333,0.45859375,0.0165,0.20170184882149
48.8666666666667,0.45859375,0.0165,0.201725242909275
48.9,0.45859375,0.0165,0.201747523062821
48.9333333333333,0.45859375,0.0165,0.201768688342137
48.9666666666667,0.45859375,0.0165,0.201788749072992
49,0.45859375,0.0165,0.201807724514459
49.0333333333333,0.45859375,0.0165,0.201825640899338
49.0666666666667,0.45859375,0.0165,0.201842529793139
49.1,0.45859375,0.0165,0.20185842672487
49.1333333333333,0.45859375,0.0165,0.201873370049453
49.1666666666667,0.45859375,0.0165,0.20188740000721
49.2,0.45859375,0.0165,0.201900557950773
49.2333333333333,0.45859375,0.0165,0.201912885713962
49.2666666666667,0.45859375,0.0165,0.20192442510079
49.3,0.45859375,0.0165,0.201935217475915
49.3333333333333,0.45859375,0.0165,0.201945303440513
49.3666666666667,0.45859375,0.0165,0.201954722579901
49.4,0.45859375,0.0165,0.2019635132712
49.4333333333333,0.45859375,0.0165,0.201971712541085
49.4666666666667,0.45859375,0.0165,0.201979355965101
49.5,0.45859375,0.0165,0.201986477601337
49.5333333333333,0.45859375,0.0165,0.201993109952302
49.5666666666667,0.458575820922852,0.0165,0.201999283949813
49.6,0.458575820922852,0.0165,0.202036057238934
49.6333333333333,0.458575820922852,0.0165,0.202066442081741
49.6666666666667,0.458575820922852,0.0165,0.202091400981865
49.7,0.458575820922852,0.0165,0.202111759857224
49.7333333333333,0.458575820922852,0.0165,0.202128226866512
49.7666666666667,0.458575820922852,0.0165,0.202141408679645
49.8,0.458575820922852,0.0165,0.202151824536387
49.8333333333333,0.458666674296061,0.0165,0.202159918391229
49.8666666666667,0.458666674296061,0.0165,0.202008837442444
49.9,0.458666674296061,0.0165,0.201886476833672
49.9333333333333,0.458666674296061,0.0165,0.201788367953031
49.9666666666667,0.458666674296061,0.0165,0.201710685649188
50,0.458666674296061,0.0165,0.201650158885323
50.0333333333333,0.458666674296061,0.0165,0.201603993570595
50.0666666666667,0.458666674296061,0.0165,0.201569805925716
50.1,0.458666674296061,0.0165,0.201545564959828
50.1333333333333,0.458463541666667,0.0165,0.201529542826931
50.1666666666667,0.458463541666667,0.0165,0.201871815811409
50.2,0.458463541666667,0.0165,0.202151761408926
50.2333333333333,0.458463541666667,0.0165,0.202378934010613
50.2666666666667,0.458463541666667,0.0165,0.202561521361066
50.3,0.458463541666667,0.0165,0.202706533689403
50.3333333333333,0.458463541666667,0.0165,0.202819967107684
50.3666666666667,0.458463541666667,0.0165,0.202906944746129
50.4,0.458333333333333,0.0165,0.20297183862908
50.4333333333333,0.458333333333333,0.0165,0.203243715028552
50.4666666666667,0.458333333333333,0.0165,0.20345692282554
50.5,0.458333333333333,0.0165,0.203620955470437
50.5333333333333,0.458333333333333,0.0165,0.203743916073497
50.5666666666667,0.458333333333333,0.0165,0.203832712066683
50.6,0.458333333333333,0.0165,0.203893223218685
50.6333333333333,0.458333333333333,0.0165,0.203930446607573
50.6666666666667,0.458333333333333,0.0165,0.203948621671145
50.7,0.458333333333333,0.0165,0.203951338035437
50.7333333333333,0.458333333333333,0.0165,0.203941628458535
50.7666666666667,0.458333333333333,0.0165,0.203922048912126
50.8,0.458333333333333,0.0165,0.203894747550786
50.8333333333333,0.458333333333333,0.0165,0.20386152408304
50.8666666666667,0.458595720926921,0.0165,0.203823880853936
50.9,0.458595720926921,0.0165,0.203328975589654
50.9333333333333,0.458595720926921,0.0165,0.20291955495347
50.9666666666667,0.458595720926921,0.0165,0.202582767755047
51,0.458595720926921,0.0165,0.202307584614204
51.0333333333333,0.458595720926921,0.0165,0.202084546979337
51.0666666666667,0.458595720926921,0.0165,0.201905550211819
51.1,0.458595720926921,0.0165,0.2017636561494
51.1333333333333,0.45859375,0.0165,0.201652931176554
51.1666666666667,0.45859375,0.0165,0.201571717272693
51.2,0.45859375,0.0165,0.201511620333621
51.2333333333333,0.45859375,0.0165,0.201469057908673
51.2666666666667,0.45859375,0.0165,0.201440982365297
51.3,0.45859375,0.0165,0.201424805319664
51.3333333333333,0.45859375,0.0165,0.201418332460742
51.3666666666667,0.458423233032227,0.0165,0.20141970735837
51.4,0.458423233032227,0.0165,0.201722461787952
51.4333333333333,0.458423233032227,0.0165,0.201973234964113
51.4666666666667,0.458423233032227,0.0165,0.202179823376805
51.5,0.458423233032227,0.0165,0.202348919461785
51.5333333333333,0.458423233032227,0.0165,0.202486263617044
51.5666666666667,0.458423233032227,0.0165,0.202596775591915
51.6,0.458423233032227,0.0165,0.202684668025907
51.6333333333333,0.458423233032227,0.0165,0.202753544542002
51.6666666666667,0.458679389953613,0.0165,0.202806484476723
51.7,0.458679389953613,0.0165,0.202402807745142
51.7333333333333,0.458679389953613,0.0165,0.20207360449972
51.7666666666667,0.458679389953613,0.0165,0.201807405787994
51.8,0.458679389953613,0.0165,0.201594386572955
51.8333333333333,0.458679389953613,0.0165,0.201426137993456
51.8666666666667,0.458679389953613,0.0165,0.201295470627257
51.9,0.458679389953613,0.0165,0.201196244575489
51.9333333333333,0.458696683247884,0.0165,0.201123222748409
51.9666666666667,0.458696683247884,0.0165,0.201042016231412
52,0.458696683247884,0.0165,0.20098453391074
52.0333333333333,0.458696683247884,0.0165,0.200946651299881
52.0666666666667,0.458696683247884,0.0165,0.200924865491974
52.1,0.458696683247884,0.0165,0.200916206942183
52.1333333333333,0.458547401428223,0.0165,0.200918163410476
52.1666666666667,0.458547401428223,0.0165,0.201186963358781
52.2,0.45856253306071,0.0165,0.201412621167843
52.2333333333333,0.45856253306071,0.0165,0.201575246404266
52.2666666666667,0.45856253306071,0.0165,0.201711495592196
52.3,0.45856253306071,0.0165,0.201825235310087
52.3333333333333,0.45856253306071,0.0165,0.201919790522133
52.3666666666667,0.45856253306071,0.0165,0.201998018736681
52.4,0.45856253306071,0.0165,0.202062374132021
52.4333333333333,0.45856253306071,0.0165,0.202114962998029
52.4666666666667,0.45859375,0.0165,0.202157591661534
52.5,0.45859375,0.0165,0.202137783489464
52.5333333333333,0.45859375,0.0165,0.202121312582038
52.5666666666667,0.45859375,0.0165,0.202107682080814
52.6,0.45859375,0.0165,0.202096465242781
52.6333333333333,0.45859375,0.0165,0.202087295803358
52.6666666666667,0.45859375,0.0165,0.202079859645814
52.7,0.45859375,0.0165,0.202073887601316
52.7333333333333,0.458606147766113,0.0165,0.202069149227377
52.7666666666667,0.458606147766113,0.0165,0.202043991707023
52.8,0.458606147766113,0.0165,0.202023842519533
52.8333333333333,0.458606147766113,0.0165,0.202007910605547
52.8666666666667,0.458606147766113,0.0165,0.201995519569158
52.9,0.458447011311849,0.0165,0.201986091704554
52.9333333333333,0.458447011311849,0.0165,0.202254537699848
52.9666666666667,0.458447011311849,0.0165,0.202471891883831
53,0.458408482869466,0.0165,0.202646106819032
53.0333333333333,0.458408482869466,0.0165,0.202850667525966
53.0666666666667,0.458408482869466,0.0165,0.203011850879214
53.1,0.458408482869466,0.0165,0.203136640742334
53.1333333333333,0.458408482869466,0.0165,0.203231000338229
53.1666666666667,0.458408482869466,0.0165,0.203300015002435
53.2,0.458408482869466,0.0165,0.203348015405645
53.2333333333333,0.458408482869466,0.0165,0.203378683886615
53.2666666666667,0.458547147115072,0.0165,0.203395146181677
53.3,0.458547147115072,0.0165,0.203160076488344
53.3333333333333,0.458547147115072,0.0165,0.202961993608529
53.3666666666667,0.458547147115072,0.0165,0.202795545274181
53.4,0.458547147115072,0.0165,0.202656124209587
53.4333333333333,0.458547147115072,0.0165,0.202539766461879
53.4666666666667,0.458547147115072,0.0165,0.202443063461674
53.5,0.458547147115072,0.0165,0.202363085970181
53.5333333333333,0.458398501078288,0.0165,0.202297318315901
53.5666666666667,0.458398501078288,0.0165,0.202500850189253
53.6,0.458398501078288,0.0165,0.202664942374152
53.6333333333333,0.458398501078288,0.0165,0.202795770440518
53.6666666666667,0.458398501078288,0.0165,0.202898618203919
53.7,0.458512751261393,0.0165,0.202978001720289
53.7333333333333,0.458512751261393,0.0165,0.202840053602458
53.7666666666667,0.458512751261393,0.0165,0.202723936714411
53.8,0.458547147115072,0.0165,0.202626483961135
53.8333333333333,0.458547147115072,0.0165,0.202485443742217
53.8666666666667,0.458547147115072,0.0165,0.202369483556903
53.9,0.458547147115072,0.0165,0.202274791714344
53.9333333333333,0.458547147115072,0.0165,0.202198099608419
53.9666666666667,0.458547147115072,0.0165,0.202136606708185
54,0.458547147115072,0.0165,0.202087915743256
54.0333333333333,0.458547147115072,0.0165,0.20204997671036
54.0666666666667,0.45859375,0.0165,0.202021038511562
54.1,0.45851993560791,0.0165,0.201918955670922
54.1333333333333,0.45851993560791,0.0165,0.201966413609376
54.1666666666667,0.45851993560791,0.0165,0.202007502157895
54.2,0.45851993560791,0.0165,0.202043073673981
54.2333333333333,0.45851993560791,0.0165,0.202073866635999
54.2666666666667,0.45851993560791,0.0165,0.202100520844313
54.3,0.45851993560791,0.0165,0.202123590594321
54.3333333333333,0.45851993560791,0.0165,0.202143556091893
54.3666666666667,0.45851993560791,0.0165,0.202160833345651
54.4,0.45851993560791,0.0165,0.202175782739256
54.4333333333333,0.45851993560791,0.0165,0.202188716459786
54.4666666666667,0.45851993560791,0.0165,0.202199904934783
54.5,0.45851993560791,0.0165,0.202209582410224
54.5333333333333,0.45851993560791,0.0165,0.202217951784017
54.5666666666667,0.45851993560791,0.0165,0.202225188794331
54.6,0.458634948730469,0.0165,0.202231445648847
54.6333333333333,0.458634948730469,0.0165,0.202037811051295
54.6666666666667,0.458634948730469,0.0165,0.201881850001933
54.7,0.458634948730469,0.0165,0.201757655696615
54.7333333333333,0.458634948730469,0.0165,0.201660174769534
54.7666666666667,0.458634948730469,0.0165,0.2015850885922
54.8,0.458634948730469,0.0165,0.201528710765129
54.8333333333333,0.458634948730469,0.0165,0.201487898615952
54.8666666666667,0.458622360229492,0.0165,0.20145997681117
54.9,0.458622360229492,0.0165,0.201464457256987
54.9333333333333,0.458622360229492,0.0165,0.20147342097109
54.9666666666667,0.458622360229492,0.0165,0.201485891494256
55,0.458622360229492,0.0165,0.201501050787722
55.0333333333333,0.458622360229492,0.0165,0.20151821600662
55.0666666666667,0.458622360229492,0.0165,0.201536819527103
55.1,0.458622360229492,0.0165,0.201556391781637
55.1333333333333,0.458622360229492,0.0165,0.201576546517237
55.1666666666667,0.458512751261393,0.0165,0.201596968143556
55.2,0.458512751261393,0.0165,0.201807091505276
55.2333333333333,0.458512751261393,0.0165,0.201980417671893
55.2666666666667,0.458512751261393,0.0165,0.202122507414319
55.3,0.458512751261393,0.0165,0.202238131285415
55.3333333333333,0.458512751261393,0.0165,0.202331378618391
55.3666666666667,0.458512751261393,0.0165,0.202405751721072
55.4,0.458512751261393,0.0165,0.202464247260117
55.4333333333333,0.458512751261393,0.0165,0.202509426561895
55.4666666666667,0.458512751261393,0.0165,0.20254347632509
55.5,0.458512751261393,0.0165,0.202568261039498
55.5333333333333,0.458512751261393,0.0165,0.202585368231654
55.5666666666667,0.458512751261393,0.0165,0.202596147507439
55.6,0.458512751261393,0.0165,0.202601744231435
55.6333333333333,0.458582814534505,0.0165,0.202603128569844
55.6666666666667,0.458582814534505,0.0165,0.202479868167707
55.7,0.458582814534505,0.0165,0.202377303871454
55.7333333333333,0.458582814534505,0.0165,0.202292358575373
55.7666666666667,0.458582814534505,0.0165,0.202222389128874
55.8,0.458582814534505,0.0165,0.202165126711231
55.8333333333333,0.458582814534505,0.0165,0.202118625287869
55.8666666666667,0.458582814534505,0.0165,0.202081217060874
55.9,0.45859375,0.0165,0.202051473972085
55.9333333333333,0.45859375,0.0165,0.202009249392865
55.9666666666667,0.45859375,0.0165,0.201976076358993
56,0.45859375,0.0165,0.201950492966642
56.0333333333333,0.45859375,0.0165,0.201931251241389
56.0666666666667,0.45859375,0.0165,0.201917287197464
56.1,0.45859375,0.0165,0.201907694994683
56.1333333333333,0.45859375,0.0165,0.20190170463888
56.1666666666667,0.45859375,0.0165,0.201898662746046
56.2,0.45859375,0.0165,0.201898015954964
56.2333333333333,0.45859375,0.0165,0.201899296628965
56.2666666666667,0.45859375,0.0165,0.2019021105358
56.3,0.45859375,0.0165,0.201906126236557
56.3333333333333,0.45859375,0.0165,0.201911065950784
56.3666666666667,0.45859375,0.0165,0.201916697696433
56.4,0.458666865030924,0.0165,0.201922828530397
56.4333333333333,0.458666865030924,0.0165,0.201802764971177
56.4666666666667,0.458666865030924,0.0165,0.201707325497627
56.5,0.458666865030924,0.0165,0.201632584728589
56.5333333333333,0.458666865030924,0.0165,0.201575188531562
56.5666666666667,0.458666865030924,0.0165,0.201532274288612
56.6,0.458666865030924,0.0165,0.201501402059394
56.6333333333333,0.458666865030924,0.0165,0.201480495168543
56.6666666666667,0.458527119954427,0.0165,0.201467788942491
56.7,0.458495012919108,0.0165,0.201703631032702
56.7333333333333,0.458495012919108,0.0165,0.20195380773494
56.7666666666667,0.458495012919108,0.0165,0.202158258994254
56.8,0.458495012919108,0.0165,0.2023240034336
56.8333333333333,0.458495012919108,0.0165,0.202457055145379
56.8666666666667,0.458495012919108,0.0165,0.202562562750492
56.9,0.458696683247884,0.0165,0.202644929534448
56.9333333333333,0.458668263753255,0.0165,0.202358904071617
56.9666666666667,0.458668263753255,0.0165,0.20217323858253
57,0.458668263753255,0.0165,0.202021463943819
57.0333333333333,0.458668263753255,0.0165,0.201898380459057
57.0666666666667,0.458668263753255,0.0165,0.201799532477185
57.1,0.458668263753255,0.0165,0.201721105403592
57.1333333333333,0.458668263753255,0.0165,0.201659836725014
57.1666666666667,0.458668263753255,0.0165,0.201612939158718
57.2,0.45859375,0.0165,0.201578034289957
57.2333333333333,0.45859375,0.0165,0.201682049695053
57.2666666666667,0.45859375,0.0165,0.201769422977445
57.3,0.45859375,0.0165,0.201842579804008
57.3333333333333,0.45859375,0.0165,0.20190360701158
57.3666666666667,0.45859375,0.0165,0.201954298932724
57.4,0.45859375,0.0165,0.201996197459135
57.4333333333333,0.45859375,0.0165,0.202030626684026
57.4666666666667,0.458629989624023,0.0165,0.202058722852228
57.5,0.458523686726888,0.0165,0.202018743512001
57.5333333333333,0.458523686726888,0.0165,0.202170311131274
57.5666666666667,0.458523686726888,0.0165,0.202292779719817
57.6,0.458523686726888,0.0165,0.202390691770976
57.6333333333333,0.458523686726888,0.0165,0.202467934723347
57.6666666666667,0.458512751261393,0.0165,0.202527831982645
57.7,0.458512751261393,0.0165,0.20259214658343
57.7333333333333,0.458405621846517,0.0165,0.202640722101402
57.7666666666667,0.458405621846517,0.0165,0.202861590516436
57.8,0.458405621846517,0.0165,0.203035819035602
57.8333333333333,0.458405621846517,0.0165,0.203170907636315
57.8666666666667,0.458405621846517,0.0165,0.2032732607947
57.9,0.458405621846517,0.0165,0.203348340670904
57.9333333333333,0.458405621846517,0.0165,0.203400799339116
57.9666666666667,0.458405621846517,0.0165,0.203434592895887
58,0.45859375,0.0165,0.203453079899571
58.0333333333333,0.45859375,0.0165,0.203133529377927
58.0666666666667,0.45859375,0.0165,0.202866748577564
58.1,0.45859375,0.0165,0.202644944031463
58.1333333333333,0.45859375,0.0165,0.202461417862569
58.1666666666667,0.45859375,0.0165,0.202310417496773
58.2,0.45859375,0.0165,0.202187005727833
58.2333333333333,0.45859375,0.0165,0.202086948397269
58.2666666666667,0.458324940999349,0.0165,0.202006617318926
58.3,0.45859375,0.0165,0.202408110543621
58.3333333333333,0.45859375,0.0165,0.202268596662324
58.3666666666667,0.45859375,0.0165,0.202154813467005
58.4,0.45859375,0.0165,0.202062798847537
58.4333333333333,0.458663686116536,0.0165,0.201989158579778
58.4666666666667,0.458663686116536,0.0165,0.201809955355855
58.5,0.458663686116536,0.0165,0.201667092334292
58.5333333333333,0.458663686116536,0.0165,0.201554796451972
58.5666666666667,0.458495012919108,0.0165,0.201468133534413
58.6,0.458495012919108,0.0165,0.201694799190896
58.6333333333333,0.458495012919108,0.0165,0.201882967013395
58.6666666666667,0.458495012919108,0.0165,0.202038386884161
58.7,0.458495012919108,0.0165,0.202165996058112
58.7333333333333,0.458495012919108,0.0165,0.202270030940014
58.7666666666667,0.458495012919108,0.0165,0.202354123702626
58.8,0.458512433369954,0.0165,0.20242138578603
58.8333333333333,0.458512751261393,0.0165,0.202444331999406
58.8666666666667,0.458512751261393,0.0165,0.202460654257596
58.9,0.458512751261393,0.0165,0.202472043379505
58.9333333333333,0.458512751261393,0.0165,0.202479362598999
58.9666666666667,0.458512751261393,0.0165,0.202483344736346
59,0.458512751261393,0.0165,0.202484610728261
59.0333333333333,0.458512751261393,0.0165,0.202483685602197
59.0666666666667,0.458512751261393,0.0165,0.202481012241981
59.1,0.458512751261393,0.0165,0.202476963245156
59.1333333333333,0.458512751261393,0.0165,0.202471851131903
59.1666666666667,0.458512751261393,0.0165,0.202465937130354
59.2,0.458512751261393,0.0165,0.202459438732762
59.2333333333333,0.458512751261393,0.0165,0.20245253619073
59.2666666666667,0.458512751261393,0.0165,0.202445378094924
59.3,0.458512751261393,0.0165,0.20243808616505
59.3333333333333,0.458463541666667,0.0165,0.20243075935878
59.3666666666667,0.45859375,0.0165,0.202508640120815
59.4,0.45859375,0.0165,0.202344855926997
59.4333333333333,0.45859375,0.0165,0.202210848392145
59.4666666666667,0.45859375,0.0165,0.202102055574348
59.5,0.45859375,0.0165,0.202014567894875
59.5333333333333,0.45859375,0.0165,0.201945037869081
59.5666666666667,0.45859375,0.0165,0.201890602118211
59.6,0.458495012919108,0.0165,0.201848814006401
59.6333333333333,0.458495012919108,0.0165,0.20198846107048
59.6666666666667,0.458495012919108,0.0165,0.202103915529544
59.7,0.458495012919108,0.0165,0.202198818450896
59.7333333333333,0.458495012919108,0.0165,0.202276294465102
59.7666666666667,0.458495012919108,0.0165,0.202339022931934
59.8,0.458495012919108,0.0165,0.202389299445504
59.8333333333333,0.458495012919108,0.0165,0.202429088979529
59.8666666666667,0.458738009134928,0.0165,0.202460071799245
59.9,0.458738009134928,0.0165,0.202063150888824
59.9333333333333,0.458738009134928,0.0165,0.201741229532419
59.9666666666667,0.458738009134928,0.0165,0.201482662284516
60,0.458738009134928,0.0165,0.201277479074367
60.0333333333333,0.458738009134928,0.0165,0.201117152680996
60.0666666666667,0.458738009134928,0.0165,0.200994397892916
60.1,0.45859375,0.0165,0.200902998077149
60.1333333333333,0.45857187906901,0.0165,0.201087312081305
60.1666666666667,0.45857187906901,0.0165,0.201282851043479
60.2,0.45857187906901,0.0165,0.201448164051342
60.2333333333333,0.45857187906901,0.0165,0.201587590859925
60.2666666666667,0.45857187906901,0.0165,0.201704869511958
60.3,0.45857187906901,0.0165,0.20180321828634
60.3333333333333,0.45857187906901,0.0165,0.201885406591917
60.3666666666667,0.45857187906901,0.0165,0.201953816290112
60.4,0.458514595031738,0.0165,0.202010494731385
60.4333333333333,0.458514595031738,0.0165,0.202156337074886
60.4666666666667,0.458514595031738,0.0165,0.20227458702325
60.5,0.458514595031738,0.0165,0.20236953078534
60.5333333333333,0.458514595031738,0.0165,0.202444837815783
60.5666666666667,0.458514595031738,0.0165,0.202503646422334
60.6,0.458514595031738,0.0165,0.202548637707471
60.6333333333333,0.458514595031738,0.0165,0.202582099418416
60.6666666666667,0.458770497639974,0.0165,0.202605981068463
60.7,0.458577028910319,0.0165,0.202179073322174
60.7333333333333,0.458577028910319,0.0165,0.202165929603153
60.7666666666667,0.458577028910319,0.0165,0.202154955707673
60.8,0.458577028910319,0.0165,0.202145831220162
60.8333333333333,0.458577028910319,0.0165,0.202138280765608
60.8666666666667,0.458577028910319,0.0165,0.202132067831347
60.9,0.458439445495605,0.0165,0.202126989425484
60.9333333333333,0.458439445495605,0.0165,0.202360975001647
60.9666666666667,0.458496030171712,0.0165,0.202549826950518
61,0.458496030171712,0.0165,0.202602675650332
61.0333333333333,0.458496030171712,0.0165,0.202642381462278
61.0666666666667,0.458496030171712,0.0165,0.202671151169826
61.1,0.458496030171712,0.0165,0.202690863449794
61.1333333333333,0.458496030171712,0.0165,0.202703115144331
61.1666666666667,0.458496030171712,0.0165,0.202709261175155
61.2,0.458496030171712,0.0165,0.202710448961745
61.2333333333333,0.458496030171712,0.0165,0.202707648089292
61.2666666666667,0.458496030171712,0.0165,0.202701675871775
61.3,0.458496030171712,0.0165,0.202693219368603
61.3333333333333,0.458496030171712,0.0165,0.202682854337957
61.3666666666667,0.458496030171712,0.0165,0.20267106154481
61.4,0.458496030171712,0.0165,0.202658240785132
61.4333333333333,0.458496030171712,0.0165,0.20264472293895
61.4666666666667,0.458496030171712,0.0165,0.202630780322625
61.5,0.458512751261393,0.0165,0.202616635574108
61.5333333333333,0.458512751261393,0.0165,0.202573531550687
61.5666666666667,0.458512751261393,0.0165,0.202536134902019
61.6,0.458512751261393,0.0165,0.202503687613433
61.6333333333333,0.458512751261393,0.0165,0.202475532517616
61.6666666666667,0.45856253306071,0.0165,0.202451099864783
61.7,0.45856253306071,0.0165,0.202343742690809
61.7333333333333,0.45859375,0.0165,0.202255809939543
61.7666666666667,0.45859375,0.0165,0.20213030638376
61.8,0.45859375,0.0165,0.202029134778118
61.8333333333333,0.45859375,0.0165,0.20194848453048
61.8666666666667,0.45859375,0.0165,0.201885095339562
61.9,0.45859375,0.0165,0.201836180676533
61.9333333333333,0.45859375,0.0165,0.201799361703576
61.9666666666667,0.45859375,0.0165,0.201772610220336
62,0.458664385477702,0.0165,0.201754199418368
62.0333333333333,0.458664385477702,0.0165,0.2016204187649
62.0666666666667,0.458664385477702,0.0165,0.201515853373046
62.1,0.458664385477702,0.0165,0.201435759820382
62.1333333333333,0.458664385477702,0.0165,0.201376090351037
62.1666666666667,0.458664385477702,0.0165,0.201333395408738
62.2,0.458664385477702,0.0165,0.20130473951662
62.2333333333333,0.458664385477702,0.0165,0.201287628698057
62.2666666666667,0.458620897928874,0.0165,0.201279947875476
62.3,0.458620897928874,0.0165,0.201355166978864
62.3333333333333,0.458620897928874,0.0165,0.201421991848324
62.3666666666667,0.458620897928874,0.0165,0.201481419850842
62.4,0.458620897928874,0.0165,0.201534324454363
62.4333333333333,0.458405621846517,0.0165,0.201581471070635
62.4666666666667,0.458405621846517,0.0165,0.201996090260305
62.5,0.458405621846517,0.0165,0.202334321708775
62.5333333333333,0.458581988016764,0.0165,0.202607923535635
62.5666666666667,0.458581988016764,0.0165,0.202521747406367
62.6,0.458581988016764,0.0165,0.202448532384885
62.6333333333333,0.458581988016764,0.0165,0.202386440684807
62.6666666666667,0.458581988016764,0.0165,0.20233388772992
62.7,0.458581988016764,0.0165,0.202289507783718
62.7333333333333,0.458581988016764,0.0165,0.202252124207076
62.7666666666667,0.458581988016764,0.0165,0.202220723723571
62.8,0.458439445495605,0.0165,0.202194434154992
62.8333333333333,0.458439445495605,0.0165,0.202419190993959
62.8666666666667,0.458439445495605,0.0165,0.202600062302274
62.9,0.458439445495605,0.0165,0.202743936866925
62.9333333333333,0.458439445495605,0.0165,0.202856707648014
62.9666666666667,0.458439445495605,0.0165,0.20294341031891
63,0.458439445495605,0.0165,0.20300834290482
63.0333333333333,0.458439445495605,0.0165,0.203055169072001
63.0666666666667,0.45859375,0.0165,0.203087007277162
63.1,0.45859375,0.0165,0.202839466425028
63.1333333333333,0.45859375,0.0165,0.202633364780011
63.1666666666667,0.45859375,0.0165,0.202462548499125
63.2,0.45859375,0.0165,0.202321731106009
63.2333333333333,0.45859375,0.0165,0.202206374349732
63.2666666666667,0.45859375,0.0165,0.202112585209394
63.3,0.45859375,0.0165,0.202037026872353
63.3333333333333,0.45859375,0.0165,0.201976841804958
63.3666666666667,0.45859375,0.0165,0.201929585286848
63.4,0.45859375,0.0165,0.201893167998292
63.4333333333333,0.45859375,0.0165,0.201865806439264
63.4666666666667,0.458456039428711,0.0165,0.201845980122859
63.5,0.458456039428711,0.0165,0.202070718228519
63.5333333333333,0.458456039428711,0.0165,0.202254609563956
63.5666666666667,0.458456039428711,0.0165,0.202403911438445
63.6,0.458456039428711,0.0165,0.202523986399527
63.6333333333333,0.458456039428711,0.0165,0.202619426040537
63.6666666666667,0.458456039428711,0.0165,0.202694157964606
63.7,0.458456039428711,0.0165,0.202751538175971
63.7333333333333,0.458519109090169,0.0165,0.202794430864799
63.7666666666667,0.458519109090169,0.0165,0.202716128159409
63.8,0.458519109090169,0.0165,0.202648918575324
63.8333333333333,0.458519109090169,0.0165,0.202591274375803
63.8666666666667,0.458519109090169,0.0165,0.202541875148783
63.9,0.458519109090169,0.0165,0.202499579893292
63.9333333333333,0.458519109090169,0.0165,0.202463402847817
63.9666666666667,0.458692487080892,0.0165,0.2024324925602
64,0.45859375,0.0165,0.202106063691735
64.0333333333333,0.45859375,0.0165,0.202012305355837
64.0666666666667,0.45859375,0.0165,0.201937768315284
64.1,0.45859375,0.0165,0.201879388837763
64.1333333333333,0.45859375,0.0165,0.201834549022958
64.1666666666667,0.45859375,0.0165,0.201801014575545
64.2,0.45859375,0.0165,0.201776881082533
64.2333333333333,0.45859375,0.0165,0.201760527645585
64.2666666666667,0.45859375,0.0165,0.201750576873332
64.3,0.45859375,0.0165,0.201745860372461
64.3333333333333,0.45859375,0.0165,0.201745388992138
64.3666666666667,0.45859375,0.0165,0.201748327176648
64.4,0.45859375,0.0165,0.201753970868003
64.4333333333333,0.45859375,0.0165,0.201761728475471
64.4666666666667,0.45859375,0.0165,0.201771104494111
64.5,0.45859375,0.0165,0.201781685410797
64.5333333333333,0.458511288960775,0.0165,0.201793127585036
64.5666666666667,0.458511288960775,0.0165,0.201947854918355
64.6,0.458511288960775,0.0165,0.202075388446743
64.6333333333333,0.458511288960775,0.0165,0.202179843224803
64.6666666666667,0.458511288960775,0.0165,0.202264749169335
64.7,0.458511288960775,0.0165,0.20233313179557
64.7333333333333,0.458606147766113,0.0165,0.202387581985982
64.7666666666667,0.458564122517904,0.0165,0.202266152459076
64.8,0.458564122517904,0.0165,0.202239308023221
64.8333333333333,0.458564122517904,0.0165,0.202216948929716
64.8666666666667,0.458564122517904,0.0165,0.202198409597382
64.9,0.458564122517904,0.0165,0.202183118222999
64.9333333333333,0.458564122517904,0.0165,0.202170583902381
64.9666666666667,0.458564122517904,0.0165,0.202160385496605
65,0.458564122517904,0.0165,0.202152162008627
65.0333333333333,0.45859375,0.0165,0.202145604266963
65.0666666666667,0.45859375,0.0165,0.202089174057083
65.1,0.45859375,0.0165,0.202043812827442
65.1333333333333,0.45859375,0.0165,0.202007780488867
65.1666666666667,0.45859375,0.0165,0.201979588658254
65.2,0.45859375,0.0165,0.201957965629842
65.2333333333333,0.45859375,0.0165,0.201941826126394
65.2666666666667,0.45859375,0.0165,0.201930245184813
65.3,0.45859375,0.0165,0.201922435617385
65.3333333333333,0.45859375,0.0165,0.201917728564913
65.3666666666667,0.45859375,0.0165,0.20191555672303
65.4,0.45859375,0.0165,0.20191543987928
65.4333333333333,0.45859375,0.0165,0.201916972447333
65.4666666666667,0.45859375,0.0165,0.201919812726921
65.5,0.45859375,0.0165,0.201923673654659
65.5333333333333,0.45859375,0.0165,0.20192831484258
65.5666666666667,0.458616956075033,0.0165,0.201933535728624
65.6,0.458616956075033,0.0165,0.201899008969458
65.6333333333333,0.458616956075033,0.0165,0.201872507017058
65.6666666666667,0.458616956075033,0.0165,0.201852704893098
65.7,0.458616956075033,0.0165,0.201838473289914
65.7333333333333,0.458616956075033,0.0165,0.201828851064387
65.7666666666667,0.458616956075033,0.0165,0.201823021504913
65.8,0.458616956075033,0.0165,0.201820291860495
65.8333333333333,0.458512751261393,0.0165,0.201820075689727
65.8666666666667,0.458512751261393,0.0165,0.202002215773409
65.9,0.458512751261393,0.0165,0.202151158255505
65.9333333333333,0.458512751261393,0.0165,0.202271993763316
65.9666666666667,0.458512751261393,0.0165,0.202369084661298
66,0.458512751261393,0.0165,0.202446165843218
66.0333333333333,0.458512751261393,0.0165,0.202506431810295
66.0666666666667,0.458512751261393,0.0165,0.202552611884344
66.1,0.458499590555827,0.0165,0.202587035156916
66.1333333333333,0.458499590555827,0.0165,0.202634462638726
66.1666666666667,0.458499590555827,0.0165,0.202669412504969
66.2,0.458499590555827,0.0165,0.20269400712617
66.2333333333333,0.458499590555827,0.0165,0.202710051701499
66.2666666666667,0.458499590555827,0.0165,0.202719079096556
66.3,0.458499590555827,0.0165,0.202722388512841
66.3333333333333,0.458499590555827,0.0165,0.202721078825525
66.3666666666667,0.45859375,0.0165,0.202716077313499
66.4,0.45859375,0.0165,0.202545210921144
66.4333333333333,0.45859375,0.0165,0.20240353182941
66.4666666666667,0.45859375,0.0165,0.202286670989131
66.5,0.45859375,0.0165,0.202190877475003
66.5333333333333,0.45859375,0.0165,0.202112933416794
66.5666666666667,0.45859375,0.0165,0.202050080470752
66.6,0.45859375,0.0165,0.201999956277778
66.6333333333333,0.458646901448568,0.0165,0.201960539563159
66.6666666666667,0.458606147766113,0.0165,0.201838118165307
66.7,0.458606147766113,0.0165,0.201811480050513
66.7333333333333,0.458606147766113,0.0165,0.201792454043322
66.7666666666667,0.458606147766113,0.0165,0.201779722554765
66.8,0.458606147766113,0.0165,0.201772166231952
66.8333333333333,0.458606147766113,0.0165,0.201768835845255
66.8666666666667,0.458606147766113,0.0165,0.201768928049184
66.9,0.458517519632975,0.0165,0.201771764491127
66.9333333333333,0.458517519632975,0.0165,0.20193015474538
66.9666666666667,0.458517519632975,0.0165,0.202060641353723
67,0.458517519632975,0.0165,0.202167450522244
67.0333333333333,0.458517519632975,0.0165,0.202254207268747
67.0666666666667,0.458517519632975,0.0165,0.20232401839074
67.1,0.458517519632975,0.0165,0.202379544161624
67.1333333333333,0.458650016784668,0.0165,0.202423060273577
67.1666666666667,0.458616956075033,0.0165,0.202227210148901
67.2,0.458616956075033,0.0165,0.202124416366789
67.2333333333333,0.458616956075033,0.0165,0.20204091942478
67.2666666666667,0.458616956075033,0.0165,0.201973729682139
67.3,0.458616956075033,0.0165,0.201920287178023
67.3333333333333,0.458616956075033,0.0165,0.201878402025662
67.3666666666667,0.458616956075033,0.0165,0.201846202926562
67.4,0.458616956075033,0.0165,0.201822092709159
67.4333333333333,0.458477465311686,0.0165,0.201804709943469
67.4666666666667,0.458477465311686,0.0165,0.202034300233651
67.5,0.458477465311686,0.0165,0.202221892527088
67.5333333333333,0.458477465311686,0.0165,0.202373935215885
67.5666666666667,0.458477465311686,0.0165,0.202495953651212
67.6,0.458477465311686,0.0165,0.202592677930199
67.6333333333333,0.458477465311686,0.0165,0.202668153293167
67.6666666666667,0.458477465311686,0.0165,0.202725835475994
67.7,0.458632151285807,0.0165,0.202768673047856
67.7333333333333,0.458632151285807,0.0165,0.202531477051118
67.7666666666667,0.458632151285807,0.0165,0.202335742825026
67.8,0.458632151285807,0.0165,0.202175209028339
67.8333333333333,0.458632151285807,0.0165,0.202044503807749
67.8666666666667,0.458632151285807,0.0165,0.201939022126679
67.9,0.458491961161296,0.0165,0.201854819753821
67.9333333333333,0.458491961161296,0.0165,0.202031136413557
67.9666666666667,0.45859375,0.0165,0.202175657043578
68,0.45859375,0.0165,0.202117081790933
68.0333333333333,0.45859375,0.0165,0.20206972273938
68.0666666666667,0.45859375,0.0165,0.202031830514713
68.1,0.45859375,0.0165,0.20200190791577
68.1333333333333,0.45859375,0.0165,0.201978674880915
68.1666666666667,0.45859375,0.0165,0.20196103823078
68.2,0.45859375,0.0165,0.201948065542604
68.2333333333333,0.458663177490234,0.0165,0.201938962598032
68.2666666666667,0.458663177490234,0.0165,0.20181290185647
68.3,0.458663177490234,0.0165,0.20171264661963
68.3333333333333,0.458663177490234,0.0165,0.201634085526512
68.3666666666667,0.458663177490234,0.0165,0.201573705383171
68.4,0.458663177490234,0.0165,0.201528507681405
68.4333333333333,0.458663177490234,0.0165,0.201495936525977
68.4666666666667,0.458663177490234,0.0165,0.201473816428551
68.5,0.458493232727051,0.0165,0.2014602986336
68.5333333333333,0.458493232727051,0.0165,0.201747923309107
68.5666666666667,0.458493232727051,0.0165,0.20198450245447
68.6,0.458493232727051,0.0165,0.202177788412546
68.6333333333333,0.458493232727051,0.0165,0.202334429349515
68.6666666666667,0.45859375,0.0165,0.202460121735504
68.7,0.45859375,0.0165,0.202385785679234
68.7333333333333,0.45859375,0.0165,0.202323114972646
68.7666666666667,0.458565139770508,0.0165,0.20227042350962
68.8,0.458565139770508,0.0165,0.202275772955427
68.8333333333333,0.458565139770508,0.0165,0.202278846946191
68.8666666666667,0.458565139770508,0.0165,0.202280065315101
68.9,0.458565139770508,0.0165,0.202279783238728
68.9333333333333,0.458565139770508,0.0165,0.202278300504781
68.9666666666667,0.458565139770508,0.0165,0.202275869495968
69,0.458565139770508,0.0165,0.202272702064701
69.0333333333333,0.458632659912109,0.0165,0.202268975449889
69.0666666666667,0.458632659912109,0.0165,0.202147986182771
69.1,0.458632659912109,0.0165,0.20204925583034
69.1333333333333,0.458632659912109,0.0165,0.201969359856764
69.1666666666667,0.458632659912109,0.0165,0.201905364369945
69.2,0.458632659912109,0.0165,0.201854758165242
69.2333333333333,0.458632659912109,0.0165,0.201815394019135
69.2666666666667,0.458632659912109,0.0165,0.20178543798541
69.3,0.45859375,0.0165,0.201763325613817
69.3333333333333,0.45859375,0.0165,0.201815062126482
69.3666666666667,0.45859375,0.0165,0.201859182234029
69.4,0.45859375,0.0165,0.201896754988861
69.4333333333333,0.45859375,0.0165,0.201928702913046
69.4666666666667,0.45859375,0.0165,0.201955821833086
69.5,0.45859375,0.0165,0.201978798047895
69.5333333333333,0.45859375,0.0165,0.201998223187194
69.5666666666667,0.45859375,0.0165,0.202014607069799
69.6,0.45859375,0.0165,0.202028388829908
69.6333333333333,0.45859375,0.0165,0.20203994654361
69.6666666666667,0.45859375,0.0165,0.202049605556826
69.7,0.458523686726888,0.0165,0.202057645688917
69.7333333333333,0.458523686726888,0.0165,0.202185559821294
69.7666666666667,0.458523686726888,0.0165,0.202288905135072
69.8,0.458523686726888,0.0165,0.202371517503479
69.8333333333333,0.458523686726888,0.0165,0.202436679607753
69.8666666666667,0.458523686726888,0.0165,0.202487197807355
69.9,0.458523686726888,0.0165,0.20252546852892
69.9333333333333,0.458523686726888,0.0165,0.202553535588729
69.9666666666667,0.45859375,0.0165,0.202573139673572
70,0.45859375,0.0165,0.202464508681973
70.0333333333333,0.45859375,0.0165,0.202373548710357
70.0666666666667,0.45859375,0.0165,0.202297666086137
70.1,0.45859375,0.0165,0.20223463066467
70.1333333333333,0.45859375,0.0165,0.202182526039213
70.1666666666667,0.45859375,0.0165,0.202139706487925
70.2,0.458575248718262,0.0165,0.202104759752279
70.2333333333333,0.458519109090169,0.0165,0.202108493407336
70.2666666666667,0.458519109090169,0.0165,0.202208828992382
70.3,0.458519109090169,0.0165,0.20228994124924
70.3333333333333,0.458519109090169,0.0165,0.202354828967562
70.3666666666667,0.458519109090169,0.0165,0.202406058624764
70.4,0.458519109090169,0.0165,0.202445824448105
70.4333333333333,0.458519109090169,0.0165,0.202476000288064
70.4666666666667,0.458519109090169,0.0165,0.202498184408322
70.5,0.45859375,0.0165,0.202513738149214
70.5333333333333,0.45859375,0.0165,0.202394644820538
70.5666666666667,0.45859375,0.0165,0.202295987643781
70.6,0.45859375,0.0165,0.202214702136874
70.6333333333333,0.45859375,0.0165,0.202148157732253
70.6666666666667,0.45859375,0.0165,0.202094098034582
70.7,0.45859375,0.0165,0.202050589184765
70.7333333333333,0.45859375,0.0165,0.202015975238916
70.7666666666667,0.45859375,0.0165,0.201988839617266
70.8,0.45859375,0.0165,0.201967971804707
70.8333333333333,0.45859375,0.0165,0.201952338594429
70.8666666666667,0.45859375,0.0165,0.201941059261232
70.9,0.45859375,0.0165,0.201933384133427
70.9333333333333,0.45859375,0.0165,0.201928676103602
70.9666666666667,0.45859375,0.0165,0.2019263946803
71,0.45859375,0.0165,0.20192608223619
71.0333333333333,0.45866953531901,0.0165,0.201927352154635
71.0666666666667,0.45866953531901,0.0165,0.201798723615653
71.1,0.45866953531901,0.0165,0.201696385710124
71.1333333333333,0.45866953531901,0.0165,0.201616151752835
71.1666666666667,0.45866953531901,0.0165,0.20155444406194
71.2,0.45866953531901,0.0165,0.201508208973697
71.2333333333333,0.45866953531901,0.0165,0.201474843470672
71.2666666666667,0.45866953531901,0.0165,0.201452131853923
71.3,0.458494313557943,0.0165,0.201438191100518
71.3333333333333,0.458494313557943,0.0165,0.201734664655593
71.3666666666667,0.458494313557943,0.0165,0.201978445096048
71.4,0.458494313557943,0.0165,0.202177539305495
71.4333333333333,0.458494313557943,0.0165,0.202338813453578
71.4666666666667,0.458494313557943,0.0165,0.202468150541924
71.5,0.458494313557943,0.0165,0.20257058653768
71.5333333333333,0.458494313557943,0.0165,0.202650427979929
71.5666666666667,0.458408482869466,0.0165,0.202711353557282
71.6,0.458408482869466,0.0165,0.202905041460215
71.6333333333333,0.458408482869466,0.0165,0.203056963700326
71.6666666666667,0.458408482869466,0.0165,0.203173877175509
71.7,0.458408482869466,0.0165,0.203261549304999
71.7333333333333,0.458408482869466,0.0165,0.203324896560655
71.7666666666667,0.458408482869466,0.0165,0.203368104035408
71.8,0.45851993560791,0.0165,0.20339472861393
71.8333333333333,0.458594957987467,0.0165,0.203214906491943
71.8666666666667,0.458594957987467,0.0165,0.202931458445457
71.9,0.458594957987467,0.0165,0.202695611359436
71.9333333333333,0.458594957987467,0.0165,0.202500287402371
71.9666666666667,0.458594957987467,0.0165,0.202339406941886
72,0.458594957987467,0.0165,0.202207751390205
72.0333333333333,0.458594957987467,0.0165,0.2021008446396
72.0666666666667,0.458594957987467,0.0165,0.2020148505866
72.1,0.458618863423665,0.0165,0.201946484578908
72.1333333333333,0.458429781595866,0.0165,0.201851565868726
72.1666666666667,0.458429781595866,0.0165,0.202104275008846
72.2,0.458429781595866,0.0165,0.202310944969312
72.2333333333333,0.458429781595866,0.0165,0.202478634421629
72.2666666666667,0.458429781595866,0.0165,0.202613392299838
72.3,0.458429781595866,0.0165,0.202720397543922
72.3333333333333,0.458429781595866,0.0165,0.202804079829752
72.3666666666667,0.458731524149577,0.0165,0.202868223849098
72.4,0.458731524149577,0.0165,0.202393860001059
72.4333333333333,0.458731524149577,0.0165,0.202006704742665
72.4666666666667,0.458731524149577,0.0165,0.201693344383299
72.5,0.458731524149577,0.0165,0.201442286835961
72.5333333333333,0.458731524149577,0.0165,0.201243695481906
72.5666666666667,0.45859375,0.0165,0.201089159259506
72.6,0.45859375,0.0165,0.2012099277226
72.6333333333333,0.458632342020671,0.0165,0.20131543010182
72.6666666666667,0.458632342020671,0.0165,0.201340851711562
72.7,0.458632342020671,0.0165,0.201367582574262
72.7333333333333,0.458632342020671,0.0165,0.201395097894916
72.7666666666667,0.458632342020671,0.0165,0.201422968955637
72.8,0.458632342020671,0.0165,0.201450848359662
72.8333333333333,0.458632342020671,0.0165,0.201478457387849
72.8666666666667,0.458632342020671,0.0165,0.20150557517519
72.9,0.45878054300944,0.0165,0.201532029454668
72.9333333333333,0.45878054300944,0.0165,0.201301210204345
72.9666666666667,0.45878054300944,0.0165,0.201118988784439
73,0.45878054300944,0.0165,0.200977557115968
73.0333333333333,0.45878054300944,0.0165,0.200870247207871
73.0666666666667,0.45878054300944,0.0165,0.200791371765464
73.1,0.45878054300944,0.0165,0.200736086601154
73.1333333333333,0.45878054300944,0.0165,0.200700271899464
73.1666666666667,0.45866756439209,0.0165,0.200680429784492
73.2,0.45866756439209,0.0165,0.200869118159651
73.2333333333333,0.45866756439209,0.0165,0.201030579701023
73.2666666666667,0.45866756439209,0.0165,0.201168598821336
73.3,0.45866756439209,0.0165,0.201286443853933
73.3333333333333,0.45843022664388,0.0165,0.201386936719849
73.3666666666667,0.45843022664388,0.0165,0.201883252855327
73.4,0.45843022664388,0.0165,0.202287497525116
73.4333333333333,0.45859375,0.0165,0.202613877097099
73.4666666666667,0.45859375,0.0165,0.202591564367787
73.5,0.45859375,0.0165,0.202568574921644
73.5333333333333,0.45859375,0.0165,0.202545271172762
73.5666666666667,0.45859375,0.0165,0.20252194692587
73.6,0.45859375,0.0165,0.202498838036384
73.6333333333333,0.45859375,0.0165,0.202476131536419
73.6666666666667,0.45859375,0.0165,0.202453973439686
73.7,0.45859375,0.0165,0.202432475409202
73.7333333333333,0.45859375,0.0165,0.202411720446634
73.7666666666667,0.45859375,0.0165,0.202391767740394
73.8,0.45859375,0.0165,0.202372656790791
73.8333333333333,0.45859375,0.0165,0.20235441091436
73.8666666666667,0.45859375,0.0165,0.202337040215408
73.9,0.45859375,0.0165,0.202320544100706
73.9333333333333,0.45859375,0.0165,0.202304913402752
73.9666666666667,0.458663686116536,0.0165,0.202290132167997
74,0.458663686116536,0.0165,0.202155146858919
74.0333333333333,0.458663686116536,0.0165,0.202044319121874
74.0666666666667,0.458663686116536,0.0165,0.201953968842936
74.1,0.458663686116536,0.0165,0.201880940809653
74.1333333333333,0.458663686116536,0.0165,0.201822532173601
74.1666666666667,0.458663686116536,0.0165,0.201776429774714
74.2,0.458663686116536,0.0165,0.201740655998298
74.2333333333333,0.458663686116536,0.0165,0.20171352201395
74.2666666666667,0.458663686116536,0.0165,0.201693587399963
74.3,0.458663686116536,0.0165,0.20167962529061
74.3333333333333,0.458663686116536,0.0165,0.201670592299513
74.3666666666667,0.45859375,0.0165,0.201665602572681
74.4,0.45859375,0.0165,0.201784937711313
74.4333333333333,0.45859375,0.0165,0.201883575969993
74.4666666666667,0.45859375,0.0165,0.201964633624921
74.5,0.45859375,0.0165,0.202030784862538
74.5333333333333,0.45859375,0.0165,0.202084322706448
74.5666666666667,0.45859375,0.0165,0.202127211673052
74.6,0.45859375,0.0165,0.202161133269738
74.6333333333333,0.458495012919108,0.0165,0.202187525300143
74.6666666666667,0.458495012919108,0.0165,0.20237849141285
74.7,0.458495012919108,0.0165,0.202531231144784
74.7333333333333,0.458495012919108,0.0165,0.202651792736426
74.7666666666667,0.458495012919108,0.0165,0.202745347083791
74.8,0.458495012919108,0.0165,0.202816310003189
74.8333333333333,0.458495012919108,0.0165,0.202868447800058
74.8666666666667,0.45866584777832,0.0165,0.20290496839736
74.9,0.458658091227214,0.0165,0.2026329510769
74.9333333333333,0.458658091227214,0.0165,0.202420833549648
74.9666666666667,0.458658091227214,0.0165,0.202245644364021
75,0.458658091227214,0.0165,0.202101815305997
75.0333333333333,0.458658091227214,0.0165,0.201984568623449
75.0666666666667,0.458658091227214,0.0165,0.201889808051032
75.1,0.458658091227214,0.0165,0.201814024631935
75.1333333333333,0.458658091227214,0.0165,0.201754215343694
75.1666666666667,0.458641306559245,0.0165,0.201707812802452
75.2,0.458641306559245,0.0165,0.20170167230342
75.2333333333333,0.458641306559245,0.0165,0.201699271037429
75.2666666666667,0.458641306559245,0.0165,0.201699892758868
75.3,0.458641306559245,0.0165,0.20170293294654
75.3333333333333,0.458641306559245,0.0165,0.201707882697732
75.3666666666667,0.458641306559245,0.0165,0.201714314859887
75.4,0.458641306559245,0.0165,0.201721872094797
75.4333333333333,0.45855229695638,0.0165,0.201730256611449
75.4666666666667,0.45855229695638,0.0165,0.201893262447895
75.5,0.45855229695638,0.0165,0.202026920510077
75.5333333333333,0.45855229695638,0.0165,0.202135711323477
75.5666666666667,0.45855229695638,0.0165,0.202223475712056
75.6,0.45855229695638,0.0165,0.2022935032445
75.6333333333333,0.458391316731771,0.0165,0.202348608652656
75.6666666666667,0.458391316731771,0.0165,0.202669792191255
75.7,0.458350880940755,0.0165,0.202926755532825
75.7333333333333,0.458350880940755,0.0165,0.20319963478857
75.7666666666667,0.458350880940755,0.0165,0.20341363231761
75.8,0.458350880940755,0.0165,0.203578275905777
75.8333333333333,0.458350880940755,0.0165,0.203701697979538
75.8666666666667,0.458350880940755,0.0165,0.203790830969958
75.9,0.458350880940755,0.0165,0.203851575933759
75.9333333333333,0.458350880940755,0.0165,0.203888948048952
75.9666666666667,0.458694140116374,0.0165,0.203907202116326
76,0.458694140116374,0.0165,0.203315892244507
76.0333333333333,0.458694140116374,0.0165,0.202826739408325
76.0666666666667,0.458694140116374,0.0165,0.202424384818578
76.1,0.458694140116374,0.0165,0.202095647056399
76.1333333333333,0.458694140116374,0.0165,0.201829222102483
76.1666666666667,0.458694140116374,0.0165,0.201615424082035
76.2,0.458694140116374,0.0165,0.201445961243051
76.2333333333333,0.45865904490153,0.0165,0.201313742420492
76.2666666666667,0.45865904490153,0.0165,0.201273446084201
76.3,0.45865904490153,0.0165,0.201247447599692
76.3333333333333,0.45865904490153,0.0165,0.201233175355987
76.3666666666667,0.45865904490153,0.0165,0.201228450206943
76.4,0.45865904490153,0.0165,0.201231429446883
76.4333333333333,0.45859375,0.0165,0.2012405585316
76.4666666666667,0.45859375,0.0165,0.201367529647618
76.5,0.458511225382487,0.0165,0.201476440722857
76.5333333333333,0.458511225382487,0.0165,0.201712602143193
76.5666666666667,0.458511225382487,0.0165,0.201907791041415
76.6,0.458511225382487,0.0165,0.202068177340895
76.6333333333333,0.458511225382487,0.0165,0.202199055617819
76.6666666666667,0.458511225382487,0.0165,0.202304965741479
76.7,0.458511225382487,0.0165,0.202389797136469
76.7333333333333,0.458511225382487,0.0165,0.202456878872347
76.7666666666667,0.458511225382487,0.0165,0.202509057490625
76.8,0.458606974283854,0.0165,0.2025487642228
76.8333333333333,0.458606974283854,0.0165,0.202412368810103
76.8666666666667,0.458606974283854,0.0165,0.202299316857197
76.9,0.458606974283854,0.0165,0.20220611149252
76.9333333333333,0.458606974283854,0.0165,0.202129750746302
76.9666666666667,0.458606974283854,0.0165,0.202067659428047
77,0.458606974283854,0.0165,0.202017630246192
77.0333333333333,0.458606974283854,0.0165,0.2019777729258
77.0666666666667,0.45851993560791,0.0165,0.201946470246894
77.1,0.45851993560791,0.0165,0.202072970268883
77.1333333333333,0.45851993560791,0.0165,0.202176397065348
77.1666666666667,0.45851993560791,0.0165,0.202260289675725
77.2,0.458511288960775,0.0165,0.202327680786656
77.2333333333333,0.458511288960775,0.0165,0.202396130809164
77.2666666666667,0.458511288960775,0.0165,0.202450008966818
77.3,0.458640670776367,0.0165,0.202491664035816
77.3333333333333,0.458640670776367,0.0165,0.202299191616785
77.3666666666667,0.458640670776367,0.0165,0.202141417474133
77.4,0.458640670776367,0.0165,0.202013041720466
77.4333333333333,0.458640670776367,0.0165,0.201909521316081
77.4666666666667,0.458640670776367,0.0165,0.201826965414552
77.5,0.458640670776367,0.0165,0.201762044941098
77.5333333333333,0.458640670776367,0.0165,0.201711914485254
77.5666666666667,0.458640670776367,0.0165,0.2016741448467
77.6,0.458410580952962,0.0165,0.201646664796015
77.6333333333333,0.458410580952962,0.0165,0.202025907071049
77.6666666666667,0.458410580952962,0.0165,0.202335339528684
77.7,0.458410580952962,0.0165,0.202585704521115
77.7333333333333,0.458410580952962,0.0165,0.202786205174797
77.7666666666667,0.458410580952962,0.0165,0.202944718589302
77.8,0.458410580952962,0.0165,0.203067980015701
77.8333333333333,0.458410580952962,0.0165,0.203161741928157
77.8666666666667,0.458616956075033,0.0165,0.203230911377239
77.9,0.458616956075033,0.0165,0.202922513245385
77.9333333333333,0.458616956075033,0.0165,0.202666175847346
77.9666666666667,0.458616956075033,0.0165,0.202454142259231
78,0.458616956075033,0.0165,0.202279750596904
78.0333333333333,0.458616956075033,0.0165,0.202137283480171
78.0666666666667,0.458616956075033,0.0165,0.202021837906091
78.1,0.458616956075033,0.0165,0.201929212785025
78.1333333333333,0.458616956075033,0.0165,0.201855811761103
78.1666666666667,0.458616956075033,0.0165,0.201798559257626
78.2,0.458616956075033,0.0165,0.201754827964126
78.2333333333333,0.458512751261393,0.0165,0.201722376221073
78.2666666666667,0.458512751261393,0.0165,0.201879632091905
78.3,0.458512751261393,0.0165,0.20200983396104
78.3333333333333,0.458512751261393,0.0165,0.202117042693524
78.3666666666667,0.458512751261393,0.0165,0.20220474389155
78.4,0.458512751261393,0.0165,0.202275927116534
78.4333333333333,0.458512751261393,0.0165,0.202333154360388
78.4666666666667,0.458512751261393,0.0165,0.202378619213434
78.5,0.458615303039551,0.0165,0.202414197982373
78.5333333333333,0.458615303039551,0.0165,0.202264016480598
78.5666666666667,0.458615303039551,0.0165,0.202141166599344
78.6,0.458615303039551,0.0165,0.202041459459592
78.6333333333333,0.458615303039551,0.0165,0.201961305296304
78.6666666666667,0.458615303039551,0.0165,0.201897630550656
78.7,0.458615303039551,0.0165,0.201847806242173
78.7333333333333,0.458651542663574,0.0165,0.201809586099974
78.7666666666667,0.458437792460124,0.0165,0.201718336399274
78.8,0.458437792460124,0.0165,0.202017160703231
78.8333333333333,0.458437792460124,0.0165,0.20226147729493
78.8666666666667,0.458437792460124,0.0165,0.202459646894526
78.9,0.458437792460124,0.0165,0.2026188339902
78.9333333333333,0.458437792460124,0.0165,0.202745172408118
78.9666666666667,0.458437792460124,0.0165,0.202843908353786
79,0.458437792460124,0.0165,0.202919523962355
79.0333333333333,0.458437792460124,0.0165,0.202975843987901
79.0666666666667,0.458437792460124,0.0165,0.203016127908713
79.1,0.458437792460124,0.0165,0.203043149419849
79.1333333333333,0.458437792460124,0.0165,0.20305926501943
79.1666666666667,0.458437792460124,0.0165,0.203066473165711
79.2,0.458437792460124,0.0165,0.203066465283387
79.2333333333333,0.458437792460124,0.0165,0.203060669725487
79.2666666666667,0.458437792460124,0.0165,0.20305028964829
79.3,0.458599217732747,0.0165,0.203036335627647
79.3333333333333,0.458599217732747,0.0165,0.202740289179965
79.3666666666667,0.458599217732747,0.0165,0.202496127265673
79.4,0.458599217732747,0.0165,0.202296006835448
79.4333333333333,0.458599217732747,0.0165,0.202133199533622
79.4666666666667,0.458599217732747,0.0165,0.202001937932848
79.5,0.458477528889974,0.0165,0.201897282653894
79.5333333333333,0.458744939168294,0.0165,0.202025603758691
79.5666666666667,0.458744939168294,0.0165,0.201669272446926
79.6,0.458744939168294,0.0165,0.201383642366653
79.6333333333333,0.458744939168294,0.0165,0.201157558177398
79.6666666666667,0.458744939168294,0.0165,0.200981480752915
79.7,0.458744939168294,0.0165,0.200847262083124
79.7333333333333,0.458744939168294,0.0165,0.200747950904883
79.7666666666667,0.458744939168294,0.0165,0.200677624911048
79.8,0.45859375,0.0165,0.2006312459447
79.8333333333333,0.45859375,0.0165,0.200866184894089
79.8666666666667,0.45859375,0.0165,0.201066676041595
79.9,0.45859375,0.0165,0.201237545172975
79.9333333333333,0.45859375,0.0165,0.201382957288058
79.9666666666667,0.45859375,0.0165,0.20150650599857
80,0.45859375,0.0165,0.201611290909862
80.0333333333333,0.45859375,0.0165,0.201699984595894
80.0666666666667,0.458512751261393,0.0165,0.201774890561662
80.1,0.458512751261393,0.0165,0.201978170809778
80.1333333333333,0.458512751261393,0.0165,0.202144308126305
80.1666666666667,0.458512751261393,0.0165,0.202279003157438
80.2,0.458512751261393,0.0165,0.202387140691554
80.2333333333333,0.458512751261393,0.0165,0.202472902597227
80.2666666666667,0.458512751261393,0.0165,0.202539865393005
80.3,0.45859375,0.0165,0.202591084521124
80.3333333333333,0.458736737569173,0.0165,0.202488989710505
80.3666666666667,0.458736737569173,0.0165,0.202155572875498
80.4,0.458736737569173,0.0165,0.201883700486043
80.4333333333333,0.458736737569173,0.0165,0.201663892887082
80.4666666666667,0.458736737569173,0.0165,0.20148802931572
80.5,0.458736737569173,0.0165,0.201349159639327
80.5333333333333,0.458736737569173,0.0165,0.201241341722667
80.5666666666667,0.458736737569173,0.0165,0.20115950096753
80.6,0.458512751261393,0.0165,0.201099309032149
80.6333333333333,0.458512751261393,0.0165,0.201444712586367
80.6666666666667,0.458512751261393,0.0165,0.20173014417228
80.7,0.458512751261393,0.0165,0.201964637450806
80.7333333333333,0.458512751261393,0.0165,0.202155944271622
80.7666666666667,0.458512751261393,0.0165,0.202310711344657
80.8,0.458512751261393,0.0165,0.202434632925807
80.8333333333333,0.458512751261393,0.0165,0.202532582747009
80.8666666666667,0.458795356750488,0.0165,0.202608727987705
80.9,0.458795356750488,0.0165,0.202177547189717
80.9333333333333,0.458795356750488,0.0165,0.20182553067567
80.9666666666667,0.458795356750488,0.0165,0.201540507759584
81,0.458795356750488,0.0165,0.201312050922003
81.0333333333333,0.458795356750488,0.0165,0.201131234413082
81.0666666666667,0.45859375,0.0165,0.200990425710859
81.1,0.45859375,0.0165,0.201232008515224
81.1333333333333,0.458701515197754,0.0165,0.201434192909449
81.1666666666667,0.458701515197754,0.0165,0.201416267958977
81.2,0.458701515197754,0.0165,0.201405697830048
81.2333333333333,0.458701515197754,0.0165,0.20140113182335
81.2666666666667,0.458701515197754,0.0165,0.201401426915188
81.3,0.458701515197754,0.0165,0.201405618011539
81.3333333333333,0.458701515197754,0.0165,0.201412892321456
81.3666666666667,0.458701515197754,0.0165,0.201422567289176
81.4,0.458668200174967,0.0165,0.201434071599852
81.4333333333333,0.458668200174967,0.0165,0.201504584225686
81.4666666666667,0.458668200174967,0.0165,0.201564928929816
81.5,0.458668200174967,0.0165,0.201616518547163
81.5333333333333,0.458668200174967,0.0165,0.201660573277781
81.5666666666667,0.458668200174967,0.0165,0.201698146688791
81.6,0.458668200174967,0.0165,0.201730148225751
81.6333333333333,0.458668200174967,0.0165,0.201757362700609
81.6666666666667,0.458495012919108,0.0165,0.201780467161025
81.7,0.45859375,0.0165,0.202099765477338
81.7333333333333,0.45859375,0.0165,0.202187330909791
81.7666666666667,0.45859375,0.0165,0.202256488651568
81.8,0.45859375,0.0165,0.202310194857417
81.8333333333333,0.45859375,0.0165,0.202350974126453
81.8666666666667,0.45859375,0.0165,0.202380979830671
81.9,0.45859375,0.0165,0.202402046191853
81.9333333333333,0.45859375,0.0165,0.202415733222609
81.9666666666667,0.45859375,0.0165,0.202423365497298
82,0.45859375,0.0165,0.202426065588795
82.0333333333333,0.45859375,0.0165,0.202424782894599
82.0666666666667,0.45859375,0.0165,0.202420318478396
82.1,0.458595657348633,0.0165,0.202413346468861
82.1333333333333,0.458595657348633,0.0165,0.202401131603569
82.1666666666667,0.458595657348633,0.0165,0.20238808467201
82.2,0.458595657348633,0.0165,0.202374500027218
82.2333333333333,0.458595657348633,0.0165,0.202360619104516
82.2666666666667,0.458595657348633,0.0165,0.202346638496163
82.3,0.458595657348633,0.0165,0.202332716873429
82.3333333333333,0.458595657348633,0.0165,0.202318980915437
82.3666666666667,0.458410580952962,0.0165,0.202305530382455
82.4,0.458410580952962,0.0165,0.202612737929129
82.4333333333333,0.458410580952962,0.0165,0.202858561581655
82.4666666666667,0.458410580952962,0.0165,0.203052708091443
82.5,0.458410580952962,0.0165,0.203203476515893
82.5333333333333,0.458410580952962,0.0165,0.203317954367775
82.5666666666667,0.458410580952962,0.0165,0.203402186981022
82.6,0.458410580952962,0.0165,0.203461323711067
82.6333333333333,0.458410580952962,0.0165,0.203499744101923
82.6666666666667,0.458410580952962,0.0165,0.203521166731356
82.7,0.458410580952962,0.0165,0.203528743080974
82.7333333333333,0.458410580952962,0.0165,0.203525138462381
82.7666666666667,0.458410580952962,0.0165,0.203512601757135
82.8,0.458410580952962,0.0165,0.203493025491543
82.8333333333333,0.458410580952962,0.0165,0.203467997562278
82.8666666666667,0.458668454488118,0.0165,0.20343884575134
82.9,0.458668454488118,0.0165,0.202960396917595
82.9333333333333,0.458668454488118,0.0165,0.202565962028195
82.9666666666667,0.458668454488118,0.0165,0.202242832056945
83,0.458668454488118,0.0165,0.201980104852067
83.0333333333333,0.458668454488118,0.0165,0.201768435846464
83.0666666666667,0.458668454488118,0.0165,0.201599822630705
83.1,0.458668454488118,0.0165,0.201467418827205
83.1333333333333,0.45859375,0.0165,0.201365373315698
83.1666666666667,0.45859375,0.0165,0.201417975891898
83.2,0.45859375,0.0165,0.201466736917011
83.2333333333333,0.45859375,0.0165,0.201511932161557
83.2666666666667,0.45859375,0.0165,0.201553818249571
83.3,0.45859375,0.0165,0.201592633897938
83.3333333333333,0.45859375,0.0165,0.201628601088382
83.3666666666667,0.458470853169759,0.0165,0.201661926173795
83.4,0.458806482950846,0.0165,0.201905487680191
83.4333333333333,0.458806482950846,0.0165,0.201524891578624
83.4666666666667,0.458806482950846,0.0165,0.201219646593854
83.5,0.458806482950846,0.0165,0.20097787196413
83.5333333333333,0.458806482950846,0.0165,0.200789407723546
83.5666666666667,0.458806482950846,0.0165,0.200645575074004
83.6,0.458806482950846,0.0165,0.200538969466996
83.6333333333333,0.458806482950846,0.0165,0.200463281977289
83.6666666666667,0.458494313557943,0.0165,0.200413145143885
83.7,0.458792495727539,0.0165,0.200924244141291
83.7333333333333,0.458792495727539,0.0165,0.200832185337178
83.7666666666667,0.458792495727539,0.0165,0.200765612235121
83.8,0.458792495727539,0.0165,0.200720142037186
83.8333333333333,0.458792495727539,0.0165,0.200692049714028
83.8666666666667,0.458792495727539,0.0165,0.200678174831826
83.9,0.458792495727539,0.0165,0.200675841210056
83.9333333333333,0.458792495727539,0.0165,0.20068278766892
83.9666666666667,0.458792495727539,0.0165,0.200697108359682
84,0.458792495727539,0.0165,0.200717201374165
84.0333333333333,0.458792495727539,0.0165,0.20074172450543
84.0666666666667,0.458792495727539,0.0165,0.200769557183846
84.1,0.458792495727539,0.0165,0.200799767744543
84.1333333333333,0.458792495727539,0.0165,0.200831585296286
84.1666666666667,0.458792495727539,0.0165,0.200864375560597
84.2,0.458495012919108,0.0165,0.20089762013538
84.2333333333333,0.458495012919108,0.0165,0.201445726102254
84.2666666666667,0.458495012919108,0.0165,0.201894186588677
84.3,0.458495012919108,0.0165,0.202258267673414
84.3333333333333,0.458495012919108,0.0165,0.20255105237648
84.3666666666667,0.458495012919108,0.0165,0.20278374273372
84.4,0.458495012919108,0.0165,0.202965920774882
84.4333333333333,0.458495012919108,0.0165,0.203105773945829
84.4666666666667,0.458496030171712,0.0165,0.203210289772226
84.5,0.458496030171712,0.0165,0.203283663448365
84.5333333333333,0.458496030171712,0.0165,0.203333063999422
84.5666666666667,0.458496030171712,0.0165,0.203362745499864
84.6,0.458496030171712,0.0165,0.20337631598107
84.6333333333333,0.458496030171712,0.0165,0.203376829446288
84.6666666666667,0.458496030171712,0.0165,0.203366865178968
84.7,0.458496030171712,0.0165,0.20334859607133
84.7333333333333,0.458512751261393,0.0165,0.203323847467351
84.7666666666667,0.458512751261393,0.0165,0.203265210090321
84.8,0.458512751261393,0.0165,0.203208480661376
84.8333333333333,0.458512751261393,0.0165,0.203153845320321
84.8666666666667,0.458512751261393,0.0165,0.203101432552941
84.9,0.458512751261393,0.0165,0.203051323325602
84.9333333333333,0.458512751261393,0.0165,0.203003559686165
84.9666666666667,0.458535130818685,0.0165,0.202958152049281
85,0.458641306559245,0.0165,0.202876355018196
85.0333333333333,0.458641306559245,0.0165,0.202620588023564
85.0666666666667,0.458641306559245,0.0165,0.202408836789251
85.1,0.458641306559245,0.0165,0.202234493638971
85.1333333333333,0.458641306559245,0.0165,0.202091886994911
85.1666666666667,0.458641306559245,0.0165,0.201976152459558
85.2,0.458641306559245,0.0165,0.201883121392581
85.2333333333333,0.458641306559245,0.0165,0.201809224627302
85.2666666666667,0.458658345540365,0.0165,0.201751409287028
85.3,0.458495012919108,0.0165,0.201677579065701
85.3333333333333,0.458495012919108,0.0165,0.201903351257523
85.3666666666667,0.458495012919108,0.0165,0.202088729852481
85.4,0.458495012919108,0.0165,0.202239867682357
85.4333333333333,0.458495012919108,0.0165,0.202362040031151
85.4666666666667,0.458495012919108,0.0165,0.202459765902668
85.5,0.458495012919108,0.0165,0.202536912801481
85.5333333333333,0.458495012919108,0.0165,0.20259678724916
85.5666666666667,0.458495012919108,0.0165,0.202642212959642
85.6,0.458495012919108,0.0165,0.202675598339459
85.6333333333333,0.458495012919108,0.0165,0.202698994754955
85.6666666666667,0.458495012919108,0.0165,0.202714146814908
85.7,0.458495012919108,0.0165,0.202722535749258
85.7333333333333,0.458495012919108,0.0165,0.202725416819324
85.7666666666667,0.458495012919108,0.0165,0.202723851569074
85.8,0.458515357971191,0.0165,0.202718735618062
85.8333333333333,0.458616956075033,0.0165,0.202675613205989
85.8666666666667,0.458616956075033,0.0165,0.20246129314108
85.9,0.458616956075033,0.0165,0.202284996500226
85.9333333333333,0.458616956075033,0.0165,0.202140949324783
85.9666666666667,0.458616956075033,0.0165,0.202024200002905
86,0.458616956075033,0.0165,0.201930505711247
86.0333333333333,0.458616956075033,0.0165,0.201856234289376
86.0666666666667,0.45859375,0.0165,0.201798279467438
86.1,0.45859375,0.0165,0.201794148364154
86.1333333333333,0.45859375,0.0165,0.201793666623254
86.1666666666667,0.45859375,0.0165,0.201796116710909
86.2,0.45859375,0.0165,0.201800893978627
86.2333333333333,0.45859375,0.0165,0.201807490328805
86.2666666666667,0.45859375,0.0165,0.201815480153845
86.3,0.45859375,0.0165,0.201824508238561
86.3333333333333,0.45859375,0.0165,0.201834279357501
86.3666666666667,0.45859375,0.0165,0.201844549335108
86.4,0.45859375,0.0165,0.201855117368003
86.4333333333333,0.45859375,0.0165,0.201865819435892
86.4666666666667,0.45859375,0.0165,0.201876522651109
86.5,0.45859375,0.0165,0.201887120417156
86.5333333333333,0.45859375,0.0165,0.201897528284229
86.5666666666667,0.45859375,0.0165,0.201907680404981
86.6,0.458621152242025,0.0165,0.201917526506911
86.6333333333333,0.458621152242025,0.0165,0.201879606653653
86.6666666666667,0.458621152242025,0.0165,0.201850467772353
86.7,0.458621152242025,0.0165,0.201828661422274
86.7333333333333,0.458621152242025,0.0165,0.201812952982509
86.7666666666667,0.458621152242025,0.0165,0.201802291600199
86.8,0.458621152242025,0.0165,0.201795784260629
86.8333333333333,0.458621152242025,0.0165,0.201792673421036
86.8666666666667,0.458666674296061,0.0165,0.201792317725058
86.9,0.458495012919108,0.0165,0.201715394355575
86.9333333333333,0.458495012919108,0.0165,0.201952508794975
86.9666666666667,0.458495012919108,0.0165,0.202146496125242
87,0.458495012919108,0.0165,0.202303964670273
87.0333333333333,0.458495012919108,0.0165,0.202430577689386
87.0666666666667,0.458495012919108,0.0165,0.202531184152835
87.1,0.458495012919108,0.0165,0.202609931725287
87.1333333333333,0.458438618977865,0.0165,0.202670364356007
87.1666666666667,0.458438618977865,0.0165,0.202813102597972
87.2,0.45859375,0.0165,0.202924295918003
87.2333333333333,0.45859375,0.0165,0.202740611334826
87.2666666666667,0.45864003499349,0.0165,0.202586709262786
87.3,0.45864003499349,0.0165,0.202378122938659
87.3333333333333,0.45864003499349,0.0165,0.202206656306312
87.3666666666667,0.458707237243652,0.0165,0.202066666282593
87.4,0.458447011311849,0.0165,0.201837012870541
87.4333333333333,0.458447011311849,0.0165,0.202102643042559
87.4666666666667,0.458447011311849,0.0165,0.202319248282808
87.5,0.458447011311849,0.0165,0.20249437949765
87.5333333333333,0.458447011311849,0.0165,0.202634505208294
87.5666666666667,0.458447011311849,0.0165,0.202745161503524
87.6,0.458447011311849,0.0165,0.20283108157876
87.6333333333333,0.458447011311849,0.0165,0.202896307614542
87.6666666666667,0.458590888977051,0.0165,0.202944287378191
87.7,0.458590888977051,0.0165,0.202728961163166
87.7333333333333,0.458590888977051,0.0165,0.202549869904727
87.7666666666667,0.458590888977051,0.0165,0.202401621410256
87.8,0.458590888977051,0.0165,0.202279584250564
87.8333333333333,0.458590888977051,0.0165,0.202179783208853
87.8666666666667,0.458590888977051,0.0165,0.202098808902057
87.9,0.458590888977051,0.0165,0.202033739667612
87.9333333333333,0.458512751261393,0.0165,0.201982074064236
87.9666666666667,0.458512751261393,0.0165,0.202076898644203
88,0.458512751261393,0.0165,0.202155065850349
88.0333333333333,0.458512751261393,0.0165,0.202219095858938
88.0666666666667,0.458512751261393,0.0165,0.202271150522196
88.1,0.458512751261393,0.0165,0.202313082807033
88.1333333333333,0.45851993560791,0.0165,0.202346479518043
88.1666666666667,0.45851993560791,0.0165,0.202360264891397
88.2,0.45873228708903,0.0165,0.202370431588827
88.2333333333333,0.45873228708903,0.0165,0.202010096747047
88.2666666666667,0.45873228708903,0.0165,0.201718194823703
88.3,0.45873228708903,0.0165,0.201484081777534
88.3333333333333,0.45873228708903,0.0165,0.201298646040965
88.3666666666667,0.45873228708903,0.0165,0.201154095747766
88.4,0.45873228708903,0.0165,0.201043774959632
88.4333333333333,0.45873228708903,0.0165,0.200962004978246
88.4666666666667,0.458713912963867,0.0165,0.200903947354691
88.5,0.458713912963867,0.0165,0.200897284149062
88.5333333333333,0.458713912963867,0.0165,0.200900584577709
88.5666666666667,0.458713912963867,0.0165,0.200911843730082
88.6,0.458713912963867,0.0165,0.200929374434851
88.6333333333333,0.458713912963867,0.0165,0.200951761136759
88.6666666666667,0.458713912963867,0.0165,0.200977820203318
88.7,0.458713912963867,0.0165,0.201006565783176
88.7333333333333,0.458687909444173,0.0165,0.201037180456597
88.7666666666667,0.458689435323079,0.0165,0.201113992030819
88.8,0.458689435323079,0.0165,0.201180121490352
88.8333333333333,0.458689435323079,0.0165,0.20123962729483
88.8666666666667,0.458689435323079,0.0165,0.201293229096506
88.9,0.458581860860189,0.0165,0.201341562780702
88.9333333333333,0.458581860860189,0.0165,0.201571360409104
88.9666666666667,0.458581860860189,0.0165,0.201761026492367
89,0.458594512939453,0.0165,0.201916619384751
89.0333333333333,0.458594512939453,0.0165,0.202021441084086
89.0666666666667,0.458594512939453,0.0165,0.202106068488818
89.1,0.458594512939453,0.0165,0.202173657638987
89.1333333333333,0.458594512939453,0.0165,0.202226909224472
89.1666666666667,0.458594512939453,0.0165,0.202268131873166
89.2,0.458594512939453,0.0165,0.202299296808808
89.2333333333333,0.458594512939453,0.0165,0.202322085043498
89.2666666666667,0.45859375,0.0165,0.202337928113501
89.3,0.45859375,0.0165,0.202349363583849
89.3333333333333,0.45859375,0.0165,0.202355849538174
89.3666666666667,0.45859375,0.0165,0.20235830118047
89.4,0.45859375,0.0165,0.20235749266094
89.4333333333333,0.45859375,0.0165,0.202354077301326
89.4666666666667,0.45859375,0.0165,0.202348605017825
89.5,0.45859375,0.0165,0.202341537323127
89.5333333333333,0.45859375,0.0165,0.202333260237645
89.5666666666667,0.45859375,0.0165,0.202324095395464
89.6,0.45859375,0.0165,0.20231430959196
89.6333333333333,0.45859375,0.0165,0.202304122986633
89.6666666666667,0.458429781595866,0.0165,0.202293716145828
89.7,0.458429781595866,0.0165,0.202567001812927
89.7333333333333,0.458429781595866,0.0165,0.202785576954891
89.7666666666667,0.458429781595866,0.0165,0.202958098255385
89.8,0.458429781595866,0.0165,0.203091966660052
89.8333333333333,0.458429781595866,0.0165,0.203193502374621
89.8666666666667,0.458429781595866,0.0165,0.203268095965967
89.9,0.458429781595866,0.0165,0.203320338794443
89.9333333333333,0.458512751261393,0.0165,0.203354135572198
89.9666666666667,0.458512751261393,0.0165,0.203229213147586
90,0.458512751261393,0.0165,0.203119676267539
90.0333333333333,0.458512751261393,0.0165,0.20302356824437
90.0666666666667,0.458512751261393,0.0165,0.202939186222198
90.1,0.458512751261393,0.0165,0.202865047858927
90.1333333333333,0.458512751261393,0.0165,0.202799862411393
90.1666666666667,0.458512751261393,0.0165,0.202742505639537
90.2,0.458512751261393,0.0165,0.202691998023087
90.2333333333333,0.458512751261393,0.0165,0.202647485851602
90.2666666666667,0.458512751261393,0.0165,0.202608224807065
90.3,0.458512751261393,0.0165,0.202573565708838
90.3333333333333,0.458512751261393,0.0165,0.202542942134653
90.3666666666667,0.458512751261393,0.0165,0.20251585966932
90.4,0.458512751261393,0.0165,0.202491886565851
90.4333333333333,0.458512751261393,0.0165,0.202470645632218
90.4666666666667,0.458494313557943,0.0165,0.202451807181811
90.5,0.458494313557943,0.0165,0.202466991422461
90.5333333333333,0.458494313557943,0.0165,0.202477880460424
90.5666666666667,0.458494313557943,0.0165,0.2024852162327
90.6,0.458494313557943,0.0165,0.202489629136706
90.6333333333333,0.458494313557943,0.0165,0.202491653842457
90.6666666666667,0.458494313557943,0.0165,0.202491742926384
90.7,0.458494313557943,0.0165,0.202490278622442
90.7333333333333,0.458494313557943,0.0165,0.202487582946385
90.7666666666667,0.458494313557943,0.0165,0.20248392641459
90.8,0.458494313557943,0.0165,0.202479535548958
90.8333333333333,0.458494313557943,0.0165,0.202474599333585
90.8666666666667,0.458494313557943,0.0165,0.202469274766512
90.9,0.458494313557943,0.0165,0.202463691630497
90.9333333333333,0.458494313557943,0.0165,0.202457956589961
90.9666666666667,0.458494313557943,0.0165,0.202452156706788
91,0.458512751261393,0.0165,0.202446362455038
91.0333333333333,0.458512751261393,0.0165,0.202408721788456
91.0666666666667,0.458512751261393,0.0165,0.202377345022334
91.1,0.458512751261393,0.0165,0.202351304162321
91.1333333333333,0.458512751261393,0.0165,0.202329801864119
91.1666666666667,0.458512751261393,0.0165,0.202312153497876
91.2,0.458512751261393,0.0165,0.202297771642427
91.2333333333333,0.458656692504883,0.0165,0.202286152682533
91.2666666666667,0.458688608805339,0.0165,0.202027758747545
91.3,0.458688608805339,0.0165,0.201764160436293
91.3333333333333,0.458688608805339,0.0165,0.201553418865973
91.3666666666667,0.458688608805339,0.0165,0.201387166423347
91.4,0.458688608805339,0.0165,0.201258249567493
91.4333333333333,0.458688608805339,0.0165,0.2011605596199
91.4666666666667,0.458688608805339,0.0165,0.201088886662493
91.5,0.458688608805339,0.0165,0.201038793421799
91.5333333333333,0.458805465698242,0.0165,0.201006506436716
91.5666666666667,0.458805465698242,0.0165,0.200786588200766
91.6,0.458805465698242,0.0165,0.200617581536158
91.6333333333333,0.458805465698242,0.0165,0.200491089073901
91.6666666666667,0.458805465698242,0.0165,0.20039995303387
91.7,0.458805465698242,0.0165,0.200338081006513
91.7333333333333,0.458805465698242,0.0165,0.20030029563
91.7666666666667,0.458805465698242,0.0165,0.200282204927082
91.8,0.458496030171712,0.0165,0.200280090501072
91.8333333333333,0.458496030171712,0.0165,0.200826324078413
91.8666666666667,0.458496030171712,0.0165,0.201279412202229
91.9,0.458496030171712,0.0165,0.201653288405582
91.9333333333333,0.458496030171712,0.0165,0.201959915559851
91.9666666666667,0.458496030171712,0.0165,0.202209557041505
92,0.45859375,0.0165,0.202411011116325
92.0333333333333,0.45859375,0.0165,0.202402698360737
92.0666666666667,0.458729235331217,0.0165,0.20239281482705
92.1,0.458729235331217,0.0165,0.202147297070851
92.1333333333333,0.458729235331217,0.0165,0.20194620161226
92.1666666666667,0.458729235331217,0.0165,0.201782734410767
92.2,0.458729235331217,0.0165,0.201651072223471
92.2333333333333,0.458729235331217,0.0165,0.201546228326129
92.2666666666667,0.458729235331217,0.0165,0.201463936498771
92.3,0.458729235331217,0.0165,0.201400550813711
92.3333333333333,0.458854166666667,0.0165,0.201352959094086
92.3666666666667,0.458664385477702,0.0165,0.201102300498262
92.4,0.458664385477702,0.0165,0.201232681605644
92.4333333333333,0.458664385477702,0.0165,0.201343845574937
92.4666666666667,0.458664385477702,0.0165,0.201438491314261
92.5,0.458664385477702,0.0165,0.201518947694039
92.5333333333333,0.458664385477702,0.0165,0.201587223644374
92.5666666666667,0.458664385477702,0.0165,0.201645051516202
92.6,0.458664385477702,0.0165,0.2016939246086
92.6333333333333,0.458664385477702,0.0165,0.201735129643999
92.6666666666667,0.458664385477702,0.0165,0.201769774868525
92.7,0.458664385477702,0.0165,0.201798814364129
92.7333333333333,0.458664385477702,0.0165,0.201823069080687
92.7666666666667,0.458664385477702,0.0165,0.201843245028286
92.8,0.458664385477702,0.0165,0.201859949010965
92.8333333333333,0.458664385477702,0.0165,0.201873702232185
92.8666666666667,0.458678309122721,0.0165,0.201884952058067
92.9,0.458678309122721,0.0165,0.201869985755552
92.9333333333333,0.458678309122721,0.0165,0.201857878263784
92.9666666666667,0.458678309122721,0.0165,0.201848184061135
93,0.458678309122721,0.0165,0.201840521824992
93.0333333333333,0.458678309122721,0.0165,0.201834565514407
93.0666666666667,0.458678309122721,0.0165,0.20183003666837
93.1,0.458678309122721,0.0165,0.201826697755639
93.1333333333333,0.458672142028809,0.0165,0.201824346434083
93.1666666666667,0.458731524149577,0.0165,0.201833483444801
93.2,0.458731524149577,0.0165,0.201738462915903
93.2333333333333,0.458731524149577,0.0165,0.201662080618633
93.2666666666667,0.458731524149577,0.0165,0.201601406565284
93.3,0.458731524149577,0.0165,0.201553934593332
93.3333333333333,0.458731524149577,0.0165,0.201517523383801
93.3666666666667,0.458731524149577,0.0165,0.201490345528062
93.4,0.45859375,0.0165,0.201470843556228
93.4333333333333,0.45859375,0.0165,0.201696125616495
93.4666666666667,0.45859375,0.0165,0.201880623253966
93.5,0.45859375,0.0165,0.202030575411958
93.5333333333333,0.45859375,0.0165,0.202151329470154
93.5666666666667,0.45859375,0.0165,0.202247464569865
93.6,0.45859375,0.0165,0.202322898164233
93.6333333333333,0.458495012919108,0.0165,0.202380978054776
93.6666666666667,0.458528010050456,0.0165,0.202595437473512
93.7,0.458528010050456,0.0165,0.202707759194538
93.7333333333333,0.458528010050456,0.0165,0.202793297122122
93.7666666666667,0.458528010050456,0.0165,0.202856502512579
93.8,0.458528010050456,0.0165,0.202901167523805
93.8333333333333,0.458528010050456,0.0165,0.202930517984419
93.8666666666667,0.458528010050456,0.0165,0.202947293429261
93.9,0.458528010050456,0.0165,0.202953816126212
93.9333333333333,0.458528010050456,0.0165,0.202952050587323
93.9666666666667,0.458654085795085,0.0165,0.202943654856246
94,0.458654085795085,0.0165,0.202711836462582
94.0333333333333,0.458654085795085,0.0165,0.202518057143547
94.0666666666667,0.458654085795085,0.0165,0.20235671358702
94.1,0.458654085795085,0.0165,0.202222989200026
94.1333333333333,0.458654085795085,0.0165,0.202112746260432
94.1666666666667,0.458654085795085,0.0165,0.202022432668474
94.2,0.458654085795085,0.0165,0.201949001335074
94.2333333333333,0.458663177490234,0.0165,0.201889840506858
94.2666666666667,0.458663177490234,0.0165,0.201826979356653
94.3,0.458663177490234,0.0165,0.201777274658841
94.3333333333333,0.458663177490234,0.0165,0.20173861631484
94.3666666666667,0.458663177490234,0.0165,0.201709202100133
94.4,0.458663177490234,0.0165,0.201687494637142
94.4333333333333,0.458663177490234,0.0165,0.201672184252431
94.4666666666667,0.458663177490234,0.0165,0.201662156922667
94.5,0.458663177490234,0.0165,0.201656466620684
94.5333333333333,0.458663177490234,0.0165,0.201654311465552
94.5666666666667,0.458663177490234,0.0165,0.201655013160743
94.6,0.458663177490234,0.0165,0.201657999273934
94.6333333333333,0.458663177490234,0.0165,0.201662787972091
94.6666666666667,0.458632659912109,0.0165,0.201668974877571
94.7,0.458632659912109,0.0165,0.201729035850431
94.7333333333333,0.458632659912109,0.0165,0.201779683871478
94.7666666666667,0.458632659912109,0.0165,0.201822278710211
94.8,0.458632659912109,0.0165,0.201857991028961
94.8333333333333,0.458632659912109,0.0165,0.201887828178899
94.8666666666667,0.458632659912109,0.0165,0.201912656513219
94.9,0.458632659912109,0.0165,0.201933220685096
94.9333333333333,0.45859375,0.0165,0.201950160335456
94.9666666666667,0.45859375,0.0165,0.202031362491678
95,0.45859375,0.0165,0.202096966472515
95.0333333333333,0.45859375,0.0165,0.202149407660518
95.0666666666667,0.45859375,0.0165,0.202190770213779
95.1,0.45859375,0.0165,0.202222835871562
95.1333333333333,0.45859375,0.0165,0.202247126105245
95.1666666666667,0.45859375,0.0165,0.202264938512869
95.2,0.45859375,0.0165,0.202277378234937
95.2333333333333,0.45859375,0.0165,0.202285385064732
95.2666666666667,0.45859375,0.0165,0.202289756835887
95.3,0.45859375,0.0165,0.202291169591646
95.3333333333333,0.45859375,0.0165,0.202290194972372
95.3666666666667,0.45859375,0.0165,0.202287315199083
95.4,0.45859375,0.0165,0.202282935979956
95.4333333333333,0.458511288960775,0.0165,0.202277397622613
95.4666666666667,0.458511288960775,0.0165,0.202413692681118
95.5,0.458511288960775,0.0165,0.202521812717656
95.5333333333333,0.458511288960775,0.0165,0.202606259932789
95.5666666666667,0.458511288960775,0.0165,0.20267088066507
95.6,0.458511288960775,0.0165,0.202718956981155
95.6333333333333,0.458511288960775,0.0165,0.202753285745179
95.6666666666667,0.458511288960775,0.0165,0.202776246859844
95.7,0.458675257364909,0.0165,0.202789862144289
95.7333333333333,0.458675257364909,0.0165,0.202512080388902
95.7666666666667,0.458675257364909,0.0165,0.202282874273781
95.8,0.458675257364909,0.0165,0.202094907049714
95.8333333333333,0.458675257364909,0.0165,0.201941884301123
95.8666666666667,0.458675257364909,0.0165,0.201818410190482
95.9,0.458675257364909,0.0165,0.201719863226263
95.9333333333333,0.45866953531901,0.0165,0.201642288924724
95.9666666666667,0.45866953531901,0.0165,0.201592209731163
96,0.45866953531901,0.0165,0.201554926183623
96.0333333333333,0.45866953531901,0.0165,0.201528276155852
96.0666666666667,0.45866953531901,0.0165,0.201510419796319
96.1,0.45866953531901,0.0165,0.2014997940247
96.1333333333333,0.45866953531901,0.0165,0.201495073284332
96.1666666666667,0.45866953531901,0.0165,0.201495135702438
96.2,0.45866953531901,0.0165,0.201499033924067
96.2333333333333,0.45859375,0.0165,0.201505969984519
96.2666666666667,0.45859375,0.0165,0.201646428671705
96.3,0.45859375,0.0165,0.201763385990865
96.3333333333333,0.45859375,0.0165,0.201860331256628
96.3666666666667,0.45859375,0.0165,0.20194026202199
96.4,0.45859375,0.0165,0.20200575162319
96.4333333333333,0.45859375,0.0165,0.202059007571277
96.4666666666667,0.45859375,0.0165,0.202101922021774
96.5,0.458496030171712,0.0165,0.202136115388879
96.5333333333333,0.458496030171712,0.0165,0.202332089159055
96.5666666666667,0.458496030171712,0.0165,0.202489280284316
96.6,0.458496030171712,0.0165,0.202613802868678
96.6333333333333,0.458496030171712,0.0165,0.202710885508902
96.6666666666667,0.458496030171712,0.0165,0.202784994601495
96.7,0.458405621846517,0.0165,0.202839940818246
96.7333333333333,0.458405621846517,0.0165,0.20303543277824
96.7666666666667,0.458640670776367,0.0165,0.203187579967462
96.8,0.458640670776367,0.0165,0.20289667104628
96.8333333333333,0.458640670776367,0.0165,0.202654006223974
96.8666666666667,0.458640670776367,0.0165,0.20245244812731
96.9,0.458640670776367,0.0165,0.202285863567499
96.9333333333333,0.458640670776367,0.0165,0.202148985733237
96.9666666666667,0.458640670776367,0.0165,0.202037295049858
97,0.458632787068685,0.0165,0.201946916194047
97.0333333333333,0.458632787068685,0.0165,0.201888172730942
97.0666666666667,0.458632787068685,0.0165,0.201841946583861
97.1,0.458632787068685,0.0165,0.201806219588915
97.1333333333333,0.458632787068685,0.0165,0.201779268697697
97.1666666666667,0.458632787068685,0.0165,0.201759624688626
97.2,0.458632787068685,0.0165,0.201746036528018
97.2333333333333,0.458632787068685,0.0165,0.20173744061685
97.2666666666667,0.458632787068685,0.0165,0.201732934261785
97.3,0.458494313557943,0.0165,0.201731752798013
97.3333333333333,0.458494313557943,0.0165,0.201972893821731
97.3666666666667,0.458494313557943,0.0165,0.202169926205454
97.4,0.458494313557943,0.0165,0.202329622286334
97.4333333333333,0.458494313557943,0.0165,0.202457784998218
97.4666666666667,0.458650461832682,0.0165,0.202559382076448
97.5,0.458650461832682,0.0165,0.20236842988338
97.5333333333333,0.458650461832682,0.0165,0.202210934377625
97.5666666666667,0.45859375,0.0165,0.202081838651455
97.6,0.45859375,0.0165,0.202074950667993
97.6333333333333,0.45859375,0.0165,0.202069467082828
97.6666666666667,0.45859375,0.0165,0.202065164418515
97.7,0.45859375,0.0165,0.202061851694604
97.7333333333333,0.45859375,0.0165,0.202059365893462
97.7666666666667,0.45859375,0.0165,0.202057568045652
97.8,0.45859375,0.0165,0.202056339851138
97.8333333333333,0.45855229695638,0.0165,0.202055580763853
97.8666666666667,0.45855229695638,0.0165,0.202126944621751
97.9,0.45855229695638,0.0165,0.202184777128224
97.9333333333333,0.45855229695638,0.0165,0.20223118181113
97.9666666666667,0.45855229695638,0.0165,0.202267959415883
98,0.45855229695638,0.0165,0.202296649939497
98.0333333333333,0.45855229695638,0.0165,0.202318568936122
98.0666666666667,0.45859375,0.0165,0.202334838867129
98.1,0.45859375,0.0165,0.202274677020141
98.1333333333333,0.45859375,0.0165,0.202224479216238
98.1666666666667,0.45859375,0.0165,0.202182772133661
98.2,0.45859375,0.0165,0.202148289685017
98.2333333333333,0.45859375,0.0165,0.202119944581682
98.2666666666667,0.45859375,0.0165,0.202096803749567
98.3,0.45859375,0.0165,0.202078067078271
98.3333333333333,0.45859375,0.0165,0.202063049055023
98.3666666666667,0.45859375,0.0165,0.20205116289496
98.4,0.45859375,0.0165,0.202041906831339
98.4333333333333,0.45859375,0.0165,0.202034852274428
98.4666666666667,0.45859375,0.0165,0.202029633586879
98.5,0.45859375,0.0165,0.202025939257235
98.5333333333333,0.45859375,0.0165,0.202023504282581
98.5666666666667,0.45859375,0.0165,0.202022103596683
98.6,0.45850944519043,0.0165,0.202021546402012
98.6333333333333,0.458633168538411,0.0165,0.202167570218823
98.6666666666667,0.458633168538411,0.0165,0.202071869802345
98.7,0.458633168538411,0.0165,0.201994166185687
98.7333333333333,0.458633168538411,0.0165,0.201931669471666
98.7666666666667,0.458633168538411,0.0165,0.201881990842414
98.8,0.458633168538411,0.0165,0.201843086913668
98.8333333333333,0.458633168538411,0.0165,0.201813211670124
98.8666666666667,0.458633168538411,0.0165,0.201790874958978
98.9,0.458633168538411,0.0165,0.201774806656104
98.9333333333333,0.458633168538411,0.0165,0.201763925738185
98.9666666666667,0.458633168538411,0.0165,0.201757313597127
99,0.458633168538411,0.0165,0.201754191022272
99.0333333333333,0.458633168538411,0.0165,0.201753898353203
99.0666666666667,0.458633168538411,0.0165,0.201755878372824
99.1,0.458633168538411,0.0165,0.201759661568332
99.1333333333333,0.458793830871582,0.0165,0.201764853437886
99.1666666666667,0.458793830871582,0.0165,0.201493079363138
99.2,0.458793830871582,0.0165,0.201275759724928
99.2333333333333,0.458793830871582,0.0165,0.201104276050127
99.2666666666667,0.458793830871582,0.0165,0.200971260205876
99.3,0.458793830871582,0.0165,0.200870420143762
99.3333333333333,0.458793830871582,0.0165,0.200796389440385
99.3666666666667,0.458793830871582,0.0165,0.200744597419555
99.4,0.458460871378581,0.0165,0.200711157073114
99.4333333333333,0.458618545532227,0.0165,0.201268992146981
99.4666666666667,0.458618545532227,0.0165,0.201455020423745
99.5,0.458618545532227,0.0165,0.201609790249069
99.5333333333333,0.458618545532227,0.0165,0.20173795052001
99.5666666666667,0.458618545532227,0.0165,0.201843494421345
99.6,0.458618545532227,0.0165,0.201929849526669
99.6333333333333,0.458618545532227,0.0165,0.201999955686802
99.6666666666667,0.458618545532227,0.0165,0.2020563323487
99.7,0.458618545532227,0.0165,0.202101136727886
99.7333333333333,0.458618545532227,0.0165,0.202136214066644
99.7666666666667,0.458618545532227,0.0165,0.202163141044984
99.8,0.458618545532227,0.0165,0.202183263268232
99.8333333333333,0.458618545532227,0.0165,0.202197727631103
99.8666666666667,0.458618545532227,0.0165,0.202207510250731
99.9,0.458618545532227,0.0165,0.202213440568094
99.9333333333333,0.458512751261393,0.0165,0.202216222136695
99.9666666666667,0.458758099873861,0.0165,0.202399539408156
100,0.458758099873861,0.0165,0.202120874129217
