0,0.190364583333333,0,1.77230017006803
0.0333333333333333,0.190364583333333,0.0315,1.4552614775235
0.0666666666666667,0.190364583333333,0.072,1.18075798906061
0.1,0.189635149637858,0.099,0.946990424549698
0.133333333333333,0.189635149637858,0.1185,0.742657581824369
0.166666666666667,0.189635149637858,0.141,0.567607602280149
0.2,0.189520581563314,0.171,0.41880761374978
0.233333333333333,0.189520581563314,0.201,0.292034599424947
0.266666666666667,0.189520581563314,0.222,0.185087865903127
0.3,0.189192708333333,0.2295,0.0968980196977148
0.333333333333333,0.189192708333333,0.2295,0.0221646269209397
0.366666666666667,0.18811772664388,0.2295,-0.0347151945387315
0.4,0.18811772664388,0.228,-0.0856161903014278
0.433333333333333,0.18811772664388,0.2235,-0.126484514203445
0.466666666666667,0.18811772664388,0.2175,-0.1586949115541
0.5,0.187363751729329,0.2115,-0.180198763491928
0.533333333333333,0.188541666666667,0.2085,-0.204269598339993
0.566666666666667,0.188541666666667,0.2055,-0.216820364795662
0.6,0.188541666666667,0.201,-0.224817085643378
0.633333333333333,0.188541666666667,0.1935,-0.228978414467393
0.666666666666667,0.189433288574219,0.1845,-0.233790642158004
0.7,0.189433288574219,0.1725,-0.231397136332862
0.733333333333333,0.189433288574219,0.162,-0.226915912868473
0.766666666666667,0.189433288574219,0.1485,-0.220750997363123
0.8,0.189433288574219,0.138,-0.213251858957677
0.833333333333333,0.189433288574219,0.126,-0.204719740266388
0.866666666666667,0.189433288574219,0.1155,-0.195413313864808
0.9,0.189433288574219,0.1035,-0.185553733013497
0.933333333333333,0.189433288574219,0.093,-0.175329137765666
0.966666666666667,0.200856272379557,0.084,-0.214320560804553
1,0.200856272379557,0.0735,-0.194977091882076
1.03333333333333,0.200856272379557,0.063,-0.176859089414224
1.06666666666667,0.200856272379557,0.054,-0.159920453919217
1.1,0.200856272379557,0.045,-0.144112979504348
1.13333333333333,0.2231964747111,0.036,-0.226042655020338
1.16666666666667,0.241847101847331,0.027,-0.275750244780753
1.2,0.241847101847331,0.015,-0.233631033713845
1.23333333333333,0.241847101847331,0.003,-0.196428282627265
1.26666666666667,0.241847101847331,-0.0075,-0.163625306785817
1.3,0.241847101847331,-0.0165,-0.134756455677254
1.33333333333333,0.241847101847331,-0.024,-0.109402276984856
1.36666666666667,0.241847101847331,-0.0315,-0.0871851253104943
1.4,0.241847101847331,-0.039,-0.0677651756668018
1.43333333333333,0.241847101847331,-0.045,-0.050836805287234
1.46666666666667,0.241847101847331,-0.048,-0.0361253105257351
1.5,0.241847101847331,-0.051,-0.0233839285599397
1.53333333333333,0.241847101847331,-0.051,-0.0123911362974191
1.56666666666667,0.241847101847331,-0.051,-0.00294820133557501
1.6,0.257783762613932,-0.051,-0.0638274127262393
1.63333333333333,0.285598436991374,-0.051,-0.164975075273973
1.66666666666667,0.285598436991374,-0.0555,-0.126978476349902
1.7,0.285598436991374,-0.06,-0.094273542025267
1.73333333333333,0.285598436991374,-0.063,-0.0662374766439928
1.76666666666667,0.285598436991374,-0.066,-0.0423142853671567
1.8,0.285598436991374,-0.069,-0.0220080257760456
1.83333333333333,0.285598436991374,-0.0705,-0.00487671300706544
1.86666666666667,0.2890625,-0.072,-0.00551419174586212
1.9,0.310127067565918,-0.072,-0.0820511448013137
1.93333333333333,0.312807591756185,-0.0735,-0.0652260192294496
1.96666666666667,0.312807591756185,-0.075,-0.0390782709917447
2,0.312807591756185,-0.075,-0.0170212411630993
2.03333333333333,0.312807591756185,-0.075,0.0014551122973625
2.06666666666667,0.312807591756185,-0.075,0.0168041337693896
2.1,0.315625,-0.0765,0.0172387381512435
2.13333333333333,0.315625,-0.0765,0.0296756575068677
2.16666666666667,0.325052070617676,-0.0765,-0.00101809638643383
2.2,0.325052070617676,-0.0765,0.0143404347376155
2.23333333333333,0.325052070617676,-0.0765,0.0269673245075282
2.26666666666667,0.325052070617676,-0.0765,0.0372217732431714
2.3,0.325052070617676,-0.0765,0.0454218292241442
2.33333333333333,0.325052070617676,-0.0765,0.0518487350299768
2.36666666666667,0.325052070617676,-0.0765,0.0567508391363911
2.4,0.325052070617676,-0.0765,0.0603471145808322
2.43333333333333,0.325052070617676,-0.0765,0.0628303226067308
2.46666666666667,0.327025731404622,-0.0765,0.0558307518353355
2.5,0.327025731404622,-0.0765,0.0581027083082191
2.53333333333333,0.327025731404622,-0.0765,0.0595046822880328
2.56666666666667,0.327025731404622,-0.0765,0.0601741354584779
2.6,0.327025731404622,-0.0765,0.0602313510576947
2.63333333333333,0.327025731404622,-0.0765,0.0597813443155504
2.66666666666667,0.327025731404622,-0.0765,0.0589155750905369
2.7,0.327025731404622,-0.0765,0.0577134822085396
2.73333333333333,0.346678352355957,-0.0765,-0.0287838090063189
2.76666666666667,0.353003819783529,-0.0765,-0.0426187102470887
2.8,0.353377723693848,-0.0765,-0.0280061426839718
2.83333333333333,0.353377723693848,-0.0765,-0.0140596241441386
2.86666666666667,0.353377723693848,-0.0765,-0.0023990155680631
2.9,0.353377723693848,-0.0765,0.00726951775180792
2.93333333333333,0.353377723693848,-0.0765,0.0152064305170836
2.96666666666667,0.353377723693848,-0.0765,0.0216423107393702
3,0.353377723693848,-0.0765,0.0267810421152819
3.03333333333333,0.353701210021973,-0.0765,0.0294030756989762
3.06666666666667,0.353701210021973,-0.0765,0.0327166457884269
3.1,0.351678466796875,-0.0765,0.0439294093576885
3.13333333333333,0.351678466796875,-0.0765,0.0440996377707617
3.16666666666667,0.349136543273926,-0.0765,0.0548632476194583
3.2,0.349136543273926,-0.0765,0.0523304308097853
3.23333333333333,0.349136543273926,-0.0765,0.0497934724220807
3.26666666666667,0.349136543273926,-0.0765,0.0472763895084497
3.3,0.348174222310384,-0.0765,0.0489624576844123
3.33333333333333,0.342720158894857,-0.0765,0.0693930998466587
3.36666666666667,0.342720158894857,-0.0765,0.0621738615406869
3.4,0.342720158894857,-0.0765,0.0556878740264768
3.43333333333333,0.342720158894857,-0.0765,0.0498664507791914
3.46666666666667,0.342720158894857,-0.0765,0.0446470325916274
3.5,0.340020751953125,-0.0765,0.0516517253786904
3.53333333333333,0.340020751953125,-0.0765,0.0453813337638319
3.56666666666667,0.340020751953125,-0.0765,0.0398372607635321
3.6,0.333230527242025,-0.0765,0.0643220560556864
3.63333333333333,0.333230527242025,-0.0765,0.0547559952115497
3.66666666666667,0.333230527242025,-0.0765,0.0464161025164273
3.7,0.333230527242025,-0.0765,0.039164821344091
3.73333333333333,0.333230527242025,-0.0765,0.0328788787074038
3.76666666666667,0.333230527242025,-0.0765,0.0274478762100841
3.8,0.333230527242025,-0.0765,0.0227730149709442
3.83333333333333,0.333230527242025,-0.0765,0.0187659421329247
3.86666666666667,0.329644648234049,-0.0765,0.0308621229896118
3.9,0.329644648234049,-0.0765,0.0251869337049118
3.93333333333333,0.329644648234049,-0.0765,0.0203395556708494
3.96666666666667,0.329644648234049,-0.0765,0.0162205664187906
4,0.329644648234049,-0.0765,0.0127413281859498
4.03333333333333,0.329644648234049,-0.0765,0.00982289063739576
4.06666666666667,0.329644648234049,-0.0765,0.00739500037129819
4.1,0.329644648234049,-0.0765,0.0053952071521173
4.13333333333333,0.291876475016276,-0.0765,0.167173215334789
4.16666666666667,0.291876475016276,-0.0765,0.136638723395579
4.2,0.291876475016276,-0.0765,0.110305847855877
4.23333333333333,0.291876475016276,-0.0765,0.0876791788982653
4.26666666666667,0.291876475016276,-0.0765,0.0683167006940402
4.3,0.28919620513916,-0.0765,0.0634206388137733
4.33333333333333,0.28919620513916,-0.0765,0.0473730831913369
4.36666666666667,0.28919620513916,-0.0765,0.0338107113735707
4.4,0.278385416666667,-0.0765,0.0691966788423
4.43333333333333,0.278385416666667,-0.0765,0.0513420286307002
4.46666666666667,0.278385416666667,-0.0765,0.036265040652493
4.5,0.278385416666667,-0.0765,0.0236181443632034
4.53333333333333,0.278385416666667,-0.0765,0.0130925873567589
4.56666666666667,0.278385416666667,-0.0765,0.00441439801538972
4.6,0.278385416666667,-0.0765,-0.00265925210618854
4.63333333333333,0.278385416666667,-0.0765,-0.0083433243305204
4.66666666666667,0.25039545694987,-0.0765,0.108271555585178
4.7,0.25039545694987,-0.0765,0.0831558513067475
4.73333333333333,0.25039545694987,-0.0765,0.0618303878692024
4.76666666666667,0.25039545694987,-0.0765,0.0438264136158882
4.8,0.25039545694987,-0.0765,0.0287272223445143
4.83333333333333,0.25039545694987,-0.0765,0.0161627586291975
4.86666666666667,0.25039545694987,-0.0765,0.00580475610873689
4.9,0.25039545694987,-0.0765,-0.00263764207377773
4.93333333333333,0.25039545694987,-0.0765,-0.0094218267812816
4.96666666666667,0.25039545694987,-0.0765,-0.0147752721583509
5,0.25039545694987,-0.0765,-0.018898728591285
5.03333333333333,0.25039545694987,-0.0765,-0.0219690937304599
5.06666666666667,0.25039545694987,-0.0765,-0.0241419927345284
5.1,0.25039545694987,-0.0765,-0.0255540959720175
5.13333333333333,0.25039545694987,-0.0765,-0.0263251997596663
5.16666666666667,0.25039545694987,-0.0765,-0.0265600933043917
5.2,0.212120628356934,-0.0765,0.139246984760605
5.23333333333333,0.212120628356934,-0.0765,0.110199044910967
5.26666666666667,0.212120628356934,-0.0765,0.0854214343263665
5.3,0.212120628356934,-0.0765,0.0643913096352133
5.33333333333333,0.212120628356934,-0.0765,0.0466435950080116
5.36666666666667,0.212120628356934,-0.0765,0.0317650107120569
5.4,0.212120628356934,-0.0765,0.0193886906319966
5.43333333333333,0.212120628356934,-0.0765,0.00918933266279783
5.46666666666667,0.205924479166667,-0.0765,0.0276866602308766
5.5,0.205924479166667,-0.0765,0.0162146436142632
5.53333333333333,0.205924479166667,-0.0765,0.00679491566259405
5.56666666666667,0.205924479166667,-0.0765,-0.000846045645169838
5.6,0.205924479166667,-0.0765,-0.00695005534883891
5.63333333333333,0.205924479166667,-0.0765,-0.0117306025285456
5.66666666666667,0.205924479166667,-0.0765,-0.0153758904947622
5.7,0.205924479166667,-0.0765,-0.0180515691381064
5.73333333333333,0.190871175130208,-0.0765,0.0452253913954942
5.76666666666667,0.190603065490723,-0.0765,0.0335796041070412
5.8,0.190603065490723,-0.0765,0.022714079764522
5.83333333333333,0.190603065490723,-0.0765,0.0137444611178205
5.86666666666667,0.190603065490723,-0.0765,0.00641986564050201
5.9,0.190603065490723,-0.0765,0.00051841068492775
5.93333333333333,0.190603065490723,-0.0765,-0.00415587478160057
5.96666666666667,0.190680948893229,-0.0765,-0.00811279225323872
6,0.190680948893229,-0.0765,-0.0107703320097574
6.03333333333333,0.190364583333333,-0.0765,-0.0112988613146881
6.06666666666667,0.190364583333333,-0.0765,-0.0127972406114371
6.1,0.190364583333333,-0.0765,-0.0137210048783221
6.13333333333333,0.190364583333333,-0.0765,-0.0141631191591601
6.16666666666667,0.190364583333333,-0.0765,-0.0142047173402997
6.2,0.190364583333333,-0.0765,-0.0139164362008792
6.23333333333333,0.190364583333333,-0.0765,-0.0133596098507518
6.26666666666667,0.190364583333333,-0.0765,-0.0125873384392979
6.3,0.190715535481771,-0.0765,-0.013163848902069
6.33333333333333,0.190715535481771,-0.0765,-0.0118201072285491
6.36666666666667,0.190715535481771,-0.0765,-0.010416315344519
6.4,0.190715535481771,-0.0765,-0.0089769795486683
6.43333333333333,0.190715535481771,-0.0765,-0.00752268362705859
6.46666666666667,0.190715535481771,-0.0765,-0.00607058238129045
6.5,0.190715535481771,-0.0765,-0.00463484002789833
6.53333333333333,0.190715535481771,-0.0765,-0.00322701919492838
6.56666666666667,0.190601539611816,-0.0765,-0.00136321905472066
6.6,0.190601539611816,-0.0765,-0.000125434449652892
6.63333333333333,0.190601539611816,-0.0765,0.00107393349106523
6.66666666666667,0.190601539611816,-0.0765,0.00222927743287074
6.7,0.190601539611816,-0.0765,0.00333637160696881
6.73333333333333,0.190601539611816,-0.0765,0.00439217224624101
6.76666666666667,0.190601539611816,-0.0765,0.0053946419408649
6.8,0.190601539611816,-0.0765,0.00634259531902013
6.83333333333333,0.190601539611816,-0.0765,0.00723556372219751
6.86666666666667,0.190601539611816,-0.0765,0.00807367678306075
6.9,0.190601539611816,-0.0765,0.00885755902892768
6.93333333333333,0.190601539611816,-0.0765,0.00958823982796231
6.96666666666667,0.190601539611816,-0.0765,0.0102670751700858
7,0.190554618835449,-0.0765,0.0110986841075559
7.03333333333333,0.190554618835449,-0.0765,0.0116425591041763
7.06666666666667,0.190554618835449,-0.0765,0.0121448563966524
7.1,0.190554618835449,-0.0765,0.0126070810051494
7.13333333333333,0.190554618835449,-0.0765,0.0130308691674466
7.16666666666667,0.190554618835449,-0.0765,0.0134179511308898
7.2,0.190554618835449,-0.0765,0.0137701194541477
7.23333333333333,0.190554618835449,-0.0765,0.0140892021525407
7.26666666666667,0.190625,-0.0765,0.014072533830307
7.3,0.190625,-0.0765,0.0143854335852895
7.33333333333333,0.190625,-0.0765,0.0146634284399371
7.36666666666667,0.190625,-0.0765,0.0149091484772417
7.4,0.190625,-0.0765,0.0151250878564831
7.43333333333333,0.190625,-0.0765,0.0153136058256319
7.46666666666667,0.190625,-0.0765,0.0154769286836868
7.5,0.190625,-0.0765,0.0156171525199403
7.53333333333333,0.190625,-0.0765,0.0157362465796125
7.56666666666667,0.190625,-0.0765,0.0158360571251848
7.6,0.190625,-0.0765,0.0159183116804206
7.63333333333333,0.190625,-0.0765,0.0159846235596663
7.66666666666667,0.190625,-0.0765,0.0160364965988367
7.7,0.190625,-0.0765,0.0160753300166656
7.73333333333333,0.190625,-0.0765,0.0161024233455364
7.76666666666667,0.190364583333333,-0.0765,0.0172456820609179
7.8,0.190364583333333,-0.0765,0.0170512694399059
7.83333333333333,0.190364583333333,-0.0765,0.0168755073581251
7.86666666666667,0.190364583333333,-0.0765,0.0167161955185437
7.9,0.190364583333333,-0.0765,0.0165713952868562
7.93333333333333,0.190364583333333,-0.0765,0.0164394001305966
7.96666666666667,0.190364583333333,-0.0765,0.0163187092183356
8,0.190364583333333,-0.0765,0.0162080038566742
8.03333333333333,0.190637334187826,-0.0765,0.0149260615529121
8.06666666666667,0.190637334187826,-0.0765,0.0150430934008099
8.1,0.190637334187826,-0.0765,0.0151387270201402
8.13333333333333,0.190637334187826,-0.0765,0.0152154831641655
8.16666666666667,0.190637334187826,-0.0765,0.0152756271043983
8.2,0.190637334187826,-0.0765,0.0153211926062252
8.23333333333333,0.190637334187826,-0.0765,0.0153540037576339
8.26666666666667,0.190821011861165,-0.0765,0.0145810077608185
8.3,0.190528233846029,-0.0765,0.0160019123070532
8.33333333333333,0.190528233846029,-0.0765,0.0159020845354477
8.36666666666667,0.190528233846029,-0.0765,0.0158086239226123
8.4,0.190528233846029,-0.0765,0.0157210130876797
8.43333333333333,0.190528233846029,-0.0765,0.0156387855576967
8.46666666666667,0.190528233846029,-0.0765,0.0155615203707288
8.5,0.190528233846029,-0.0765,0.0154888372515207
8.53333333333333,0.190528233846029,-0.0765,0.0154203923005557
8.56666666666667,0.190885416666667,-0.0765,0.0138105117356158
8.6,0.190885416666667,-0.0765,0.0140260809153703
8.63333333333333,0.190885416666667,-0.0765,0.0142079496319092
8.66666666666667,0.190885416666667,-0.0765,0.0143602055915916
8.7,0.190885416666667,-0.0765,0.0144864948719124
8.73333333333333,0.190885416666667,-0.0765,0.0145900664991911
8.76666666666667,0.190885416666667,-0.0765,0.0146738127262032
8.8,0.190885416666667,-0.0765,0.014740305411187
8.83333333333333,0.190646171569824,-0.0765,0.0158269300984227
8.86666666666667,0.190646171569824,-0.0765,0.015680346182
8.9,0.190646171569824,-0.0765,0.0155474571037793
8.93333333333333,0.190646171569824,-0.0765,0.0154269570005007
8.96666666666667,0.190646171569824,-0.0765,0.0153176644599474
9,0.190646171569824,-0.0765,0.0152185107863842
9.03333333333333,0.190646171569824,-0.0765,0.0151285293564806
9.06666666666667,0.190625,-0.0765,0.0151384454108745
9.1,0.190767288208008,-0.0765,0.0144322694262988
9.13333333333333,0.190767288208008,-0.0765,0.0144608232387714
9.16666666666667,0.190767288208008,-0.0765,0.0144826910077277
9.2,0.190767288208008,-0.0765,0.0144987809859379
9.23333333333333,0.190767288208008,-0.0765,0.014509897944985
9.26666666666667,0.190767288208008,-0.0765,0.0145167539454161
9.3,0.190767288208008,-0.0765,0.014519978047207
9.33333333333333,0.190767288208008,-0.0765,0.0145201250608389
9.36666666666667,0.190561676025391,-0.0765,0.0154072708324081
9.4,0.190561676025391,-0.0765,0.0152435354990949
9.43333333333333,0.190561676025391,-0.0765,0.0150993670842778
9.46666666666667,0.190561676025391,-0.0765,0.0149726075309086
9.5,0.190561676025391,-0.0765,0.0148613230234746
9.53333333333333,0.190561676025391,-0.0765,0.0147637817112845
9.56666666666667,0.190561676025391,-0.0765,0.0146784335692422
9.6,0.190561676025391,-0.0765,0.0146038921965757
9.63333333333333,0.190561676025391,-0.0765,0.0145389183722046
9.66666666666667,0.190364583333333,-0.0765,0.0153351327676455
9.7,0.190364583333333,-0.0765,0.0151335517297637
9.73333333333333,0.190364583333333,-0.0765,0.0149590276647975
9.76666666666667,0.190364583333333,-0.0765,0.0148083911465931
9.8,0.190364583333333,-0.0765,0.0146788139767007
9.83333333333333,0.190364583333333,-0.0765,0.0145677745033776
9.86666666666667,0.190364583333333,-0.0765,0.014473026320786
9.9,0.190364583333333,-0.0765,0.0143925700292732
9.93333333333333,0.190364583333333,-0.0765,0.0143246277669925
9.96666666666667,0.190364583333333,-0.0765,0.0142676202498658
10,0.190364583333333,-0.0765,0.0142201460811937
10.0333333333333,0.190364583333333,-0.0765,0.0141809631143373
10.0666666666667,0.190587170918783,-0.0765,0.0131859396696497
10.1,0.190587170918783,-0.0765,0.0133324398433226
10.1333333333333,0.190587170918783,-0.0765,0.0134611879345368
10.1666666666667,0.190587170918783,-0.0765,0.0135741195349628
10.2,0.190587170918783,-0.0765,0.0136729726290888
10.2333333333333,0.190587170918783,-0.0765,0.0137593068715694
10.2666666666667,0.190587170918783,-0.0765,0.0138345210459783
10.3,0.190587170918783,-0.0765,0.0138998688721535
10.3333333333333,0.190587170918783,-0.0765,0.0139564733142639
10.3666666666667,0.190699132283529,-0.0765,0.0135209352560451
10.4,0.190699132283529,-0.0765,0.013649615171334
10.4333333333333,0.190699132283529,-0.0765,0.013760633770163
10.4666666666667,0.190699132283529,-0.0765,0.0138560630307273
10.5,0.190699132283529,-0.0765,0.0139377526934505
10.5333333333333,0.190699132283529,-0.0765,0.0140073527352073
10.5666666666667,0.190699132283529,-0.0765,0.0140663336641397
10.6,0.190553410847982,-0.0765,0.01474647309161
10.6333333333333,0.190625,-0.0765,0.0143654850095777
10.6666666666667,0.190625,-0.0765,0.0143576575125711
10.7,0.190625,-0.0765,0.0143495737406018
10.7333333333333,0.190625,-0.0765,0.0143413402555194
10.7666666666667,0.190625,-0.0765,0.0143330473037307
10.8,0.190625,-0.0765,0.014324770794534
10.8333333333333,0.190625,-0.0765,0.0143165740638797
10.8666666666667,0.190625,-0.0765,0.0143085094453273
10.9,0.190625,-0.0765,0.0143006196678459
10.9333333333333,0.190625,-0.0765,0.0142929390982054
10.9666666666667,0.190625,-0.0765,0.0142854948439655
11,0.190625,-0.0765,0.0142783077315055
11.0333333333333,0.190625,-0.0765,0.014271393172116
11.0666666666667,0.190625,-0.0765,0.0142647619278883
11.1,0.190625,-0.0765,0.0142584207879738
11.1333333333333,0.190630213419596,-0.0765,0.0142298171452516
11.1666666666667,0.190699132283529,-0.0765,0.0139299189677121
11.2,0.190699132283529,-0.0765,0.0139812912497169
11.2333333333333,0.190699132283529,-0.0765,0.0140253173689133
11.2666666666667,0.190699132283529,-0.0765,0.0140628818708752
11.3,0.190699132283529,-0.0765,0.0140947726742428
11.3333333333333,0.190699132283529,-0.0765,0.0141216909766841
11.3666666666667,0.190699132283529,-0.0765,0.0141442601899863
11.4,0.190699132283529,-0.0765,0.0141630339962818
11.4333333333333,0.190699132283529,-0.0765,0.0141785036089239
11.4666666666667,0.190699132283529,-0.0765,0.0141911043137936
11.5,0.190699132283529,-0.0765,0.0142012213598017
11.5333333333333,0.190699132283529,-0.0765,0.0142091952609532
11.5666666666667,0.190699132283529,-0.0765,0.0142153265665371
11.6,0.190699132283529,-0.0765,0.0142198801507252
11.6333333333333,0.190625,-0.0765,0.0145438246621074
11.6666666666667,0.190625,-0.0765,0.0144885186837418
11.7,0.190625,-0.0765,0.0144399498432209
11.7333333333333,0.190625,-0.0765,0.0143973783877021
11.7666666666667,0.190625,-0.0765,0.0143601405939441
11.8,0.190625,-0.0765,0.014327641307027
11.8333333333333,0.190625,-0.0765,0.0142993471866257
11.8666666666667,0.190625,-0.0765,0.0142747805954976
11.9,0.190663019816081,-0.0765,0.0140890201726008
11.9333333333333,0.190663019816081,-0.0765,0.0141000969887204
11.9666666666667,0.190663019816081,-0.0765,0.0141098020944596
12,0.190663019816081,-0.0765,0.0141182903342081
12.0333333333333,0.190663019816081,-0.0765,0.0141257002031751
12.0666666666667,0.190663019816081,-0.0765,0.0141321554904455
12.1,0.190663019816081,-0.0765,0.0141377667630014
12.1333333333333,0.190663019816081,-0.0765,0.0141426327056646
12.1666666666667,0.190663019816081,-0.0765,0.0141468413305225
12.2,0.190663019816081,-0.0765,0.0141504710681735
12.2333333333333,0.190663019816081,-0.0765,0.0141535917519761
12.2666666666667,0.190663019816081,-0.0765,0.0141562655054591
12.3,0.190663019816081,-0.0765,0.0141585475421136
12.3333333333333,0.190663019816081,-0.0765,0.0141604868859236
12.3666666666667,0.190663019816081,-0.0765,0.0141621270202251
12.4,0.190625,-0.0765,0.0143280003699165
12.4333333333333,0.190625,-0.0765,0.0142997276713338
12.4666666666667,0.190625,-0.0765,0.0142752063764366
12.5,0.190625,-0.0765,0.0142540031781341
12.5333333333333,0.190625,-0.0765,0.0142357308436995
12.5666666666667,0.190625,-0.0765,0.0142200435806077
12.6,0.190625,-0.0765,0.0142066328501223
12.6333333333333,0.190625,-0.0765,0.0141952235866746
12.6666666666667,0.190691630045573,-0.0765,0.0138972938530357
12.7,0.190691630045573,-0.0765,0.0139407480331416
12.7333333333333,0.190691630045573,-0.0765,0.0139786281803559
12.7666666666667,0.190691630045573,-0.0765,0.014011568165472
12.8,0.190691630045573,-0.0765,0.0140401350282163
12.8333333333333,0.190691630045573,-0.0765,0.0140648356647491
12.8666666666667,0.190691630045573,-0.0765,0.0140861228711682
12.9,0.190885416666667,-0.0765,0.0132659770548261
12.9333333333333,0.190614000956217,-0.0765,0.0146058763381503
12.9666666666667,0.190614000956217,-0.0765,0.0145389743396361
13,0.190614000956217,-0.0765,0.0144804355581416
13.0333333333333,0.190614000956217,-0.0765,0.0144293243683415
13.0666666666667,0.190614000956217,-0.0765,0.0143848026733685
13.1,0.190614000956217,-0.0765,0.0143461202274457
13.1333333333333,0.190614000956217,-0.0765,0.0143126058844
13.1666666666667,0.190614000956217,-0.0765,0.0142836596859275
13.2,0.190614000956217,-0.0765,0.0142587457113166
13.2333333333333,0.190614000956217,-0.0765,0.0142373856174693
13.2666666666667,0.190614000956217,-0.0765,0.0142191528045595
13.3,0.190614000956217,-0.0765,0.0142036671485809
13.3333333333333,0.190614000956217,-0.0765,0.01419059024742
13.3666666666667,0.190614000956217,-0.0765,0.0141796211319917
13.4,0.190614000956217,-0.0765,0.014170492398435
13.4333333333333,0.190663019816081,-0.0765,0.0139508851236412
13.4666666666667,0.190663019816081,-0.0765,0.0139826904240733
13.5,0.190663019816081,-0.0765,0.0140106121522231
13.5333333333333,0.190663019816081,-0.0765,0.0140350785470193
13.5666666666667,0.190663019816081,-0.0765,0.0140564736463097
13.6,0.190663019816081,-0.0765,0.0140751416413421
13.6333333333333,0.190663019816081,-0.0765,0.0140913908169126
13.6666666666667,0.190625,-0.0765,0.0142699910136987
13.7,0.190605735778809,-0.0765,0.014336122938461
13.7333333333333,0.190605735778809,-0.0765,0.0143062704305611
13.7666666666667,0.190605735778809,-0.0765,0.0142804278099322
13.8,0.190605735778809,-0.0765,0.0142581272136092
13.8333333333333,0.190605735778809,-0.0765,0.0142389509260368
13.8666666666667,0.190605735778809,-0.0765,0.0142225263030436
13.9,0.190605735778809,-0.0765,0.0142085211887952
13.9333333333333,0.190605735778809,-0.0765,0.014196639779328
13.9666666666667,0.190534019470215,-0.0765,0.0144969016950549
14,0.190534019470215,-0.0765,0.0144330023213605
14.0333333333333,0.190534019470215,-0.0765,0.014377968615046
14.0666666666667,0.190534019470215,-0.0765,0.0143307488270015
14.1,0.190534019470215,-0.0765,0.0142904050851231
14.1333333333333,0.190534019470215,-0.0765,0.0142561017886372
14.1666666666667,0.190534019470215,-0.0765,0.0142270951350984
14.2,0.190534019470215,-0.0765,0.0142027236730599
14.2333333333333,0.190571721394857,-0.0765,0.0140192812521665
14.2666666666667,0.190571721394857,-0.0765,0.0140316629990244
14.3,0.190571721394857,-0.0765,0.0140431937779463
14.3333333333333,0.190571721394857,-0.0765,0.0140539204294148
14.3666666666667,0.190571721394857,-0.0765,0.0140638883757443
14.4,0.190571721394857,-0.0765,0.014073141509894
14.4333333333333,0.190885416666667,-0.0765,0.0127245099169785
14.4666666666667,0.190885416666667,-0.0765,0.0129752441013119
14.5,0.19069709777832,-0.0765,0.0140075796195098
14.5333333333333,0.19069709777832,-0.0765,0.0140500634061804
14.5666666666667,0.19069709777832,-0.0765,0.0140861912979952
14.6,0.19069709777832,-0.0765,0.0141167424223902
14.6333333333333,0.19069709777832,-0.0765,0.0141424100282221
14.6666666666667,0.19069709777832,-0.0765,0.0141638103352358
14.7,0.19069709777832,-0.0765,0.0141814905134156
14.7333333333333,0.19069709777832,-0.0765,0.0141959358748516
14.7666666666667,0.19069709777832,-0.0765,0.0142075763531165
14.8,0.190625,-0.0765,0.0145287255831786
14.8333333333333,0.190625,-0.0765,0.0144800528584886
14.8666666666667,0.190625,-0.0765,0.0144370746698608
14.9,0.190625,-0.0765,0.0143991800953976
14.9333333333333,0.190625,-0.0765,0.014365820065283
14.9666666666667,0.190625,-0.0765,0.0143365013552356
15,0.190625,-0.0765,0.0143107811451751
15.0333333333333,0.190625,-0.0765,0.0142882620912108
15.0666666666667,0.190767288208008,-0.0765,0.0136529735760258
15.1,0.190767288208008,-0.0765,0.0137459492525622
15.1333333333333,0.190767288208008,-0.0765,0.013826389625308
15.1666666666667,0.190767288208008,-0.0765,0.013895759879676
15.2,0.190625,-0.0765,0.0145709822851109
15.2333333333333,0.190625,-0.0765,0.0145118705353957
15.2666666666667,0.190625,-0.0765,0.0144599778883252
15.3,0.190625,-0.0765,0.0144145090043638
15.3333333333333,0.19059321085612,-0.0765,0.0145122872504482
15.3666666666667,0.19059321085612,-0.0765,0.0144529964999036
15.4,0.19059321085612,-0.0765,0.0144015048760911
15.4333333333333,0.19059321085612,-0.0765,0.0143569150859419
15.4666666666667,0.19059321085612,-0.0765,0.0143184250432804
15.5,0.19059321085612,-0.0765,0.0142853183052862
15.5333333333333,0.19059321085612,-0.0765,0.0142569554322027
15.5666666666667,0.19059321085612,-0.0765,0.0142327661838181
15.6,0.190672620137533,-0.0765,0.0138686757872239
15.6333333333333,0.190672620137533,-0.0765,0.0139128244033938
15.6666666666667,0.190672620137533,-0.0765,0.0139515384366478
15.7,0.190672620137533,-0.0765,0.0139854211247
15.7333333333333,0.190672620137533,-0.0765,0.0140150131122402
15.7666666666667,0.190672620137533,-0.0765,0.0140407986435854
15.8,0.190672620137533,-0.0765,0.0140632111640379
15.8333333333333,0.190672620137533,-0.0765,0.0140826383848728
15.8666666666667,0.190571721394857,-0.0765,0.0145359683608165
15.9,0.190571721394857,-0.0765,0.0144723367145299
15.9333333333333,0.190571721394857,-0.0765,0.0144171291158218
15.9666666666667,0.190740394592285,-0.0765,0.0136396016331623
16,0.190740394592285,-0.0765,0.0137289685546928
16.0333333333333,0.190740394592285,-0.0765,0.0138066233974701
16.0666666666667,0.190740394592285,-0.0765,0.0138739133367048
16.1,0.190740394592285,-0.0765,0.0139320425057349
16.1333333333333,0.190850766499837,-0.0765,0.0135045589413
16.1666666666667,0.190850766499837,-0.0765,0.0136329000276374
16.2,0.190850766499837,-0.0765,0.0137435108359779
16.2333333333333,0.190850766499837,-0.0765,0.0138384890198548
16.2666666666667,0.190850766499837,-0.0765,0.013919705543514
16.3,0.190850766499837,-0.0765,0.0139888277521579
16.3333333333333,0.190850766499837,-0.0765,0.014047340193072
16.3666666666667,0.190850766499837,-0.0765,0.0140965633999146
16.4,0.190583928426107,-0.0765,0.0152921539274267
16.4333333333333,0.190583928426107,-0.0765,0.0151196670302326
16.4666666666667,0.190583928426107,-0.0765,0.0149687372276959
16.5,0.190583928426107,-0.0765,0.0148369546546914
16.5333333333333,0.190583928426107,-0.0765,0.0147221604479299
16.5666666666667,0.190583928426107,-0.0765,0.0146224218581555
16.6,0.190583928426107,-0.0765,0.0145360097419522
16.6333333333333,0.190583928426107,-0.0765,0.0144613782119272
16.6666666666667,0.190528233846029,-0.0765,0.0146381105497869
16.7,0.190528233846029,-0.0765,0.0145399403602433
16.7333333333333,0.190528233846029,-0.0765,0.0144556205546446
16.7666666666667,0.190591049194336,-0.0765,0.014111725030485
16.8,0.190591049194336,-0.0765,0.0140989409768928
16.8333333333333,0.190591049194336,-0.0765,0.0140890443998762
16.8666666666667,0.190591049194336,-0.0765,0.0140816270715683
16.9,0.190591049194336,-0.0765,0.0140763292157251
16.9333333333333,0.190767288208008,-0.0765,0.0133103307940217
16.9666666666667,0.190767288208008,-0.0765,0.0134447615315755
17,0.190767288208008,-0.0765,0.0135621733779959
17.0333333333333,0.190767288208008,-0.0765,0.0136644850454261
17.0666666666667,0.190767288208008,-0.0765,0.013753414191142
17.1,0.190767288208008,-0.0765,0.0138304974435461
17.1333333333333,0.190767288208008,-0.0765,0.0138971085066162
17.1666666666667,0.190767288208008,-0.0765,0.0139544745219653
17.2,0.190734163920085,-0.0765,0.0141470040970497
17.2333333333333,0.190734163920085,-0.0765,0.0141634110204851
17.2666666666667,0.190734163920085,-0.0765,0.0141769552662118
17.3,0.190734163920085,-0.0765,0.0141880112038866
17.3333333333333,0.190734163920085,-0.0765,0.0141969104089739
17.3666666666667,0.190734163920085,-0.0765,0.0142039461777194
17.4,0.190734163920085,-0.0765,0.0142093775907612
17.4333333333333,0.190734163920085,-0.0765,0.0142134331687759
17.4666666666667,0.190571022033691,-0.0765,0.0149221525251267
17.5,0.190625,-0.0765,0.0145642343285092
17.5333333333333,0.190500132242839,-0.0765,0.0150379717816855
17.5666666666667,0.190500132242839,-0.0765,0.014883478592746
17.6,0.190500132242839,-0.0765,0.0147496161615841
17.6333333333333,0.190500132242839,-0.0765,0.014633988317603
17.6666666666667,0.190500132242839,-0.0765,0.0145344548178456
17.7,0.190500132242839,-0.0765,0.0144491055130903
17.7333333333333,0.190625,-0.0765,0.0138359928435021
17.7666666666667,0.190625,-0.0765,0.0138707292874751
17.8,0.190625,-0.0765,0.0139021120033831
17.8333333333333,0.190625,-0.0765,0.0139304500212728
17.8666666666667,0.190625,-0.0765,0.0139560247815413
17.9,0.190625,-0.0765,0.0139790925424025
17.9333333333333,0.190625,-0.0765,0.0139998865808896
17.9666666666667,0.190625,-0.0765,0.0140186192048627
18,0.190430450439453,-0.0765,0.0148772082213263
18.0333333333333,0.190430450439453,-0.0765,0.0147418078207412
18.0666666666667,0.190430450439453,-0.0765,0.0146250761172242
18.1,0.190430450439453,-0.0765,0.0145248050259099
18.1333333333333,0.190430450439453,-0.0765,0.0144390251272675
18.1666666666667,0.190430450439453,-0.0765,0.0143659813708659
18.2,0.190430450439453,-0.0765,0.0143041111485244
18.2333333333333,0.190430450439453,-0.0765,0.0142520245131483
18.2666666666667,0.190430450439453,-0.0765,0.0142084863401395
18.3,0.190430450439453,-0.0765,0.0141724002470072
18.3333333333333,0.190430450439453,-0.0765,0.0141427941038466
18.3666666666667,0.190430450439453,-0.0765,0.0141188069828534
18.4,0.190430450439453,-0.0765,0.0140996774091363
18.4333333333333,0.190430450439453,-0.0765,0.0140847327879058
18.4666666666667,0.190430450439453,-0.0765,0.0140733798947651
18.5,0.190430450439453,-0.0765,0.0140650963264179
18.5333333333333,0.190625,-0.0765,0.0132176981894253
18.5666666666667,0.190625,-0.0765,0.0133648039976705
18.6,0.190625,-0.0765,0.0134935624756887
18.6333333333333,0.190625,-0.0765,0.0136060185297247
18.6666666666667,0.190625,-0.0765,0.0137040046853699
18.7,0.190625,-0.0765,0.0137891620929342
18.7333333333333,0.190625,-0.0765,0.0138629595287833
18.7666666666667,0.190625,-0.0765,0.0139267105786113
18.8,0.190428034464518,-0.0765,0.0148337665905555
18.8333333333333,0.190428034464518,-0.0765,0.014728378907964
18.8666666666667,0.190428034464518,-0.0765,0.0146365547168081
18.9,0.190428034464518,-0.0765,0.0145567453021662
18.9333333333333,0.190428034464518,-0.0765,0.0144875658337433
18.9666666666667,0.190428034464518,-0.0765,0.0144277789156104
19,0.190428034464518,-0.0765,0.0143762797242236
19.0333333333333,0.190428034464518,-0.0765,0.0143320825858836
19.0666666666667,0.190428034464518,-0.0765,0.0142943088584176
19.1,0.190428034464518,-0.0765,0.0142621759942589
19.1333333333333,0.190428034464518,-0.0765,0.0142349876733942
19.1666666666667,0.190428034464518,-0.0765,0.0142121249049068
19.2,0.190428034464518,-0.0765,0.0141930380051926
19.2333333333333,0.190428034464518,-0.0765,0.0141772393694189
19.2666666666667,0.190428034464518,-0.0765,0.0141642969605299
19.3,0.190625,-0.0765,0.0133016510283047
19.3333333333333,0.190420405069987,-0.0765,0.014330946867904
19.3666666666667,0.190420405069987,-0.0765,0.0142980950730257
19.4,0.190420405069987,-0.0765,0.0142699930828992
19.4333333333333,0.190420405069987,-0.0765,0.0142460623716852
19.4666666666667,0.190420405069987,-0.0765,0.0142257882159323
19.5,0.190420405069987,-0.0765,0.0142087131031961
19.5333333333333,0.190420405069987,-0.0765,0.0141944307907221
19.5666666666667,0.190420405069987,-0.0765,0.014182580952271
19.6,0.190420405069987,-0.0765,0.0141728443569057
19.6333333333333,0.190420405069987,-0.0765,0.0141649385287778
19.6666666666667,0.190420405069987,-0.0765,0.0141586138417006
19.7,0.190420405069987,-0.0765,0.0141536500066072
19.7333333333333,0.190420405069987,-0.0765,0.01414985291391
19.7666666666667,0.190420405069987,-0.0765,0.0141470517963477
19.8,0.190420405069987,-0.0765,0.01414509668113
19.8333333333333,0.190420405069987,-0.0765,0.0141438561031419
19.8666666666667,0.190526453653971,-0.0765,0.0136843926086351
19.9,0.190526453653971,-0.0765,0.0137663273503427
19.9333333333333,0.190526453653971,-0.0765,0.0138376620688418
19.9666666666667,0.190526453653971,-0.0765,0.0138996036647832
20,0.190526453653971,-0.0765,0.0139532319065986
20.0333333333333,0.190526453653971,-0.0765,0.0139995121324447
20.0666666666667,0.190526453653971,-0.0765,0.0140393067310182
20.1,0.190526453653971,-0.0765,0.0140733855152336
20.1333333333333,0.190526453653971,-0.0765,0.0141024350923687
20.1666666666667,0.190526453653971,-0.0765,0.0141270673248065
20.2,0.190526453653971,-0.0765,0.0141478269668902
20.2333333333333,0.190526453653971,-0.0765,0.0141651985555574
20.2666666666667,0.190526453653971,-0.0765,0.0141796126252869
20.3,0.190526453653971,-0.0765,0.0141914513113867
20.3333333333333,0.190707651774089,-0.0765,0.0134170941861839
20.3666666666667,0.190707651774089,-0.0765,0.0135649985497173
20.4,0.190707651774089,-0.0765,0.0136924165608959
20.4333333333333,0.190707651774089,-0.0765,0.0138017743647709
20.4666666666667,0.190707651774089,-0.0765,0.0138952357978495
20.5,0.190707651774089,-0.0765,0.0139747290894424
20.5333333333333,0.190707651774089,-0.0765,0.0140419709595846
20.5666666666667,0.190707651774089,-0.0765,0.0140984883592664
20.6,0.190707651774089,-0.0765,0.0141456380761023
20.6333333333333,0.190451367696126,-0.0765,0.0152934453167211
20.6666666666667,0.190451367696126,-0.0765,0.0151269840831529
20.7,0.190451367696126,-0.0765,0.0149809844135766
20.7333333333333,0.190451367696126,-0.0765,0.0148531823484193
20.7666666666667,0.190451367696126,-0.0765,0.0147415480681686
20.8,0.190451367696126,-0.0765,0.014644262797862
20.8333333333333,0.190451367696126,-0.0765,0.0145596979110313
20.8666666666667,0.190625,-0.0765,0.013735170551274
20.9,0.190625,-0.0765,0.013806211752819
20.9333333333333,0.190625,-0.0765,0.0138680188162552
20.9666666666667,0.190625,-0.0765,0.013921652341162
21,0.190625,-0.0765,0.013968060254931
21.0333333333333,0.190625,-0.0765,0.0140080891541069
21.0666666666667,0.190625,-0.0765,0.0140424945484167
21.1,0.190625,-0.0765,0.0140719501104887
21.1333333333333,0.190625,-0.0765,0.01409705602482
21.1666666666667,0.190625,-0.0765,0.014118346520963
21.2,0.190625,-0.0765,0.0141362966680844
21.2333333333333,0.190625,-0.0765,0.014151328500935
21.2666666666667,0.190625,-0.0765,0.0141638165407989
21.3,0.190625,-0.0765,0.0141740927691105
21.3333333333333,0.190625,-0.0765,0.0141824511060666
21.3666666666667,0.190625,-0.0765,0.0141891514417056
21.4,0.190364583333333,-0.0765,0.015321123942765
21.4333333333333,0.190364583333333,-0.0765,0.0151236192478015
21.4666666666667,0.190364583333333,-0.0765,0.0149521073309009
21.5,0.190364583333333,-0.0765,0.0148035945889312
21.5333333333333,0.190364583333333,-0.0765,0.014675405379864
21.5666666666667,0.190364583333333,-0.0765,0.0145651500546308
21.6,0.190364583333333,-0.0765,0.0144706960775366
21.6333333333333,0.19060853322347,-0.0765,0.0133346852782117
21.6666666666667,0.190496699015299,-0.0765,0.0139389969309143
21.7,0.190496699015299,-0.0765,0.0139582670988901
21.7333333333333,0.190496699015299,-0.0765,0.0139761271296459
21.7666666666667,0.190496699015299,-0.0765,0.0139926684106212
21.8,0.190496699015299,-0.0765,0.01400797741717
21.8333333333333,0.190496699015299,-0.0765,0.0140221358717317
21.8666666666667,0.190496699015299,-0.0765,0.0140352209114359
21.9,0.190496699015299,-0.0765,0.0140473052616372
21.9333333333333,0.190707651774089,-0.0765,0.0131457638445879
21.9666666666667,0.190707651774089,-0.0765,0.0133193158222134
22,0.190707651774089,-0.0765,0.0134701559513591
22.0333333333333,0.190707651774089,-0.0765,0.0136008929071789
22.0666666666667,0.190707651774089,-0.0765,0.013713858712578
22.1,0.190707651774089,-0.0765,0.0138111365262906
22.1333333333333,0.190707651774089,-0.0765,0.0138945857480078
22.1666666666667,0.190707651774089,-0.0765,0.0139658646919047
22.2,0.190451367696126,-0.0765,0.015135271965657
22.2333333333333,0.190451367696126,-0.0765,0.0149881293958174
22.2666666666667,0.190451367696126,-0.0765,0.0148593915914802
22.3,0.190451367696126,-0.0765,0.0147469980269428
22.3333333333333,0.190451367696126,-0.0765,0.0146491031077403
22.3666666666667,0.190451367696126,-0.0765,0.0145640548314872
22.4,0.190578587849935,-0.0765,0.0139399536014007
22.4333333333333,0.190578587849935,-0.0765,0.0139747848030769
22.4666666666667,0.190428479512533,-0.0765,0.0146547225091857
22.5,0.190428479512533,-0.0765,0.0145651792487008
22.5333333333333,0.190428479512533,-0.0765,0.0144878022198559
22.5666666666667,0.190428479512533,-0.0765,0.0144211652042035
22.6,0.190428479512533,-0.0765,0.0143639952035783
22.6333333333333,0.190428479512533,-0.0765,0.0143151569114344
22.6666666666667,0.190428479512533,-0.0765,0.0142736386934022
22.7,0.190428479512533,-0.0765,0.0142385399349611
22.7333333333333,0.19069709777832,-0.0765,0.0130468744772306
22.7666666666667,0.190905253092448,-0.0765,0.0123296085844804
22.8,0.190905253092448,-0.0765,0.0126504181746426
22.8333333333333,0.190905253092448,-0.0765,0.0129286856212541
22.8666666666667,0.190905253092448,-0.0765,0.0131693346215981
22.9,0.190905253092448,-0.0765,0.0133767640935293
22.9333333333333,0.190905253092448,-0.0765,0.0135549010742339
22.9666666666667,0.190905253092448,-0.0765,0.0137072484979528
23,0.190691630045573,-0.0765,0.0147611749852146
23.0333333333333,0.190691630045573,-0.0765,0.0147056329022492
23.0666666666667,0.190691630045573,-0.0765,0.0146548581201715
23.1,0.190691630045573,-0.0765,0.0146084643333071
23.1333333333333,0.190691630045573,-0.0765,0.0145660951607768
23.1666666666667,0.190544827779134,-0.0765,0.015162566419156
23.2,0.190544827779134,-0.0765,0.0150136679537126
23.2333333333333,0.190544827779134,-0.0765,0.0148831264914951
23.2666666666667,0.190649795532227,-0.0765,0.014314762612862
23.3,0.190649795532227,-0.0765,0.0142962859800028
23.3333333333333,0.190649795532227,-0.0765,0.0142797774716342
23.3666666666667,0.190649795532227,-0.0765,0.0142650443924516
23.4,0.190649795532227,-0.0765,0.014251911983982
23.4333333333333,0.190649795532227,-0.0765,0.014240221810403
23.4666666666667,0.190649795532227,-0.0765,0.0142298302861444
23.5,0.190649795532227,-0.0765,0.0142206073330528
23.5333333333333,0.190506807963053,-0.0765,0.0148310752511219
23.5666666666667,0.19045836130778,-0.0765,0.0149227874539487
23.6,0.19045836130778,-0.0765,0.0147830932998801
23.6333333333333,0.19045836130778,-0.0765,0.0146623077965791
23.6666666666667,0.19045836130778,-0.0765,0.0145582214926759
23.7,0.19045836130778,-0.0765,0.0144688616864531
23.7333333333333,0.19045836130778,-0.0765,0.0143924684813832
23.7666666666667,0.19045836130778,-0.0765,0.0143274731648873
23.8,0.19045836130778,-0.0765,0.0142724786918682
23.8333333333333,0.190528233846029,-0.0765,0.013923936398918
23.8666666666667,0.190528233846029,-0.0765,0.013939430906433
23.9,0.190528233846029,-0.0765,0.0139543421571866
23.9333333333333,0.190663019816081,-0.0765,0.0133854897290634
23.9666666666667,0.190663019816081,-0.0765,0.013503486975715
24,0.190663019816081,-0.0765,0.0136068560654979
24.0333333333333,0.190663019816081,-0.0765,0.0136972253897486
24.0666666666667,0.190663019816081,-0.0765,0.0137760541619598
24.1,0.190767288208008,-0.0765,0.0133935287750028
24.1333333333333,0.190767288208008,-0.0765,0.0135337583753704
24.1666666666667,0.190767288208008,-0.0765,0.0136551427273855
24.2,0.190767288208008,-0.0765,0.0137598778301932
24.2333333333333,0.190767288208008,-0.0765,0.0138499246628669
24.2666666666667,0.190767288208008,-0.0765,0.0139270329400753
24.3,0.190767288208008,-0.0765,0.0139927625634854
24.3333333333333,0.190625,-0.0765,0.0146641172732544
24.3666666666667,0.190625,-0.0765,0.0146009805385055
24.4,0.190625,-0.0765,0.0145449650820824
24.4333333333333,0.190625,-0.0765,0.0144953259557599
24.4666666666667,0.190625,-0.0765,0.0144513922429081
24.5,0.190625,-0.0765,0.0144125599715013
24.5333333333333,0.190625,-0.0765,0.0143782856864399
24.5666666666667,0.190625,-0.0765,0.0143480806212191
24.6,0.190625,-0.0765,0.0143215054143341
24.6333333333333,0.190625,-0.0765,0.0142981653206923
24.6666666666667,0.190625,-0.0765,0.0142777058727636
24.7,0.190840085347493,-0.0765,0.0133292356100754
24.7333333333333,0.190840085347493,-0.0765,0.0134800819003381
24.7666666666667,0.190840085347493,-0.0765,0.0136106158565874
24.8,0.190840085347493,-0.0765,0.0137232101630429
24.8333333333333,0.190840085347493,-0.0765,0.013819983031067
24.8666666666667,0.190840085347493,-0.0765,0.0139028239673551
24.9,0.190840085347493,-0.0765,0.0139734170389017
24.9333333333333,0.190840085347493,-0.0765,0.0140332618703812
24.9666666666667,0.190691630045573,-0.0765,0.0147259889962589
25,0.190691630045573,-0.0765,0.0146532938376238
25.0333333333333,0.190691630045573,-0.0765,0.0145888380908554
25.0666666666667,0.190691630045573,-0.0765,0.0145317595173044
25.1,0.190691630045573,-0.0765,0.0144812814593095
25.1333333333333,0.190691630045573,-0.0765,0.0144367046625205
25.1666666666667,0.190691630045573,-0.0765,0.0143973998574962
25.2,0.190691630045573,-0.0765,0.0143628010316573
25.2333333333333,0.190571657816569,-0.0765,0.0148514628502168
25.2666666666667,0.190571657816569,-0.0765,0.0147319481350078
25.3,0.190571657816569,-0.0765,0.0146282202221208
25.3333333333333,0.190571657816569,-0.0765,0.0145384593134874
25.3666666666667,0.190571657816569,-0.0765,0.0144610389063354
25.4,0.190571657816569,-0.0765,0.0143945063639102
25.4333333333333,0.190571657816569,-0.0765,0.0143375653626802
25.4666666666667,0.190625,-0.0765,0.0140582734506765
25.5,0.190663019816081,-0.0765,0.0138939645565122
25.5333333333333,0.190663019816081,-0.0765,0.0139245257337082
25.5666666666667,0.190663019816081,-0.0765,0.0139519200321697
25.6,0.190663019816081,-0.0765,0.0139764597387113
25.6333333333333,0.190663019816081,-0.0765,0.0139984274370292
25.6666666666667,0.190663019816081,-0.0765,0.0140180787561031
25.7,0.190663019816081,-0.0765,0.0140356448697734
25.7333333333333,0.190663019816081,-0.0765,0.0140513347696281
25.7666666666667,0.190663019816081,-0.0765,0.01406533733139
25.8,0.190663019816081,-0.0765,0.0140778231932226
25.8333333333333,0.190663019816081,-0.0765,0.0140889464627602
25.8666666666667,0.190663019816081,-0.0765,0.01409884626818
25.9,0.190663019816081,-0.0765,0.014107648167296
25.9333333333333,0.190663019816081,-0.0765,0.0141154654274125
25.9666666666667,0.190663019816081,-0.0765,0.0141224001875554
26,0.190504328409831,-0.0765,0.0148151277407122
26.0333333333333,0.190504328409831,-0.0765,0.0146977448420559
26.0666666666667,0.190504328409831,-0.0765,0.0145962071621627
26.1,0.190504328409831,-0.0765,0.0145086623212562
26.1333333333333,0.190504328409831,-0.0765,0.0144334566639832
26.1666666666667,0.190504328409831,-0.0765,0.014369115134984
26.2,0.190504328409831,-0.0765,0.0143143231093955
26.2333333333333,0.190625,-0.0765,0.0137458206653697
26.2666666666667,0.190663019816081,-0.0765,0.0136356453850994
26.3,0.190663019816081,-0.0765,0.0137132715153084
26.3333333333333,0.190663019816081,-0.0765,0.0137814698621585
26.3666666666667,0.190663019816081,-0.0765,0.0138412752439388
26.4,0.190663019816081,-0.0765,0.0138936160723116
26.4333333333333,0.190663019816081,-0.0765,0.0139393248025055
26.4666666666667,0.190663019816081,-0.0765,0.0139791473917142
26.5,0.190663019816081,-0.0765,0.0140137518573625
26.5333333333333,0.190603065490723,-0.0765,0.0143031302426102
26.5666666666667,0.190603065490723,-0.0765,0.014282626871491
26.6,0.190603065490723,-0.0765,0.0142647410310956
26.6333333333333,0.190603065490723,-0.0765,0.0142491740800084
26.6666666666667,0.190603065490723,-0.0765,0.0142356590197245
26.7,0.190603065490723,-0.0765,0.0142239573125528
26.7333333333333,0.190603065490723,-0.0765,0.014213856007338
26.7666666666667,0.190603065490723,-0.0765,0.0142051651441051
26.8,0.190436744689941,-0.0765,0.0149173074474091
26.8333333333333,0.190436744689941,-0.0765,0.0147822235316612
26.8666666666667,0.190436744689941,-0.0765,0.0146653660296055
26.9,0.190436744689941,-0.0765,0.0145646037844316
26.9333333333333,0.190436744689941,-0.0765,0.0144780343433657
26.9666666666667,0.190436744689941,-0.0765,0.014403960789858
27,0.190436744689941,-0.0765,0.0143408708270013
27.0333333333333,0.190540758768717,-0.0765,0.0138373978042858
27.0666666666667,0.190625,-0.0765,0.013508413846876
27.1,0.190625,-0.0765,0.0136056751578423
27.1333333333333,0.190625,-0.0765,0.0136910765914037
27.1666666666667,0.190625,-0.0765,0.0137659227753988
27.2,0.190625,-0.0765,0.0138313840040245
27.2333333333333,0.190625,-0.0765,0.0138885094429715
27.2666666666667,0.190625,-0.0765,0.0139382390804664
27.3,0.190625,-0.0765,0.0139814145401847
27.3333333333333,0.190670967102051,-0.0765,0.0138199107873236
27.3666666666667,0.190670967102051,-0.0765,0.0138877336602572
27.4,0.190670967102051,-0.0765,0.0139462571712688
27.4333333333333,0.190670967102051,-0.0765,0.0139965743946125
27.4666666666667,0.190670967102051,-0.0765,0.014039660890527
27.5,0.190670967102051,-0.0765,0.0140763866150059
27.5333333333333,0.190670967102051,-0.0765,0.014107526672401
27.5666666666667,0.190670967102051,-0.0765,0.014133771019777
27.6,0.190603065490723,-0.0765,0.014449511621959
27.6333333333333,0.190885416666667,-0.0765,0.0131935830629534
27.6666666666667,0.190885416666667,-0.0765,0.0133815794345107
27.7,0.190885416666667,-0.0765,0.0135436620192107
27.7333333333333,0.190885416666667,-0.0765,0.0136828923783853
27.7666666666667,0.190885416666667,-0.0765,0.0138020015370986
27.8,0.190625,-0.0765,0.0150301242791062
27.8333333333333,0.190625,-0.0765,0.0149144764202574
27.8666666666667,0.190528233846029,-0.0765,0.0152309398416896
27.9,0.190528233846029,-0.0765,0.0150658622354162
27.9333333333333,0.190528233846029,-0.0765,0.0149215542405556
27.9666666666667,0.190528233846029,-0.0765,0.0147956847365842
28,0.190528233846029,-0.0765,0.0146861660536192
28.0333333333333,0.190528233846029,-0.0765,0.0145911297867892
28.0666666666667,0.190528233846029,-0.0765,0.0145089049264525
28.1,0.190528233846029,-0.0765,0.0144379980887058
28.1333333333333,0.190576553344727,-0.0765,0.0141680198599632
28.1666666666667,0.190576553344727,-0.0765,0.0141532888558888
28.2,0.190576553344727,-0.0765,0.0141412739563792
28.2333333333333,0.190576553344727,-0.0765,0.0141316145995122
28.2666666666667,0.190576553344727,-0.0765,0.0141239916789654
28.3,0.190576553344727,-0.0765,0.0141181231589246
28.3333333333333,0.190576553344727,-0.0765,0.0141137601279067
28.3666666666667,0.190576553344727,-0.0765,0.0141106832492695
28.4,0.190576553344727,-0.0765,0.0141086995701272
28.4333333333333,0.190364583333333,-0.0765,0.0150247343971409
28.4666666666667,0.190364583333333,-0.0765,0.0148603948537159
28.5,0.190364583333333,-0.0765,0.0147187109865234
28.5333333333333,0.190364583333333,-0.0765,0.0145970053695185
28.5666666666667,0.190446408589681,-0.0765,0.014138870247086
28.6,0.190446408589681,-0.0765,0.0141135449561357
28.6333333333333,0.190446408589681,-0.0765,0.0140932892661186
28.6666666666667,0.190446408589681,-0.0765,0.0140774068645356
28.7,0.190302594502767,-0.0765,0.0146874991821172
28.7333333333333,0.190302594502767,-0.0765,0.014567287042814
28.7666666666667,0.190302594502767,-0.0765,0.0144647484425724
28.8,0.190302594502767,-0.0765,0.0143777250714082
28.8333333333333,0.190302594502767,-0.0765,0.0143042964513806
28.8666666666667,0.190302594502767,-0.0765,0.014242755409187
28.9,0.190302594502767,-0.0765,0.0141915859631107
28.9333333333333,0.190625,-0.0765,0.0127545461414339
28.9666666666667,0.190625,-0.0765,0.0129697658504095
29,0.190625,-0.0765,0.013158289236681
29.0333333333333,0.190625,-0.0765,0.013323084651372
29.0666666666667,0.190625,-0.0765,0.0134668125212176
29.1,0.190625,-0.0765,0.0135918557846234
29.1333333333333,0.190625,-0.0765,0.0137003474249329
29.1666666666667,0.190625,-0.0765,0.0137941953702275
29.2,0.190569178263346,-0.0765,0.0141166194569984
29.2333333333333,0.190569178263346,-0.0765,0.0141429105468756
29.2666666666667,0.190569178263346,-0.0765,0.014164942225816
29.3,0.190569178263346,-0.0765,0.0141832513929396
29.3333333333333,0.190745162963867,-0.0765,0.013436911802377
29.3666666666667,0.190745162963867,-0.0765,0.0135853570045243
29.4,0.190745162963867,-0.0765,0.0137130812794859
29.4333333333333,0.190745162963867,-0.0765,0.0138225454670249
29.4666666666667,0.190625,-0.0765,0.0144358327676422
29.5,0.190625,-0.0765,0.0144221203815394
29.5333333333333,0.190625,-0.0765,0.0144085153491608
29.5666666666667,0.190625,-0.0765,0.0143951118739264
29.6,0.190625,-0.0765,0.0143819869836184
29.6333333333333,0.190625,-0.0765,0.0143692027564601
29.6666666666667,0.190625,-0.0765,0.0143568082966804
29.7,0.190625,-0.0765,0.0143448414855913
29.7333333333333,0.190885416666667,-0.0765,0.0132066298513691
29.7666666666667,0.190885416666667,-0.0765,0.0133971450052189
29.8,0.190885416666667,-0.0765,0.0135611079179979
29.8333333333333,0.190885416666667,-0.0765,0.013701675531534
29.8666666666667,0.190885416666667,-0.0765,0.0138216625215698
29.9,0.190885416666667,-0.0765,0.0139235762100165
29.9333333333333,0.190885416666667,-0.0765,0.0140096480677798
29.9666666666667,0.190885416666667,-0.0765,0.0140818621303833
30,0.190591049194336,-0.0765,0.01541557049922
30.0333333333333,0.190591049194336,-0.0765,0.0152373302284227
30.0666666666667,0.190591049194336,-0.0765,0.0150805096188815
30.1,0.190710830688477,-0.0765,0.0144245359176793
30.1333333333333,0.190710830688477,-0.0765,0.0143964953728797
30.1666666666667,0.190710830688477,-0.0765,0.0143711264884051
30.2,0.190710830688477,-0.0765,0.0143481923216414
30.2333333333333,0.190710830688477,-0.0765,0.0143274759954984
30.2666666666667,0.191027005513509,-0.0765,0.0129408389950402
30.3,0.191027005513509,-0.0765,0.0131686844489951
30.3333333333333,0.191027005513509,-0.0765,0.0133653711498568
30.3666666666667,0.191027005513509,-0.0765,0.0135345719463178
30.4,0.191027005513509,-0.0765,0.0136795633779241
30.4333333333333,0.191027005513509,-0.0765,0.0138032659807735
30.4666666666667,0.191027005513509,-0.0765,0.0139082806648594
30.5,0.191027005513509,-0.0765,0.0139969215338161
30.5333333333333,0.190591049194336,-0.0765,0.0159574238441936
30.5666666666667,0.190591049194336,-0.0765,0.0156818474042863
30.6,0.190591049194336,-0.0765,0.0154406685907957
30.6333333333333,0.190591049194336,-0.0765,0.0152300488859961
30.6666666666667,0.190591049194336,-0.0765,0.015046548909573
30.7,0.190591049194336,-0.0765,0.014887088900482
30.7333333333333,0.190591049194336,-0.0765,0.0147489129725217
30.7666666666667,0.190591049194336,-0.0765,0.0146295567931491
30.8,0.190456517537435,-0.0765,0.0151088736988067
30.8333333333333,0.19077574412028,-0.0765,0.0135355221597006
30.8666666666667,0.19077574412028,-0.0765,0.0136172477253422
30.9,0.19077574412028,-0.0765,0.0136895020895841
30.9333333333333,0.19077574412028,-0.0765,0.0137533012994344
30.9666666666667,0.19077574412028,-0.0765,0.0138095582187743
31,0.19077574412028,-0.0765,0.0138590925885863
31.0333333333333,0.19077574412028,-0.0765,0.0139026401366371
31.0666666666667,0.19077574412028,-0.0765,0.0139408608242152
31.1,0.19077574412028,-0.0765,0.0139743463096204
31.1333333333333,0.190885416666667,-0.0765,0.0135291250716179
31.1666666666667,0.190885416666667,-0.0765,0.0136395564662465
31.2,0.190885416666667,-0.0765,0.0137352941394394
31.2333333333333,0.190885416666667,-0.0765,0.013818044575774
31.2666666666667,0.190885416666667,-0.0765,0.0138893318454658
31.3,0.190885416666667,-0.0765,0.0139505160365233
31.3333333333333,0.190885416666667,-0.0765,0.0140028098989567
31.3666666666667,0.190885416666667,-0.0765,0.0140472938691659
31.4,0.190524482727051,-0.0765,0.0156465213659602
31.4333333333333,0.190524482727051,-0.0765,0.015398818041915
31.4666666666667,0.190524482727051,-0.0765,0.015183359511253
31.5,0.190524482727051,-0.0765,0.0149964537870496
31.5333333333333,0.190524482727051,-0.0765,0.0148347995931732
31.5666666666667,0.190524482727051,-0.0765,0.0146954471796731
31.6,0.190524482727051,-0.0765,0.0145757629170674
31.6333333333333,0.190543429056803,-0.0765,0.0143914254401715
31.6666666666667,0.190595881144206,-0.0765,0.0140920122871576
31.7,0.190595881144206,-0.0765,0.0140715222458022
31.7333333333333,0.190595881144206,-0.0765,0.0140555476724333
31.7666666666667,0.190595881144206,-0.0765,0.0140434528358972
31.8,0.190595881144206,-0.0765,0.0140346773857016
31.8333333333333,0.190595881144206,-0.0765,0.01402872822211
31.8666666666667,0.190595881144206,-0.0765,0.0140251721910446
31.9,0.190595881144206,-0.0765,0.0140236295236432
31.9333333333333,0.190885416666667,-0.0765,0.0127710836466108
31.9666666666667,0.190885416666667,-0.0765,0.0129967000853177
32,0.190885416666667,-0.0765,0.0131933905572009
32.0333333333333,0.190885416666667,-0.0765,0.013364438117763
32.0666666666667,0.190885416666667,-0.0765,0.0135127803836678
32.1,0.190885416666667,-0.0765,0.0136410440354778
32.1333333333333,0.190885416666667,-0.0765,0.0137515760031903
32.1666666666667,0.190885416666667,-0.0765,0.0138464716443167
32.2,0.19088389078776,-0.0765,0.0139342019577838
32.2333333333333,0.190578587849935,-0.0765,0.0153229510660815
32.2666666666667,0.190578587849935,-0.0765,0.0151440485997488
32.3,0.190578587849935,-0.0765,0.0149876905179193
32.3333333333333,0.190578587849935,-0.0765,0.0148513404407589
32.3666666666667,0.190578587849935,-0.0765,0.014732727481589
32.4,0.190578587849935,-0.0765,0.0146298198184814
32.4333333333333,0.190578587849935,-0.0765,0.0145408008008173
32.4666666666667,0.190578587849935,-0.0765,0.0144640473545164
32.5,0.190578587849935,-0.0765,0.0143981104711623
32.5333333333333,0.190578587849935,-0.0765,0.014341697585869
32.5666666666667,0.190578587849935,-0.0765,0.0142936566665746
32.6,0.190578587849935,-0.0765,0.0142529618537009
32.6333333333333,0.190578587849935,-0.0765,0.0142187005039011
32.6666666666667,0.190488433837891,-0.0765,0.0145801155980088
32.7,0.190488433837891,-0.0765,0.0144866038377151
32.7333333333333,0.190488433837891,-0.0765,0.0144067170003454
32.7666666666667,0.190488433837891,-0.0765,0.0143387988702616
32.8,0.190488433837891,-0.0765,0.0142813752128254
32.8333333333333,0.190488433837891,-0.0765,0.014233135043904
32.8666666666667,0.190488433837891,-0.0765,0.0141929137404424
32.9,0.190488433837891,-0.0765,0.0141596778172468
32.9333333333333,0.190663019816081,-0.0765,0.0133771596321824
32.9666666666667,0.190663019816081,-0.0765,0.013490372748684
33,0.190663019816081,-0.0765,0.0135899987093292
33.0333333333333,0.190663019816081,-0.0765,0.0136775163154364
33.0666666666667,0.190663019816081,-0.0765,0.0137542532708523
33.1,0.190663019816081,-0.0765,0.0138214009479454
33.1333333333333,0.190663019816081,-0.0765,0.0138800277577625
33.1666666666667,0.190893173217773,-0.0765,0.0129353255149971
33.2,0.190670967102051,-0.0765,0.0141191928946473
33.2333333333333,0.190670967102051,-0.0765,0.014139865154757
33.2666666666667,0.190670967102051,-0.0765,0.0141572448657497
33.3,0.190670967102051,-0.0765,0.014171743852522
33.3333333333333,0.190670967102051,-0.0765,0.0141837281688346
33.3666666666667,0.190670967102051,-0.0765,0.0141935228317033
33.4,0.190670967102051,-0.0765,0.0142014160894674
33.4333333333333,0.190670967102051,-0.0765,0.0142076632678563
33.4666666666667,0.190339787801107,-0.0765,0.0156453476179523
33.5,0.190625,-0.0765,0.0141586572700319
33.5333333333333,0.190625,-0.0765,0.0141600310500125
33.5666666666667,0.190625,-0.0765,0.0141612820583819
33.6,0.190625,-0.0765,0.0141624192947243
33.6333333333333,0.190625,-0.0765,0.0141634512235862
33.6666666666667,0.190625,-0.0765,0.0141643857949575
33.7,0.190625,-0.0765,0.0141652304653669
33.7333333333333,0.190625,-0.0765,0.0141659922193299
33.7666666666667,0.190625,-0.0765,0.0141666775909324
33.8,0.190625,-0.0765,0.0141672926853682
33.8333333333333,0.190625,-0.0765,0.0141678432002754
33.8666666666667,0.190625,-0.0765,0.0141683344467448
33.9,0.190625,-0.0765,0.0141687713698936
33.9333333333333,0.190625,-0.0765,0.0141691585689242
33.9666666666667,0.190625,-0.0765,0.0141695003165959
34,0.190502611796061,-0.0765,0.0146993168889799
34.0333333333333,0.190496381123861,-0.0765,0.0146318137766426
34.0666666666667,0.190496381123861,-0.0765,0.0145452052055105
34.1,0.190496381123861,-0.0765,0.0144704402585626
34.1333333333333,0.190496381123861,-0.0765,0.0144061244560846
34.1666666666667,0.190496381123861,-0.0765,0.014351013603224
34.2,0.190496381123861,-0.0765,0.0143039985223147
34.2333333333333,0.190496381123861,-0.0765,0.014264091271845
34.2666666666667,0.190819549560547,-0.0765,0.0128322145776437
34.3,0.190819549560547,-0.0765,0.0130541004403185
34.3333333333333,0.190819549560547,-0.0765,0.0132471826049802
34.3666666666667,0.190819549560547,-0.0765,0.0134147545937962
34.4,0.190819549560547,-0.0765,0.0135597616566461
34.4333333333333,0.190819549560547,-0.0765,0.0136848356823635
34.4666666666667,0.190819549560547,-0.0765,0.0137923267443219
34.5,0.190819549560547,-0.0765,0.0138843315953081
34.5333333333333,0.190856806437174,-0.0765,0.0138015263805967
34.5666666666667,0.190856806437174,-0.0765,0.0138967970161801
34.6,0.190856806437174,-0.0765,0.0139777281595315
34.6333333333333,0.190856806437174,-0.0765,0.0140460873787942
34.6666666666667,0.190856806437174,-0.0765,0.0141034465430963
34.7,0.190856806437174,-0.0765,0.0141512020605057
34.7333333333333,0.190856806437174,-0.0765,0.0141905931203616
34.7666666666667,0.190663019816081,-0.0765,0.0150611418783659
34.8,0.1905974706014,-0.0765,0.0152205921506632
34.8333333333333,0.1905974706014,-0.0765,0.0150603980313097
34.8666666666667,0.1905974706014,-0.0765,0.0149201136090903
34.9,0.1905974706014,-0.0765,0.0147975219472183
34.9333333333333,0.1905974706014,-0.0765,0.0146906363370053
34.9666666666667,0.1905974706014,-0.0765,0.0145976775219004
35,0.1905974706014,-0.0765,0.0145170530952562
35.0333333333333,0.1905974706014,-0.0765,0.0144473388700304
35.0666666666667,0.190542411804199,-0.0765,0.0146254756085108
35.1,0.190542411804199,-0.0765,0.0145312865767822
35.1333333333333,0.190542411804199,-0.0765,0.0144503011671649
35.1666666666667,0.190542411804199,-0.0765,0.0143809491009907
35.2,0.190542411804199,-0.0765,0.0143218301666301
35.2333333333333,0.190542411804199,-0.0765,0.0142716968952121
35.2666666666667,0.190542411804199,-0.0765,0.0142294389259543
35.3,0.190542411804199,-0.0765,0.0141940689016062
35.3333333333333,0.190580558776855,-0.0765,0.0139996657042321
35.3666666666667,0.190580558776855,-0.0765,0.0140050631459448
35.4,0.190580558776855,-0.0765,0.0140110423822499
35.4333333333333,0.190580558776855,-0.0765,0.0140174542791497
35.4666666666667,0.190580558776855,-0.0765,0.0140241711184372
35.5,0.190580558776855,-0.0765,0.0140310840536325
35.5333333333333,0.190580558776855,-0.0765,0.0140381008396149
35.5666666666667,0.190625,-0.0765,0.0138528674959002
35.6,0.190745162963867,-0.0765,0.0133743784436268
35.6333333333333,0.190745162963867,-0.0765,0.0135040715896448
35.6666666666667,0.190745162963867,-0.0765,0.0136170739417177
35.7,0.190745162963867,-0.0765,0.0137152836029183
35.7333333333333,0.190745162963867,-0.0765,0.0138003987232669
35.7666666666667,0.190745162963867,-0.0765,0.0138739374869761
35.8,0.190745162963867,-0.0765,0.0139372561769856
35.8333333333333,0.190745162963867,-0.0765,0.0139915654963909
35.8666666666667,0.190709813435872,-0.0765,0.0141908861249838
35.9,0.190709813435872,-0.0765,0.0142029398844962
35.9333333333333,0.190709813435872,-0.0765,0.0142125538753287
35.9666666666667,0.190709813435872,-0.0765,0.014220062632577
36,0.190709813435872,-0.0765,0.0142257615585256
36.0333333333333,0.190709813435872,-0.0765,0.0142299111077013
36.0666666666667,0.190709813435872,-0.0765,0.0142327405498065
36.1,0.190709813435872,-0.0765,0.0142344513513773
36.1333333333333,0.190625,-0.0765,0.0146021681398054
36.1666666666667,0.190540758768717,-0.0765,0.0149009803487763
36.2,0.190540758768717,-0.0765,0.0147782760517169
36.2333333333333,0.190540758768717,-0.0765,0.0146715653448867
36.2666666666667,0.190540758768717,-0.0765,0.0145790152890573
36.3,0.190540758768717,-0.0765,0.0144989870530471
36.3333333333333,0.190423583984375,-0.0765,0.0149369767275382
36.3666666666667,0.190423583984375,-0.0765,0.0147870687469959
36.4,0.190625,-0.0765,0.0137864796743698
36.4333333333333,0.190625,-0.0765,0.0138315045554152
36.4666666666667,0.190625,-0.0765,0.0138717187364279
36.5,0.190625,-0.0765,0.0139076060650823
36.5333333333333,0.190625,-0.0765,0.0139396037315549
36.5666666666667,0.190625,-0.0765,0.0139681066293766
36.6,0.190625,-0.0765,0.0139934713184395
36.6333333333333,0.190625,-0.0765,0.0140160196257573
36.6666666666667,0.190625,-0.0765,0.0140360419164452
36.7,0.190625,-0.0765,0.0140538000645207
36.7333333333333,0.190625,-0.0765,0.0140695301505152
36.7666666666667,0.190625,-0.0765,0.0140834449104948
36.8,0.190625,-0.0765,0.0140957359589181
36.8333333333333,0.190625,-0.0765,0.0141065758057625
36.8666666666667,0.190625,-0.0765,0.0141161196865442
36.9,0.190625,-0.0765,0.014124507222197
36.9333333333333,0.190625,-0.0765,0.0141318639242631
36.9666666666667,0.190625,-0.0765,0.0141383025594757
37,0.190625,-0.0765,0.014143924386553
37.0333333333333,0.190625,-0.0765,0.0141488202768774
37.0666666666667,0.190625,-0.0765,0.0141530717296887
37.1,0.190625,-0.0765,0.0141567517914648
37.1333333333333,0.190625,-0.0765,0.0141599258882968
37.1666666666667,0.190625,-0.0765,0.0141626525792712
37.2,0.190595881144206,-0.0765,0.0142909678591365
37.2333333333333,0.190595881144206,-0.0765,0.0142704146557172
37.2666666666667,0.190595881144206,-0.0765,0.0142525786260517
37.3,0.190595881144206,-0.0765,0.0142371448176538
37.3333333333333,0.190595881144206,-0.0765,0.0142238319281321
37.3666666666667,0.190595881144206,-0.0765,0.0142123889048639
37.4,0.190595881144206,-0.0765,0.0142025918745851
37.4333333333333,0.190595881144206,-0.0765,0.0141942413718678
37.4666666666667,0.190946833292643,-0.0765,0.0126687546246487
37.5,0.190946833292643,-0.0765,0.0129344047351124
37.5333333333333,0.190946833292643,-0.0765,0.0131645838928064
37.5666666666667,0.190946833292643,-0.0765,0.0133634129215508
37.6,0.190946833292643,-0.0765,0.0135345723813251
37.6333333333333,0.190946833292643,-0.0765,0.0136813470219084
37.6666666666667,0.190946833292643,-0.0765,0.013806665927734
37.7,0.190946833292643,-0.0765,0.0139131387588484
37.7333333333333,0.190625,-0.0765,0.0153955100483913
37.7666666666667,0.190625,-0.0765,0.0152219183878328
37.8,0.190625,-0.0765,0.015069122545137
37.8333333333333,0.190625,-0.0765,0.0149348579075193
37.8666666666667,0.190625,-0.0765,0.0148170915300351
37.9,0.190625,-0.0765,0.0147139994653515
37.9333333333333,0.190625,-0.0765,0.0146239462393513
37.9666666666667,0.190501403808594,-0.0765,0.0150802089803296
38,0.190916315714518,-0.0765,0.0131212030420939
38.0333333333333,0.190916315714518,-0.0765,0.0133003686065901
38.0666666666667,0.190916315714518,-0.0765,0.0134558254997009
38.1,0.190916315714518,-0.0765,0.0135903189128089
38.1333333333333,0.190916315714518,-0.0765,0.0137063011482938
38.1666666666667,0.190916315714518,-0.0765,0.0138059611757608
38.2,0.190916315714518,-0.0765,0.0138912513240295
38.2333333333333,0.190916315714518,-0.0765,0.0139639113780282
38.2666666666667,0.190916315714518,-0.0765,0.0140254903250459
38.3,0.190916315714518,-0.0765,0.0140773659723437
38.3333333333333,0.190916315714518,-0.0765,0.0141207626376697
38.3666666666667,0.190916315714518,-0.0765,0.0141567670956423
38.4,0.190916315714518,-0.0765,0.0141863429460397
38.4333333333333,0.190916315714518,-0.0765,0.0142103435546558
38.4666666666667,0.190916315714518,-0.0765,0.0142295237033853
38.5,0.190916315714518,-0.0765,0.0142445500734919
38.5333333333333,0.190660413106283,-0.0765,0.0153631811427269
38.5666666666667,0.190660413106283,-0.0765,0.0151735371140932
38.6,0.190660413106283,-0.0765,0.0150078724559952
38.6333333333333,0.190660413106283,-0.0765,0.0148634911105093
38.6666666666667,0.190660413106283,-0.0765,0.0147379787494776
38.7,0.190660413106283,-0.0765,0.0146291747825788
38.7333333333333,0.190428034464518,-0.0765,0.0155405403527158
38.7666666666667,0.190528233846029,-0.0765,0.0148461963121912
38.8,0.190528233846029,-0.0765,0.0146985549053675
38.8333333333333,0.190528233846029,-0.0765,0.0145719598638895
38.8666666666667,0.190528233846029,-0.0765,0.0144638868970126
38.9,0.190528233846029,-0.0765,0.0143720865261446
38.9333333333333,0.190528233846029,-0.0765,0.0142945559914722
38.9666666666667,0.190528233846029,-0.0765,0.0142295139055316
39,0.190528233846029,-0.0765,0.0141753773939116
39.0333333333333,0.190528233846029,-0.0765,0.0141307414872266
39.0666666666667,0.190528233846029,-0.0765,0.014094360550285
39.1,0.190528233846029,-0.0765,0.0140651315541835
39.1333333333333,0.190528233846029,-0.0765,0.0140420790150843
39.1666666666667,0.190528233846029,-0.0765,0.0140243414398132
39.2,0.190528233846029,-0.0765,0.0140111591333138
39.2333333333333,0.190528233846029,-0.0765,0.014001863236527
39.2666666666667,0.190528233846029,-0.0765,0.0139958658755727
39.3,0.190433629353841,-0.0765,0.0144019605457951
39.3333333333333,0.190364583333333,-0.0765,0.014626587503985
39.3666666666667,0.190364583333333,-0.0765,0.0145108065551499
39.4,0.190364583333333,-0.0765,0.0144124671514452
39.4333333333333,0.190364583333333,-0.0765,0.0143294133393928
39.4666666666667,0.190364583333333,-0.0765,0.0142597285022953
39.5,0.190544827779134,-0.0765,0.0134218774407089
39.5333333333333,0.190544827779134,-0.0765,0.0135135172540137
39.5666666666667,0.190554618835449,-0.0765,0.0135528988629648
39.6,0.190554618835449,-0.0765,0.0136333190647892
39.6333333333333,0.190554618835449,-0.0765,0.0137047226366968
39.6666666666667,0.190554618835449,-0.0765,0.0137680417102964
39.7,0.190554618835449,-0.0765,0.0138241169624652
39.7333333333333,0.190554618835449,-0.0765,0.0138737062633872
39.7666666666667,0.190554618835449,-0.0765,0.0139174925290952
39.8,0.190554618835449,-0.0765,0.0139560908501278
39.8333333333333,0.190523401896159,-0.0765,0.0141251160050439
39.8666666666667,0.190663019816081,-0.0765,0.013526722499022
39.9,0.190663019816081,-0.0765,0.0136400015490628
39.9333333333333,0.190663019816081,-0.0765,0.0137383618737421
39.9666666666667,0.190663019816081,-0.0765,0.0138235169914898
40,0.190663019816081,-0.0765,0.0138969990044462
40.0333333333333,0.190663019816081,-0.0765,0.0139601767833819
40.0666666666667,0.190663019816081,-0.0765,0.014014272400406
40.1,0.19069709777832,-0.0765,0.0139129366264764
40.1333333333333,0.19069709777832,-0.0765,0.0139783944757555
40.1666666666667,0.19069709777832,-0.0765,0.014034158424431
40.2,0.19069709777832,-0.0765,0.0140814102900722
40.2333333333333,0.19069709777832,-0.0765,0.0141212020875948
40.2666666666667,0.19069709777832,-0.0765,0.0141544693711711
40.3,0.190849749247233,-0.0765,0.0135215920135462
40.3333333333333,0.190849749247233,-0.0765,0.0136623551783026
40.3666666666667,0.190591049194336,-0.0765,0.0149022391078666
40.4,0.190591049194336,-0.0765,0.0148048999422941
40.4333333333333,0.190591049194336,-0.0765,0.014718856297043
40.4666666666667,0.190591049194336,-0.0765,0.0146429017590393
40.5,0.190591049194336,-0.0765,0.0145759517255517
40.5333333333333,0.190591049194336,-0.0765,0.0145170315961313
40.5666666666667,0.190591049194336,-0.0765,0.0144652660742996
40.6,0.190591049194336,-0.0765,0.0144198694772035
40.6333333333333,0.190636825561523,-0.0765,0.0141820841066415
40.6666666666667,0.190584182739258,-0.0765,0.0144105732745196
40.7,0.190584182739258,-0.0765,0.0143702711908257
40.7333333333333,0.190584182739258,-0.0765,0.0143351946776531
40.7666666666667,0.190584182739258,-0.0765,0.0143047476766108
40.8,0.190584182739258,-0.0765,0.01427839700773
40.8333333333333,0.190584182739258,-0.0765,0.0142556660798881
40.8666666666667,0.190584182739258,-0.0765,0.014236129206471
40.9,0.190364583333333,-0.0765,0.0151695100218924
40.9333333333333,0.190364583333333,-0.0765,0.0149853029443365
40.9666666666667,0.190364583333333,-0.0765,0.0148260718570652
41,0.190364583333333,-0.0765,0.014688891671952
41.0333333333333,0.190364583333333,-0.0765,0.0145711513816483
41.0666666666667,0.190767288208008,-0.0765,0.0127282072702522
41.1,0.190767288208008,-0.0765,0.0129542888324328
41.1333333333333,0.190767288208008,-0.0765,0.0131517431483449
41.1666666666667,0.190836143493652,-0.0765,0.0130258936719385
41.2,0.190836143493652,-0.0765,0.013228729848569
41.2333333333333,0.190836143493652,-0.0765,0.0134044917670369
41.2666666666667,0.190836143493652,-0.0765,0.0135563232920082
41.3,0.190836143493652,-0.0765,0.0136870325445193
41.3333333333333,0.190836143493652,-0.0765,0.0137991257898793
41.3666666666667,0.190836143493652,-0.0765,0.0138948380419023
41.4,0.190836143493652,-0.0765,0.0139761606919481
41.4333333333333,0.190885416666667,-0.0765,0.0138316845515597
41.4666666666667,0.190885416666667,-0.0765,0.0139274850476713
41.5,0.190885416666667,-0.0765,0.0140085293845815
41.5333333333333,0.190885416666667,-0.0765,0.0140766565708396
41.5666666666667,0.190885416666667,-0.0765,0.0141335006664617
41.6,0.190885416666667,-0.0765,0.0141805120710011
41.6333333333333,0.190885416666667,-0.0765,0.0142189767057634
41.6666666666667,0.190885416666667,-0.0765,0.0142500332911117
41.7,0.190860557556152,-0.0765,0.0143822426037956
41.7333333333333,0.190649795532227,-0.0765,0.0152940152210321
41.7666666666667,0.190649795532227,-0.0765,0.0151286536261876
41.8,0.190649795532227,-0.0765,0.0149834208927841
41.8333333333333,0.190591049194336,-0.0765,0.0151102738777789
41.8666666666667,0.190591049194336,-0.0765,0.014953426408336
41.9,0.190591049194336,-0.0765,0.0148168347261121
41.9333333333333,0.190591049194336,-0.0765,0.0146981945020865
41.9666666666667,0.190380859375,-0.0765,0.0155048367106025
42,0.190380859375,-0.0765,0.0152534555362979
42.0333333333333,0.190380859375,-0.0765,0.0150362993498897
42.0666666666667,0.190380859375,-0.0765,0.0148493554052068
42.1,0.190380859375,-0.0765,0.014689041910526
42.1333333333333,0.190380859375,-0.0765,0.0145521643712199
42.1666666666667,0.190380859375,-0.0765,0.0144358761735362
42.2,0.190380859375,-0.0765,0.014337643010332
42.2333333333333,0.190501403808594,-0.0765,0.0137336716041589
42.2666666666667,0.190523401896159,-0.0765,0.0136631578568685
42.3,0.190523401896159,-0.0765,0.0137043485182916
42.3333333333333,0.190523401896159,-0.0765,0.0137426406718316
42.3666666666667,0.190523401896159,-0.0765,0.0137782070117313
42.4,0.190523401896159,-0.0765,0.0138112128685884
42.4333333333333,0.190523401896159,-0.0765,0.0138418161779121
42.4666666666667,0.190523401896159,-0.0765,0.0138701675069288
42.5,0.190523401896159,-0.0765,0.0138964101301829
42.5333333333333,0.190523401896159,-0.0765,0.0139206801456401
42.5666666666667,0.190523401896159,-0.0765,0.0139431066240245
42.6,0.190523401896159,-0.0765,0.0139638117850451
42.6333333333333,0.190523401896159,-0.0765,0.0139829111949811
42.6666666666667,0.190523401896159,-0.0765,0.0140005139808239
42.7,0.190523401896159,-0.0765,0.0140167230568144
42.7333333333333,0.190523401896159,-0.0765,0.0140316353597936
42.7666666666667,0.190774345397949,-0.0765,0.0129596273478445
42.8,0.190774345397949,-0.0765,0.0131664327716969
42.8333333333333,0.190774345397949,-0.0765,0.0133461416389288
42.8666666666667,0.190774345397949,-0.0765,0.0135018649718931
42.9,0.190774345397949,-0.0765,0.0136363841211061
42.9333333333333,0.190774345397949,-0.0765,0.0137521838520607
42.9666666666667,0.190774345397949,-0.0765,0.0138514822399025
43,0.190774345397949,-0.0765,0.0139362576708152
43.0333333333333,0.190885416666667,-0.0765,0.0135277199773977
43.0666666666667,0.190625,-0.0765,0.0148012100781137
43.1,0.190625,-0.0765,0.0147251220883427
43.1333333333333,0.190625,-0.0765,0.0146573322096867
43.1666666666667,0.190625,-0.0765,0.014596991432058
43.2,0.190625,-0.0765,0.0145433337949648
43.2333333333333,0.190625,-0.0765,0.01449566853109
43.2666666666667,0.190625,-0.0765,0.0144533729340191
43.3,0.190625,-0.0765,0.0144158858847503
43.3333333333333,0.190625,-0.0765,0.0143827019774082
43.3666666666667,0.190625,-0.0765,0.0143533661898853
43.4,0.190625,-0.0765,0.0143274690499663
43.4333333333333,0.190625,-0.0765,0.0143046422518896
43.4666666666667,0.190625,-0.0765,0.0142845546823305
43.5,0.190625,-0.0765,0.0142669088184506
43.5333333333333,0.190625,-0.0765,0.0142514374640048
43.5666666666667,0.190625,-0.0765,0.0142379007925448
43.6,0.190625,-0.0765,0.0142260836695389
43.6333333333333,0.190625,-0.0765,0.0142157932277651
43.6666666666667,0.190625,-0.0765,0.0142068566726364
43.7,0.190625,-0.0765,0.014199119296237
43.7333333333333,0.190625,-0.0765,0.0141924426807492
43.7666666666667,0.190625,-0.0765,0.0141867030737166
43.8,0.190625,-0.0765,0.0141817899191696
43.8333333333333,0.190475654602051,-0.0765,0.0148237519661188
43.8666666666667,0.190475654602051,-0.0765,0.0147046199578397
43.9,0.190475654602051,-0.0765,0.0146015568049621
43.9333333333333,0.190475654602051,-0.0765,0.0145126861126534
43.9666666666667,0.190475654602051,-0.0765,0.0144363325774402
44,0.190475654602051,-0.0765,0.0143710016411611
44.0333333333333,0.190475654602051,-0.0765,0.0143153611199031
44.0666666666667,0.190475654602051,-0.0765,0.0142682246221301
44.1,0.19056224822998,-0.0765,0.0138538866052078
44.1333333333333,0.19056224822998,-0.0765,0.013887728235696
44.1666666666667,0.19056224822998,-0.0765,0.0139182554527311
44.2,0.19056224822998,-0.0765,0.013945776898723
44.2333333333333,0.19056224822998,-0.0765,0.0139705734283969
44.2666666666667,0.19056224822998,-0.0765,0.0139929005507234
44.3,0.19056224822998,-0.0765,0.0140129906601376
44.3333333333333,0.190429623921712,-0.0765,0.0146048582046278
44.3666666666667,0.190429623921712,-0.0765,0.01451844400491
44.4,0.190429623921712,-0.0765,0.014444142081041
44.4333333333333,0.190429623921712,-0.0765,0.0143805067601836
44.4666666666667,0.190429623921712,-0.0765,0.0143262495434774
44.5,0.190429623921712,-0.0765,0.0142802230398845
44.5333333333333,0.190429623921712,-0.0765,0.0142414064716052
44.5666666666667,0.190429623921712,-0.0765,0.0142088926023323
44.6,0.190429623921712,-0.0765,0.0141818759533371
44.6333333333333,0.190429623921712,-0.0765,0.0141596421848493
44.6666666666667,0.190429623921712,-0.0765,0.0141415585315491
44.7,0.190429623921712,-0.0765,0.0141270651913029
44.7333333333333,0.190429623921712,-0.0765,0.0141156675756593
44.7666666666667,0.190429623921712,-0.0765,0.0141069293391558
44.8,0.190429623921712,-0.0765,0.0141004661122306
44.8333333333333,0.190429623921712,-0.0765,0.0140959398695836
44.8666666666667,0.190663019816081,-0.0765,0.0130832593904727
44.9,0.190578587849935,-0.0765,0.0136276886600904
44.9333333333333,0.190578587849935,-0.0765,0.0137183919076448
44.9666666666667,0.190578587849935,-0.0765,0.0137974051587939
45,0.190578587849935,-0.0765,0.013866055630978
45.0333333333333,0.190578587849935,-0.0765,0.0139255310410643
45.0666666666667,0.190578587849935,-0.0765,0.0139768935190035
45.1,0.190578587849935,-0.0765,0.0140210921857263
45.1333333333333,0.190578587849935,-0.0765,0.014058974519833
45.1666666666667,0.190578587849935,-0.0765,0.0140912966262847
45.2,0.190578587849935,-0.0765,0.0141187325099648
45.2333333333333,0.190578587849935,-0.0765,0.014141882447575
45.2666666666667,0.190578587849935,-0.0765,0.0141612805427589
45.3,0.190578587849935,-0.0765,0.0141774015415561
45.3333333333333,0.190578587849935,-0.0765,0.0141906669781905
45.3666666666667,0.190578587849935,-0.0765,0.014201450714749
45.4,0.190578587849935,-0.0765,0.0142100839324266
45.4333333333333,0.190578587849935,-0.0765,0.0142168596266793
45.4666666666667,0.190578587849935,-0.0765,0.0142220366537676
45.5,0.190578587849935,-0.0765,0.0142258433717555
45.5333333333333,0.190578587849935,-0.0765,0.01422848091502
45.5666666666667,0.190578587849935,-0.0765,0.014230126137671
45.6,0.190578587849935,-0.0765,0.014230934257972
45.6333333333333,0.190603065490723,-0.0765,0.0141251379706486
45.6666666666667,0.190603065490723,-0.0765,0.0141436071779925
45.7,0.190603065490723,-0.0765,0.0141590559952477
45.7333333333333,0.190603065490723,-0.0765,0.0141718706196686
45.7666666666667,0.190603065490723,-0.0765,0.0141823935841608
45.8,0.190603065490723,-0.0765,0.0141909283350084
45.8333333333333,0.190603065490723,-0.0765,0.0141977433538109
45.8666666666667,0.190614000956217,-0.0765,0.0141557632411093
45.9,0.190446090698242,-0.0765,0.0148947549697832
45.9333333333333,0.190446090698242,-0.0765,0.0147750988186032
45.9666666666667,0.190446090698242,-0.0765,0.0146709480691685
46,0.190446090698242,-0.0765,0.0145805320767559
46.0333333333333,0.190446090698242,-0.0765,0.0145022672494936
46.0666666666667,0.190446090698242,-0.0765,0.0144347383122352
46.1,0.190446090698242,-0.0765,0.0143766813756161
46.1333333333333,0.190446090698242,-0.0765,0.0143269686414458
46.1666666666667,0.190446090698242,-0.0765,0.0142845945910304
46.2,0.190446090698242,-0.0765,0.014248663517054
46.2333333333333,0.190446090698242,-0.0765,0.0142183782724295
46.2666666666667,0.190446090698242,-0.0765,0.0141930301211657
46.3,0.190446090698242,-0.0765,0.0141719895868791
46.3333333333333,0.190446090698242,-0.0765,0.0141546982042118
46.3666666666667,0.190446090698242,-0.0765,0.0141406610871707
46.4,0.190750503540039,-0.0765,0.0128123887575846
46.4333333333333,0.190487416585286,-0.0765,0.014177452130011
46.4666666666667,0.190487416585286,-0.0765,0.0141711229131478
46.5,0.190487416585286,-0.0765,0.0141659712159965
46.5333333333333,0.190487416585286,-0.0765,0.0141618378566521
46.5666666666667,0.190487416585286,-0.0765,0.0141585822428825
46.6,0.190487416585286,-0.0765,0.0141560803807858
46.6333333333333,0.190519523620605,-0.0765,0.01401531101364
46.6666666666667,0.190625,-0.0765,0.0135825048608643
46.7,0.190625,-0.0765,0.0136848097488283
46.7333333333333,0.190625,-0.0765,0.0137736073931245
46.7666666666667,0.190625,-0.0765,0.0138504560441683
46.8,0.190625,-0.0765,0.0139167482746286
46.8333333333333,0.190625,-0.0765,0.0139737276484261
46.8666666666667,0.190625,-0.0765,0.014022503778477
46.9,0.190625,-0.0765,0.0140640659242562
46.9333333333333,0.190448188781738,-0.0765,0.0148642744148232
46.9666666666667,0.190448188781738,-0.0765,0.0147571115014092
47,0.190448188781738,-0.0765,0.014663456629171
47.0333333333333,0.190448188781738,-0.0765,0.0145817901476775
47.0666666666667,0.190448188781738,-0.0765,0.0145107514513783
47.1,0.190448188781738,-0.0765,0.0144491231500937
47.1333333333333,0.190448188781738,-0.0765,0.0143958167576119
47.1666666666667,0.190448188781738,-0.0765,0.0143498597568968
47.2,0.190625,-0.0765,0.0135454047649119
47.2333333333333,0.190677261352539,-0.0765,0.0134223688591624
47.2666666666667,0.190677261352539,-0.0765,0.0135525479804993
47.3,0.190677261352539,-0.0765,0.0136654813890954
47.3333333333333,0.190677261352539,-0.0765,0.0137631642730573
47.3666666666667,0.190677261352539,-0.0765,0.0138473792059748
47.4,0.190677261352539,-0.0765,0.0139197175770585
47.4333333333333,0.190677261352539,-0.0765,0.0139815989467443
47.4666666666667,0.190677261352539,-0.0765,0.0140342885225226
47.5,0.190677261352539,-0.0765,0.0140789129318891
47.5333333333333,0.190677261352539,-0.0765,0.0141164744530893
47.5666666666667,0.190677261352539,-0.0765,0.0141478638495287
47.6,0.190677261352539,-0.0765,0.0141738719402906
47.6333333333333,0.190677261352539,-0.0765,0.0141952000269563
47.6666666666667,0.190523401896159,-0.0765,0.0148781469338157
47.7,0.190523401896159,-0.0765,0.0147728268345848
47.7333333333333,0.190523401896159,-0.0765,0.0146804591279379
47.7666666666667,0.190523401896159,-0.0765,0.0145996108742616
47.8,0.190523401896159,-0.0765,0.0145289972874202
47.8333333333333,0.190523401896159,-0.0765,0.0144674671255438
47.8666666666667,0.190523401896159,-0.0765,0.0144139894726737
47.9,0.190523401896159,-0.0765,0.0143676417823958
47.9333333333333,0.190543429056803,-0.0765,0.0142409509426761
47.9666666666667,0.190543429056803,-0.0765,0.0142219760845499
48,0.190543429056803,-0.0765,0.0142058311909743
48.0333333333333,0.190543429056803,-0.0765,0.0141921712460252
48.0666666666667,0.190543429056803,-0.0765,0.0141806890728449
48.1,0.190543429056803,-0.0765,0.014171111450983
48.1333333333333,0.190543429056803,-0.0765,0.0141631956141446
48.1666666666667,0.190625,-0.0765,0.0138038069095111
48.2,0.190543429056803,-0.0765,0.0142146439682765
48.2333333333333,0.190543429056803,-0.0765,0.0142020458423313
48.2666666666667,0.190543429056803,-0.0765,0.0141913710518211
48.3,0.190543429056803,-0.0765,0.0141823819237528
48.3333333333333,0.190543429056803,-0.0765,0.0141748670915554
48.3666666666667,0.190543429056803,-0.0765,0.0141686387775745
48.4,0.190543429056803,-0.0765,0.014163530343196
48.4333333333333,0.190543429056803,-0.0765,0.0141593940811538
48.4666666666667,0.190543429056803,-0.0765,0.0141560992269327
48.5,0.190543429056803,-0.0765,0.0141535301683142
48.5333333333333,0.190543429056803,-0.0765,0.0141515848340644
48.5666666666667,0.190543429056803,-0.0765,0.0141501732445338
48.6,0.190543429056803,-0.0765,0.0141492162085404
48.6333333333333,0.190543429056803,-0.0765,0.0141486441523812
48.6666666666667,0.190543429056803,-0.0765,0.0141483960681332
48.7,0.190543429056803,-0.0765,0.0141484185696258
48.7333333333333,0.190591049194336,-0.0765,0.0139426350627538
48.7666666666667,0.190591049194336,-0.0765,0.01397992068112
48.8,0.190591049194336,-0.0765,0.0140124096981087
48.8333333333333,0.190591049194336,-0.0765,0.0140406476212855
48.8666666666667,0.190591049194336,-0.0765,0.0140651224828955
48.9,0.190591049194336,-0.0765,0.0140862705861506
48.9333333333333,0.190591049194336,-0.0765,0.0141044816986452
48.9666666666667,0.190591049194336,-0.0765,0.0141201037445476
49,0.19069709777832,-0.0765,0.0136746245975223
49.0333333333333,0.19069709777832,-0.0765,0.0137680423411134
49.0666666666667,0.19069709777832,-0.0765,0.0138486923511021
49.1,0.19069709777832,-0.0765,0.0139180764586058
49.1333333333333,0.19069709777832,-0.0765,0.0139775347876137
49.1666666666667,0.19069709777832,-0.0765,0.014028262170229
49.2,0.19069709777832,-0.0765,0.0140713229645829
49.2333333333333,0.19069709777832,-0.0765,0.0141076644259647
49.2666666666667,0.190787633260091,-0.0765,0.0137464242345049
49.3,0.190787633260091,-0.0765,0.0138418297408766
49.3333333333333,0.190787633260091,-0.0765,0.0139233689477501
49.3666666666667,0.190787633260091,-0.0765,0.0139927251747964
49.4,0.190787633260091,-0.0765,0.0140513969388096
49.4333333333333,0.190787633260091,-0.0765,0.0141007169634068
49.4666666666667,0.190787633260091,-0.0765,0.0141418693210414
49.5,0.190787633260091,-0.0765,0.0141759048846447
49.5333333333333,0.190587170918783,-0.0765,0.0150710617061102
49.5666666666667,0.190587170918783,-0.0765,0.0149384032345028
49.6,0.190587170918783,-0.0765,0.0148219291829419
49.6333333333333,0.190587170918783,-0.0765,0.0147198587506409
49.6666666666667,0.190587170918783,-0.0765,0.0146305945277452
49.7,0.190587170918783,-0.0765,0.0145527044661319
49.7333333333333,0.190587170918783,-0.0765,0.0144849055625545
49.7666666666667,0.190614000956217,-0.0765,0.014309968117494
49.8,0.190502611796061,-0.0765,0.0147617201034005
49.8333333333333,0.190502611796061,-0.0765,0.014649543231669
49.8666666666667,0.190502611796061,-0.0765,0.0145526459680665
49.9,0.190502611796061,-0.0765,0.014469237780077
49.9333333333333,0.190502611796061,-0.0765,0.0143977203012378
49.9666666666667,0.190502611796061,-0.0765,0.0143366678766304
50,0.190502611796061,-0.0765,0.0142848099971991
50.0333333333333,0.190502611796061,-0.0765,0.0142410154452139
50.0666666666667,0.190502611796061,-0.0765,0.0142042779894936
50.1,0.190502611796061,-0.0765,0.0141737034838552
50.1333333333333,0.190502611796061,-0.0765,0.0141484982357484
50.1666666666667,0.190502611796061,-0.0765,0.014127958524329
50.2,0.190502611796061,-0.0765,0.0141114611583862
50.2333333333333,0.190502611796061,-0.0765,0.0140984549747129
50.2666666666667,0.190502611796061,-0.0765,0.0140884531867374
50.3,0.190461349487305,-0.0765,0.0142595491436096
50.3333333333333,0.190709241231283,-0.0765,0.0131498732539166
50.3666666666667,0.190709241231283,-0.0765,0.0133107146373352
50.4,0.190709241231283,-0.0765,0.0134511745375051
50.4333333333333,0.190709241231283,-0.0765,0.0135735506628775
50.4666666666667,0.190709241231283,-0.0765,0.0136799000277908
50.5,0.190709241231283,-0.0765,0.0137720629178692
50.5333333333333,0.190709241231283,-0.0765,0.0138516845567148
50.5666666666667,0.190709241231283,-0.0765,0.0139202346881423
50.6,0.190709241231283,-0.0765,0.0139790252686883
50.6333333333333,0.190709241231283,-0.0765,0.014029226447355
50.6666666666667,0.190709241231283,-0.0765,0.0140718809933589
50.7,0.190709241231283,-0.0765,0.0141079173179345
50.7333333333333,0.190709241231283,-0.0765,0.0141381612228254
50.7666666666667,0.190709241231283,-0.0765,0.0141633464959033
50.8,0.190614000956217,-0.0765,0.0145961844288389
50.8333333333333,0.190614000956217,-0.0765,0.014539421035023
50.8666666666667,0.190614000956217,-0.0765,0.0144892286183301
50.9,0.190614000956217,-0.0765,0.0144449073470046
50.9333333333333,0.190614000956217,-0.0765,0.0144058278651073
50.9666666666667,0.190614000956217,-0.0765,0.014371424476553
51,0.190614000956217,-0.0765,0.014341188968437
51.0333333333333,0.190614000956217,-0.0765,0.0143146650151177
51.0666666666667,0.190776189168294,-0.0765,0.0135897308452829
51.1,0.190625,-0.0765,0.0143490943812819
51.1333333333333,0.190625,-0.0765,0.0143230844665699
51.1666666666667,0.190625,-0.0765,0.0143002050538994
51.2,0.190625,-0.0765,0.0142801152261947
51.2333333333333,0.190625,-0.0765,0.0142625088930813
51.2666666666667,0.190625,-0.0765,0.0142471113890489
51.3,0.190663719177246,-0.0765,0.0140661566873802
51.3333333333333,0.190637524922689,-0.0765,0.0141977605142212
51.3666666666667,0.190637524922689,-0.0765,0.0141932845030093
51.4,0.190637524922689,-0.0765,0.0141893433402266
51.4333333333333,0.190637524922689,-0.0765,0.0141858801020213
51.4666666666667,0.190637524922689,-0.0765,0.0141828435324177
51.5,0.190637524922689,-0.0765,0.0141801875031984
51.5333333333333,0.190637524922689,-0.0765,0.0141778705236658
51.5666666666667,0.190637524922689,-0.0765,0.0141758552957879
51.6,0.190504328409831,-0.0765,0.0147503871009499
51.6333333333333,0.190504328409831,-0.0765,0.0146457903886906
51.6666666666667,0.190504328409831,-0.0765,0.0145552355295324
51.7,0.190504328409831,-0.0765,0.0144770870936483
51.7333333333333,0.190504328409831,-0.0765,0.0144098846256562
51.7666666666667,0.190504328409831,-0.0765,0.0143523249617637
51.8,0.190504328409831,-0.0765,0.0143032462618877
51.8333333333333,0.190504328409831,-0.0765,0.0142616135955293
51.8666666666667,0.190540758768717,-0.0765,0.0140688888720348
51.9,0.190540758768717,-0.0765,0.0140676827572726
51.9333333333333,0.190540758768717,-0.0765,0.0140676727155532
51.9666666666667,0.190540758768717,-0.0765,0.0140686542213578
52,0.190540758768717,-0.0765,0.01407044904735
52.0333333333333,0.190540758768717,-0.0765,0.0140729022974032
52.0666666666667,0.190428479512533,-0.0765,0.0145616593884567
52.1,0.190428479512533,-0.0765,0.0144781462128637
52.1333333333333,0.190571721394857,-0.0765,0.0137868598789727
52.1666666666667,0.190571721394857,-0.0765,0.0138367000098071
52.2,0.190571721394857,-0.0765,0.0138809041762906
52.2333333333333,0.190571721394857,-0.0765,0.0139200611128225
52.2666666666667,0.190571721394857,-0.0765,0.0139547012033936
52.3,0.190571721394857,-0.0765,0.0139853020506727
52.3333333333333,0.190571721394857,-0.0765,0.0140122935285258
52.3666666666667,0.190571721394857,-0.0765,0.0140360623648225
52.4,0.190523401896159,-0.0765,0.0142660120874911
52.4333333333333,0.190523401896159,-0.0765,0.0142469465943327
52.4666666666667,0.190523401896159,-0.0765,0.0142306167584995
52.5,0.190523401896159,-0.0765,0.0142166900719414
52.5333333333333,0.190523401896159,-0.0765,0.0142048706781453
52.5666666666667,0.190523401896159,-0.0765,0.0141948955856061
52.6,0.190523401896159,-0.0765,0.0141865312548147
52.6333333333333,0.190523401896159,-0.0765,0.014179570523184
52.6666666666667,0.190523401896159,-0.0765,0.0141738298356127
52.7,0.190523401896159,-0.0765,0.0141691467514065
52.7333333333333,0.190523401896159,-0.0765,0.014165377700993
52.7666666666667,0.190523401896159,-0.0765,0.0141623959683516
52.8,0.190523401896159,-0.0765,0.0141600898773316
52.8333333333333,0.190523401896159,-0.0765,0.0141583611620791
52.8666666666667,0.190523401896159,-0.0765,0.0141571235036552
52.9,0.190523401896159,-0.0765,0.0141563012166147
52.9333333333333,0.190694046020508,-0.0765,0.0134175310430545
52.9666666666667,0.190694046020508,-0.0765,0.0135494197949403
53,0.190694046020508,-0.0765,0.0136638303503805
53.0333333333333,0.190694046020508,-0.0765,0.0137627831512841
53.0666666666667,0.190694046020508,-0.0765,0.0138480835449167
53.1,0.190694046020508,-0.0765,0.0139213434439796
53.1333333333333,0.190694046020508,-0.0765,0.013984000891623
53.1666666666667,0.190694046020508,-0.0765,0.0140373377279278
53.2,0.190694046020508,-0.0765,0.0140824955363952
53.2333333333333,0.190694046020508,-0.0765,0.0141204900326044
53.2666666666667,0.190694046020508,-0.0765,0.014152224042285
53.3,0.190694046020508,-0.0765,0.0141784992024874
53.3333333333333,0.190694046020508,-0.0765,0.014200026507196
53.3666666666667,0.190694046020508,-0.0765,0.014217435807502
53.4,0.190694046020508,-0.0765,0.0142312843662424
53.4333333333333,0.190694046020508,-0.0765,0.0142420645577327
53.4666666666667,0.190595881144206,-0.0765,0.014674924137146
53.5,0.190595881144206,-0.0765,0.014604844067487
53.5333333333333,0.190595881144206,-0.0765,0.0145430423892345
53.5666666666667,0.190595881144206,-0.0765,0.0144886270804287
53.6,0.190595881144206,-0.0765,0.0144407966273156
53.6333333333333,0.190595881144206,-0.0765,0.0143988312251579
53.6666666666667,0.190595881144206,-0.0765,0.0143620848075101
53.7,0.190625,-0.0765,0.0142039942068912
53.7333333333333,0.190653483072917,-0.0765,0.0140753108518979
53.7666666666667,0.190653483072917,-0.0765,0.0140925357302239
53.8,0.190653483072917,-0.0765,0.0141073692616457
53.8333333333333,0.190653483072917,-0.0765,0.0141200976340391
53.8666666666667,0.190653483072917,-0.0765,0.0141309757649156
53.9,0.190653483072917,-0.0765,0.0141402305141138
53.9333333333333,0.190653483072917,-0.0765,0.0141480635807803
53.9666666666667,0.190653483072917,-0.0765,0.0141546541146335
54,0.190543429056803,-0.0765,0.0146363131384521
54.0333333333333,0.190543429056803,-0.0765,0.0145557007165567
54.0666666666667,0.190543429056803,-0.0765,0.0144856979452812
54.1,0.190543429056803,-0.0765,0.0144250837965297
54.1333333333333,0.190543429056803,-0.0765,0.0143727668254073
54.1666666666667,0.190543429056803,-0.0765,0.0143277721516884
54.2,0.190543429056803,-0.0765,0.0142892296982096
54.2333333333333,0.190543429056803,-0.0765,0.0142563635684458
54.2666666666667,0.190481313069661,-0.0765,0.0144972291761791
54.3,0.190625,-0.0765,0.0138039769333776
54.3333333333333,0.190625,-0.0765,0.0138538698948085
54.3666666666667,0.190625,-0.0765,0.0138978776474961
54.4,0.190625,-0.0765,0.0139366359265115
54.4333333333333,0.190625,-0.0765,0.0139707157390455
54.4666666666667,0.190561676025391,-0.0765,0.0142746027940402
54.5,0.190561676025391,-0.0765,0.0142518009614455
54.5333333333333,0.19056224822998,-0.0765,0.0142298052329961
54.5666666666667,0.19056224822998,-0.0765,0.0142136133347511
54.6,0.19056224822998,-0.0765,0.0141998942714738
54.6333333333333,0.19056224822998,-0.0765,0.0141883408467419
54.6666666666667,0.19056224822998,-0.0765,0.0141786800462754
54.7,0.19056224822998,-0.0765,0.014170669490548
54.7333333333333,0.19056224822998,-0.0765,0.0141640942381244
54.7666666666667,0.19056224822998,-0.0765,0.0141587639062653
54.8,0.19077574412028,-0.0765,0.0132308135734794
54.8333333333333,0.19077574412028,-0.0765,0.013392723320365
54.8666666666667,0.19077574412028,-0.0765,0.0135332608228477
54.9,0.19077574412028,-0.0765,0.0136548930547927
54.9333333333333,0.19077574412028,-0.0765,0.013759824517346
54.9666666666667,0.19077574412028,-0.0765,0.013850023663348
55,0.19077574412028,-0.0765,0.0139272467660749
55.0333333333333,0.19077574412028,-0.0765,0.01399305947205
55.0666666666667,0.190776189168294,-0.0765,0.0140469307418565
55.1,0.190776189168294,-0.0765,0.0140942969063017
55.1333333333333,0.190776189168294,-0.0765,0.0141339448653857
55.1666666666667,0.190776189168294,-0.0765,0.0141668595671215
55.2,0.190776189168294,-0.0765,0.0141939147415101
55.2333333333333,0.190534019470215,-0.0765,0.0152636391619485
55.2666666666667,0.190534019470215,-0.0765,0.0150937806441466
55.3,0.190534019470215,-0.0765,0.0149452734003631
55.3333333333333,0.190400250752767,-0.0765,0.0153944767559452
55.3666666666667,0.190400250752767,-0.0765,0.0151782059876228
55.4,0.190400250752767,-0.0765,0.0149907165321182
55.4333333333333,0.190400250752767,-0.0765,0.0148286731332388
55.4666666666667,0.190400250752767,-0.0765,0.0146890961870423
55.5,0.190400250752767,-0.0765,0.0145693258852216
55.5333333333333,0.190400250752767,-0.0765,0.0144669898298198
55.5666666666667,0.190400250752767,-0.0765,0.0143799737934028
55.6,0.190615590413411,-0.0765,0.0133747216948644
55.6333333333333,0.190615590413411,-0.0765,0.0134795691711266
55.6666666666667,0.190615590413411,-0.0765,0.0135723315950647
55.7,0.190615590413411,-0.0765,0.013654293004071
55.7333333333333,0.190615590413411,-0.0765,0.013726608317646
55.7666666666667,0.190615590413411,-0.0765,0.0137903158126713
55.8,0.190615590413411,-0.0765,0.0138463484293915
55.8333333333333,0.190615590413411,-0.0765,0.0138955440151053
55.8666666666667,0.191034126281738,-0.0765,0.0121278463563371
55.9,0.191034126281738,-0.0765,0.0124894737946519
55.9333333333333,0.191034126281738,-0.0765,0.0128028362758092
55.9666666666667,0.191034126281738,-0.0765,0.0130735385596252
56,0.190823300679525,-0.0765,0.0142187302361965
56.0333333333333,0.190823300679525,-0.0765,0.014255423285249
56.0666666666667,0.190823300679525,-0.0765,0.0142848061435037
56.1,0.190823300679525,-0.0765,0.0143078785942966
56.1333333333333,0.190625,-0.0765,0.0151834774654171
56.1666666666667,0.190625,-0.0765,0.0150429978245734
56.2,0.190625,-0.0765,0.0149191452923811
56.2333333333333,0.190625,-0.0765,0.0148101233406428
56.2666666666667,0.190625,-0.0765,0.0147143182093466
56.3,0.190625,-0.0765,0.0146302810955291
56.3333333333333,0.190625,-0.0765,0.0145567120226147
56.3666666666667,0.190625,-0.0765,0.0144924452356285
56.4,0.190824317932129,-0.0765,0.0135740808467074
56.4333333333333,0.190824317932129,-0.0765,0.0136796561886909
56.4666666666667,0.190824317932129,-0.0765,0.0137710193323172
56.5,0.190824317932129,-0.0765,0.01384983228465
56.5333333333333,0.190824317932129,-0.0765,0.0139175785693068
56.5666666666667,0.190824317932129,-0.0765,0.0139755813215352
56.6,0.190824317932129,-0.0765,0.0140250196236167
56.6333333333333,0.190824317932129,-0.0765,0.0140669432463928
56.6666666666667,0.190824317932129,-0.0765,0.0141022859474792
56.7,0.190824317932129,-0.0765,0.0141318774628544
56.7333333333333,0.190824317932129,-0.0765,0.0141564543159071
56.7666666666667,0.190824317932129,-0.0765,0.0141766695565435
56.8,0.190824317932129,-0.0765,0.0141931015325252
56.8333333333333,0.190824317932129,-0.0765,0.014206261785716
56.8666666666667,0.190824317932129,-0.0765,0.0142166021572912
56.9,0.190824317932129,-0.0765,0.0142245211781184
56.9333333333333,0.190456517537435,-0.0765,0.0158216694802355
56.9666666666667,0.190456517537435,-0.0765,0.0155410959527838
57,0.190456517537435,-0.0765,0.0152972225847679
57.0333333333333,0.190456517537435,-0.0765,0.0150858374234618
57.0666666666667,0.190456517537435,-0.0765,0.0149031748498321
57.1,0.190456517537435,-0.0765,0.0147458707774562
57.1333333333333,0.190456517537435,-0.0765,0.0146109221744854
57.1666666666667,0.190456517537435,-0.0765,0.0144956505038544
57.2,0.190625,-0.0765,0.0136687241820399
57.2333333333333,0.190625,-0.0765,0.0137163044757885
57.2666666666667,0.190625,-0.0765,0.0137596640758316
57.3,0.190625,-0.0765,0.0137991610711848
57.3333333333333,0.190625,-0.0765,0.0138351241222563
57.3666666666667,0.190625,-0.0765,0.0138678548208656
57.4,0.190625,-0.0765,0.0138976298647426
57.4333333333333,0.190625,-0.0765,0.0139247030608466
57.4666666666667,0.190678405761719,-0.0765,0.0137182455077945
57.5,0.190678405761719,-0.0765,0.01378192751415
57.5333333333333,0.190678405761719,-0.0765,0.0138380040056262
57.5666666666667,0.190678405761719,-0.0765,0.013887300306829
57.6,0.190678405761719,-0.0765,0.0139305575828838
57.6333333333333,0.190678405761719,-0.0765,0.0139684410520001
57.6666666666667,0.190678405761719,-0.0765,0.0140015474225514
57.7,0.190678405761719,-0.0765,0.014030411626051
57.7333333333333,0.190678405761719,-0.0765,0.0140555129109597
57.7666666666667,0.190678405761719,-0.0765,0.0140772803564022
57.8,0.190678405761719,-0.0765,0.0140960978595223
57.8333333333333,0.190678405761719,-0.0765,0.0141123086453365
57.8666666666667,0.190678405761719,-0.0765,0.0141262193435111
57.9,0.190678405761719,-0.0765,0.0141381036724461
57.9333333333333,0.190678405761719,-0.0765,0.0141482057673702
57.9666666666667,0.190615526835124,-0.0765,0.0144287907865799
58,0.190615526835124,-0.0765,0.0143872918671785
58.0333333333333,0.190615526835124,-0.0765,0.0143511233833168
58.0666666666667,0.190615526835124,-0.0765,0.0143196777824688
58.1,0.190615526835124,-0.0765,0.0142924117085388
58.1333333333333,0.190615526835124,-0.0765,0.0142688395657185
58.1666666666667,0.190615526835124,-0.0765,0.0142485277031447
58.2,0.190615526835124,-0.0765,0.0142310891622342
58.2333333333333,0.190625,-0.0765,0.0141751929960476
58.2666666666667,0.190625,-0.0765,0.0141698355271488
58.3,0.190625,-0.0765,0.0141654418331602
58.3333333333333,0.190625,-0.0765,0.0141618832947366
58.3666666666667,0.190625,-0.0765,0.0141590462082324
58.4,0.190625,-0.0765,0.0141568301950221
58.4333333333333,0.190625,-0.0765,0.014155146771167
58.4666666666667,0.190569051106771,-0.0765,0.0143959826611944
58.5,0.190625,-0.0765,0.0141097738150637
58.5333333333333,0.190625,-0.0765,0.0141150672422733
58.5666666666667,0.190625,-0.0765,0.0141199576546395
58.6,0.190625,-0.0765,0.0141244716305716
58.6333333333333,0.190625,-0.0765,0.014128634330342
58.6666666666667,0.190625,-0.0765,0.0141324695371019
58.7,0.190625,-0.0765,0.0141359997013527
58.7333333333333,0.190625,-0.0765,0.0141392459880103
58.7666666666667,0.190625,-0.0765,0.0141422283253052
58.8,0.190625,-0.0765,0.0141449654548792
58.8333333333333,0.190625,-0.0765,0.0141474749825276
58.8666666666667,0.190625,-0.0765,0.0141497734291199
58.9,0.190625,-0.0765,0.0141518762813027
58.9333333333333,0.190625,-0.0765,0.0141537980416593
58.9666666666667,0.190625,-0.0765,0.0141555522780475
59,0.190625,-0.0765,0.014157151671894
59.0333333333333,0.190818977355957,-0.0765,0.0133193590966325
59.0666666666667,0.190615526835124,-0.0765,0.0143510478638999
59.1,0.190615526835124,-0.0765,0.0143247768893772
59.1333333333333,0.190615526835124,-0.0765,0.0143017239836355
59.1666666666667,0.190615526835124,-0.0765,0.0142815323269409
59.2,0.190615526835124,-0.0765,0.0142638821308578
59.2333333333333,0.190557352701823,-0.0765,0.0145001791408025
59.2666666666667,0.190557352701823,-0.0765,0.0144417585822073
59.3,0.190578587849935,-0.0765,0.0142992734592456
59.3333333333333,0.190578587849935,-0.0765,0.0142719991325432
59.3666666666667,0.190578587849935,-0.0765,0.0142486096066857
59.4,0.190578587849935,-0.0765,0.0142286376671709
59.4333333333333,0.190578587849935,-0.0765,0.0142116671190898
59.4666666666667,0.190578587849935,-0.0765,0.014197327557062
59.5,0.190578587849935,-0.0765,0.0141852896477917
59.5333333333333,0.190578587849935,-0.0765,0.0141752608766569
59.5666666666667,0.190625,-0.0765,0.0139661781261984
59.6,0.190885416666667,-0.0765,0.0128686387322786
59.6333333333333,0.190885416666667,-0.0765,0.0130958471122893
59.6666666666667,0.190885416666667,-0.0765,0.0132928929004734
59.7,0.190885416666667,-0.0765,0.0134632687414753
59.7333333333333,0.190885416666667,-0.0765,0.0136100949267588
59.7666666666667,0.190885416666667,-0.0765,0.0137361569344923
59.8,0.190885416666667,-0.0765,0.0138439393348899
59.8333333333333,0.190885416666667,-0.0765,0.0139356564022365
59.8666666666667,0.190885416666667,-0.0765,0.0140132797435613
59.9,0.190885416666667,-0.0765,0.0140785632254556
59.9333333333333,0.190885416666667,-0.0765,0.0141330654546379
59.9666666666667,0.190885416666667,-0.0765,0.014178170044303
60,0.190885416666667,-0.0765,0.0142151038768561
60.0333333333333,0.190885416666667,-0.0765,0.0142449535541354
60.0666666666667,0.190885416666667,-0.0765,0.014268680208498
60.1,0.190871238708496,-0.0765,0.0143484742020634
60.1333333333333,0.190871238708496,-0.0765,0.0143514285585882
60.1666666666667,0.190871238708496,-0.0765,0.0143519893900902
60.2,0.190871238708496,-0.0765,0.0143505649792417
60.2333333333333,0.190871238708496,-0.0765,0.0143475109826585
60.2666666666667,0.190871238708496,-0.0765,0.0143431363848586
60.3,0.190871238708496,-0.0765,0.0143377088289137
60.3333333333333,0.190871238708496,-0.0765,0.0143314593857249
60.3666666666667,0.190832328796387,-0.0765,0.0144929317437947
60.4,0.190832328796387,-0.0765,0.0144554918591324
60.4333333333333,0.190832328796387,-0.0765,0.0144217845563458
60.4666666666667,0.190832328796387,-0.0765,0.0143914622560476
60.5,0.190832328796387,-0.0765,0.0143642083936236
60.5333333333333,0.190832328796387,-0.0765,0.0143397347314963
60.5666666666667,0.190832328796387,-0.0765,0.0143177788993975
60.6,0.190832328796387,-0.0765,0.0142981021436249
60.6333333333333,0.190885416666667,-0.0765,0.0140508009719045
60.6666666666667,0.190662956237793,-0.0765,0.0150386198425016
60.7,0.190662956237793,-0.0765,0.0148879551830382
60.7333333333333,0.190662956237793,-0.0765,0.0147570413878945
60.7666666666667,0.190662956237793,-0.0765,0.014643612625784
60.8,0.190662956237793,-0.0765,0.0145456429278529
60.8333333333333,0.190662956237793,-0.0765,0.0144613221380944
60.8666666666667,0.190625,-0.0765,0.0145532530066943
60.9,0.190750439961751,-0.0765,0.0139194600700853
60.9333333333333,0.190750439961751,-0.0765,0.0139387192081429
60.9666666666667,0.190750439961751,-0.0765,0.0139565973209306
61,0.190750439961751,-0.0765,0.0139731839233094
61.0333333333333,0.190750439961751,-0.0765,0.0139885635561439
61.0666666666667,0.190750439961751,-0.0765,0.0140028159784722
61.1,0.190750439961751,-0.0765,0.0140160163625379
61.1333333333333,0.190750439961751,-0.0765,0.0140282354899001
61.1666666666667,0.190750439961751,-0.0765,0.0140395399471139
61.2,0.190591049194336,-0.0765,0.0147396013542353
61.2333333333333,0.190591049194336,-0.0765,0.0146258994035711
61.2666666666667,0.190591049194336,-0.0765,0.0145280099142508
61.3,0.190591049194336,-0.0765,0.0144440565136925
61.3333333333333,0.190591049194336,-0.0765,0.0143723659404172
61.3666666666667,0.190591049194336,-0.0765,0.0143114473521742
61.4,0.190591049194336,-0.0765,0.0142599736527014
61.4333333333333,0.190591049194336,-0.0765,0.0142167646465097
61.4666666666667,0.190591049194336,-0.0765,0.0141807718486057
61.5,0.190591049194336,-0.0765,0.0141510647920524
61.5333333333333,0.190591049194336,-0.0765,0.0141268186907801
61.5666666666667,0.190591049194336,-0.0765,0.0141073033282725
61.6,0.190591049194336,-0.0765,0.014091873054765
61.6333333333333,0.190591049194336,-0.0765,0.0140799577865096
61.6666666666667,0.190591049194336,-0.0765,0.0140710549105955
61.7,0.190544827779134,-0.0765,0.0142647003756358
61.7333333333333,0.190544827779134,-0.0765,0.0142247754642072
61.7666666666667,0.190544827779134,-0.0765,0.0141914902629765
61.8,0.190544827779134,-0.0765,0.0141639871841797
61.8333333333333,0.190544827779134,-0.0765,0.0141415062730436
61.8666666666667,0.190544827779134,-0.0765,0.0141233749200982
61.9,0.190544827779134,-0.0765,0.0141089986017875
61.9333333333333,0.190544827779134,-0.0765,0.0140978525504731
61.9666666666667,0.190614000956217,-0.0765,0.0137901943959708
62,0.190591049194336,-0.0765,0.0139370152172879
62.0333333333333,0.190591049194336,-0.0765,0.0139615915445587
62.0666666666667,0.190591049194336,-0.0765,0.0139838950437903
62.1,0.190591049194336,-0.0765,0.0140041210382953
62.1333333333333,0.190591049194336,-0.0765,0.0140224488795037
62.1666666666667,0.190591049194336,-0.0765,0.0140390432041443
62.2,0.190591049194336,-0.0765,0.0140540550956272
62.2333333333333,0.190885416666667,-0.0765,0.0127940332764258
62.2666666666667,0.190885416666667,-0.0765,0.0130341113035776
62.3,0.190885416666667,-0.0765,0.0132424229928496
62.3333333333333,0.190885416666667,-0.0765,0.0134226359964113
62.3666666666667,0.190885416666667,-0.0765,0.0135780278803303
62.4,0.190885416666667,-0.0765,0.0137115253769579
62.4333333333333,0.190885416666667,-0.0765,0.0138257398429228
62.4666666666667,0.190645217895508,-0.0765,0.0149622266149512
62.5,0.19048589070638,-0.0765,0.015548035891718
62.5333333333333,0.19048589070638,-0.0765,0.0153331045509133
62.5666666666667,0.19048589070638,-0.0765,0.0151453571213167
62.6,0.19048589070638,-0.0765,0.0149817283985801
62.6333333333333,0.19048589070638,-0.0765,0.0148394745138986
62.6666666666667,0.19048589070638,-0.0765,0.0147161409114433
62.7,0.19048589070638,-0.0765,0.0146095333999251
62.7333333333333,0.19048589070638,-0.0765,0.0145176919915416
62.7666666666667,0.19048589070638,-0.0765,0.0144388672677042
62.8,0.19069709777832,-0.0765,0.013457705172471
62.8333333333333,0.19069709777832,-0.0765,0.0135638676076616
62.8666666666667,0.19069709777832,-0.0765,0.0136569275700976
62.9,0.19069709777832,-0.0765,0.0137383391527606
62.9333333333333,0.19069709777832,-0.0765,0.0138094057176544
62.9666666666667,0.19069709777832,-0.0765,0.0138712947909526
63,0.19069709777832,-0.0765,0.0139250515375518
63.0333333333333,0.19069709777832,-0.0765,0.0139716109468498
63.0666666666667,0.19069709777832,-0.0765,0.0140118088495976
63.1,0.19069709777832,-0.0765,0.0140463918747786
63.1333333333333,0.19069709777832,-0.0765,0.0140760264455387
63.1666666666667,0.19069709777832,-0.0765,0.0141013069041557
63.2,0.19069709777832,-0.0765,0.0141227628478046
63.2333333333333,0.19069709777832,-0.0765,0.0141408657493873
63.2666666666667,0.19069709777832,-0.0765,0.0141560349308755
63.3,0.19069709777832,-0.0765,0.0141686429504117
63.3333333333333,0.19069709777832,-0.0765,0.0141790204587699
63.3666666666667,0.19069709777832,-0.0765,0.0141874605756403
63.4,0.19069709777832,-0.0765,0.0141942228315313
63.4333333333333,0.19069709777832,-0.0765,0.014199536716836
63.4666666666667,0.19069709777832,-0.0765,0.014203604875745
63.5,0.19069709777832,-0.0765,0.0142066059791803
63.5333333333333,0.19069709777832,-0.0765,0.014208697307729
63.5666666666667,0.19069709777832,-0.0765,0.0142100170726569
63.6,0.190625,-0.0765,0.0145226197454274
63.6333333333333,0.190625,-0.0765,0.0144669446336893
63.6666666666667,0.190625,-0.0765,0.0144183043732452
63.7,0.190625,-0.0765,0.0143759075733978
63.7333333333333,0.190625,-0.0765,0.0143390456105887
63.7666666666667,0.190625,-0.0765,0.0143070843979111
63.8,0.190625,-0.0765,0.0142794569432657
63.8333333333333,0.190625,-0.0765,0.0142556566227199
63.8666666666667,0.190625,-0.0765,0.0142352311023069
63.9,0.190625,-0.0765,0.0142177768476024
63.9333333333333,0.190625,-0.0765,0.0142029341659488
63.9666666666667,0.190625,-0.0765,0.0141903827312524
64,0.190625,-0.0765,0.0141798375458681
64.0333333333333,0.190625,-0.0765,0.0141710452982683
64.0666666666667,0.190625,-0.0765,0.0141637810789989
64.1,0.190412521362305,-0.0765,0.0150771407513156
64.1333333333333,0.190412521362305,-0.0765,0.0149079084149751
64.1666666666667,0.190412521362305,-0.0765,0.0147617347197325
64.2,0.190412521362305,-0.0765,0.0146359112925656
64.2333333333333,0.190412521362305,-0.0765,0.0145280211372388
64.2666666666667,0.190412521362305,-0.0765,0.014435909071748
64.3,0.190412521362305,-0.0765,0.0143576550413748
64.3333333333333,0.19040158589681,-0.0765,0.0143388626626205
64.3666666666667,0.19040158589681,-0.0765,0.0142749234547621
64.4,0.19040158589681,-0.0765,0.0142213991313725
64.4333333333333,0.19040158589681,-0.0765,0.0141769595317279
64.4666666666667,0.19040158589681,-0.0765,0.0141404248230498
64.5,0.19040158589681,-0.0765,0.014110749742835
64.5333333333333,0.19040158589681,-0.0765,0.0140870094100447
64.5666666666667,0.19040158589681,-0.0765,0.0140683865547213
64.6,0.190591049194336,-0.0765,0.0132344412729807
64.6333333333333,0.190663019816081,-0.0765,0.0130592283743788
64.6666666666667,0.190663019816081,-0.0765,0.0132346293557657
64.7,0.190663019816081,-0.0765,0.0133878872092316
64.7333333333333,0.190663019816081,-0.0765,0.0135214890962884
64.7666666666667,0.190663019816081,-0.0765,0.0136376624531515
64.8,0.190663019816081,-0.0765,0.0137384007835643
64.8333333333333,0.190663019816081,-0.0765,0.0138254869830261
64.8666666666667,0.190655263264974,-0.0765,0.0139340733798941
64.9,0.190655263264974,-0.0765,0.0139924617587675
64.9333333333333,0.190655263264974,-0.0765,0.0140422893505449
64.9666666666667,0.190655263264974,-0.0765,0.0140845942725638
65,0.190655263264974,-0.0765,0.0141203010140045
65.0333333333333,0.190655263264974,-0.0765,0.0141502320868706
65.0666666666667,0.190655263264974,-0.0765,0.0141751185356623
65.1,0.190655263264974,-0.0765,0.0141956094138177
65.1333333333333,0.190655263264974,-0.0765,0.0142122803250241
65.1666666666667,0.190655263264974,-0.0765,0.0142256411184353
65.2,0.190655263264974,-0.0765,0.014236142818585
65.2333333333333,0.190655263264974,-0.0765,0.0142441838632835
65.2666666666667,0.190655263264974,-0.0765,0.014250115715966
65.3,0.190655263264974,-0.0765,0.0142542479127646
65.3333333333333,0.190655263264974,-0.0765,0.0142568525989391
65.3666666666667,0.190655263264974,-0.0765,0.0142581686041828
65.4,0.190625,-0.0765,0.0143893400440051
65.4333333333333,0.190625,-0.0765,0.0143652574792776
65.4666666666667,0.190625,-0.0765,0.014343580017083
65.5,0.190625,-0.0765,0.0143240801569151
65.5333333333333,0.190625,-0.0765,0.0143065511561543
65.5666666666667,0.190625,-0.0765,0.0142908051842169
65.6,0.190625,-0.0765,0.0142766716376897
65.6333333333333,0.190530331929525,-0.0765,0.0146735799075337
65.6666666666667,0.19056224822998,-0.0765,0.0144508652374077
65.7,0.19056224822998,-0.0765,0.0144019584304184
65.7333333333333,0.19056224822998,-0.0765,0.0143594958784747
65.7666666666667,0.19056224822998,-0.0765,0.0143227360591083
65.8,0.19056224822998,-0.0765,0.0142910161067214
65.8333333333333,0.19056224822998,-0.0765,0.0142637439146028
65.8666666666667,0.19056224822998,-0.0765,0.0142403909990958
65.9,0.19056224822998,-0.0765,0.0142204860545525
65.9333333333333,0.19056224822998,-0.0765,0.0142036091342459
65.9666666666667,0.19056224822998,-0.0765,0.0141893863983401
66,0.19056224822998,-0.0765,0.0141774853754294
66.0333333333333,0.19056224822998,-0.0765,0.0141676106890752
66.0666666666667,0.19056224822998,-0.0765,0.014159500205247
66.1,0.19056224822998,-0.0765,0.0141529215606447
66.1333333333333,0.19056224822998,-0.0765,0.0141476690355819
66.1666666666667,0.191117731730143,-0.0765,0.0117402443704308
66.2,0.191117731730143,-0.0765,0.0121670380056785
66.2333333333333,0.191117731730143,-0.0765,0.0125369940967326
66.2666666666667,0.191117731730143,-0.0765,0.0128567074914026
66.3,0.191117731730143,-0.0765,0.013132068947549
66.3333333333333,0.191117731730143,-0.0765,0.0133683361939211
66.3666666666667,0.191117731730143,-0.0765,0.0135701981053013
66.4,0.19069709777832,-0.0765,0.0155617183079659
66.4333333333333,0.190625,-0.0765,0.0156932269879525
66.4666666666667,0.190625,-0.0765,0.015477479170352
66.5,0.190625,-0.0765,0.0152875455000741
66.5333333333333,0.190625,-0.0765,0.0151206185537571
66.5666666666667,0.190625,-0.0765,0.0149741777694924
66.6,0.190625,-0.0765,0.0148459614037483
66.6333333333333,0.190625,-0.0765,0.0147339411404098
66.6666666666667,0.190625,-0.0765,0.0146362991075
66.7,0.190625,-0.0765,0.0145514070792201
66.7333333333333,0.190625,-0.0765,0.0144778076610516
66.7666666666667,0.190625,-0.0765,0.0144141972739838
66.8,0.190625,-0.0765,0.0143594107706222
66.8333333333333,0.190625,-0.0765,0.0143124075311356
66.8666666666667,0.190625,-0.0765,0.0142722589008457
66.9,0.190625,-0.0765,0.0142381368438688
66.9333333333333,0.190625,-0.0765,0.0142093036987012
66.9666666666667,0.190625,-0.0765,0.0141851029320899
67,0.190625,-0.0765,0.0141649507970389
67.0333333333333,0.190625,-0.0765,0.0141483288094599
67.0666666666667,0.190625,-0.0765,0.0141347769658534
67.1,0.190625,-0.0765,0.0141238876315687
67.1333333333333,0.190625,-0.0765,0.0141153000357107
67.1666666666667,0.190625,-0.0765,0.0141086953146919
67.2,0.190625,-0.0765,0.0141037920518108
67.2333333333333,0.190625,-0.0765,0.0141003422651487
67.2666666666667,0.190625,-0.0765,0.0140981278005207
67.3,0.190625,-0.0765,0.0140969570902728
67.3333333333333,0.190625,-0.0765,0.0140966622423909
67.3666666666667,0.190625,-0.0765,0.01409709642773
67.4,0.190625,-0.0765,0.0140981315362099
67.4333333333333,0.190625,-0.0765,0.0140996560755739
67.4666666666667,0.190625,-0.0765,0.0141015732888157
67.5,0.190625,-0.0765,0.0141037994686476
67.5333333333333,0.190625,-0.0765,0.014106262449444
67.5666666666667,0.190625,-0.0765,0.0141089002589683
67.6,0.190625,-0.0765,0.0141116599138833
67.6333333333333,0.190625,-0.0765,0.0141144963445863
67.6666666666667,0.190625,-0.0765,0.0141173714363063
67.7,0.190625,-0.0765,0.0141202531746607
67.7333333333333,0.190625,-0.0765,0.0141231148850229
67.7666666666667,0.190625,-0.0765,0.0141259345560791
67.8,0.190625,-0.0765,0.014128694238906
67.8333333333333,0.190625,-0.0765,0.0141313795137398
67.8666666666667,0.190625,-0.0765,0.01413397901739
67.9,0.190625,-0.0765,0.0141364840249385
67.9333333333333,0.190625,-0.0765,0.0141388880800003
67.9666666666667,0.190625,-0.0765,0.0141411866683983
68,0.190625,-0.0765,0.0141433769306068
68.0333333333333,0.190625,-0.0765,0.0141454574088002
68.0666666666667,0.190625,-0.0765,0.0141474278247545
68.1,0.190625,-0.0765,0.0141492888852329
68.1333333333333,0.190625,-0.0765,0.014151042111835
68.1666666666667,0.190625,-0.0765,0.014152689692588
68.2,0.190625,-0.0765,0.0141542343528526
68.2333333333333,0.190625,-0.0765,0.0141556792433567
68.2666666666667,0.190625,-0.0765,0.014157027843404
68.3,0.190625,-0.0765,0.0141582838775086
68.3333333333333,0.190625,-0.0765,0.0141594512438891
68.3666666666667,0.190625,-0.0765,0.014160533953424
68.4,0.190625,-0.0765,0.0141615360778208
68.4333333333333,0.190625,-0.0765,0.0141624617058819
68.4666666666667,0.190625,-0.0765,0.0141633149068761
68.5,0.190501403808594,-0.0765,0.014698842405804
68.5333333333333,0.190625,-0.0765,0.0140691623468138
68.5666666666667,0.190625,-0.0765,0.0140826558875647
68.6,0.190625,-0.0765,0.0140945974579956
68.6333333333333,0.190625,-0.0765,0.0141051506988784
68.6666666666667,0.190625,-0.0765,0.0141144629384735
68.7,0.190625,-0.0765,0.0141226667554215
68.7333333333333,0.190625,-0.0765,0.0141298813962758
68.7666666666667,0.190789604187012,-0.0765,0.0134240490068764
68.8,0.190789604187012,-0.0765,0.0135569919714132
68.8333333333333,0.190789604187012,-0.0765,0.0136721438099005
68.8666666666667,0.190789604187012,-0.0765,0.013771573298637
68.9,0.190789604187012,-0.0765,0.0138571280903374
68.9333333333333,0.190789604187012,-0.0765,0.0139304570463315
68.9666666666667,0.190789604187012,-0.0765,0.0139930304038724
69,0.190789604187012,-0.0765,0.0140461579819995
69.0333333333333,0.190789604187012,-0.0765,0.0140910056107429
69.0666666666667,0.190663019816081,-0.0765,0.0146762811073417
69.1,0.190663019816081,-0.0765,0.0146095926219389
69.1333333333333,0.190663019816081,-0.0765,0.0145505429102967
69.1666666666667,0.190663019816081,-0.0765,0.0144983249227377
69.2,0.190663019816081,-0.0765,0.0144522123732958
69.2333333333333,0.190663019816081,-0.0765,0.0144115519681131
69.2666666666667,0.190663019816081,-0.0765,0.0143757563597502
69.3,0.190663019816081,-0.0765,0.0143442977611676
69.3333333333333,0.19097957611084,-0.0765,0.0129471116593072
69.3666666666667,0.19097957611084,-0.0765,0.013167953368719
69.4,0.19097957611084,-0.0765,0.0133589807231361
69.4333333333333,0.19097957611084,-0.0765,0.0135236807661271
69.4666666666667,0.19097957611084,-0.0765,0.0136651662729244
69.5,0.19097957611084,-0.0765,0.0137862136677035
69.5333333333333,0.190578842163086,-0.0765,0.0156230849484885
69.5666666666667,0.190578842163086,-0.0765,0.0154002584416123
69.6,0.190543429056803,-0.0765,0.0153584577341069
69.6333333333333,0.190543429056803,-0.0765,0.0151607369527384
69.6666666666667,0.190543429056803,-0.0765,0.0149886145483051
69.7,0.190543429056803,-0.0765,0.0148391706871636
69.7333333333333,0.190543429056803,-0.0765,0.0147097936642431
69.7666666666667,0.190543429056803,-0.0765,0.0145981490673519
69.8,0.190543429056803,-0.0765,0.0145021519101382
69.8333333333333,0.190487416585286,-0.0765,0.0146622811289238
69.8666666666667,0.190487416585286,-0.0765,0.0145488471166087
69.9,0.190487416585286,-0.0765,0.0144518784997155
69.9333333333333,0.190487416585286,-0.0765,0.0143693819421095
69.9666666666667,0.190487416585286,-0.0765,0.0142995823794211
70,0.190487416585286,-0.0765,0.014240900616163
70.0333333333333,0.190487416585286,-0.0765,0.0141919331198359
70.0666666666667,0.190487416585286,-0.0765,0.0141514338037592
70.1,0.19066276550293,-0.0765,0.0133596451495835
70.1333333333333,0.190534019470215,-0.0765,0.0140256287874846
70.1666666666667,0.190534019470215,-0.0765,0.0140222560999935
70.2,0.190534019470215,-0.0765,0.0140209188924657
70.2333333333333,0.190534019470215,-0.0765,0.0140212790618497
70.2666666666667,0.190534019470215,-0.0765,0.0140230415791536
70.3,0.190576489766439,-0.0765,0.0138422006132543
70.3333333333333,0.190576489766439,-0.0765,0.0138789013695196
70.3666666666667,0.190576489766439,-0.0765,0.0139119219308096
70.4,0.190625,-0.0765,0.0137317287030599
70.4333333333333,0.190625,-0.0765,0.0137959442348808
70.4666666666667,0.190625,-0.0765,0.0138523928280509
70.5,0.190625,-0.0765,0.0139019221927623
70.5333333333333,0.190625,-0.0765,0.0139452933436287
70.5666666666667,0.190625,-0.0765,0.0139831890730873
70.6,0.190625,-0.0765,0.0140162216239928
70.6333333333333,0.190625,-0.0765,0.0140449396351447
70.6666666666667,0.190625,-0.0765,0.0140698344268364
70.7,0.190625,-0.0765,0.0140913456874615
70.7333333333333,0.190625,-0.0765,0.0141098666166787
70.7666666666667,0.190625,-0.0765,0.0141257485756131
70.8,0.190625,-0.0765,0.0141393052899853
70.8333333333333,0.190625,-0.0765,0.014150816647879
70.8666666666667,0.190625,-0.0765,0.0141605321300701
70.9,0.190625,-0.0765,0.0141686739073557
70.9333333333333,0.190625,-0.0765,0.0141754396361951
70.9666666666667,0.190625,-0.0765,0.0141810049810831
71,0.190625,-0.0765,0.0141855258894787
71.0333333333333,0.190625,-0.0765,0.0141891406427298
71.0666666666667,0.190625,-0.0765,0.0141919717042753
71.1,0.190625,-0.0765,0.0141941273844339
71.1333333333333,0.190625,-0.0765,0.0141957033393083
71.1666666666667,0.190534019470215,-0.0765,0.014590413966932
71.2,0.190488433837891,-0.0765,0.0147178863819162
71.2333333333333,0.190488433837891,-0.0765,0.0146219412746878
71.2666666666667,0.190488433837891,-0.0765,0.0145387775752347
71.3,0.190488433837891,-0.0765,0.0144669111903785
71.3333333333333,0.190488433837891,-0.0765,0.0144050165863905
71.3666666666667,0.190488433837891,-0.0765,0.0143519107762957
71.4,0.190488433837891,-0.0765,0.0143065388596134
71.4333333333333,0.190488433837891,-0.0765,0.0142679609686118
71.4666666666667,0.190488433837891,-0.0765,0.0142353404885578
71.5,0.190488433837891,-0.0765,0.0142079334316039
71.5333333333333,0.190488433837891,-0.0765,0.0141850788550497
71.5666666666667,0.190488433837891,-0.0765,0.0141661902247973
71.6,0.190488433837891,-0.0765,0.0141507476339828
71.6333333333333,0.190488433837891,-0.0765,0.0141382907951219
71.6666666666667,0.190488433837891,-0.0765,0.01412841273168
71.7,0.190625,-0.0765,0.0135298964209172
71.7333333333333,0.190625,-0.0765,0.0136298362480403
71.7666666666667,0.190625,-0.0765,0.0137172192417847
71.8,0.190625,-0.0765,0.0137934523364985
71.8333333333333,0.190625,-0.0765,0.0138597957632531
71.8666666666667,0.190625,-0.0765,0.0139173776044038
71.9,0.190625,-0.0765,0.0139672069561141
71.9333333333333,0.190543429056803,-0.0765,0.0143631050110942
71.9666666666667,0.190603065490723,-0.0765,0.0140788881227418
72,0.190603065490723,-0.0765,0.0141019902315328
72.0333333333333,0.190603065490723,-0.0765,0.014121698706693
72.0666666666667,0.190603065490723,-0.0765,0.0141384251416909
72.1,0.190603065490723,-0.0765,0.0141525360891835
72.1333333333333,0.190603065490723,-0.0765,0.0141643576778143
72.1666666666667,0.190603065490723,-0.0765,0.0141741797769101
72.2,0.190603065490723,-0.0765,0.0141822597518713
72.2333333333333,0.190685590108236,-0.0765,0.0138317805651749
72.2666666666667,0.190685590108236,-0.0765,0.0139009051639269
72.3,0.190685590108236,-0.0765,0.0139603278297662
72.3333333333333,0.190685590108236,-0.0765,0.0140112048344262
72.3666666666667,0.190685590108236,-0.0765,0.014054566974728
72.4,0.190685590108236,-0.0765,0.0140913323758699
72.4333333333333,0.190685590108236,-0.0765,0.014122318044264
72.4666666666667,0.190685590108236,-0.0765,0.0141482502881043
72.5,0.190613746643066,-0.0765,0.0144806070642967
72.5333333333333,0.190625,-0.0765,0.0143940031591039
72.5666666666667,0.190625,-0.0765,0.0143689275280172
72.6,0.190625,-0.0765,0.0143463936599628
72.6333333333333,0.190625,-0.0765,0.01432615811639
72.6666666666667,0.190625,-0.0765,0.0143079999140304
72.7,0.190707651774089,-0.0765,0.0139341230777919
72.7333333333333,0.190707651774089,-0.0765,0.0139835051401559
72.7666666666667,0.190646171569824,-0.0765,0.0142918307292682
72.8,0.190646171569824,-0.0765,0.0142803752438298
72.8333333333333,0.190646171569824,-0.0765,0.014269858547325
72.8666666666667,0.190646171569824,-0.0765,0.0142602106394804
72.9,0.190646171569824,-0.0765,0.0142513662696414
72.9333333333333,0.190646171569824,-0.0765,0.014243264652656
72.9666666666667,0.190646171569824,-0.0765,0.0142358491981147
73,0.190646171569824,-0.0765,0.0142290672527305
73.0333333333333,0.190625,-0.0765,0.0143144693005334
73.0666666666667,0.190625,-0.0765,0.0142924251439924
73.1,0.190625,-0.0765,0.0142730761609417
73.1333333333333,0.190625,-0.0765,0.0142561270185431
73.1666666666667,0.190625,-0.0765,0.014241312631023
73.2,0.190625,-0.0765,0.0142283952023994
73.2333333333333,0.190625,-0.0765,0.0142171615486549
73.2666666666667,0.190625,-0.0765,0.0142074206736256
73.3,0.190572802225749,-0.0765,0.0144248368433982
73.3333333333333,0.190572802225749,-0.0765,0.0143771878878736
73.3666666666667,0.190572802225749,-0.0765,0.0143359909839683
73.4,0.190572802225749,-0.0765,0.0143004925284016
73.4333333333333,0.190572802225749,-0.0765,0.0142700196253133
73.4666666666667,0.190837224324544,-0.0765,0.0130999416228871
73.5,0.190837224324544,-0.0765,0.0132824343285703
73.5333333333333,0.190837224324544,-0.0765,0.0134408837141819
73.5666666666667,0.190528233846029,-0.0765,0.0149149210503071
73.6,0.190528233846029,-0.0765,0.0147941678626036
73.6333333333333,0.190528233846029,-0.0765,0.0146889234363739
73.6666666666667,0.190528233846029,-0.0765,0.0145974251317603
73.7,0.190528233846029,-0.0765,0.0145180959700856
73.7333333333333,0.190528233846029,-0.0765,0.0144495260741109
73.7666666666667,0.190528233846029,-0.0765,0.0143904558939109
73.8,0.190528233846029,-0.0765,0.0143397610515379
73.8333333333333,0.190625,-0.0765,0.0138777769254943
73.8666666666667,0.190625,-0.0765,0.0139158256881518
73.9,0.190625,-0.0765,0.0139495094459565
73.9333333333333,0.190625,-0.0765,0.0139792908497768
73.9666666666667,0.190625,-0.0765,0.0140055860931971
74,0.190625,-0.0765,0.0140287693973259
74.0333333333333,0.190625,-0.0765,0.0140491770754791
74.0666666666667,0.190625,-0.0765,0.0140671112161744
74.1,0.190625,-0.0765,0.0140828430194188
74.1333333333333,0.190625,-0.0765,0.0140966158181316
74.1666666666667,0.190625,-0.0765,0.014108647813673
74.2,0.190625,-0.0765,0.0141191345518408
74.2333333333333,0.190625,-0.0765,0.0141282511633176
74.2666666666667,0.190625,-0.0765,0.0141361543903755
74.3,0.190625,-0.0765,0.0141429844196755
74.3333333333333,0.190625,-0.0765,0.0141488665391949
74.3666666666667,0.190591049194336,-0.0765,0.0143008018356911
74.4,0.190591049194336,-0.0765,0.014278835408599
74.4333333333333,0.190591049194336,-0.0765,0.0142597471494954
74.4666666666667,0.190591049194336,-0.0765,0.0142432056573516
74.5,0.190591049194336,-0.0765,0.0142289147612001
74.5333333333333,0.190591049194336,-0.0765,0.0142166099739931
74.5666666666667,0.190591049194336,-0.0765,0.0142060552894615
74.6,0.190591049194336,-0.0765,0.0141970402897973
74.6333333333333,0.190591049194336,-0.0765,0.0141893775349139
74.6666666666667,0.190591049194336,-0.0765,0.0141829002067427
74.7,0.190591049194336,-0.0765,0.0141774599844472
74.7333333333333,0.190591049194336,-0.0765,0.0141729251286706
74.7666666666667,0.190591049194336,-0.0765,0.0141691787549494
74.8,0.190591049194336,-0.0765,0.0141661172782621
74.8333333333333,0.190591049194336,-0.0765,0.0141636490123577
74.8666666666667,0.190725135803223,-0.0765,0.0135815630909863
74.9,0.190428479512533,-0.0765,0.0149673169055203
74.9333333333333,0.190428479512533,-0.0765,0.0148264345166411
74.9666666666667,0.190428479512533,-0.0765,0.0147043768894422
75,0.190428479512533,-0.0765,0.0145989551238652
75.0333333333333,0.190428479512533,-0.0765,0.0145082143642749
75.0666666666667,0.190428479512533,-0.0765,0.01443041015212
75.1,0.190428479512533,-0.0765,0.0143639870719531
75.1333333333333,0.190501403808594,-0.0765,0.013992050275924
75.1666666666667,0.190615526835124,-0.0765,0.0135070681201559
75.2,0.190615526835124,-0.0765,0.0136042620211168
75.2333333333333,0.190615526835124,-0.0765,0.0136896072304107
75.2666666666667,0.190615526835124,-0.0765,0.0137644076911904
75.3,0.190615526835124,-0.0765,0.013829833007552
75.3333333333333,0.190615526835124,-0.0765,0.0138869316576611
75.3666666666667,0.190615526835124,-0.0765,0.0139366429513721
75.4,0.190772692362467,-0.0765,0.0132998263832482
75.4333333333333,0.190772692362467,-0.0765,0.013458836060445
75.4666666666667,0.190772692362467,-0.0765,0.0135964048558178
75.5,0.190772692362467,-0.0765,0.013715034891976
75.5333333333333,0.190772692362467,-0.0765,0.0138169603041481
75.5666666666667,0.190772692362467,-0.0765,0.0139041743403222
75.6,0.190772692362467,-0.0765,0.0139784538319706
75.6333333333333,0.190772692362467,-0.0765,0.0140413812826164
75.6666666666667,0.190885416666667,-0.0765,0.0136066596459476
75.7,0.190885416666667,-0.0765,0.013738194264562
75.7333333333333,0.190885416666667,-0.0765,0.0138504431879622
75.7666666666667,0.190885416666667,-0.0765,0.0139457558708444
75.8,0.190885416666667,-0.0765,0.0140262233753868
75.8333333333333,0.190885416666667,-0.0765,0.0140937049779426
75.8666666666667,0.190885416666667,-0.0765,0.0141498521599621
75.9,0.190625,-0.0765,0.0153228309118685
75.9333333333333,0.190806579589844,-0.0765,0.0143733784948059
75.9666666666667,0.190806579589844,-0.0765,0.0143696896611273
76,0.190806579589844,-0.0765,0.0143646319640633
76.0333333333333,0.190806579589844,-0.0765,0.014358485899005
76.0666666666667,0.190806579589844,-0.0765,0.0143514935825537
76.1,0.190806579589844,-0.0765,0.0143438632261846
76.1333333333333,0.190806579589844,-0.0765,0.014335773133065
76.1666666666667,0.190806579589844,-0.0765,0.0143273752659851
76.2,0.19052193959554,-0.0765,0.0155503020785537
76.2333333333333,0.19052193959554,-0.0765,0.0153213566859865
76.2666666666667,0.19052193959554,-0.0765,0.015121987580057
76.3,0.19052193959554,-0.0765,0.0149488267174706
76.3333333333333,0.19052193959554,-0.0765,0.0147988610374308
76.3666666666667,0.19052193959554,-0.0765,0.0146693969720498
76.4,0.19052193959554,-0.0765,0.014558028370757
76.4333333333333,0.19052193959554,-0.0765,0.014462607519816
76.4666666666667,0.190499560038249,-0.0765,0.0144780448068678
76.5,0.190499560038249,-0.0765,0.0143916609961708
76.5333333333333,0.190499560038249,-0.0765,0.0143184069550143
76.5666666666667,0.190499560038249,-0.0765,0.0142566604949501
76.6,0.190499560038249,-0.0765,0.0142049791007863
76.6333333333333,0.190499560038249,-0.0765,0.0141620813540366
76.6666666666667,0.19066276550293,-0.0765,0.0134207167483583
76.7,0.19066276550293,-0.0765,0.0135184177688859
76.7333333333333,0.190663019816081,-0.0765,0.0136038184159864
76.7666666666667,0.190663019816081,-0.0765,0.0136805016404753
76.8,0.190663019816081,-0.0765,0.01374821056937
76.8333333333333,0.190663019816081,-0.0765,0.0138079075122314
76.8666666666667,0.190663019816081,-0.0765,0.0138604574177534
76.9,0.190663019816081,-0.0765,0.0139066373219585
76.9333333333333,0.190663019816081,-0.0765,0.0139471449079136
76.9666666666667,0.190663019816081,-0.0765,0.0139826062584828
77,0.190806579589844,-0.0765,0.0133924671204285
77.0333333333333,0.190673319498698,-0.0765,0.0141071247104915
77.0666666666667,0.190673319498698,-0.0765,0.0141236539148639
77.1,0.190673319498698,-0.0765,0.0141377230967785
77.1333333333333,0.190673319498698,-0.0765,0.0141496319369984
77.1666666666667,0.190673319498698,-0.0765,0.0141596472614822
77.2,0.190673319498698,-0.0765,0.0141680064119251
77.2333333333333,0.190673319498698,-0.0765,0.014174920286109
77.2666666666667,0.190673319498698,-0.0765,0.0141805760793267
77.3,0.190673319498698,-0.0765,0.014185139755256
77.3333333333333,0.190673319498698,-0.0765,0.0141887582720414
77.3666666666667,0.190673319498698,-0.0765,0.0141915615869535
77.4,0.190673319498698,-0.0765,0.0141936644608285
77.4333333333333,0.190673319498698,-0.0765,0.0141951680815183
77.4666666666667,0.190673319498698,-0.0765,0.0141961615237846
77.5,0.190673319498698,-0.0765,0.014196723061449
77.5333333333333,0.190672620137533,-0.0765,0.0141999471536083
77.5666666666667,0.190672620137533,-0.0765,0.0141993010000628
77.6,0.190672620137533,-0.0765,0.0141984767739387
77.6333333333333,0.190672620137533,-0.0765,0.0141975117259475
77.6666666666667,0.190672620137533,-0.0765,0.0141964380127281
77.7,0.190672620137533,-0.0765,0.0141952832888089
77.7333333333333,0.190672620137533,-0.0765,0.0141940712356774
77.7666666666667,0.190672620137533,-0.0765,0.014192822034269
77.8,0.190672620137533,-0.0765,0.0141915527865673
77.8333333333333,0.190672620137533,-0.0765,0.0141902778914691
77.8666666666667,0.190672620137533,-0.0765,0.0141890093795621
77.9,0.190672620137533,-0.0765,0.0141877572110152
77.9333333333333,0.190672620137533,-0.0765,0.0141865295403662
77.9666666666667,0.190672620137533,-0.0765,0.0141853329516268
78,0.190672620137533,-0.0765,0.0141841726667877
78.0333333333333,0.190672620137533,-0.0765,0.0141830527304967
78.0666666666667,0.190725135803223,-0.0765,0.0139547655381871
78.1,0.190725135803223,-0.0765,0.0139943791953363
78.1333333333333,0.190725135803223,-0.0765,0.0140285867559465
78.1666666666667,0.190725135803223,-0.0765,0.0140580242693388
78.2,0.190725135803223,-0.0765,0.0140832592580034
78.2333333333333,0.190725135803223,-0.0765,0.0141047976784361
78.2666666666667,0.190725135803223,-0.0765,0.0141230902042188
78.3,0.190823300679525,-0.0765,0.0137138245528865
78.3333333333333,0.190540885925293,-0.0765,0.0150246350807219
78.3666666666667,0.190540885925293,-0.0765,0.0148826289655142
78.4,0.190540885925293,-0.0765,0.0147590515470169
78.4333333333333,0.190540885925293,-0.0765,0.0146517958710106
78.4666666666667,0.190540885925293,-0.0765,0.014558977770455
78.5,0.190540885925293,-0.0765,0.0144789135335866
78.5333333333333,0.190540885925293,-0.0765,0.0144100997249262
78.5666666666667,0.190540885925293,-0.0765,0.0143511949577296
78.6,0.190672620137533,-0.0765,0.0137310513329085
78.6333333333333,0.190672620137533,-0.0765,0.013790464121248
78.6666666666667,0.190672620137533,-0.0765,0.0138428985008896
78.7,0.190672620137533,-0.0765,0.0138891055050687
78.7333333333333,0.190672620137533,-0.0765,0.0139297599356523
78.7666666666667,0.190672620137533,-0.0765,0.0139654677814365
78.8,0.190672620137533,-0.0765,0.0139967729371926
78.8333333333333,0.190672620137533,-0.0765,0.0140241632877457
78.8666666666667,0.190615526835124,-0.0765,0.0142950921362085
78.9,0.190615526835124,-0.0765,0.0142717319546204
78.9333333333333,0.190615526835124,-0.0765,0.014251565452903
78.9666666666667,0.190615526835124,-0.0765,0.0142342159221531
79,0.190615526835124,-0.0765,0.0142193473332814
79.0333333333333,0.190615526835124,-0.0765,0.01420666019675
79.0666666666667,0.190745162963867,-0.0765,0.0136350131466342
79.1,0.190745162963867,-0.0765,0.0137262506004558
79.1333333333333,0.190860557556152,-0.0765,0.0133062354758784
79.1666666666667,0.190860557556152,-0.0765,0.0134641752206729
79.2,0.190860557556152,-0.0765,0.0136007536565321
79.2333333333333,0.190860557556152,-0.0765,0.0137184690319882
79.2666666666667,0.190860557556152,-0.0765,0.0138195515912926
79.3,0.190860557556152,-0.0765,0.0139059907099532
79.3333333333333,0.190860557556152,-0.0765,0.0139795593948262
79.3666666666667,0.190860557556152,-0.0765,0.0140418363967871
79.4,0.190885416666667,-0.0765,0.0139866724585935
79.4333333333333,0.190885416666667,-0.0765,0.0140496629094971
79.4666666666667,0.190885416666667,-0.0765,0.0141025410077808
79.5,0.190885416666667,-0.0765,0.0141465900309369
79.5333333333333,0.190885416666667,-0.0765,0.0141829487625914
79.5666666666667,0.190885416666667,-0.0765,0.014212626601748
79.6,0.190885416666667,-0.0765,0.0142365171703427
79.6333333333333,0.190885416666667,-0.0765,0.0142554105629149
79.6666666666667,0.190885416666667,-0.0765,0.014270004368806
79.7,0.190885416666667,-0.0765,0.0142809135851401
79.7333333333333,0.190885416666667,-0.0765,0.0142886795277794
79.7666666666667,0.190885416666667,-0.0765,0.0142937778374057
79.8,0.190885416666667,-0.0765,0.0142966256687446
79.8333333333333,0.190885416666667,-0.0765,0.0142975881426666
79.8666666666667,0.190885416666667,-0.0765,0.0142969841333627
79.9,0.190561676025391,-0.0765,0.0156957652508707
79.9333333333333,0.190561676025391,-0.0765,0.0154422651630794
79.9666666666667,0.190561676025391,-0.0765,0.0152215431333355
80,0.190561676025391,-0.0765,0.0150298636215312
80.0333333333333,0.190561676025391,-0.0765,0.0148638850497588
80.0666666666667,0.190561676025391,-0.0765,0.0147206203957284
80.1,0.190561676025391,-0.0765,0.0145974015785685
80.1333333333333,0.190561676025391,-0.0765,0.0144918472826437
80.1666666666667,0.190625,-0.0765,0.0141278607827476
80.2,0.190625,-0.0765,0.0141005059665907
80.2333333333333,0.190625,-0.0765,0.0140785402112022
80.2666666666667,0.190625,-0.0765,0.0140612315953288
80.3,0.190625,-0.0765,0.0140479333698701
80.3333333333333,0.190625,-0.0765,0.014038074879955
80.3666666666667,0.190625,-0.0765,0.0140311534004478
80.4,0.190625,-0.0765,0.0140267267966625
80.4333333333333,0.190578524271647,-0.0765,0.0142254855917749
80.4666666666667,0.190578524271647,-0.0765,0.014188962355347
80.5,0.190578524271647,-0.0765,0.0141587343792039
80.5333333333333,0.190578524271647,-0.0765,0.0141339801577057
80.5666666666667,0.190578524271647,-0.0765,0.0141139720822378
80.6,0.190578524271647,-0.0765,0.0140980665301758
80.6333333333333,0.190578524271647,-0.0765,0.0140856949452484
80.6666666666667,0.190578524271647,-0.0765,0.0140763558139187
80.7,0.190707651774089,-0.0765,0.0135109333591151
80.7333333333333,0.190707651774089,-0.0765,0.0136063260859013
80.7666666666667,0.190707651774089,-0.0765,0.0136901722479535
80.8,0.190707651774089,-0.0765,0.0137637353294364
80.8333333333333,0.190707651774089,-0.0765,0.0138281492327565
80.8666666666667,0.190707651774089,-0.0765,0.0138844309771325
80.9,0.190707651774089,-0.0765,0.0139334921941845
80.9333333333333,0.190707651774089,-0.0765,0.0139761495315496
80.9666666666667,0.190663019816081,-0.0765,0.014206235598109
81,0.190663019816081,-0.0765,0.014203658294759
81.0333333333333,0.190663019816081,-0.0765,0.0142012813014807
81.0666666666667,0.190663019816081,-0.0765,0.0141990869795183
81.1,0.190663019816081,-0.0765,0.0141970593629869
81.1333333333333,0.190663019816081,-0.0765,0.0141951839958418
81.1666666666667,0.190663019816081,-0.0765,0.0141934477847237
81.2,0.190663019816081,-0.0765,0.0141918388661564
81.2333333333333,0.190540758768717,-0.0765,0.0147193126508172
81.2666666666667,0.190540758768717,-0.0765,0.0146233027149568
81.3,0.190540758768717,-0.0765,0.0145400859075997
81.3333333333333,0.190540758768717,-0.0765,0.0144681752546657
81.3666666666667,0.190540758768717,-0.0765,0.0144062428172126
81.4,0.190540758768717,-0.0765,0.0143531036155361
81.4333333333333,0.190540758768717,-0.0765,0.0143077011130992
81.4666666666667,0.190625,-0.0765,0.0139046218476271
81.5,0.190712738037109,-0.0765,0.0135575701494528
81.5333333333333,0.190712738037109,-0.0765,0.0136544905633256
81.5666666666667,0.190712738037109,-0.0765,0.0137391236534089
81.6,0.190712738037109,-0.0765,0.0138128536966049
81.6333333333333,0.190712738037109,-0.0765,0.0138769200913691
81.6666666666667,0.190712738037109,-0.0765,0.0139324317702519
81.7,0.190712738037109,-0.0765,0.0139803802311271
81.7333333333333,0.190712738037109,-0.0765,0.0140216513157617
81.7666666666667,0.190663019816081,-0.0765,0.0142721432579364
81.8,0.190663019816081,-0.0765,0.0142638670933357
81.8333333333333,0.190663019816081,-0.0765,0.0142562010967493
81.8666666666667,0.190663019816081,-0.0765,0.0142491036719372
81.9,0.190663019816081,-0.0765,0.0142425357814438
81.9333333333333,0.190663019816081,-0.0765,0.0142364608150442
81.9666666666667,0.190663019816081,-0.0765,0.0142308444621865
82,0.190663019816081,-0.0765,0.014225654588665
82.0333333333333,0.190625,-0.0765,0.01438535501585
82.0666666666667,0.19056224822998,-0.0765,0.0146230017046258
82.1,0.19056224822998,-0.0765,0.0145448738203053
82.1333333333333,0.19056224822998,-0.0765,0.0144770672136898
82.1666666666667,0.19056224822998,-0.0765,0.0144183891722297
82.2,0.19056224822998,-0.0765,0.0143677740124293
82.2333333333333,0.190590476989746,-0.0765,0.0142021376866537
82.2666666666667,0.190590476989746,-0.0765,0.0141867443376451
82.3,0.190885416666667,-0.0765,0.0128978603498519
82.3333333333333,0.190885416666667,-0.0765,0.0131155540723432
82.3666666666667,0.190885416666667,-0.0765,0.013304570329771
82.4,0.190885416666667,-0.0765,0.0134682161596835
82.4333333333333,0.190885416666667,-0.0765,0.0136094469372364
82.4666666666667,0.190885416666667,-0.0765,0.0137309017669582
82.5,0.190885416666667,-0.0765,0.0138349354523158
82.5333333333333,0.190885416666667,-0.0765,0.0139236473640615
82.5666666666667,0.190701548258464,-0.0765,0.0147944197956745
82.6,0.190595881144206,-0.0765,0.015172758729182
82.6333333333333,0.190595881144206,-0.0765,0.0150209283850475
82.6666666666667,0.190595881144206,-0.0765,0.0148879440865497
82.7,0.190595881144206,-0.0765,0.0147717071703165
82.7333333333333,0.190595881144206,-0.0765,0.0146703370185315
82.7666666666667,0.190595881144206,-0.0765,0.0145821494762927
82.8,0.190595881144206,-0.0765,0.0145056373299319
82.8333333333333,0.190595881144206,-0.0765,0.0144394526548717
82.8666666666667,0.190595881144206,-0.0765,0.0143823908589863
82.9,0.190595881144206,-0.0765,0.0143333762632762
82.9333333333333,0.190595881144206,-0.0765,0.0142914490760824
82.9666666666667,0.190595881144206,-0.0765,0.0142557536302117
83,0.190595881144206,-0.0765,0.0142255277642867
83.0333333333333,0.190595881144206,-0.0765,0.0142000932405284
83.0666666666667,0.190595881144206,-0.0765,0.0141788471010783
83.1,0.190725135803223,-0.0765,0.0136020296349671
83.1333333333333,0.190725135803223,-0.0765,0.0136876513821702
83.1666666666667,0.190725135803223,-0.0765,0.0137626087693765
83.2,0.190725135803223,-0.0765,0.0138280928910919
83.2333333333333,0.190725135803223,-0.0765,0.0138851707895041
83.2666666666667,0.190725135803223,-0.0765,0.0139347977578174
83.3,0.190725135803223,-0.0765,0.0139778284668026
83.3333333333333,0.190725135803223,-0.0765,0.0140150270240082
83.3666666666667,0.190561676025391,-0.0765,0.0147542897977912
83.4,0.190561676025391,-0.0765,0.0146552884621624
83.4333333333333,0.190561676025391,-0.0765,0.0145692636564591
83.4666666666667,0.190561676025391,-0.0765,0.0144947224700931
83.5,0.190561676025391,-0.0765,0.0144303305370665
83.5333333333333,0.190561676025391,-0.0765,0.0143748960927581
83.5666666666667,0.190561676025391,-0.0765,0.014327355571506
83.6,0.190561676025391,-0.0765,0.0142867606005224
83.6333333333333,0.190544827779134,-0.0765,0.0143251607120922
83.6666666666667,0.190544827779134,-0.0765,0.0142829751795087
83.7,0.190544827779134,-0.0765,0.0142472189142478
83.7333333333333,0.190544827779134,-0.0765,0.0142170940262037
83.7666666666667,0.190544827779134,-0.0765,0.0141918913529327
83.8,0.190544827779134,-0.0765,0.0141709812554398
83.8333333333333,0.190544827779134,-0.0765,0.014153805323691
83.8666666666667,0.190544827779134,-0.0765,0.014139868905093
83.9,0.190700848897298,-0.0765,0.013453704233338
83.9333333333333,0.190700848897298,-0.0765,0.0135657380126728
83.9666666666667,0.190700848897298,-0.0765,0.0136636451955533
84,0.190700848897298,-0.0765,0.0137490126232191
84.0333333333333,0.190700848897298,-0.0765,0.0138232613600025
84.0666666666667,0.190700848897298,-0.0765,0.0138876631644521
84.1,0.190700848897298,-0.0765,0.0139433553832618
84.1333333333333,0.190700848897298,-0.0765,0.0139913544148005
84.1666666666667,0.190700848897298,-0.0765,0.0140325678756852
84.2,0.190700848897298,-0.0765,0.0140678055916702
84.2333333333333,0.190700848897298,-0.0765,0.0140977895230516
84.2666666666667,0.190700848897298,-0.0765,0.0141231627246996
84.3,0.190700848897298,-0.0765,0.0141444974316525
84.3333333333333,0.190700848897298,-0.0765,0.0141623023528536
84.3666666666667,0.190700848897298,-0.0765,0.0141770292480092
84.4,0.190700848897298,-0.0765,0.0141890788556289
84.4333333333333,0.190615526835124,-0.0765,0.014567954747919
84.4666666666667,0.190615526835124,-0.0765,0.0145096387915197
84.5,0.190615526835124,-0.0765,0.0144584520060797
84.5333333333333,0.190615526835124,-0.0765,0.0144136072876148
84.5666666666667,0.190615526835124,-0.0765,0.0143743988622861
84.6,0.190615526835124,-0.0765,0.0143401942667315
84.6333333333333,0.190615526835124,-0.0765,0.0143104270920767
84.6666666666667,0.190816370646159,-0.0765,0.0134156335241223
84.7,0.190625,-0.0765,0.0143766886898225
84.7333333333333,0.190625,-0.0765,0.0143438779577918
84.7666666666667,0.190625,-0.0765,0.0143152232420608
84.8,0.190625,-0.0765,0.0142902562341151
84.8333333333333,0.190625,-0.0765,0.0142685576619558
84.8666666666667,0.190625,-0.0765,0.0142497524093916
84.9,0.190625,-0.0765,0.0142335051033378
84.9333333333333,0.190625,-0.0765,0.0142195161255062
84.9666666666667,0.190625,-0.0765,0.014207518008858
85,0.190625,-0.0765,0.0141972721827906
85.0333333333333,0.190625,-0.0765,0.0141885660343399
85.0666666666667,0.190625,-0.0765,0.0141812102556626
85.1,0.190625,-0.0765,0.0141750364508026
85.1333333333333,0.190625,-0.0765,0.014169894977221
85.1666666666667,0.190625,-0.0765,0.0141656529998346
85.2,0.190625,-0.0765,0.0141621927373564
85.2333333333333,0.190625,-0.0765,0.0141594098826079
85.2666666666667,0.190625,-0.0765,0.01415721218017
85.3,0.190625,-0.0765,0.0141555181462812
85.3333333333333,0.190625,-0.0765,0.0141542559173085
85.3666666666667,0.190625,-0.0765,0.0141533622143783
85.4,0.190625,-0.0765,0.014152781412932
85.4333333333333,0.190885416666667,-0.0765,0.0130257640267394
85.4666666666667,0.190885416666667,-0.0765,0.0132272190236882
85.5,0.190678914388021,-0.0765,0.0142952556500806
85.5333333333333,0.190678914388021,-0.0765,0.0142862915275516
85.5666666666667,0.190678914388021,-0.0765,0.0142778154158072
85.6,0.190678914388021,-0.0765,0.0142698147014175
85.6333333333333,0.190678914388021,-0.0765,0.0142622751698123
85.6666666666667,0.190678914388021,-0.0765,0.0142551813714514
85.7,0.190678914388021,-0.0765,0.0142485169380262
85.7333333333333,0.190678914388021,-0.0765,0.0142422648544252
85.7666666666667,0.190823300679525,-0.0765,0.0136117159814161
85.8,0.190823300679525,-0.0765,0.0137179843450338
85.8333333333333,0.190823300679525,-0.0765,0.0138096196914497
85.8666666666667,0.190823300679525,-0.0765,0.0138883510056936
85.9,0.190823300679525,-0.0765,0.0139557205392969
85.9333333333333,0.190823300679525,-0.0765,0.014013102808093
85.9666666666667,0.190823300679525,-0.0765,0.0140617217382551
86,0.190823300679525,-0.0765,0.014102666135332
86.0333333333333,0.190625,-0.0765,0.0149948575953551
86.0666666666667,0.190625,-0.0765,0.0148697717695445
86.1,0.190625,-0.0765,0.0147601907650965
86.1333333333333,0.190625,-0.0765,0.0146643905462692
86.1666666666667,0.190625,-0.0765,0.0145808259661138
86.2,0.190591049194336,-0.0765,0.0146550022793323
86.2333333333333,0.190591049194336,-0.0765,0.0145656260035277
86.2666666666667,0.190591049194336,-0.0765,0.0144882800078543
86.3,0.190776189168294,-0.0765,0.0136205494797119
86.3333333333333,0.190776189168294,-0.0765,0.0137065003881295
86.3666666666667,0.190776189168294,-0.0765,0.0137814883445693
86.4,0.190776189168294,-0.0765,0.0138467573241721
86.4333333333333,0.190776189168294,-0.0765,0.0139034202655228
86.4666666666667,0.190776189168294,-0.0765,0.0139524721780077
86.5,0.190776189168294,-0.0765,0.0139948019871076
86.5333333333333,0.190615590413411,-0.0765,0.0147260386649253
86.5666666666667,0.190615590413411,-0.0765,0.0146329232371962
86.6,0.190615590413411,-0.0765,0.014551893955068
86.6333333333333,0.190615590413411,-0.0765,0.0144815698311667
86.6666666666667,0.190615590413411,-0.0765,0.0144207157983787
86.7,0.190615590413411,-0.0765,0.0143682280928345
86.7333333333333,0.190615590413411,-0.0765,0.0143231210451984
86.7666666666667,0.190615590413411,-0.0765,0.0142845151485551
86.8,0.190663019816081,-0.0765,0.014046421520638
86.8333333333333,0.190663019816081,-0.0765,0.0140552593709661
86.8666666666667,0.190663019816081,-0.0765,0.0140635693019258
86.9,0.190663019816081,-0.0765,0.0140713724361309
86.9333333333333,0.190663019816081,-0.0765,0.0140786903120554
86.9666666666667,0.190849494934082,-0.0765,0.0132787543511505
87,0.190849494934082,-0.0765,0.013429489929693
87.0333333333333,0.190849494934082,-0.0765,0.0135604422994518
87.0666666666667,0.190663464864095,-0.0765,0.0144787532351934
87.1,0.190663464864095,-0.0765,0.0144327496966413
87.1333333333333,0.190663464864095,-0.0765,0.0143924094331248
87.1666666666667,0.190663464864095,-0.0765,0.0143571041680758
87.2,0.190663464864095,-0.0765,0.014326270773371
87.2333333333333,0.190663464864095,-0.0765,0.0142994048278888
87.2666666666667,0.190663464864095,-0.0765,0.0142760547907649
87.3,0.190663464864095,-0.0765,0.0142558167322868
87.3333333333333,0.190663464864095,-0.0765,0.0142383295705279
87.3666666666667,0.190428479512533,-0.0765,0.0152399420835273
87.4,0.190428479512533,-0.0765,0.0150451560583192
87.4333333333333,0.190428479512533,-0.0765,0.0148766538741307
87.4666666666667,0.190428479512533,-0.0765,0.014731364233547
87.5,0.190428479512533,-0.0765,0.0146065451964118
87.5333333333333,0.190428479512533,-0.0765,0.0144997508378064
87.5666666666667,0.190428479512533,-0.0765,0.0144088011440296
87.6,0.190428479512533,-0.0765,0.014331754841852
87.6333333333333,0.190767288208008,-0.0765,0.0128010186916393
87.6666666666667,0.190767288208008,-0.0765,0.0130090122652832
87.7,0.190767288208008,-0.0765,0.0131911037210864
87.7333333333333,0.190767288208008,-0.0765,0.0133501829731503
87.7666666666667,0.190767288208008,-0.0765,0.0134888393057381
87.8,0.190767288208008,-0.0765,0.0136093911566362
87.8333333333333,0.190767288208008,-0.0765,0.0137139130545764
87.8666666666667,0.190767288208008,-0.0765,0.0138042599751874
87.9,0.190767288208008,-0.0765,0.013882089355907
87.9333333333333,0.190767288208008,-0.0765,0.0139488809883928
87.9666666666667,0.190767288208008,-0.0765,0.0140059549870391
88,0.190625,-0.0765,0.0146701023017569
88.0333333333333,0.190625,-0.0765,0.0146010177810888
88.0666666666667,0.190625,-0.0765,0.014540147151158
88.1,0.190625,-0.0765,0.0144865977996218
88.1333333333333,0.190625,-0.0765,0.0144395684171249
88.1666666666667,0.190625,-0.0765,0.0143983400569406
88.2,0.190625,-0.0765,0.0143622680416387
88.2333333333333,0.190625,-0.0765,0.0143307746385795
88.2666666666667,0.190472857157389,-0.0765,0.0149615930990912
88.3,0.190472857157389,-0.0765,0.0148200075418753
88.3333333333333,0.190472857157389,-0.0765,0.0146974039217991
88.3666666666667,0.190472857157389,-0.0765,0.0145915716468866
88.4,0.190472857157389,-0.0765,0.0145005366916258
88.4333333333333,0.190472857157389,-0.0765,0.0144225376821333
88.4666666666667,0.190472857157389,-0.0765,0.0143560043014384
88.5,0.190663019816081,-0.0765,0.0134767932325833
88.5333333333333,0.190571721394857,-0.0765,0.013971331262346
88.5666666666667,0.190571721394857,-0.0765,0.0139881727224125
88.6,0.190571721394857,-0.0765,0.0140037813338313
88.6333333333333,0.190571721394857,-0.0765,0.0140182348551053
88.6666666666667,0.190571721394857,-0.0765,0.0140316072310614
88.7,0.190571721394857,-0.0765,0.014043968660145
88.7333333333333,0.190571721394857,-0.0765,0.0140553856780303
88.7666666666667,0.190571721394857,-0.0765,0.0140659212543539
88.8,0.190685590108236,-0.0765,0.0135829784255875
88.8333333333333,0.190685590108236,-0.0765,0.0136800553761706
88.8666666666667,0.190685590108236,-0.0765,0.0137645957509266
88.9,0.190685590108236,-0.0765,0.0138380268201309
88.9333333333333,0.190685590108236,-0.0765,0.0139016254513832
88.9666666666667,0.190685590108236,-0.0765,0.0139565331440585
89,0.190685590108236,-0.0765,0.0140037696176519
89.0333333333333,0.190685590108236,-0.0765,0.0140442450890787
89.0666666666667,0.190685590108236,-0.0765,0.0140787713616727
89.1,0.190685590108236,-0.0765,0.0141080718373993
89.1333333333333,0.190685590108236,-0.0765,0.0141327905535888
89.1666666666667,0.190685590108236,-0.0765,0.0141535003361908
89.2,0.190685590108236,-0.0765,0.0141707101531021
89.2333333333333,0.190685590108236,-0.0765,0.0141848717434068
89.2666666666667,0.190685590108236,-0.0765,0.0141963855913757
89.3,0.190685590108236,-0.0765,0.0142056063076958
89.3333333333333,0.191019757588704,-0.0765,0.0127670616407419
89.3666666666667,0.191019757588704,-0.0765,0.013031230204927
89.4,0.191019757588704,-0.0765,0.0132592414425944
89.4333333333333,0.191019757588704,-0.0765,0.0134553525950289
89.4666666666667,0.191019757588704,-0.0765,0.0136233621888531
89.5,0.191019757588704,-0.0765,0.0137666566259904
89.5333333333333,0.191019757588704,-0.0765,0.013888252238172
89.5666666666667,0.191019757588704,-0.0765,0.0139908332335955
89.6,0.190694046020508,-0.0765,0.0154859869945916
89.6333333333333,0.190694046020508,-0.0765,0.0153053451044019
89.6666666666667,0.190694046020508,-0.0765,0.0151458950623066
89.7,0.190694046020508,-0.0765,0.0150053627493999
89.7333333333333,0.190694046020508,-0.0765,0.0148817041591514
89.7666666666667,0.190694046020508,-0.0765,0.0147730830694348
89.8,0.190694046020508,-0.0765,0.0146778508137189
89.8333333333333,0.190694046020508,-0.0765,0.0145945279588801
89.8666666666667,0.190768559773763,-0.0765,0.0141994016799171
89.9,0.190768559773763,-0.0765,0.0141937250461241
89.9333333333333,0.190768559773763,-0.0765,0.0141886394562018
89.9666666666667,0.190768559773763,-0.0765,0.0141840928733541
90,0.190768559773763,-0.0765,0.0141800373964536
90.0333333333333,0.190768559773763,-0.0765,0.014176428957814
90.0666666666667,0.190768559773763,-0.0765,0.0141732270411639
90.1,0.190774345397949,-0.0765,0.014145362738474
90.1333333333333,0.190885416666667,-0.0765,0.0136667897842446
90.1666666666667,0.190885416666667,-0.0765,0.0137544370313504
90.2,0.190885416666667,-0.0765,0.0138302951989466
90.2333333333333,0.190885416666667,-0.0765,0.0138957440046013
90.2666666666667,0.190885416666667,-0.0765,0.013952014842758
90.3,0.190885416666667,-0.0765,0.0140002058372027
90.3333333333333,0.190885416666667,-0.0765,0.0140412954284245
90.3666666666667,0.190885416666667,-0.0765,0.0140761546340273
90.4,0.190987396240234,-0.0765,0.0136643403607656
90.4333333333333,0.190987396240234,-0.0765,0.0137679037932689
90.4666666666667,0.190987396240234,-0.0765,0.0138567213839874
90.5,0.190987396240234,-0.0765,0.0139325682855315
90.5333333333333,0.190987396240234,-0.0765,0.013997025594114
90.5666666666667,0.190987396240234,-0.0765,0.0140515002620606
90.6,0.190987396240234,-0.0765,0.0140972430569514
90.6333333333333,0.190987396240234,-0.0765,0.0141353647526654
90.6666666666667,0.190625,-0.0765,0.0157347691476125
90.7,0.190625,-0.0765,0.0154800147250155
90.7333333333333,0.190625,-0.0765,0.0152579004174711
90.7666666666667,0.190625,-0.0765,0.0150647253768615
90.8,0.190625,-0.0765,0.0148971777783557
90.8333333333333,0.190625,-0.0765,0.0147522959971253
90.8666666666667,0.190625,-0.0765,0.0146274335149583
90.9,0.190625,-0.0765,0.0145202272087104
90.9333333333333,0.190625,-0.0765,0.0144285687042645
90.9666666666667,0.190625,-0.0765,0.0143505785085785
91,0.190625,-0.0765,0.0142845826587021
91.0333333333333,0.190625,-0.0765,0.0142290916505986
91.0666666666667,0.190625,-0.0765,0.0141827814323951
91.1,0.190625,-0.0765,0.014144476266523
91.1333333333333,0.190625,-0.0765,0.0141131332832478
91.1666666666667,0.190625,-0.0765,0.0140878285645019
91.2,0.190625,-0.0765,0.0140677446118598
91.2333333333333,0.190625,-0.0765,0.0140521590660698
91.2666666666667,0.190625,-0.0765,0.0140404345578982
91.3,0.190625,-0.0765,0.0140320095812533
91.3333333333333,0.190625,-0.0765,0.0140263902897626
91.3666666666667,0.190625,-0.0765,0.0140231431272298
91.4,0.190601539611816,-0.0765,0.0141233902984736
91.4333333333333,0.190601539611816,-0.0765,0.0141056382357058
91.4666666666667,0.190601539611816,-0.0765,0.0140916925858967
91.5,0.190601539611816,-0.0765,0.0140810174601243
91.5333333333333,0.190601539611816,-0.0765,0.01407314070855
91.5666666666667,0.190601539611816,-0.0765,0.0140676470232218
91.6,0.190601539611816,-0.0765,0.0140641717427263
91.6333333333333,0.190625,-0.0765,0.013960893202657
91.6666666666667,0.19077574412028,-0.0765,0.0133264942902972
91.7,0.19077574412028,-0.0765,0.0134597027745118
91.7333333333333,0.19077574412028,-0.0765,0.0135760694513269
91.7666666666667,0.19077574412028,-0.0765,0.0136774869923659
91.8,0.19077574412028,-0.0765,0.0137656503919451
91.8333333333333,0.19077574412028,-0.0765,0.0138420765985033
91.8666666666667,0.19077574412028,-0.0765,0.0139081222672031
91.9,0.19077574412028,-0.0765,0.0139649998084864
91.9333333333333,0.190932909647624,-0.0765,0.0133338104262284
91.9666666666667,0.190932909647624,-0.0765,0.0134971218637264
92,0.190932909647624,-0.0765,0.0136378555430654
92.0333333333333,0.190932909647624,-0.0765,0.0137586797354781
92.0666666666667,0.190932909647624,-0.0765,0.0138619747394923
92.1,0.190932909647624,-0.0765,0.0139498621515473
92.1333333333333,0.190932909647624,-0.0765,0.0140242312861491
92.1666666666667,0.190932909647624,-0.0765,0.0140867630143536
92.2,0.190932909647624,-0.0765,0.0141389512646412
92.2333333333333,0.190932909647624,-0.0765,0.014182122407769
92.2666666666667,0.190932909647624,-0.0765,0.0142174527267197
92.3,0.190932909647624,-0.0765,0.0142459841542669
92.3333333333333,0.190932909647624,-0.0765,0.0142686384437407
92.3666666666667,0.190932909647624,-0.0765,0.0142862299232044
92.4,0.190932909647624,-0.0765,0.0142994769692477
92.4333333333333,0.190932909647624,-0.0765,0.0143090123238996
92.4666666666667,0.190625,-0.0765,0.0156475728828461
92.5,0.190625,-0.0765,0.0154129782634883
92.5333333333333,0.190625,-0.0765,0.0152081167979252
92.5666666666667,0.190625,-0.0765,0.0150296377644263
92.6,0.190625,-0.0765,0.0148745412753571
92.6333333333333,0.190625,-0.0765,0.0147401433615503
92.6666666666667,0.190625,-0.0765,0.0146240444043025
92.7,0.190625,-0.0765,0.0145241006030978
92.7333333333333,0.190625,-0.0765,0.014438398195563
92.7666666666667,0.190625,-0.0765,0.0143652301720293
92.8,0.190625,-0.0765,0.0143030752506286
92.8333333333333,0.190625,-0.0765,0.0142505789002824
92.8666666666667,0.190625,-0.0765,0.0142065362184707
92.9,0.190625,-0.0765,0.0141698764884068
92.9333333333333,0.190625,-0.0765,0.014139649256419
92.9666666666667,0.190544827779134,-0.0765,0.0144618793528563
93,0.190544827779134,-0.0765,0.0143800357615495
93.0333333333333,0.190544827779134,-0.0765,0.0143107003422348
93.0666666666667,0.190544827779134,-0.0765,0.0142523202746784
93.1,0.190544827779134,-0.0765,0.0142035153806134
93.1333333333333,0.190544827779134,-0.0765,0.0141630602206915
93.1666666666667,0.190544827779134,-0.0765,0.0141298679603159
93.2,0.190544827779134,-0.0765,0.0141029758357133
93.2333333333333,0.190740394592285,-0.0765,0.0132354062634141
93.2666666666667,0.190740394592285,-0.0765,0.0133700178625768
93.3,0.190740394592285,-0.0765,0.013488354261505
93.3333333333333,0.190740394592285,-0.0765,0.0135921962743423
93.3666666666667,0.190740394592285,-0.0765,0.0136831420255537
93.4,0.190740394592285,-0.0765,0.0137626248596879
93.4333333333333,0.190740394592285,-0.0765,0.0138319295538092
93.4666666666667,0.190740394592285,-0.0765,0.0138922069892928
93.5,0.190625,-0.0765,0.0144437456615095
93.5333333333333,0.190625,-0.0765,0.0143996407126429
93.5666666666667,0.190625,-0.0765,0.0143612664849217
93.6,0.190625,-0.0765,0.0143279630246728
93.6333333333333,0.190625,-0.0765,0.0142991406996028
93.6666666666667,0.190625,-0.0765,0.0142742731006723
93.7,0.190625,-0.0765,0.0142528906324135
93.7333333333333,0.190625,-0.0765,0.0142345747269354
93.7666666666667,0.190625,-0.0765,0.0142189526228033
93.8,0.190625,-0.0765,0.0142056926553873
93.8333333333333,0.190625,-0.0765,0.0141945000102078
93.8666666666667,0.190625,-0.0765,0.0141851128952653
93.9,0.190625,-0.0765,0.014177299092437
93.9333333333333,0.190625,-0.0765,0.0141708528517046
93.9666666666667,0.190625,-0.0765,0.0141655920953637
94,0.190625,-0.0765,0.014161355902412
94.0333333333333,0.190885416666667,-0.0765,0.0130313015658337
94.0666666666667,0.190885416666667,-0.0765,0.0132302556248395
94.1,0.190885416666667,-0.0765,0.0134028161049038
94.1333333333333,0.190885416666667,-0.0765,0.0135520364226099
94.1666666666667,0.190885416666667,-0.0765,0.0136806447385963
94.2,0.190885416666667,-0.0765,0.0137910767259498
94.2333333333333,0.190885416666667,-0.0765,0.013885505167917
94.2666666666667,0.190885416666667,-0.0765,0.0139658666824624
94.3,0.190685590108236,-0.0765,0.0148984415661438
94.3333333333333,0.190685590108236,-0.0765,0.0148009962404132
94.3666666666667,0.190685590108236,-0.0765,0.0147148558395044
94.4,0.190685590108236,-0.0765,0.0146388138342761
94.4333333333333,0.190685590108236,-0.0765,0.0145717854191009
94.4666666666667,0.190685590108236,-0.0765,0.0145127957212601
94.5,0.190685590108236,-0.0765,0.0144609691176809
94.5333333333333,0.190685590108236,-0.0765,0.014415519557513
94.5666666666667,0.190685590108236,-0.0765,0.0143757417981617
94.6,0.190685590108236,-0.0765,0.0143410034707195
94.6333333333333,0.190685590108236,-0.0765,0.0143107378983081
94.6666666666667,0.190685590108236,-0.0765,0.0142844375977591
94.7,0.190685590108236,-0.0765,0.0142616484013513
94.7333333333333,0.190685590108236,-0.0765,0.0142419641410587
94.7666666666667,0.190685590108236,-0.0765,0.0142250218429882
94.8,0.190774345397949,-0.0765,0.0138264949064993
94.8333333333333,0.190774345397949,-0.0765,0.0138827915439791
94.8666666666667,0.190774345397949,-0.0765,0.0139317429556678
94.9,0.190774345397949,-0.0765,0.0139741931535588
94.9333333333333,0.190774345397949,-0.0765,0.0140108965315698
94.9666666666667,0.190774345397949,-0.0765,0.0140425268794466
95,0.190774345397949,-0.0765,0.0140696855252386
95.0333333333333,0.190774345397949,-0.0765,0.0140929086880783
95.0666666666667,0.190859285990397,-0.0765,0.0137451760420704
95.1,0.190902773539225,-0.0765,0.0136394988420615
95.1333333333333,0.190902773539225,-0.0765,0.0137441549480466
95.1666666666667,0.190902773539225,-0.0765,0.0138341846807113
95.2,0.190902773539225,-0.0765,0.0139113297668742
95.2333333333333,0.190902773539225,-0.0765,0.0139771429075885
95.2666666666667,0.190902773539225,-0.0765,0.014033007073394
95.3,0.190902773539225,-0.0765,0.0140801529142225
95.3333333333333,0.190902773539225,-0.0765,0.0141196744622208
95.3666666666667,0.190902773539225,-0.0765,0.0141525432893202
95.4,0.190902773539225,-0.0765,0.0141796212664478
95.4333333333333,0.190902773539225,-0.0765,0.0142016720576677
95.4666666666667,0.190902773539225,-0.0765,0.0142193714701917
95.5,0.190902773539225,-0.0765,0.0142333167699476
95.5333333333333,0.190902773539225,-0.0765,0.0142440350621815
95.5666666666667,0.190902773539225,-0.0765,0.0142519908272786
95.6,0.190625,-0.0765,0.0154593884142785
95.6333333333333,0.19071896870931,-0.0765,0.0148414529902285
95.6666666666667,0.19071896870931,-0.0765,0.0147299660708776
95.7,0.19071896870931,-0.0765,0.0146327993918516
95.7333333333333,0.19071896870931,-0.0765,0.0145483293253372
95.7666666666667,0.19071896870931,-0.0765,0.0144751027923115
95.8,0.19071896870931,-0.0765,0.0144118202573159
95.8333333333333,0.19071896870931,-0.0765,0.0143573203555574
95.8666666666667,0.190885416666667,-0.0765,0.0135904238172858
95.9,0.190885416666667,-0.0765,0.0136793125981597
95.9333333333333,0.190885416666667,-0.0765,0.0137569131850356
95.9666666666667,0.190885416666667,-0.0765,0.0138245042239756
96,0.190885416666667,-0.0765,0.0138832297759979
96.0333333333333,0.190885416666667,-0.0765,0.0139341127747319
96.0666666666667,0.190885416666667,-0.0765,0.0139780671884602
96.1,0.190885416666667,-0.0765,0.0140159090076991
96.1333333333333,0.190715980529785,-0.0765,0.0147814368014223
96.1666666666667,0.190715980529785,-0.0765,0.0146780224822798
96.2,0.190715980529785,-0.0765,0.0145880438695248
96.2333333333333,0.190715980529785,-0.0765,0.0145099654745392
96.2666666666667,0.190715980529785,-0.0765,0.0144424140484487
96.3,0.190715980529785,-0.0765,0.0143841623321436
96.3333333333333,0.190715980529785,-0.0765,0.0143341143717329
96.3666666666667,0.190625,-0.0765,0.0146849223002819
96.4,0.190615590413411,-0.0765,0.014618750350339
96.4333333333333,0.190615590413411,-0.0765,0.014519609456132
96.4666666666667,0.190615590413411,-0.0765,0.0144346784473604
96.5,0.190615590413411,-0.0765,0.0143622463050878
96.5333333333333,0.190615590413411,-0.0765,0.0143007888273408
96.5666666666667,0.190615590413411,-0.0765,0.0142489494884252
96.6,0.190615590413411,-0.0765,0.0142055221731215
96.6333333333333,0.190615590413411,-0.0765,0.0141694356081804
96.6666666666667,0.190615590413411,-0.0765,0.0141397393299187
96.7,0.190615590413411,-0.0765,0.0141155910416263
96.7333333333333,0.190615590413411,-0.0765,0.0140962452280503
96.7666666666667,0.190615590413411,-0.0765,0.0140810429065501
96.8,0.190615590413411,-0.0765,0.0140694024057211
96.8333333333333,0.190615590413411,-0.0765,0.0140608110724816
96.8666666666667,0.190615590413411,-0.0765,0.0140548178178644
96.9,0.190615590413411,-0.0765,0.0140510264201781
96.9333333333333,0.19109255472819,-0.0765,0.0119854888030024
96.9666666666667,0.19109255472819,-0.0765,0.0123542505913668
97,0.19109255472819,-0.0765,0.0126747712507226
97.0333333333333,0.19109255472819,-0.0765,0.0129525894178558
97.0666666666667,0.19109255472819,-0.0765,0.0131926565721956
97.1,0.19109255472819,-0.0765,0.0133993959935856
97.1333333333333,0.190926806131999,-0.0765,0.0142938724045354
97.1666666666667,0.190926806131999,-0.0765,0.0143170929007778
97.2,0.190625,-0.0765,0.0156405779320806
97.2333333333333,0.190625,-0.0765,0.0154199856548895
97.2666666666667,0.190625,-0.0765,0.0152267066993235
97.3,0.190625,-0.0765,0.0150577009587211
97.3333333333333,0.190625,-0.0765,0.0149102442372285
97.3666666666667,0.190625,-0.0765,0.0147818969683589
97.4,0.190625,-0.0765,0.0146704759219794
97.4333333333333,0.190704409281413,-0.0765,0.014230461935112
97.4666666666667,0.190704409281413,-0.0765,0.0142087026130084
97.5,0.190704409281413,-0.0765,0.0141903684799065
97.5333333333333,0.190704409281413,-0.0765,0.0141750298674962
97.5666666666667,0.190704409281413,-0.0765,0.0141623051079833
97.6,0.190704409281413,-0.0765,0.0141518555436627
97.6333333333333,0.190704409281413,-0.0765,0.0141433810302938
97.6666666666667,0.190704409281413,-0.0765,0.0141366158871621
97.7,0.190704409281413,-0.0765,0.0141313252510757
97.7333333333333,0.190883445739746,-0.0765,0.0133526950778413
97.7666666666667,0.190883445739746,-0.0765,0.0134883219243074
97.8,0.190883445739746,-0.0765,0.0136062818419422
97.8333333333333,0.190883445739746,-0.0765,0.0137085993060659
97.8666666666667,0.190883445739746,-0.0765,0.0137970843931012
97.9,0.190883445739746,-0.0765,0.0138733542960083
97.9333333333333,0.190566190083822,-0.0765,0.015311469070994
97.9666666666667,0.190566190083822,-0.0765,0.0151219428966941
98,0.190633583068848,-0.0765,0.0146654459580595
98.0333333333333,0.190633583068848,-0.0765,0.0145744772939488
98.0666666666667,0.190633583068848,-0.0765,0.0144957845404583
98.1,0.190633583068848,-0.0765,0.0144279333308245
98.1333333333333,0.190633583068848,-0.0765,0.0143696431028423
98.1666666666667,0.190633583068848,-0.0765,0.0143197715299437
98.2,0.190633583068848,-0.0765,0.0142773004641321
98.2333333333333,0.190633583068848,-0.0765,0.0142413232485127
98.2666666666667,0.190850766499837,-0.0765,0.0132713825075551
98.3,0.190850766499837,-0.0765,0.0134141527120954
98.3333333333333,0.190850766499837,-0.0765,0.0135387051623779
98.3666666666667,0.190850766499837,-0.0765,0.0136471025848896
98.4,0.190850766499837,-0.0765,0.0137411909764537
98.4333333333333,0.190850766499837,-0.0765,0.0138226212314093
98.4666666666667,0.190850766499837,-0.0765,0.0138928686908213
98.5,0.190850766499837,-0.0765,0.0139532508076585
98.5333333333333,0.190767288208008,-0.0765,0.0143661144892519
98.5666666666667,0.190767288208008,-0.0765,0.0143455566653458
98.6,0.190767288208008,-0.0765,0.0143269586237479
98.6333333333333,0.190767288208008,-0.0765,0.0143101412729526
98.6666666666667,0.190767288208008,-0.0765,0.0142949414172138
98.7,0.190745162963867,-0.0765,0.0143769359215634
98.7333333333333,0.190745162963867,-0.0765,0.0143474143582245
98.7666666666667,0.190745162963867,-0.0765,0.0143214002600235
98.8,0.190663019816081,-0.0765,0.0146539085382932
98.8333333333333,0.190663019816081,-0.0765,0.0145702333337486
98.8666666666667,0.190663019816081,-0.0765,0.0144975676618395
98.9,0.190663019816081,-0.0765,0.0144346431244589
98.9333333333333,0.190663019816081,-0.0765,0.014380326102515
98.9666666666667,0.190663019816081,-0.0765,0.0143336041994936
99,0.190663019816081,-0.0765,0.0142935739952446
99.0333333333333,0.190663019816081,-0.0765,0.0142594299871437
99.0666666666667,0.190625,-0.0765,0.0143949485051782
99.1,0.190625,-0.0765,0.0143410775476709
99.1333333333333,0.190625,-0.0765,0.0142951165865844
99.1666666666667,0.190625,-0.0765,0.0142561013405421
99.2,0.190625,-0.0765,0.0142231736220102
99.2333333333333,0.190625,-0.0765,0.014195570409924
99.2666666666667,0.190625,-0.0765,0.0141726139968175
99.3,0.190625,-0.0765,0.0141537031083756
99.3333333333333,0.190747515360514,-0.0765,0.0136082384450442
99.3666666666667,0.190747515360514,-0.0765,0.0136907024786293
99.4,0.190747515360514,-0.0765,0.013763069113791
99.4333333333333,0.190747515360514,-0.0765,0.013826452405394
99.4666666666667,0.190721003214518,-0.0765,0.0139965570520276
99.5,0.190721003214518,-0.0765,0.0140243481086175
99.5333333333333,0.190721003214518,-0.0765,0.0140486053236454
99.5666666666667,0.190721003214518,-0.0765,0.0140697258947563
99.6,0.190591049194336,-0.0765,0.0146503156394579
99.6333333333333,0.190591049194336,-0.0765,0.0145656145697965
99.6666666666667,0.190591049194336,-0.0765,0.0144922299246644
99.7,0.190591049194336,-0.0765,0.0144288442998812
99.7333333333333,0.190591049194336,-0.0765,0.0143742813383042
99.7666666666667,0.190591049194336,-0.0765,0.0143274914615088
99.8,0.190591049194336,-0.0765,0.014287538986695
99.8333333333333,0.190591049194336,-0.0765,0.0142535904984796
99.8666666666667,0.190561676025391,-0.0765,0.0143519882718094
99.9,0.190561676025391,-0.0765,0.0143051716890303
99.9333333333333,0.190561676025391,-0.0765,0.0142654225955677
99.9666666666667,0.190561676025391,-0.0765,0.0142318662242973
100,0.190561676025391,-0.0765,0.0142037250066045
